idx,ml_score,isolation_forest_score,lof_score,ocsvm_score,anomaly_detected
1951391,0.04134216816665513,0.05522061572321568,0.03332007817940291,0.018679184256132086,0
1818603,0.13882430996941822,0.24655212847736163,0.042781490566175306,0.013568992804424007,0
2714440,0.19954861310032543,0.34748960489178315,0.019271977122925856,0.10011108758778048,0
1313572,0.0378969024798112,0.042278213375153806,0.030188631723375763,0.038506031376107835,0
1435989,0.042312552234702525,0.05943729002015219,0.025500575170607956,0.02471867336722021,0
5383,0.2168938437975911,0.3282894051862498,0.06890532609534475,0.1603877168793138,0
2452601,0.20721340734552296,0.3684730143914523,0.03706911677931172,0.05928082558001643,0
1679819,0.05996444980527402,0.07779100950408169,0.03315116260818897,0.05561798135388242,0
1621266,0.05809409411799351,0.07679223216883091,0.04709290071967759,0.027850539088373902,0
1454903,0.0409812005378839,0.05368138434272063,0.035794464457870274,0.01701084514581253,0
957572,0.13173724351870642,0.22530529964942403,0.018300493243711014,0.06797222860440544,0
1514879,0.023386469224961272,0.017073892526688783,0.021103986310277885,0.042591635342667564,0
964719,0.11305379833711046,0.19563495539576936,0.02481009536967491,0.03896646014161656,0
702195,0.20641153028796783,0.356769829982747,0.057772990977520845,0.05347359001669049,0
252423,0.1853446728835134,0.29397423858850213,0.03256141720000719,0.14294564214630084,0
582195,0.05438830588667126,0.0542906744019247,0.03306832960456355,0.0866123490216992,0
184009,0.17252853537189788,0.2680410645220921,0.02419111676270281,0.15625334041020492,0
2141060,0.07863501345175665,0.14572789947389153,0.016903290286123952,0.0035003831448684776,0
332048,0.11651998300912011,0.14181470727312118,0.06391226229154823,0.13219475342547526,0
1485768,0.02675527626173173,0.024412114208664293,0.032533140792040144,0.02394638459893772,0
873757,0.07504225570401177,0.11287572214151265,0.025449601098725242,0.054847571518189364,0
1173818,0.03715823705028432,0.03662106862647718,0.020961035485677838,0.0627969604567119,0
2501370,0.24567097824084178,0.42548576745262645,0.05370294834539556,0.08408605005454942,0
635072,0.07651417513089001,0.09274183833160998,0.02287845310299815,0.11639860017092786,0
803527,0.04805407652124749,0.03856137698843953,0.03717818191078925,0.08809966726895477,0
234019,0.14818853993003187,0.19907979356965766,0.033276577559016425,0.19332834938749052,0
2520522,0.22888409961655304,0.40528213691756454,0.024891115330606315,0.09387848279294435,0
659550,0.27081282336652357,0.4410500052319738,0.060417163956076346,0.160813357818569,0
994335,0.2977226109216477,0.5078747480427159,0.06206381206490659,0.12583046640408874,1
2691901,0.18944517040548775,0.33104981023803337,0.022882610928818856,0.08527741003912705,0
1782067,0.02960101520156498,0.03679748327982779,0.022915405492295662,0.02163825956981193,0
2497281,0.03507913541938881,0.04659386697879431,0.02381720135350668,0.023185207619698285,0
44650,0.13227146044281468,0.1941295196219479,0.017732525054336406,0.14943471557769894,0
2620246,0.1903693009965618,0.3323853714261038,0.043975568016027006,0.054919724393508985,0
578832,0.08211718918286022,0.12003064713763256,0.03012805422892478,0.0653172467268325,0
2373309,0.047418625669643985,0.06395170266769412,0.021375826048033394,0.045150132606934526,0
1252158,0.09407970113814923,0.14403397977878385,0.06103490867642157,0.018761193229154212,0
602449,0.2800549768869534,0.4166801370179176,0.1352136792339363,0.1557540230390686,0
2057158,0.03834122456241557,0.04236465356323582,0.0223641194430144,0.05224830973946671,0
1445125,0.027592660095776468,0.03277211473407737,0.02211454332967406,0.022861198649177836,0
1493369,0.07015418612103462,0.12026549162169697,0.026710584637218066,0.010041324595103557,0
2718420,0.2469461069793886,0.4251442781293774,0.042154079404424824,0.10863872046686229,0
1218613,0.21403488792258835,0.36248118231278037,0.042545986871267066,0.10015250352409029,0
1608906,0.030580726570582535,0.04582721662023581,0.015388100577042438,0.015253440436759497,0
935949,0.037602139937928714,0.034832444216047365,0.032472710969797626,0.05222052269482869,0
866202,0.06291212561601374,0.09413024786503854,0.021689464842746524,0.046700811153352534,0
529609,0.26879320165437254,0.46187201939600087,0.08311900637147024,0.06460745022465529,0
1056871,0.0696430977685377,0.10608189144896696,0.032842014601574175,0.03374773831790986,0
1899841,0.05431926279004662,0.0640171074595377,0.02823667543815251,0.06919853214416007,0
740759,0.06673453972418408,0.09368960892419609,0.019224287460088377,0.07061224512029765,0
447997,0.2831360329475323,0.3857614089633574,0.16333705036085344,0.206271066787988,0
1563059,0.0519313505101107,0.05959377600580362,0.023953428170359125,0.07474217028050574,0
1627210,0.04128364538961112,0.034355450661772924,0.061847030546201845,0.027759054474320543,0
101850,0.2516763326912998,0.4082880022110812,0.05019192570772823,0.16237376936720355,0
2149347,0.037231765071220065,0.04551307520129799,0.036664086087142826,0.01738000822214109,0
499160,0.08589397072403503,0.1421991003992793,0.011977399955178502,0.056006002689209085,0
407590,0.1170875617677741,0.15535384118988615,0.025680875873307845,0.15853189205419332,0
439481,0.16807688030056214,0.24060179187846797,0.035302864662783116,0.18592562481246602,0
1482223,0.02865927502996051,0.03516631766575329,0.015999922841692302,0.03138069672288089,0
132494,0.1143848271629567,0.14951311523718736,0.028769737292021463,0.1549867417837829,0
998792,0.046862480488453685,0.05468829366936012,0.014808459205770105,0.07537897946021298,0
535126,0.11466757534564598,0.19114369059091874,0.031600883561890135,0.048077324908097865,0
781938,0.05203764519934596,0.05610630786716386,0.02135121838944184,0.08789562874465737,0
1261407,0.045253004596926966,0.0665469634245448,0.022080733858793646,0.026776513635082322,0
940826,0.029871719391247494,0.025419873504595403,0.018718273440251197,0.05773150303437217,0
1216883,0.14125061563683172,0.22309926243056288,0.05040337444230075,0.07289986044430032,0
1118517,0.11934004654653343,0.21053295517143955,0.017556437905260968,0.044033187946176895,0
2263695,0.1531391911602689,0.23827003684508452,0.04287278572801914,0.10571168509660439,0
1271523,0.17471502677916495,0.2983866661940956,0.037816678353454966,0.0708834508804033,0
2407238,0.2728516284644522,0.436562514318257,0.1021862685933073,0.11957245363665771,0
753602,0.06241409730331182,0.0791729824171149,0.039492145369384,0.05489981241969583,0
1335388,0.03601918526466885,0.03076956424076649,0.03149264850812346,0.05593304295924286,0
936046,0.037841419616986234,0.03834411994345033,0.030303462841756224,0.047891603963671016,0
225763,0.15887072484999804,0.22448630166150185,0.02493888817282833,0.19572953783699296,0
50208,0.2683559251768289,0.4341373219552068,0.0702133020378586,0.1511163679393394,0
2349023,0.042863253389256784,0.06473660931650393,0.018199233580420988,0.025175893284392587,0
2725849,0.3043647163848433,0.5153682050255679,0.06520739151338517,0.13559198209021903,1
2051215,0.08803074223961993,0.14431227204896568,0.03257024680617341,0.03051766086642529,0
2481661,0.06073869807716815,0.09394851489854117,0.027029406390207192,0.028278093554177014,0
1624790,0.037122967210686676,0.03329147430158563,0.05625418206863814,0.018004877196512108,0
2026434,0.04049429389212131,0.04933753411095965,0.026949378479932555,0.0387035664633086,0
222897,0.20901354933338548,0.30221980385709357,0.05822539127590767,0.20218015011033189,0
1711361,0.21089068248261708,0.3659272950129763,0.03271458189294775,0.09056330204122308,0
2702134,0.3586779264032679,0.6443809889125642,0.0213133188416816,0.15046718147240654,1
477607,0.09756584252280034,0.1500053309669288,0.02352799582573674,0.07752389145807458,0
1842232,0.15380063399931068,0.26028044668580363,0.028080680699396194,0.07618103223295014,0
2381120,0.06147243103167298,0.09429730059519759,0.020540066163699345,0.04080880442482191,0
742719,0.07076560499741406,0.10034815807474828,0.021740754859866363,0.07034649751040006,0
318024,0.13896616102731316,0.20498917231356162,0.04352368018624742,0.11707235407329065,0
288423,0.12608611684296367,0.1878386090509998,0.020347556783524227,0.13031272641203248,0
1210326,0.060095042526622885,0.07829839962292484,0.01684617558512405,0.07945995019811626,0
1779375,0.036674811875351536,0.0450917802120776,0.03077466183717323,0.02448261609080383,0
2342514,0.04088052866705091,0.05372443796324955,0.03193087935799304,0.022195229390141107,0
605751,0.05819105439364667,0.06549124398922368,0.02149667071089244,0.09498215592883548,0
471592,0.1002379165051323,0.13657183918961735,0.055807344798655935,0.07604896735363417,0
235969,0.1600543858326103,0.22242465402363532,0.03194027535186367,0.19629988107616775,0
1231783,0.10585740414997533,0.16769882041379303,0.043132068585519046,0.04534186683711552,0
1684265,0.016222979904657694,0.001377141959576611,0.02258344417000738,0.04379687836933587,0
1529308,0.14947067133011016,0.25521685791414683,0.028095557780134024,0.06716787519498263,0
935306,0.036990294947318855,0.03448984901516017,0.030471263034076032,0.05301995764757982,0
2203638,0.126818138900788,0.22082397811410504,0.02322854370738006,0.04718793365760732,0
1534259,0.06291857412445177,0.09076414677113365,0.03152622355595629,0.040393168360490304,0
545399,0.15035609939488553,0.2651819357529315,0.028111947014184648,0.04665773707082199,0
2357368,0.09965089764103646,0.1775659784385467,0.024750456267270793,0.017213857707909362,0
1146537,0.0685164248651529,0.09590168944834054,0.029536190138624914,0.05852361549697578,0
1206736,0.10467878498992553,0.160347968473048,0.04088968959146832,0.06118946937980521,0
2188217,0.1933625044078393,0.32334183586217125,0.04781720583150547,0.0867321236365102,0
708695,0.10114411328587614,0.16165986955293266,0.01979414732241558,0.07187967156342563,0
2586043,0.08597681479343108,0.1278993897382048,0.03341269676650354,0.06001655447188811,0
2350849,0.04485551912993805,0.06129652973671684,0.027077134092902886,0.030420570168543822,0
2571379,0.16331039962925767,0.2870003629378518,0.026004207518909913,0.06004477952329389,0
2096070,0.08720211663031557,0.14271351822729406,0.030324915812948685,0.03373941386391976,0
1697351,0.027004224750987387,0.02022152918389719,0.02137736885790429,0.05240124750833753,0
2574402,0.3912780921955099,0.38736712690918806,0.38700643918120387,0.4074629849327738,1
449641,0.3293432641132938,0.5269278147635595,0.08372004113028955,0.2038167219621356,1
1349707,0.16705731902285595,0.27388636144005596,0.03985714872395864,0.09078496842820193,0
845410,0.16876130042345844,0.24199682935478073,0.06760875983597092,0.13740128897638396,0
2027127,0.1252063605512878,0.21287988683097359,0.0361337469044976,0.03963146532225873,0
2320628,0.15635177441542425,0.2873644752920044,0.016037995119138622,0.039290691168402385,0
497843,0.17191105044891752,0.29079881421229603,0.04041300262297741,0.07193871277938142,0
344445,0.1329190992588569,0.19869661366356972,0.017721358321972518,0.1412719246524014,0
714814,0.044357251858372804,0.056134578828104686,0.014519043611695332,0.059671246804059296,0
1195849,0.06213631210708448,0.0754591670414625,0.02715728801237754,0.08129771091319989,0
2504034,0.15867610230493237,0.2865443551822998,0.02870433843823636,0.03396311591155772,0
2205092,0.2437109950206207,0.43102754798038156,0.03046528720563141,0.09528817434370253,0
1686904,0.08492230964053804,0.14867068292804575,0.019916430173758177,0.023060195621938562,0
2030549,0.1918134640877342,0.334969976013328,0.03127652169306871,0.07472759786574788,0
274202,0.27764576583425976,0.43276424408869063,0.11781646968787396,0.12959351441776118,0
770585,0.03831274980875566,0.030308020993654816,0.03143162376529154,0.06864626091170396,0
876067,0.05691216623216583,0.0790755660195761,0.023988367175596017,0.05088936534849488,0
2298060,0.04071046844537337,0.0622756019226286,0.01830087744751009,0.02041202124903022,0
1581149,0.19226412692385145,0.3509892072026545,0.03091585845024183,0.037473828937258404,0
756509,0.03981328955689693,0.039673249825734835,0.024725713071503726,0.06279475361289198,0
280811,0.49543500181066946,0.6811770334633364,0.3790001812086911,0.20573215358196986,1
472983,0.22674863225531505,0.35108232684369456,0.11825360620675225,0.07865693485721051,0
708083,0.07358033114306259,0.11653989760676131,0.025048193032371546,0.03897962214985236,0
1019428,0.06825706264403422,0.07018458788093596,0.04701936748612548,0.09529479228864295,0
931958,0.08635987779104672,0.1479426893699778,0.020711571059169473,0.030875308941534944,0
1840812,0.02679977965586185,0.01880413538608061,0.03886048731672643,0.02869782883901809,0
1438296,0.07647284585778771,0.12888214852854962,0.01577561223236957,0.03649543961901013,0
2324274,0.05170369860900294,0.08269409350067947,0.024778873621763106,0.014614948860671375,0
1020627,0.1621005580470111,0.26212750843272226,0.03816509486655039,0.09793637685342424,0
664139,0.11764473693933566,0.19162767074863873,0.02427120020493407,0.0727477075176804,0
1388825,0.09017261572807,0.10051131242764355,0.07456812249878535,0.08773261382306317,0
1560640,0.04855553539770468,0.05662307218367446,0.020360071589972936,0.07067988914437784,0
2668794,0.19028976380448553,0.33136696725033576,0.027060419273309225,0.08244077198662429,0
657354,0.16148196003235202,0.2190443212999743,0.07804392982540802,0.14273310217371224,0
15176,0.17339542364585542,0.2778742389196561,0.018629468781866866,0.14434731775733656,0
140562,0.11998624749988451,0.1609311455803618,0.024250386792006723,0.16122779336050794,0
1755870,0.11816947872871365,0.18830529535019225,0.05386915161493819,0.03928042784568038,0
2339076,0.1612970167884657,0.27430823669212334,0.04648247306263454,0.05099078261806834,0
1891084,0.03821565075335786,0.03744083293632039,0.0238750881212219,0.061663539244155456,0
990735,0.06985607201438454,0.1049299882399849,0.02291328805506098,0.052585457389369,0
1364962,0.07131847013051218,0.11343143521797638,0.01909732396388815,0.04436777666178769,0
1587106,0.09390140591855528,0.16652272476949592,0.02705656601466742,0.012615368647035448,0
1143001,0.21783132617671164,0.385483108184433,0.022318948573221257,0.0919704375626439,0
2209131,0.038668470248232605,0.04960036400421208,0.01978270837017588,0.039667378675368986,0
1568325,0.08272192337955171,0.09923351677878711,0.05414149113808416,0.08431358824366454,0
2030907,0.1405647549052768,0.2516882692156649,0.021464924142208998,0.04140571527390839,0
1548869,0.030906179549392038,0.025624145531708886,0.020514428925327267,0.05969889052969707,0
3611,0.3345229108755307,0.5598183112692212,0.07521048446519418,0.16025304950680916,1
1370495,0.1822039298639343,0.3110556739413475,0.02286645092914398,0.09908078807258672,0
722390,0.09454892072994649,0.13754817723083468,0.04122807282252909,0.06703205133885211,0
150493,0.12557328263499365,0.1693237500311946,0.028152793332172396,0.16232784809872317,0
403873,0.12439251682036255,0.16942871126847914,0.028012439807746155,0.1563721462189957,0
2140323,0.04405618844294095,0.06052804961648328,0.0364728075424235,0.014251606859861292,0
97430,0.1253749645280992,0.18473137266962625,0.016341526968684395,0.14053410051340393,0
871117,0.05812633484782927,0.078052305521495,0.03599898203928391,0.04150243737648298,0
1628654,0.13297213714163847,0.21044855469754142,0.06156581714669942,0.04639057324428961,0
1921399,0.07602154148283503,0.12117707806012912,0.03337364407507301,0.02710454615124284,0
727323,0.14706167501297662,0.2545432737992155,0.025154312731709746,0.06121872146927983,0
1299430,0.028953067334061156,0.03460209183196117,0.01806981674858494,0.031155381967525455,0
1862157,0.02434685914389478,0.015180981431661578,0.029240340145074845,0.039921331922707685,0
2104840,0.0807916744951962,0.13356702022042855,0.024761069489138587,0.03289921769120173,0
2708486,0.20100601274720878,0.357166094167356,0.009836586153830582,0.09735994908690804,0
1310720,0.05342535280233404,0.06890107698361381,0.03610931418971261,0.04071010026806676,0
21735,0.1664895635058852,0.24373699938483417,0.047324021838847784,0.15211928630906899,0
1193281,0.0458088942100392,0.045236268449580064,0.03009036311849375,0.07081825524850521,0
2291400,0.04908391352712822,0.07899676051274374,0.01551660883052116,0.02465275310800004,0
1451413,0.026201445533703162,0.024216330265699137,0.030906574044835065,0.024106540937015378,0
619169,0.06711426078244098,0.06985123346881017,0.04086109274182198,0.09965158112744656,0
1688579,0.04409541050605155,0.06105994575650253,0.017714794169026875,0.041254996885461095,0
655644,0.25600079931043174,0.4169453675440927,0.06210849970161611,0.14447782813950266,0
2518520,0.0427815345996478,0.05642306977351563,0.02856603330796259,0.03000094860250602,0
89055,0.2824373815723354,0.47126595707342034,0.029854005652239668,0.18924100669976665,0
76091,0.1218657972767239,0.1682299830186359,0.025125900448341742,0.15106517816451717,0
1053729,0.06837493473591978,0.09651896448486963,0.03707043986393263,0.04497160267152588,0
2190025,0.028161867673826245,0.025740987388689462,0.02856642263372367,0.03360723594682206,0
1486090,0.19306937807191699,0.33083920796701793,0.040364817269709904,0.07770164453747522,0
369956,0.25198855022691374,0.4262924787160517,0.02310341992751884,0.15955642445316123,0
2249168,0.07255897365598357,0.09251706592488229,0.053388209485312234,0.051419889239743784,0
2390280,0.04703789944661628,0.05831465670628211,0.02505852167623602,0.051815072953022095,0
679895,0.11904787378788838,0.2006742349107712,0.03589748968184546,0.03970754713974573,0
268827,0.1307788746610583,0.1964472030860399,0.02709499705057708,0.12213387001432613,0
1059529,0.19228044444258,0.33670720544657595,0.02755804902908639,0.07829713505283055,0
1793505,0.045978305481753204,0.054083039663517685,0.04680553254859343,0.02447562942708165,0
1720553,0.08018138746735573,0.10768996026285382,0.03982645211802216,0.07194235850261081,0
540734,0.10941709355778455,0.181588231875755,0.02902276898297127,0.04958073462507831,0
49780,0.1353304946647713,0.19766870705855266,0.0222943600385165,0.1490391656197,0
2051105,0.14061855315867805,0.23873487547417305,0.032467495451382666,0.05755433393088356,0
2715498,0.21257941777809325,0.3711227633281575,0.024126852047703554,0.09889990249851714,0
2708171,0.266136458613683,0.4715488683803116,0.036748700733365024,0.09668707101758851,0
2423225,0.24955738834671595,0.4424613028379787,0.03182442858962776,0.0938970417541914,0
2060438,0.16879772033848994,0.25937755489363,0.07835542133759563,0.07801158245198131,0
1545328,0.03748662222739753,0.04125067488817247,0.020925075366920343,0.05291881086617595,0
94889,0.2622606978078222,0.42466000378369384,0.049655948735665534,0.17516955647637797,0
1135761,0.03536881420748758,0.041469197269028424,0.01966667342902815,0.04367106772132465,0
101030,0.12305643233215972,0.16615375241715624,0.029883658206371868,0.1550722933083502,0
952160,0.04097369395127172,0.04489729011111554,0.028270795623149467,0.05021905104384557,0
958380,0.03839745154464699,0.03559289288895573,0.02426424431101018,0.06660865903433034,0
2700023,0.18889752712530045,0.32057936638693163,0.0236186608559102,0.10761122837530783,0
1514967,0.03130698034265955,0.028762945404353757,0.033497452914773414,0.03438135883025325,0
1428167,0.16061869420596003,0.28426466015920504,0.02844662694105026,0.04976188022021209,0
2472233,0.1272272676490749,0.21788516495397248,0.032535617942075955,0.042619998947329395,0
2234563,0.06520020407150146,0.10246631256517635,0.02408114003352014,0.0337135288942862,0
2070485,0.24462213075707015,0.4248792284727042,0.03253520794449695,0.11210977068684488,0
2751398,0.248050781930024,0.42088578935364673,0.012607879819400173,0.16912761653690297,0
1906676,0.09026908528391163,0.11030435771262459,0.06698515917167895,0.07510679338047822,0
1449553,0.033498463641136705,0.04448373853631027,0.017321912545565813,0.030300103046559147,0
551119,0.05471499754546326,0.0665806048462233,0.023681224597527063,0.07160163871546746,0
1983233,0.15349389411918787,0.2794209335156568,0.030227360753759733,0.02357609567615788,0
2744752,0.35920142218984497,0.5546926506125651,0.15242813908321984,0.18063327579298244,1
453373,0.3225016558963717,0.5337998118229296,0.04071295596322629,0.21693931597969518,1
1381679,0.055309664693662386,0.052989574798946504,0.04601850618157267,0.07504662719858667,0
744836,0.17027277252396225,0.2977650789499301,0.01367904911873329,0.08643259156688611,0
1894844,0.06799955316905089,0.0946444062303129,0.03554877713756998,0.05006358456311723,0
872581,0.05362163928227954,0.07902718617384719,0.020806521832497735,0.0393304482280331,0
589998,0.05497043525166451,0.0566153157850916,0.032112148272685756,0.08514566438656491,0
2251722,0.29687848100415837,0.47778987649208127,0.1414278424747163,0.07777595007851405,1
542369,0.0629980469755335,0.07754456423359146,0.03859609208837941,0.0632346861611197,0
2421603,0.2432257893797689,0.4111388517153276,0.06221649427475078,0.09495707619839934,0
142042,0.12578568416534697,0.18125174314501247,0.018174509286409617,0.14853729903458918,0
2631667,0.17006768500337668,0.270376121426254,0.08536356222411605,0.04635277811507444,0
2617701,0.133761327683543,0.16286693839436683,0.15502308145030874,0.029104670256334786,0
73539,0.28587660318583996,0.47532952728670175,0.033706114662347915,0.1905000257189236,0
2019595,0.07701872680714185,0.1080888261682621,0.04632422305629485,0.04538523403061172,0
1778252,0.06997426771232157,0.11912149917540504,0.03203326999165013,0.004017685635620092,0
1235657,0.07898659121643749,0.12778242892953495,0.024117163988994935,0.039301137774857595,0
790374,0.03841939952213011,0.027714496454954496,0.0279957894751162,0.08081707226059004,0
303497,0.11863380234320353,0.15056497742422548,0.05900732719780652,0.1282455773587442,0
2166662,0.0529386125040749,0.0750244802101181,0.031627314756451655,0.029690889860401817,0
68691,0.12956278167423055,0.1863295587199153,0.01971453929692381,0.15241820262597872,0
1483731,0.12280452391300328,0.21698249861672791,0.02396368373106673,0.035620847426596575,0
1696250,0.02202272202591147,0.010772757967953517,0.01968513998022361,0.05365400523933813,0
807689,0.045614705031373645,0.03858179680531071,0.030043663283556378,0.0865535382182569,0
978224,0.03787491101056842,0.035321631266438724,0.020988207846434,0.06958816511709427,0
1186238,0.05281094090723462,0.07076709370808498,0.019650933179232766,0.05766057049711148,0
331862,0.13175882123264188,0.18557911577469022,0.03846530605625882,0.1371483576420956,0
2420863,0.2634943492303047,0.45112370501105126,0.047720749979023744,0.11808135865535965,0
1664211,0.051758194565088754,0.05297080946830657,0.05462234777608809,0.0444304274905452,0
406085,0.22872450211530967,0.38215611273292993,0.013602451208555317,0.1678285519313906,0
219942,0.13519425834999646,0.1808003776412801,0.021802926233803584,0.19126595829607673,0
2049500,0.03942845065845177,0.04293219318997399,0.030010012666913652,0.044796751316953425,0
1498800,0.021673407598362966,0.01724211213975746,0.021754241881212614,0.03263039482060225,0
2688317,0.3601620426392857,0.6405869200355856,0.0319172709127401,0.15146700673835434,1
2186754,0.1526499800567835,0.2660260200460157,0.039494815033210486,0.038942627619062566,0
1618926,0.039273063321561774,0.04070459132747861,0.05217172957629252,0.016346243924673588,0
2654759,0.17552827765378906,0.3050107170949533,0.029206265974800128,0.07130519656936188,0
339968,0.28778881413043755,0.46348693798952456,0.0686338802671907,0.17727590527759005,0
1439824,0.13680943123596323,0.2479004006402168,0.022502988000880124,0.03054167257795389,0
2056461,0.2101911954799212,0.366507895636059,0.02088309848648941,0.10336159057972444,0
537532,0.07459280299970332,0.09595744456782485,0.04100173989798451,0.0715677937319777,0
1370659,0.060754428047204365,0.05656369274613726,0.06269108150065654,0.06832628611969387,0
802109,0.17951276668188648,0.3083862756914757,0.023087100473418436,0.09196749347061543,0
649129,0.11855462859570864,0.16030319436232343,0.040836421092768374,0.13076052543358208,0
2559661,0.0857732451152064,0.14415982889779666,0.026213091534703654,0.029147016029484857,0
1692562,0.1299959393184924,0.2203353850880012,0.02505302509824156,0.06156169622509662,0
1662196,0.02707982889891295,0.021775854285482232,0.02800971270337628,0.03894493972579476,0
1126759,0.06776481602783675,0.11386025925576015,0.02237340441942056,0.0206133253706525,0
2553189,0.054880845013902405,0.07346524313738056,0.02782177709413905,0.04900845158485203,0
2542190,0.040147047236278814,0.0538082848235476,0.018703871207155165,0.03815871731179231,0
1998228,0.06880233327868628,0.1094688498021974,0.041467188895280796,0.00813875854501669,0
2484833,0.18293151606953428,0.3153658866318765,0.050015300066086184,0.051219913668851015,0
2424237,0.1601630273573651,0.23739145598220424,0.08610488241004607,0.07817917321624587,0
1806515,0.15599662285452806,0.28554351954442614,0.02848626137783821,0.023394923344817662,0
679837,0.08820351686559375,0.10531013071222917,0.07665086187494642,0.06276596473497614,0
137506,0.2637878890854751,0.4382255455871622,0.02266649153567477,0.18937584415595796,0
998290,0.14902907615756913,0.25160370605761884,0.020115463608077776,0.0859629202316819,0
640550,0.12065715507334,0.18861660985650575,0.024689508517116345,0.09470998794976113,0
1479789,0.06602505364111366,0.09975216985317581,0.02844135463177969,0.03808281162495923,0
2759134,0.2630697638121043,0.4329861102062865,0.0304941611685793,0.18714230179193606,0
1150684,0.04884038248700958,0.05825404141897317,0.02957961652882029,0.05419738409438454,0
1310378,0.04896007031821098,0.06545768089489867,0.027590998805875303,0.03976965114499525,0
2463631,0.21902113035283322,0.3811138893644579,0.04372415801419213,0.0767346913317332,0
736992,0.06025870731462664,0.08229878450801975,0.030072586619303107,0.05043769537412917,0
1678547,0.0510756141944817,0.07234834347407648,0.029101674204353715,0.030854700980686697,0
905807,0.08764802635715738,0.15371876399444673,0.018697773911924367,0.025896560931783497,0
1286907,0.11274550508553866,0.18797009891908933,0.02896509755762723,0.05035463179352913,0
610509,0.10836287667787281,0.15872166238332752,0.04691917633177061,0.07463146293338933,0
1847655,0.029790731804200936,0.030488779015633072,0.02271000696291087,0.03866670103755569,0
1019199,0.06348482819482161,0.07559459085797382,0.023675726749415104,0.09292407370505083,0
1360085,0.12499629105742138,0.2220960523092641,0.014767074032856908,0.047590713464661316,0
532525,0.24830227449126754,0.42952406645478336,0.0377238001039084,0.11111550616351673,0
681024,0.07188763515779913,0.0919401449493259,0.046803183584022356,0.059383038039647354,0
1666902,0.02912443395612603,0.02798406407051235,0.022268567911899642,0.04225915773649982,0
1695348,0.10658775372459202,0.1847312797941435,0.025355778801555824,0.033076900935267675,0
1275227,0.07893190237698629,0.12430393483656577,0.029154798485243112,0.04016747706565235,0
560400,0.19757498834446466,0.3456885874668413,0.023154404454717212,0.08892186637314438,0
1674978,0.028267360961146862,0.026998061945369356,0.02541653709850971,0.03571684429454635,0
203429,0.13858004063114635,0.18668679933182852,0.02524447350831865,0.18831649456368238,0
1291166,0.03978679218881966,0.05223812065331823,0.028129324018881952,0.02614467328247979,0
2378736,0.1328247799659591,0.23268415711592394,0.03388277665590222,0.03158934205613222,0
1573062,0.08629252731089754,0.11541819396849173,0.04442470510288892,0.07628009397892495,0
2489231,0.06335828065422772,0.10585951451508613,0.023686234838483648,0.016613264725697765,0
1794087,0.19931888814824394,0.35302921711451574,0.02792609038035954,0.07213226238439098,0
1305587,0.04305774250903461,0.056720873965502405,0.02765779605247386,0.03199983355270626,0
64140,0.12372954009961654,0.17721820034576918,0.018224290627997082,0.14826576369166405,0
1627146,0.031730555222223754,0.021957804507666823,0.05729622796559946,0.017813922893552544,0
1072863,0.056544665007308925,0.09002769645306885,0.015119678171429483,0.03497456664672825,0
789293,0.10934444210591815,0.1613019665964438,0.05697616016135751,0.058003053796444985,0
2436440,0.09988822860939445,0.16873398265832518,0.028248291788491114,0.03523374871842262,0
1264881,0.05042830736558434,0.07084111244208269,0.027129118213500295,0.03434507840246454,0
62547,0.14255568335355612,0.20920512920944057,0.02404780870358854,0.1536938806887964,0
338580,0.1082680392740011,0.1337023961223135,0.04925542296774506,0.13320107161260414,0
2525970,0.07233139947358806,0.12449671736913481,0.02157318953741233,0.018055419638984754,0
507746,0.12191412677875837,0.21298490497798073,0.020977070039752556,0.045642766389211206,0
267019,0.15618546372107664,0.21783630884578198,0.06641591796060664,0.13671266955001826,0
578540,0.05372681104048166,0.05780105829821813,0.03129464588647476,0.07718944062715082,0
280477,0.23106457098374095,0.3880544518413853,0.018579487664344547,0.1573174938187247,0
1187066,0.042882844615994856,0.0416058286135188,0.024661777581221456,0.07340698517434506,0
121124,0.2550773826707678,0.4340345464994173,0.023647110735035788,0.15482988100274214,0
2034591,0.027564973669054502,0.032279360556790704,0.009003549260465614,0.04362114306259733,0
2697463,0.18427862236703274,0.3221819846253249,0.011283024661862841,0.09901361327905721,0
2440686,0.08608280075382674,0.12683695964673447,0.05191073922590033,0.03545549581344702,0
1302100,0.04211213555763893,0.05823540122751847,0.022081057361568717,0.03185058867704542,0
573632,0.17024088264689355,0.29310453153413185,0.024667722573934105,0.08144150053823698,0
1113016,0.04706363440772089,0.06405769079180357,0.029266131833019654,0.03127474730956605,0
811307,0.04563696363223611,0.04062685174614167,0.023219835061631576,0.09178793620337902,0
1368929,0.07065537797207898,0.11280250875327169,0.01763939557443241,0.04481152461556702,0
253448,0.15445419887440473,0.23292599188868568,0.03636434077183939,0.13540950349255038,0
2302124,0.06586523546645882,0.11771802899978512,0.0034347047542398843,0.029879047701471532,0
2568020,0.16660855782911474,0.29628591254965564,0.020296658153928185,0.0618830205405422,0
2085838,0.23692588341966625,0.3876227472609566,0.08050493658038031,0.09481514407536931,0
1083797,0.04065176755318322,0.043850307220683726,0.036189485421807124,0.0393488415814961,0
1006599,0.0473413107578711,0.04792604546392287,0.02147440055243137,0.08467983930090126,0
979403,0.03796282843098793,0.032414211800785075,0.024622103154068733,0.07184545792187384,0
1269014,0.12259880630137508,0.22410793986570932,0.027682503837910207,0.011200426085736806,0
565442,0.15269475807925112,0.2577469526947578,0.02813775366459611,0.076899778162467,0
1294066,0.12290249160899452,0.22580892846610146,0.02609800280022506,0.010843132679381392,0
858384,0.07151386003640632,0.10701078925419527,0.03337274376528307,0.03998321139861888,0
2716661,0.2438839621332299,0.42067737526742444,0.03970070327906158,0.1081753175789961,0
680606,0.09478482137651872,0.14850316362823301,0.03785017614030957,0.045890933601546745,0
1323780,0.037713395816763154,0.04167082619691964,0.03047851244862647,0.038672144918576984,0
2498281,0.05337840371353996,0.07933826178992531,0.026549134786353557,0.028722661913356203,0
2143585,0.10147163713064082,0.1707582869247396,0.03000345791531511,0.03545728146838242,0
659805,0.4506822667032535,0.7224448870561884,0.10496492293970336,0.28985173146624166,1
1039932,0.22872842646576838,0.38721366796582035,0.03316301772743944,0.12586343582313184,0
1254816,0.054762969660867786,0.0845480241504305,0.022001906907532696,0.029441927566963615,0
330186,0.14557888083429374,0.2121271858633712,0.05343620035509997,0.11742213898039076,0
2107604,0.06604676314305048,0.10516649377970178,0.029351884674695055,0.023289754253955398,0
2064746,0.06497575287644863,0.07996137901675504,0.048107337000913804,0.05281431133898484,0
2305950,0.07362433723044035,0.12039272998090911,0.02446310430150655,0.03044520474766912,0
255916,0.19268825407983803,0.30829261343923864,0.032715162872176816,0.14363699249282832,0
2629193,0.17074729661200247,0.2964327997574151,0.04901356629667244,0.03913413422146597,0
1647642,0.025302241813412247,0.0192674838040231,0.033325623034673214,0.028354065004993663,0
1459110,0.028116244572286585,0.03403352051786035,0.023031141520147985,0.020950709286560072,0
669316,0.11477493993567545,0.12784391013490948,0.12681536832407805,0.0640418718549865,0
1105809,0.09805439796539134,0.17223113484517927,0.0296029763040894,0.015289688257874445,0
372792,0.1559998200726519,0.24685177743519593,0.023496081438261124,0.127625534617878,0
1184327,0.2613021183029949,0.4554228589784518,0.03719453944412617,0.1121616349026557,0
741231,0.08174166661438277,0.11911560799804422,0.043585634121814786,0.04554086189408115,0
1861357,0.06837607527068777,0.11542798756558614,0.020635201087010085,0.022357605808958358,0
235368,0.25345589078177405,0.4068568169225494,0.04861929991619499,0.17720846172820434,0
1343943,0.12880223895347312,0.21486055787797698,0.030220956519617013,0.06152836529299764,0
1371267,0.052537428235121766,0.058643211585110655,0.02357039946866842,0.08072351300982955,0
776304,0.049127838799300716,0.042885201803856354,0.04111569001515691,0.07675265446412732,0
2358446,0.09242848467804536,0.15401315747130195,0.0396869487821022,0.017579106538818612,0
1658847,0.01668875728029487,0.008171340579870123,0.02140424007729006,0.030909074835863946,0
2198699,0.10707781259635774,0.1860608071756542,0.03622586081508717,0.01589825382002238,0
350634,0.22233500989565033,0.3801638949847248,0.01188724955632237,0.1434344376819561,0
1154221,0.03183500245087394,0.030918888520138244,0.024628847120641905,0.04493452027306122,0
283065,0.12351684629218664,0.16787085278478597,0.04666782936255942,0.12790535545512913,0
1234478,0.09908410363985662,0.1620185230893606,0.03207600169651092,0.04226020793111524,0
703990,0.04333113376869624,0.04219935328074276,0.03637831272308209,0.05658981655700116,0
1273295,0.17535044737630345,0.2980805230018013,0.04786705585301247,0.05975034559749524,0
2295898,0.21808915333950032,0.4010650549006112,0.03920452827088246,0.02897633703964998,0
1063402,0.11712264076447342,0.19720704422944957,0.02469326062248064,0.05555570231502225,0
1633541,0.14970332782292822,0.24873951069096445,0.05526067541577221,0.0437768492635717,0
844821,0.31011988681518715,0.4772766202725802,0.12388858432411864,0.17157500690830726,1
612872,0.232417334041457,0.3870978809777704,0.03769676178497022,0.13779682508540367,0
186355,0.13481170304839793,0.17477276517244233,0.04101515651356534,0.17560386754053575,0
2343813,0.13557036210034376,0.2413963467659992,0.02920782760794722,0.030549202174799974,0
1625795,0.030681337938594462,0.03758476255892762,0.02490090453306831,0.022093426496050783,0
349624,0.11238733963194492,0.1475851806546754,0.03921321509267923,0.13415392388401726,0
1607972,0.02518197287605181,0.02574059471227208,0.026888355457454244,0.021225844413397497,0
1173640,0.15762393251907617,0.27735746772452163,0.0077928257769294094,0.0830367546186826,0
2077080,0.12393354474081404,0.21458387323309125,0.026948216747096746,0.04278571550069699,0
1024107,0.06978011695946644,0.08426732406820736,0.02787021439477848,0.09642695303464609,0
1698375,0.02491094769590039,0.022564156035933536,0.013202170498520766,0.04834109264188694,0
2078695,0.2447730359626038,0.4382999991434381,0.011226509930725952,0.11127541705833477,0
926611,0.04608502714910309,0.05211822643608344,0.03022115145238926,0.05479784247672295,0
1728412,0.26065086693443795,0.43363340783213444,0.07357326778547704,0.10881091341363816,0
2750130,0.2598091781698596,0.44149935625415937,0.017600923512201595,0.16889611494559734,0
1250091,0.15794444131899604,0.2889901380037603,0.021402989640359995,0.03514237712503949,0
360464,0.12878984142627103,0.13424491238745695,0.1128807378027147,0.13901581945864078,0
353828,0.10995837159285629,0.14661840086249245,0.02781294491196285,0.14152643844010604,0
1562421,0.10781453104590662,0.15684244808578507,0.041414146286889726,0.0848453155847358,0
1412841,0.24256081597336177,0.403681809319167,0.08046389174923732,0.0829037189450355,0
2560789,0.04736565789979603,0.04599373365269099,0.05197337866211801,0.04388388737407565,0
2009467,0.037683667634344456,0.04621568876544002,0.03230869055208549,0.024416080429994023,0
2678349,0.15835854400677504,0.2670162259256257,0.02783765575924743,0.08249567158093983,0
943616,0.03411720689661719,0.037701342965140605,0.01865909737869723,0.048344031002188585,0
1201509,0.05408655330899692,0.06513120085110258,0.01470296554231093,0.08555031610376175,0
395868,0.1302149615788836,0.1875169976792206,0.027268810475030235,0.1413790979838211,0
2608791,0.17099865982075443,0.24752144191025183,0.1031827040575163,0.08141563824186819,0
300813,0.12045803115112115,0.17254760558398452,0.02473711998681494,0.13381546181542203,0
2020992,0.13120645577062365,0.23195861218316394,0.02273303805425576,0.042036191313824786,0
2393071,0.03940549983156021,0.043621454735288556,0.023174211184795897,0.053212545542385824,0
177701,0.17872539201640925,0.27146240910029873,0.01919723066658748,0.18617509133141816,0
2104118,0.14601615069374457,0.2656093162380434,0.03217789889001345,0.017790614538594148,0
525788,0.18764805245831595,0.3276437631945268,0.026213046263220807,0.0798112849104315,0
37044,0.27923937334636706,0.46029798330204663,0.03905716454713794,0.18686616165601164,0
1816085,0.12051385043779346,0.20980421227090484,0.032145278894969216,0.0298408031692514,0
1992929,0.0515520269387795,0.08372795234111041,0.012101154812472311,0.030288521622413002,0
2629482,0.17642485557270665,0.3089676712837288,0.04804091197094503,0.03764373169779372,0
2109309,0.2352534764419974,0.4180435106228845,0.033792904909516995,0.08046924828850034,0
1125128,0.030043094826320837,0.028839121615600205,0.027555525339736257,0.03678438208299928,0
1470988,0.018946767475450658,0.013790795219436047,0.024071301111400243,0.024149897661562808,0
310985,0.14273411620740634,0.2207658233680868,0.01614077218229849,0.13754486434336702,0
1518480,0.025646194270128823,0.021962526956329276,0.023529733956584056,0.038030053024944846,0
550545,0.09285300083659961,0.13591679475484475,0.045556441556812495,0.056138354960667505,0
573994,0.05952394153145617,0.07603739248343477,0.023803238295895708,0.07182136900485032,0
26123,0.23614620317638063,0.38407667544890733,0.05463814115616094,0.13858211552539348,0
2095600,0.0977502687783607,0.1567610740246833,0.0479832967769702,0.024873713664639936,0
1865921,0.09160049900947301,0.16333018766345864,0.01846580482745599,0.02197831864753447,0
467527,0.11045584471738087,0.1508221077302645,0.0650049294626292,0.07771656006729927,0
746190,0.037728966222633296,0.034802160844296326,0.026823190342963894,0.061404643487979804,0
1045892,0.13816403999972882,0.2288932800585567,0.038214900394966576,0.06126464925980247,0
2370440,0.04266945123316095,0.054979409813479485,0.02473228231134404,0.038800308165089996,0
2150138,0.026707182906312205,0.028881125022970355,0.027533101580774863,0.020033449602972854,0
2443051,0.10705234607968071,0.16569539910025544,0.0643837762329058,0.024447568298406257,0
896105,0.0472737185104899,0.05990469018488365,0.024875655598651784,0.04929338369226268,0
2409456,0.07266720161993775,0.10257548567413721,0.03496583833714868,0.05444853640862274,0
2365457,0.05210029303832308,0.07924097333484681,0.020270593699003487,0.03199314130599314,0
1906581,0.10494419510939215,0.15353738300797481,0.0371511239793244,0.08515083205803714,0
1876001,0.14021313018299286,0.22151942928612156,0.07293175436070326,0.037869446158605616,0
1901806,0.10399750264040654,0.16158757010625246,0.04838605198985184,0.04343950995162374,0
2062440,0.15764588960993478,0.27610071719270923,0.01630442732540331,0.07352101407979575,0
24515,0.15982471602905698,0.24498338680102616,0.021590697888909712,0.15427906630935487,0
1458043,0.029440237116568166,0.036191252066837154,0.02337289025391088,0.02166372003488162,0
1268707,0.04298592271440398,0.05367598764286885,0.032622872808512664,0.03180533525207879,0
1775173,0.25421428978806426,0.4613033519308969,0.018811276077221953,0.089596154997246,0
1182221,0.043826184020885034,0.040605972688457226,0.034488042905749326,0.06588392402465812,0
2346744,0.08873290649373346,0.12995138345345303,0.06859496713184592,0.015893623137265826,0
1431210,0.10016036117732219,0.16001610301337232,0.04049761428370688,0.0400151269276198,0
1879178,0.04443310025444797,0.05913862550019955,0.024049255113894972,0.03824505485089852,0
1157520,0.12758896248266166,0.21789632117405688,0.022380893967731977,0.05963266852656819,0
2676571,0.3978865430315343,0.6568962550821364,0.11344162340604891,0.17702964234325702,1
1003066,0.09230724768471334,0.1397684757242702,0.036715284286158695,0.05704212268365318,0
563613,0.14312031906360143,0.23498118669565748,0.051942795557754,0.05023443524223234,0
1244671,0.24917138678165696,0.43306255230388135,0.06643004702645822,0.06355548260889414,0
1928509,0.05419622892226938,0.08149417808891302,0.026386742434401072,0.027665585737462754,0
1129370,0.1292878678509212,0.21236753782806084,0.04521910126727292,0.047691842783544526,0
2017991,0.03352798412472194,0.03746145436933912,0.030128206834749902,0.02879397444813703,0
2646787,0.20766250849196863,0.3556920113011329,0.04937776073878969,0.07501587309882621,0
1739036,0.05601740032780805,0.09294757050207647,0.019606368594261535,0.01830852249245681,0
2181895,0.05510698270804761,0.06926078120454093,0.05506552479776599,0.01978467333223676,0
2462541,0.19697968277218253,0.347687435792961,0.030493820504492203,0.06993909362177177,0
1191770,0.041070911743236266,0.0397250290452833,0.024015287870673356,0.07001905429696306,0
1345705,0.04878591820071267,0.045509239000180446,0.05438661677907565,0.048576568334498756,0
1372397,0.17297711453080275,0.2999831454959583,0.023881680653512916,0.07910518793384863,0
629818,0.08587884902576197,0.10032103025722916,0.05781148036701721,0.09187444893521114,0
1773631,0.05971433318684189,0.09762447724038381,0.03162478990455998,0.007073287976409937,0
490069,0.2577278290822883,0.45672753349732664,0.017833635634585218,0.12006985821624706,0
2646997,0.17783713571474757,0.3180769555674491,0.015434515863048535,0.0708415158605423,0
2138086,0.03749111536017579,0.05173566312146072,0.025007154794431018,0.02060568680558063,0
1898471,0.041552183847693734,0.04625121956929856,0.017355590563715575,0.06609948446964889,0
2585781,0.09235239257919033,0.14605545577401147,0.02974112210837896,0.05201164029835456,0
370625,0.08920795546336843,0.10584997714805067,0.024932540389973373,0.14401602386175544,0
2402163,0.06349705702659561,0.08473746909463209,0.02665786231007527,0.06565481893128496,0
2310413,0.21922482338456376,0.38672777591603047,0.034065256362635944,0.0782067925887887,0
1173475,0.21050582212746666,0.3652243907387893,0.02273943172142872,0.10535898620821683,0
1537233,0.16044150633268017,0.2767955200612845,0.024163398366719473,0.07397363396011042,0
194526,0.12279054581675058,0.1598728830105236,0.026884814703252782,0.17394329950256474,0
542053,0.18360821918524398,0.3165560201862079,0.03089706122155301,0.0803054536283706,0
1758098,0.03018885516368302,0.03411516798539038,0.03013774574710834,0.020449737234276632,0
218275,0.12855430914358437,0.15899698155133102,0.040699054999196155,0.18423050934080007,0
1657298,0.06822730898910231,0.0973150876990817,0.054318503912162336,0.016371069829563854,0
2091267,0.21185897951417917,0.36832867177473716,0.06667163112001782,0.03846577145402628,0
475432,0.10369573920157671,0.14956021447919543,0.05181340846230156,0.06685804711644261,0
518039,0.06151459288475004,0.07688145725006656,0.02988371221815664,0.0705437529713488,0
390750,0.11769261566309351,0.16244177278719407,0.01716233405259616,0.15661514526858814,0
2037729,0.04531702427969725,0.04229451372545512,0.05889518395734501,0.032506061148830916,0
1275425,0.09269825961967258,0.15137904596503426,0.048836461015954416,0.011788991661845645,0
1720226,0.07989749140878762,0.09735849725314849,0.04976976788001013,0.08143656209105167,0
859984,0.0777898867601266,0.11001004808439963,0.04886753609025024,0.0406230094542586,0
950792,0.07078124039396833,0.09582866322660055,0.03142848522104294,0.06719181607177582,0
1664925,0.02440824686813694,0.013427814200551058,0.032849905049448486,0.0391968412651343,0
1013078,0.06003491782784754,0.07314131979951566,0.0347766365127859,0.0651563348712697,0
1513677,0.040685087844390774,0.047273876447534,0.0350549112444323,0.03265838123647041,0
85420,0.20767335969140577,0.33679959626121636,0.017280757270921394,0.17044667189760573,0
1757093,0.14402763863323667,0.2608309873468557,0.02689888896893947,0.027712391345634763,0
2645659,0.19117267661977808,0.3103502775137512,0.06356065794399668,0.0846467023985173,0
952798,0.30074616590109604,0.5076234979797064,0.05362633063529138,0.15423258860327724,1
2621421,0.14030085282947394,0.18969503711496227,0.12302043221436862,0.04273602303841103,0
886233,0.03470874356251407,0.031075465285051673,0.03468913904562939,0.04382134603149709,0
2589654,0.09510759951676757,0.12348925792174681,0.06463776376186049,0.06985820713668012,0
1209025,0.07131046425258342,0.07735989418704936,0.04943956448380989,0.08899323906957887,0
2565679,0.17907967962734378,0.2592513903858005,0.11294412442511809,0.07785373553454061,0
2007891,0.4485194077008542,0.7329225909747398,0.02377572800179166,0.37462696906473403,1
2435928,0.12916599958415623,0.19849012760318907,0.07827670909196235,0.0321896152748649,0
564025,0.09525560787779094,0.1379122857029459,0.032124992565136,0.08330983628388601,0
1427281,0.03693433671227031,0.04952789430951765,0.0224816060304902,0.027129538741822147,0
1549026,0.07126041734789719,0.1101629062471583,0.02781522453573493,0.03917198431798782,0
1570839,0.09347633810110914,0.132521467537137,0.03123917935212849,0.0892192526345105,0
2669406,0.30696269436990614,0.4928343207659792,0.14456033839355314,0.08588716234425285,1
486164,0.07531177058717411,0.11233835853034879,0.01649347723587636,0.07097274075618408,0
340813,0.10767711124484594,0.14675501597012075,0.026485962554899187,0.13176907246657907,0
1779710,0.026749695835600787,0.03404832796154489,0.022423879677671024,0.014991839757635171,0
94207,0.10853606547416358,0.14433119257291294,0.02290543256221119,0.14749419709521877,0
689141,0.18988918263913343,0.3211293500670023,0.04430866219044665,0.08015954474249151,0
20478,0.282632626211498,0.4651223413007619,0.0588433583102299,0.16209224034024036,0
2276276,0.12541178742041167,0.21400575224878382,0.0512502251623251,0.015169218736611137,0
1525770,0.03677273479536018,0.04124957054715206,0.02462728271434903,0.0437988235373972,0
2064850,0.05857484846621457,0.06619042302276079,0.04167226226900153,0.06488979137066861,0
708309,0.06801231225673107,0.10878923904584425,0.018288084973253075,0.040656336209165145,0
398160,0.2212144250879688,0.3727908321274478,0.02359886854001362,0.13869674231120396,0
532573,0.05701395404372955,0.07595073122030682,0.018867857053523802,0.06689115658759502,0
622680,0.09072538905481825,0.13340277016892543,0.022422618209577676,0.08648609253741114,0
2144600,0.17055834102468048,0.3141381041368321,0.029452193779881845,0.02326815411149944,0
2444321,0.1617322776015621,0.2781223470349331,0.041215192621022065,0.05153273148894472,0
1051356,0.10048808474050318,0.15315208277974812,0.05553651533584352,0.036255443749380264,0
354131,0.11101642535691979,0.14626023434071855,0.03614249781660495,0.1352177942078951,0
2258067,0.09188996356492775,0.1366959388063046,0.02698358890605782,0.07723458744979052,0
1714515,0.060126290813372514,0.06452923741797723,0.044473605502877114,0.07259795226760384,0
2655787,0.16853119561512708,0.29249312724157384,0.02081038387132393,0.08020758416471498,0
579126,0.05993306378092135,0.07556017138966675,0.02543891610331929,0.07260651627546096,0
1814401,0.023941782952935343,0.01812279067001088,0.03379622925653692,0.023707594204844154,0
2630880,0.15372486731311094,0.27460275455742844,0.027768287893479175,0.0404650183317648,0
2626573,0.19547430468779786,0.22561544566547143,0.235307315406828,0.060371936165068744,0
741683,0.036683451048195634,0.035228109942461394,0.024268761255899367,0.05894383850097561,0
741538,0.038998453316798354,0.040304489919746556,0.024271354834910136,0.05782400953226018,0
2538549,0.08740382876372622,0.1358966740027352,0.05003568351647698,0.022223933537077654,0
1186943,0.10012170100496277,0.16737844692825188,0.02276224132492297,0.04801902571679971,0
2373184,0.04921722532021209,0.06652906889072441,0.022692856969418414,0.045724168920121815,0
2285116,0.054844102555501165,0.08065786166876143,0.03137988807026316,0.025506026500207533,0
402247,0.2664090172216093,0.4311317508209942,0.05041268895962726,0.17859667561612028,0
1212082,0.16614560261456124,0.28065148474148116,0.02396011670599884,0.09315912616010506,0
2333451,0.13404188991681507,0.24340006655487434,0.02257322819821051,0.02784944089957373,0
469435,0.3109524105273934,0.5283602559080108,0.10571950379171967,0.07528215717936035,1
819759,0.062431502386279834,0.06055800886880636,0.03742510127397317,0.10462483784842352,0
1388439,0.08323245380555573,0.10202317628894275,0.04730532038797379,0.09014634772346111,0
2457558,0.18754569277445923,0.3421780738785223,0.02390078548012998,0.04643210095579549,0
636162,0.08687730471553576,0.1131653767027857,0.02973336106628292,0.10687304022129018,0
496506,0.06495761291853788,0.08338538343602053,0.03259698495714261,0.06742912856692412,0
1745519,0.08509427208862747,0.14214675924935216,0.023855522753874495,0.03432117818894517,0
486099,0.08109483244314086,0.11048939288631388,0.03768501591673644,0.07272315612481496,0
865397,0.3090048979117587,0.40902914509350197,0.2371078341123207,0.1667898756565576,1
308636,0.26147078619862285,0.429772943806515,0.04940335243150733,0.15881654282956584,0
209225,0.1335698976665432,0.17535839128354624,0.029713527765418163,0.18488321847572306,0
2755730,0.2617003886548418,0.4423264640177744,0.021084319709473408,0.17105930366556277,0
1425674,0.29843094755501914,0.5198049093479257,0.08515295954865681,0.06491302508229625,1
684209,0.10490741552332698,0.18175130432785935,0.022761808616176864,0.036016103872721236,0
2210896,0.03623890152117421,0.04205062739060672,0.02215224395640792,0.042839573194742374,0
49291,0.24996992379209682,0.4184981928285404,0.03273051968232395,0.15450835736564722,0
2002461,0.050786830035168776,0.05993540024233379,0.0486222317397761,0.031162301960345265,0
1780359,0.031308848447914185,0.04040299376584078,0.022045441190745887,0.02246859603885014,0
2534999,0.06467129171070105,0.10774136653055488,0.02025665556378935,0.02361805888143399,0
869906,0.04951904915750234,0.06933718285850965,0.01699463739897704,0.048760332542772025,0
1391382,0.16546400239481707,0.20546766835647212,0.1373417813892294,0.10763816899906097,0
1956045,0.21060177357952317,0.39363573527439333,0.030791515508389725,0.02273225644904802,0
1562343,0.20080144951800277,0.3476251806176661,0.034365520229175876,0.08339601570208476,0
2591034,0.091003136723395,0.1429031584601248,0.030708286864752368,0.051695357169534405,0
653805,0.13244572779400768,0.1604359029419492,0.08709203562679932,0.13050082817496642,0
1576440,0.24719727651851905,0.39654369599352934,0.09364144503888631,0.10416497505044235,0
2495655,0.058978470434746334,0.09520863492067644,0.025907654037445303,0.01800928381587263,0
705629,0.12785990346779866,0.23215845009797165,0.015099527851786464,0.03625410031638456,0
2036798,0.027530358723619183,0.03223113599932281,0.009003549260465721,0.04356862972909031,0
1647528,0.8896116259261826,0.7792232518523654,1.0,1.0,1
2173294,0.09570079065280598,0.14534414193587042,0.04823911062346222,0.04278493248916054,0
237124,0.15375865052631787,0.20064887643427898,0.05011396215579396,0.19200011831220093,0
2531646,0.0538879355599127,0.07814221184064041,0.02049972626562763,0.043334558799521035,0
997252,0.05495411011662008,0.03996185328371693,0.0632228684285648,0.08003161473096088,0
1477841,0.02049740025104032,0.016415674347148856,0.024731596660812014,0.024350420396111433,0
1015156,0.29674308263782634,0.5138944698601235,0.04631411796672166,0.12950806158874048,1
634950,0.08030684907179224,0.09159729000369132,0.040022279486970784,0.11250760111927668,0
1633837,0.15952990593125974,0.27742545331235124,0.026741878050314014,0.06397307929994957,0
164570,0.1864392912303729,0.2886414415112254,0.020221197676182447,0.18026105585952723,0
1443180,0.22723379620158016,0.4106835692363773,0.022329511478520386,0.07596579069917704,0
2104587,0.06608504692915275,0.09930799787997913,0.03600263058943369,0.02815129406166538,0
2526610,0.0760585058434295,0.11820913739929295,0.042808390432955146,0.020557100069482404,0
2357808,0.060810500406106055,0.0901451192629329,0.03655972553843942,0.023850115565538923,0
2038470,0.042579705109307184,0.0511681358759426,0.024729307163206506,0.04788422511186963,0
1543428,0.050415579047421256,0.06752486821637926,0.02580577183822834,0.044557066938815636,0
1296430,0.16120843669466467,0.273466786779893,0.04274627209323897,0.058255808383732476,0
1396817,0.29538455401287816,0.43711335529028095,0.16056248309393376,0.14329565719778792,1
1404794,0.08444765389867648,0.12855535811913432,0.04148656464382177,0.03862002722981392,0
137472,0.11764963204485782,0.15537544595257702,0.026076950184323867,0.1606941200663607,0
228920,0.3585092894593655,0.5848428529454548,0.06873595570135772,0.22733538138115403,1
2242493,0.0661556975569072,0.08448914808665897,0.03496573554415636,0.06710701425165402,0
2514631,0.10768244187082403,0.1824758860711897,0.0266310483379702,0.04227592166919058,0
2360208,0.04034974308698844,0.04984842576705495,0.030380082750162376,0.03155752689206127,0
1096149,0.03458507780959808,0.03619944142242626,0.029161979075696377,0.0386838168783802,0
357407,0.22977319095719673,0.38958738124651127,0.01858959083303873,0.14701311542014728,0
16481,0.2979388297177229,0.5034348088934325,0.034819612091729506,0.17887770821743879,1
807438,0.10814575603195659,0.17532736705401253,0.023868750998272126,0.06660723602734339,0
1335474,0.1524572353223777,0.25596118288586633,0.0322548223910842,0.07400098581059635,0
1888114,0.03015413289198321,0.024385169543189367,0.025368407526069173,0.05175512931283886,0
2712156,0.3332530229814453,0.602462940602275,0.028426029477793928,0.11746871918484812,1
2346832,0.04476763815183017,0.07009970157368628,0.015123481356774382,0.025903714789773578,0
129772,0.12995329866641409,0.18622463654756594,0.025344904805229,0.1461875447553121,0
1681281,0.0267548445894499,0.014595581945173741,0.03285571785098903,0.04800169130783159,0
1848260,0.029974730416691273,0.029752466814682688,0.028063078400662425,0.03339786744575601,0
2359407,0.079737855056466,0.11517481626146664,0.060580790586615064,0.019881048748740797,0
2370677,0.14164296078475722,0.2577179088329683,0.0090243998410213,0.05038343207983338,0
2301632,0.043916448639992355,0.0625929082452501,0.03007911723262456,0.01798129673789966,0
1508167,0.058134062263176335,0.09119753356224058,0.030690196854578133,0.016641182128413017,0
272025,0.275133273837404,0.4706104025367649,0.04624142175860646,0.12977823020719803,0
852468,0.18268753066736051,0.30205682370918807,0.06567681623901624,0.05978036970530797,0
723027,0.1716458940550453,0.3002274529494373,0.03372522501318041,0.057073000381862596,0
114057,0.14300981451117628,0.214468147594028,0.01038194260670153,0.16330578966075912,0
210520,0.23207007587124576,0.37980638710429615,0.030135985767005165,0.1656304329449806,0
57717,0.16114203418271744,0.23606502369783067,0.03963354645344131,0.15609729198884847,0
2540910,0.05585874542318297,0.08169497110405899,0.021054772944756394,0.04347413993863277,0
2598642,0.0731381636333721,0.108289550191349,0.022472551065680146,0.06125811608996775,0
798768,0.04531340598390228,0.05038636321806145,0.01023314741203853,0.08525140075630001,0
2235391,0.044866386614403134,0.04585032570683156,0.04177445006923323,0.0470444437010869,0
1273865,0.22978120148681475,0.41583667478672115,0.019476835858569783,0.08009906667941614,0
1534029,0.04019169040314678,0.04492880432431434,0.015279391477292528,0.06571735398900926,0
240876,0.17296727082391483,0.23683456121768687,0.0469885046813492,0.20226719405333324,0
919339,0.05406768893183955,0.06809329233417205,0.041614401161939756,0.037683612080858006,0
1270010,0.049227360882079324,0.06541832105312617,0.03283529633637129,0.03333805727302426,0
683035,0.12479038189769427,0.203484097159488,0.026904745600221013,0.07488454818941982,0
943915,0.09171212876981599,0.14731369586215415,0.03720885840858678,0.03446311658081441,0
1636154,0.11818058844157543,0.21216178034915467,0.021308945407685013,0.028535073223462912,0
2126199,0.05416270648735458,0.08334817345952328,0.024055046065789187,0.0263605296892809,0
868308,0.07087925327778959,0.10926135509701274,0.03129143792629811,0.03430572175696894,0
574351,0.0595439103049525,0.07603739248343477,0.023862541891608087,0.07183225747876343,0
2457911,0.07514586754931411,0.12721892963155046,0.0170512607852331,0.032105122489844796,0
811580,0.046220824141674687,0.04138927742610854,0.02443533327731764,0.09097792722712562,0
453636,0.43498759388019853,0.7046959233992585,0.13079106211749747,0.21701156772660007,1
2131103,0.0528505334958087,0.08089733364004215,0.024055046065789187,0.025926764280254342,0
978484,0.1367537105357189,0.22523698878787146,0.029523188992620433,0.07639129721998504,0
2274852,0.06857416213441317,0.10114902781004287,0.04399372448253561,0.024007654423155216,0
2130378,0.09787085648986475,0.1600081142138593,0.03751614093560472,0.03305978551126844,0
1404675,0.20654587050330014,0.3407481907881428,0.08715115814790236,0.0501321383242901,0
824700,0.060619700944216745,0.05966065475881843,0.03326236166203259,0.10405332533098875,0
264743,0.22742844990361194,0.3944294507490619,0.02200142996612586,0.11806647769621612,0
2282791,0.1506189883830728,0.27581931486337896,0.02193316903426359,0.030646901205521115,0
1102218,0.1709785807196378,0.30240421251985916,0.018368503396317824,0.0713296172040643,0
2037357,0.11655059537824433,0.19106347655528055,0.02917630207609542,0.061329832388877126,0
2523450,0.21768396482374552,0.3663915105836869,0.06084284773476464,0.08117677605736343,0
2631491,0.15387867607107306,0.27632750095817904,0.02567778582279699,0.040057949225722235,0
952887,0.07331361769843693,0.11551553584845897,0.02723992808037731,0.03691935675047128,0
998302,0.04816841063236829,0.04995725357680125,0.020455475497781348,0.08526570597316631,0
48547,0.2973439367867696,0.5159068316094053,0.03431505196989393,0.14548002695549414,1
790035,0.05118350577965175,0.048257966747432435,0.033833223063418266,0.08452277743455025,0
1693631,0.020378167546397492,0.006543568492949237,0.020730253319652895,0.05443653652013501,0
466575,0.2607017387405082,0.4113025946526657,0.11104458411001063,0.10868533090586086,0
1085226,0.041827970869900595,0.06496665639352683,0.011785498464905713,0.029044965668327333,0
2674102,0.1727833106073386,0.2934252759226351,0.03866028361425892,0.07236293780871672,0
447672,0.2245249619294975,0.33932487757906327,0.048512478165933286,0.2015438984509294,0
2068670,0.18037482914723277,0.302083402598204,0.05303608059356602,0.06711151835030489,0
2748393,0.2612332007320109,0.44398411841864505,0.018098327814546206,0.16905821589162262,0
221088,0.22945637665737462,0.3610792890715887,0.04665756416227085,0.17459731436449508,0
1493000,0.035191996939302604,0.04196830299612442,0.023697877247806975,0.0354924113344915,0
265255,0.1384151741314617,0.20187707278689426,0.03548841689677707,0.13415056334490721,0
1497881,0.04031150317680818,0.04887827411857293,0.0355581835979286,0.026024555190715674,0
1038963,0.13557622461771132,0.19405207911048983,0.05279299302244439,0.11356143577866543,0
2190925,0.037103126640749204,0.04010577839811902,0.035738848012216384,0.0316429151901239,0
560742,0.058939807857695745,0.07125336254403969,0.03212327420462453,0.0683807216214427,0
2695661,0.2645853114495117,0.4613192669429831,0.04587032418627914,0.10082290361068201,0
205262,0.13019017883711642,0.17844457412109616,0.012942143598213145,0.18542624348552195,0
818412,0.12266847385830337,0.198589444870504,0.02601030857451445,0.0778532942534852,0
1450421,0.02684194669860419,0.030967229131539264,0.022690923796066777,0.022755274970072632,0
2924,0.2841786455011707,0.41769805081125566,0.1352317858103511,0.1738004217621877,0
795318,0.042234866647125474,0.027034786415433887,0.04453856164629658,0.07677952472759778,0
2613395,0.2123804947444103,0.29109815176609866,0.1486956695444687,0.11111358999010168,0
396536,0.24476045109868536,0.416925997362949,0.01747992434380921,0.15526737557034043,0
2737369,0.5672229412537847,0.8174791064997087,0.3217535391066185,0.30978663135972434,1
1385778,0.08750938672639497,0.10680222800036543,0.054034279269997015,0.08948994472606574,0
102072,0.11212889754256644,0.14505641070944475,0.03187557203726003,0.1501901028833303,0
1407304,0.08220868902640889,0.1224060146557987,0.043651538544228465,0.03955110067620499,0
1532833,0.12914164006359427,0.22082953309281406,0.025216511525383758,0.05580960029786057,0
586521,0.05615063477497374,0.0650933200069207,0.020228611251270887,0.08767695698066064,0
1252614,0.15056280373555972,0.2647559156378102,0.03311676083315706,0.0412490883335375,0
582109,0.09150334839479553,0.13208918874924558,0.02095284706751115,0.09586449949959698,0
1152990,0.06220307275452529,0.09709335978479283,0.02432871130361527,0.03178889735522144,0
1156996,0.1615402326063984,0.28697431592147105,0.023062946098848985,0.05567095408004092,0
1733971,0.09659415587061511,0.1527497585944383,0.042898332555129495,0.036748884034285584,0
624821,0.0643328967821719,0.07872510080265493,0.014153527881564619,0.10362144008187525,0
2484184,0.047012569445494416,0.06904456450721264,0.02657577108519264,0.02258777933165152,0
2688558,0.42557590196959205,0.5839521328813266,0.2937613391308298,0.22735716894839897,1
1063078,0.13630896433037618,0.24598261957387557,0.02808300711179799,0.024463762049494953,0
1592889,0.04195252604194249,0.06571949620116035,0.01888345326606604,0.017138709807712486,0
2115935,0.06819953342687259,0.11356483578402066,0.02949243151973501,0.012846930394708734,0
1170727,0.12392992651280199,0.21850830383616615,0.020802518163090405,0.04217509572895897,0
1674675,0.047954688376949606,0.0630208986483457,0.033819173090071666,0.03149243562877631,0
100353,0.15275332631407015,0.23915404746907076,0.020759795797422737,0.13474181920153966,0
2652212,0.14852070106240509,0.2494949483906972,0.039704645560145246,0.05930916599506454,0
1042851,0.27774907400056786,0.409185316431958,0.1501708473410776,0.14052580791132782,0
532259,0.08181518832601778,0.11526965210694118,0.042271786649868595,0.057494131387933044,0
1640112,0.2037045800901972,0.3497266047614219,0.05559472456212158,0.06081430170424882,0
1724930,0.12963177825995936,0.17648513418810252,0.07421145381645579,0.09562887510485685,0
86973,0.14924787849447324,0.2165917150937272,0.03141169597526487,0.15764256077515096,0
2286217,0.08938634762940703,0.162793040057984,0.01919675469409761,0.011154005960928722,0
606984,0.07439487245146387,0.09185187022253916,0.03963795682164712,0.08288775146850076,0
638971,0.07112071303500073,0.08538625717988546,0.017651325407459968,0.1156609341141,0
1350068,0.05644914103316063,0.06961294219400638,0.023693003649003314,0.07267384420728222,0
2507573,0.06087752636059486,0.09378355068983313,0.024741519621121054,0.0328164756467099,0
1625071,0.12797512924608756,0.2160483964826332,0.04824380174954648,0.02738895239953518,0
1187706,0.17848420183326003,0.29846440485174097,0.03894779247964231,0.08783830831748433,0
1193381,0.05092151037776915,0.05084513877332464,0.036508910206360864,0.07273133964599286,0
1171473,0.20375103674192635,0.35111178567531787,0.023960672936538304,0.10503471011652964,0
2361184,0.058408713014349536,0.07888397692111049,0.035648237202536175,0.04136126696516721,0
349648,0.28216928137094044,0.44466463177632454,0.08182987990699342,0.1764400075534009,0
1631512,0.042226599057535355,0.033608347280097095,0.06607032311463318,0.02800664241548429,0
1007838,0.0800657032367099,0.1282878336079808,0.013075013446627808,0.059996411993655775,0
2422345,0.19393379541369754,0.2764498194050352,0.13662943132515012,0.07360028156817448,0
1735517,0.06327036511023186,0.10206029067330502,0.021418286434717375,0.02907366921582068,0
1715164,0.050023622702490764,0.062122016559765125,0.02402178295885577,0.05878039767475734,0
2104235,0.06247447446820557,0.09786983855376297,0.029652749138283325,0.023218652249195452,0
1353608,0.13677980931815092,0.22444873199701365,0.034402848918236556,0.07117294322086566,0
1321585,0.1625612411268434,0.2731372572554287,0.03924335917662266,0.07109802373071128,0
509850,0.14738498060221564,0.2568939959788251,0.03269813856479165,0.045642705216827936,0
269280,0.12142651961905186,0.18250108464189196,0.015945412718319767,0.12696176741304974,0
1708952,0.09201328902249144,0.13000313957850718,0.058270334020991923,0.04765309513470137,0
462136,0.3809484235395621,0.6042939656457501,0.1347121941206179,0.19193891240250846,1
2510298,0.1439217943196983,0.2558460745198856,0.030781132301619867,0.03382208684634764,0
1117919,0.17714530159718103,0.3219496557193544,0.02855732378190514,0.038016383014661356,0
1390237,0.10630458377223254,0.15433753545314388,0.03275576328062576,0.09654543530736436,0
236736,0.15634770621724886,0.22694919342095965,0.02238952356545644,0.18078126218566049,0
2546717,0.10729562257555361,0.18784212587051197,0.02472804049740487,0.029780737455380846,0
366226,0.1084279702764868,0.14706226064855,0.01637722762747203,0.149918358319851,0
2252983,0.09172097223130948,0.13005366979931388,0.03997988870258427,0.07350085360438632,0
22906,0.17890600170600435,0.2891368003380862,0.018908529379827378,0.14332521361506523,0
457303,0.29957594880376925,0.4057961503535239,0.22175965950437923,0.1507498788784678,1
513738,0.055407128845410866,0.06598089347391223,0.029705219825465867,0.06752558080407495,0
815297,0.057634821355396826,0.06973492437478068,0.022628403610158554,0.07989419042479456,0
1178516,0.15973999736253056,0.2744636873844901,0.01798221304603229,0.0855674487823791,0
2645802,0.2364614462251443,0.4039610174849083,0.05396438505756821,0.09145810982709851,0
1333534,0.14738486406675552,0.24744689246585816,0.047315895383714265,0.047333246093560745,0
1728024,0.19336000759729166,0.24413616203701516,0.15926732915371544,0.11755863916334727,0
336133,0.14529186261235183,0.2121271858633712,0.05244570551755239,0.1174727901270026,0
483400,0.24179083803899984,0.3748222222388473,0.13227343219445986,0.07348848630619119,0
305947,0.2680010631937989,0.44821572816376665,0.03256540793246429,0.17061788366088168,0
986716,0.039331447619892664,0.034524548212015116,0.02819125326232859,0.06805898767593264,0
273080,0.12452655970485664,0.17951032709503034,0.029732037310383697,0.12925892482113183,0
1145041,0.03786926041589765,0.04572889617614051,0.014904910060586791,0.05266669654825677,0
1706916,0.04784912586989757,0.05565859762316838,0.027155665179216245,0.05936563752274253,0
2457109,0.20642168202869163,0.3746135755682589,0.04113625024308941,0.03387009585817669,0
1274316,0.04630118755722221,0.0682994080707876,0.0173086460296785,0.03479444856462431,0
106909,0.2003120822612836,0.3180837825119045,0.02409017739459859,0.17021568893475894,0
1383186,0.09488016096942596,0.14682537670602613,0.03593088514606633,0.053441035362964975,0
2289351,0.30640055262996985,0.5105085456912333,0.12628082827538503,0.06631015650868839,1
387545,0.09777363726726232,0.12503791875132253,0.01620738145198703,0.15196231728002477,0
654085,0.11252484515428415,0.14271910768919438,0.051441565834314494,0.12866410779696308,0
1459291,0.0379427748495415,0.04491198247216266,0.03266408109820145,0.02843779641999867,0
350155,0.11850615349233422,0.162374206616538,0.02911630050803791,0.14292080015826922,0
464082,0.29552009406625784,0.35572537029235185,0.27520768085309294,0.17547552332077015,1
1698431,0.0753209946470191,0.12065815453736672,0.02705220351346958,0.03438128162147429,0
111485,0.10709397371878787,0.1411789329777593,0.022562850437020155,0.14867826049401084,0
1306267,0.04841742551551763,0.04941771403252071,0.05535826799058446,0.03550544051040968,0
2508423,0.15097935029514828,0.26893696968987457,0.032825678467455446,0.033315809549871706,0
1595,0.4047109559292226,0.6850333356374828,0.05614015704495352,0.2267612049849758,1
2315115,0.05119363140866715,0.0643716091748745,0.048960538787137596,0.021598325925443116,0
953159,0.04035571201962575,0.040816802657942075,0.02635800502304055,0.06019954591871273,0
730572,0.04302281413242175,0.04517069795339279,0.03367230845669924,0.05167886309357787,0
345327,0.23064877914714463,0.38387082774243375,0.0368073856076137,0.13835574796821815,0
2131647,0.04079860855842932,0.0471275358009432,0.044388589665712824,0.019591318791219326,0
2328693,0.05229151873066237,0.06804600179069897,0.048318637098167215,0.018864633529313644,0
1540275,0.13551724257389625,0.23504218159312984,0.01624899556211724,0.06560726554348084,0
573977,0.06430168472711847,0.07374142500578729,0.03890651165871489,0.07879509363305177,0
1868269,0.03979698445594633,0.04138859910594017,0.029488879135580896,0.05128010581150985,0
2711715,0.19731379710432778,0.35218824180888086,0.006525374436553163,0.09631031934460693,0
1514545,0.05916464921478398,0.07975534508413984,0.04791658834563718,0.02456000084511452,0
1137906,0.15542813094390734,0.26655926963371646,0.028401997047771785,0.06813948506358791,0
1859598,0.14891961296251305,0.26387015503837585,0.02544408515785233,0.046756549479847004,0
2677881,0.182745690047502,0.3150127320451577,0.02975920153648169,0.08155781781989316,0
2245864,0.06685407771434132,0.08666492973691942,0.03322630727352029,0.0677686033191276,0
2121463,0.063286788379481,0.08591915661368998,0.050218378988204596,0.02630848188087314,0
135825,0.22517282317364895,0.3661677366775895,0.03173362186256602,0.1628443413804219,0
2478543,0.054770610796665994,0.08328504219932509,0.025847562473457854,0.026869104774830455,0
2425663,0.2860391887807739,0.5024051741700596,0.04484044577042499,0.10692233982308323,0
2758495,0.2716958266099531,0.4505305397550936,0.028227601634725936,0.18981138120994262,0
720335,0.06666308115758107,0.09107587945977891,0.028211950306356322,0.06330778167892363,0
496576,0.25083872841765836,0.4409606619846921,0.024655241257977564,0.11480912523959519,0
1796562,0.019850900128004192,0.015547504507966159,0.02668108075813533,0.020364118232902552,0
2481312,0.06815330344692581,0.11657056232704521,0.022450601733780585,0.01566420881634512,0
2678687,0.15919006537944896,0.2704467695806292,0.02614505568557518,0.08061581941730914,0
1428635,0.17197201519512054,0.30573573189968506,0.023195216498417836,0.060727921478763325,0
201898,0.2497891265547189,0.40193329555747015,0.035692711459196266,0.19057332669112487,0
2185458,0.03528248192401327,0.037700835371472174,0.0304626562321105,0.03646633684322019,0
2533263,0.04026977428015191,0.05185942140036304,0.02225627605511975,0.038315903817172335,0
449796,0.2240115748686666,0.341320249295622,0.044279300591599055,0.2003383002168794,0
1092253,0.045881328211849884,0.06406210817230396,0.025249506047729974,0.031377111556894544,0
2694383,0.2386775563523934,0.4195294032412623,0.032861858951660314,0.09527148523132073,0
1584737,0.06201860134825106,0.09331833519255428,0.029880388310764335,0.03197658629372308,0
1736874,0.09954288891697191,0.16441821290596526,0.03248241611752428,0.03794528814365997,0
1258545,0.10594900811232535,0.18920964553553243,0.029331033287674457,0.012724376791284003,0
2056991,0.08072849965488814,0.12384714268773056,0.020644322213022696,0.06305815823558028,0
951631,0.03386334978333806,0.02364442699996383,0.03704364712762588,0.05464021072534193,0
4821,0.2589251735177967,0.3924168680125182,0.1120604915141334,0.1454929602864879,0
583124,0.055645783311476724,0.05732066688640647,0.03413541322958787,0.08372412949698567,0
1264523,0.11368007753056027,0.19719586268069889,0.0438628833925966,0.009616405862159196,0
1970939,0.057014803242563784,0.08974963761998456,0.023025925464349353,0.026161033966333486,0
97825,0.11883732355025148,0.15960003588764338,0.0269658511674267,0.1547377512810089,0
1939998,0.2124281147329268,0.3991838357245798,0.026765067805915626,0.02403338264431113,0
1797727,0.02105579530993664,0.018560453050569636,0.027807299335944637,0.01716689491934215,0
2401012,0.06875757391362326,0.09058200359048119,0.03684711396230639,0.062062189648453774,0
1148297,0.041481811906989526,0.04887078675068435,0.021557129904726954,0.05289639780114632,0
1980043,0.4008908231578649,0.61741676606579,0.10848214870672994,0.2981889775647545,1
2116882,0.17817018687275088,0.3205773092198799,0.030310573560353826,0.04394180097352383,0
652755,0.3075918444692183,0.5288832906679802,0.03471259979546416,0.1636820959829446,1
2179809,0.15708731930404835,0.2787125270094738,0.01388702635903861,0.06782473945799938,0
2378923,0.036692274613049414,0.04179802010530842,0.024065793522453253,0.042867632518296166,0
1748273,0.052940077712360284,0.08426611559389985,0.0234542868474907,0.018853669305815748,0
604320,0.2606053328153054,0.3900432251530379,0.13063437596392846,0.13196703724803968,0
816073,0.06012601517427547,0.07619033571441391,0.02158543741670003,0.07777608046029252,0
10385,0.20902896147122726,0.32539102897871097,0.050111589172692504,0.1564998511503202,0
560330,0.05467462662820788,0.07062021799985074,0.017995331789620345,0.069829590456982,0
2430780,0.1502741605971314,0.2388736189271874,0.08402586878740255,0.028147952486584613,0
2466458,0.06117442858689676,0.08873850411723438,0.04252409815636835,0.020239735406845323,0
2421376,0.23629132551558377,0.36014364971114265,0.11731171862445461,0.1051299253633803,0
711501,0.07427986742852491,0.11836798372212487,0.024383792778905476,0.03890368866895413,0
2570344,0.04769585402081088,0.06106985885445104,0.021815363593990368,0.05308157757694125,0
2141300,0.054321683660275906,0.08498538294880209,0.03223797824936622,0.010787993555324983,0
767903,0.041409945659958855,0.038489464753048375,0.024469323896963588,0.07412208057172794,0
634264,0.10477858020277023,0.15378055310038607,0.026584903272088404,0.09956416335475336,0
550751,0.1252217489475985,0.21021404742311012,0.03544850648746847,0.04740086644901444,0
2045689,0.0673312959112096,0.09166742912700099,0.03128517471890126,0.06056014466019359,0
8046,0.2664321770738347,0.4053143717342427,0.11567261831778919,0.14536602855688308,0
297818,0.1123105881411777,0.1547982711418706,0.030627148757102707,0.12861653971555784,0
957111,0.03715999580569065,0.02942443515398596,0.031247634794509562,0.06536743895172399,0
2725008,0.3258897370030263,0.5847396081119958,0.02099746564036816,0.13610346627458997,1
1280000,0.07804914637691833,0.12256267734231785,0.0458604425358085,0.015048374725084277,0
2368966,0.045426351879641676,0.061647441984540086,0.02364709943440733,0.03754250528524718,0
700630,0.0660750916323018,0.10586950835553643,0.016485963394201848,0.04097274218136515,0
1958734,0.043174267665505556,0.06234141056992404,0.02352974045701017,0.024723201217202423,0
2636383,0.456880422918905,0.6507319326934169,0.36072950252071934,0.11647802907990401,1
2193624,0.0849167165447823,0.14662318072643787,0.028722558898741937,0.014941792559703978,0
1597712,0.07084610475379502,0.10342266479502815,0.04374693417100079,0.030053460524903486,0
1820456,0.01728671546533037,0.009140326624469841,0.02426084182794373,0.02719149802356165,0
685578,0.047315791785275015,0.062460092020254376,0.016487073621946284,0.05569811844281971,0
1217503,0.10216905647834121,0.11500844335993099,0.0856100162161489,0.09490914966765517,0
274515,0.22350068588594235,0.3643500164924207,0.034958284714426,0.1541909611270209,0
1746315,0.06803838284424556,0.10976051507437679,0.03334218783686886,0.015777344779982574,0
1515404,0.15155449678304325,0.2622478741971712,0.03687817654979325,0.046835533597598414,0
2458800,0.06945523360148982,0.11922741442162832,0.012434203362570853,0.03055632690952203,0
502553,0.14599203608046407,0.24398198395336101,0.021425463876434802,0.08786702470426563,0
2669061,0.3541137264025123,0.5483296061391112,0.19139158529683256,0.11265723871953488,1
16634,0.20838263705076213,0.33030397342510753,0.0344170526542944,0.16452767270960025,0
630684,0.1726341774606408,0.29006524271970646,0.019374312896988113,0.10894631115845563,0
752758,0.042297246338798944,0.041897561530306326,0.025547505976104265,0.06842106890407251,0
2212237,0.05258994099911575,0.0633851447349173,0.049272693024683574,0.030577803621260106,0
132898,0.12954787797667322,0.18031526773938367,0.030539834667922865,0.1511414685330227,0
2103783,0.057614831067606016,0.08025627240581956,0.04089796137814634,0.026086532256261667,0
1386046,0.0845668712239632,0.10893576655144144,0.04596250962222594,0.0815511753078735,0
1267574,0.15195733487518434,0.2758357490846316,0.0124220765086829,0.05156418690131833,0
944114,0.0303992955358517,0.02577143577770069,0.019945451838810163,0.05764971047679152,0
1944665,0.05020865102938943,0.06391055398522383,0.048944394514585,0.01785027841201007,0
529180,0.24228694207339518,0.4054896473287247,0.07985404321041752,0.07792952722953786,0
764366,0.0676367051019747,0.08444635853941018,0.028859294737316684,0.08377868705537302,0
110114,0.21069037734605406,0.34173743309708804,0.01702851696035211,0.17356552854702212,0
340818,0.20818471905744756,0.34025218782363154,0.024168518490211493,0.15404034799284183,0
1442725,0.025453118073341052,0.02715115422411052,0.022496181888742667,0.025643431973314958,0
364252,0.18555288095209213,0.27755254310112465,0.05170639692608602,0.1563234516185199,0
1954978,0.0687732882678266,0.11923947420057457,0.02759027431533046,0.004382344364700844,0
2448656,0.22987401550275066,0.40019792085608785,0.04262542977239657,0.08493713071493873,0
1058041,0.09732376718568074,0.17092103296727568,0.022590855280113245,0.025429970590044676,0
197072,0.12525953345845348,0.16071334666767978,0.02777609481745488,0.18285015839688556,0
288192,0.1299880289086369,0.1939788547528445,0.023471791664029528,0.129785320165029,0
2489321,0.08083193382606801,0.1395470933044255,0.027444500170406873,0.014125185613665988,0
1775895,0.027904279496002174,0.03313478969424888,0.027937501644603617,0.014778170777483238,0
189967,0.2916159133844287,0.49400645574902846,0.03526661198467724,0.1701635095725564,1
2140988,0.050198279504900245,0.07013765262738847,0.03546928461534799,0.022443339033008054,0
2735574,0.29089705828090034,0.48159063972786387,0.06228674467252205,0.15707857507605896,0
544857,0.056846616539783484,0.0747460186155251,0.01835746457026933,0.06983183930470067,0
2339769,0.18157910023932267,0.31904011982213487,0.030903643286228563,0.06393973671193333,0
1264880,0.04654303049840054,0.0682994080707876,0.018085009762295903,0.03483911767158984,0
14671,0.2169953212435811,0.3308118541564449,0.07874957412191715,0.13982260964391752,0
1921620,0.08035016751898724,0.12607750488079394,0.03929662075964212,0.027612144253488145,0
2757192,0.2849310607293871,0.48220191090357745,0.026213187093002303,0.17983074574848856,0
550191,0.17812630943675176,0.3004265015296468,0.04607218177848542,0.07045702069191379,0
502578,0.06532852139539849,0.09327860328272264,0.015654506259366447,0.06996433938113616,0
2430665,0.08812388258385459,0.13966648102852952,0.03544079529391223,0.038292017407080846,0
1550639,0.1299136374752054,0.22853906422140402,0.02358855914837263,0.04283768809995803,0
1670484,0.026625217904331817,0.02912159163176975,0.02044893882369846,0.02964870220668701,0
2181489,0.03853812527746478,0.05114771048844258,0.023456170183874386,0.029637094890405877,0
2667870,0.5145232322429054,0.6599954784353124,0.47127495127459906,0.2157150382143476,1
798633,0.18401632880916946,0.31261702981308004,0.03127064826713318,0.09163309711244741,0
1915934,0.1950561378554071,0.21126562684362116,0.22701137128225185,0.10659956524460469,0
2563720,0.17428828266747376,0.31234881037008033,0.02722365477978375,0.04973390524249242,0
1542242,0.03257837218061327,0.031158151803236778,0.01955208744337444,0.05566835022991276,0
1291001,0.06902058748601361,0.10103190496787173,0.03391310973732202,0.04165351040440571,0
17321,0.1768840592258066,0.2684952290903849,0.03765385435709874,0.15670144186742258,0
342458,0.2586438363984576,0.4002812142710963,0.11144919485369725,0.12534235403400143,0
1668021,0.02216610365793132,0.015397252047082755,0.025316194038177354,0.034363097114683695,0
2678612,0.26098764007383685,0.47646720041208757,0.017344677080075383,0.0877531837188523,0
1096166,0.045781454030328225,0.04963561359330715,0.042488982904633564,0.04108476181142293,0
1330239,0.1494556192893067,0.2548011690491415,0.03018713663306674,0.06499446887407954,0
2449037,0.3091518815386841,0.5583122055314703,0.020839200093160922,0.11872009372500358,1
1174352,0.14796630978018002,0.24416465836139178,0.051952619722490205,0.051490973413685394,0
862625,0.07048921876003664,0.10932154727194798,0.017315937538624693,0.053168319312376165,0
2285699,0.21473220097544016,0.38075693510421404,0.039127850191625846,0.06307689182922695,0
2453272,0.2527807346145191,0.4493160442198001,0.03267918629980483,0.09159478307338802,0
910048,0.038809138569429004,0.04387446015018748,0.025195049374002295,0.0465669684106729,0
1556909,0.05604657957997601,0.07299918560098895,0.013987968423392417,0.07675298126231908,0
2267944,0.22197410010323584,0.3741084378735826,0.07164245369482722,0.06713572528998189,0
1470838,0.18647353251227203,0.3157589157504972,0.046289104376329146,0.07353671662062342,0
996572,0.05719434195839168,0.07052262793470232,0.02996643581669608,0.06471548623015849,0
600394,0.0639565529349296,0.061897003399646766,0.05070246163034579,0.08898656373001244,0
2499746,0.07569340268802363,0.12261578885701874,0.02630428280955093,0.032471117083244905,0
1462060,0.030447765268335304,0.036401780019472585,0.023238023723193047,0.026377340708205483,0
82448,0.11954444602668474,0.15981543210500415,0.03194141012174373,0.15027153468829768,0
42149,0.2289271463227513,0.3875872691238309,0.026776692502954346,0.13550252004974772,0
1675115,0.1714367085650871,0.28440895217275963,0.03787311841894644,0.08935148476511683,0
1898275,0.038409959276099,0.0378013526108828,0.023943273799640775,0.06163150415382681,0
440092,0.19368210333089275,0.28339217726863797,0.045631845172383605,0.19148230572429345,0
1731328,0.2981364155169012,0.5261391104401043,0.03387940844666917,0.12451518881424158,1
1731147,0.24202481967049028,0.4296034290026951,0.032246180449124265,0.08774625517202718,0
2712047,0.21975018364401677,0.38613089093470854,0.02556050656623547,0.09508293103395936,0
392178,0.21450468336220677,0.3549345677597703,0.017969851777509926,0.15823221974534324,0
2040311,0.04810019179569717,0.07613850929199095,0.01498431250790136,0.027678216986656425,0
580197,0.16611185938964015,0.2847418548263928,0.023092128574897994,0.08406646701987178,0
2307937,0.15926092498842942,0.2914507272210092,0.02611811418325994,0.02850063561473421,0
1770627,0.02604955578035209,0.03413600215606416,0.0197106638631673,0.015341777716849098,0
1889671,0.04230581835220051,0.03841189265190226,0.03905740106997465,0.05691325852628493,0
1227690,0.20772731379989182,0.35249987735793453,0.08369563873606645,0.03184341750052304,0
771929,0.03397287069874952,0.02839330780387561,0.01612363380658897,0.07469563327417511,0
1541892,0.03318779240180352,0.03125415146313815,0.01914093838396598,0.05909217577522327,0
1925380,0.1496152608807594,0.27077414981793335,0.035256522139905454,0.018256146649105468,0
2484624,0.05437707753253397,0.07637869115217077,0.0373745273621914,0.02487686873895583,0
2112398,0.1105360525262282,0.20199408346599435,0.02716780811310337,0.006943341796500098,0
2681384,0.21033474461099605,0.36475792927516615,0.028083671383813825,0.0976533927913441,0
2104948,0.07147328766462593,0.12540111917597274,0.016878730450029713,0.01854554470815323,0
361806,0.12013037545450689,0.1663684234763988,0.026479429710245903,0.14501167401616863,0
1547075,0.04445479818422208,0.05703578034269541,0.02121059126480815,0.04786865316715964,0
2521742,0.14146375078128898,0.25010284103567815,0.02985997093833897,0.03727169490974112,0
719050,0.0486360557362943,0.05875042854973567,0.03116048933356632,0.049563473306782874,0
2038976,0.09344312129736988,0.1649083090406721,0.02275867813611745,0.020806816680993014,0
1454640,0.06136105840162116,0.10286157763591242,0.02809334647154083,0.007511328211013555,0
433485,0.2404097397796344,0.3939825007786244,0.02558781206688135,0.17871072885128889,0
1318504,0.039919799712896505,0.041264927423979914,0.03827577080706473,0.03902302379393566,0
826002,0.07487698995307297,0.10465532602827521,0.015929722202826183,0.08885205139043756,0
666014,0.1356308951662023,0.21928913498818925,0.03631824764619363,0.0754542668912479,0
949815,0.030986613129997283,0.025872320233680357,0.022058602371072322,0.05716436150917703,0
2095666,0.07912539630930354,0.12052299629719398,0.04122465713114097,0.03248250510682129,0
120219,0.1242996610133621,0.17419520924598209,0.018321159224773093,0.15852854311469566,0
638913,0.1311850183593172,0.2072921215973581,0.02936374193850419,0.09364917489543444,0
478846,0.09848304635031277,0.15131665021849927,0.023940059520536655,0.07821351692451065,0
2306418,0.0474087151997608,0.06973518159940906,0.03062157086468395,0.016773265703255446,0
2107877,0.07513307242053699,0.114201425774069,0.03969298033925107,0.030622327158635856,0
2664156,0.30983478108585355,0.5551900485722356,0.03300562079671334,0.11169035280360864,1
688848,0.04771156439324943,0.06307499177901654,0.0181656235836161,0.05362190714328163,0
1717371,0.04858021526403027,0.05780748548448811,0.026130321503306034,0.05918688035397204,0
1130015,0.03490193410312353,0.031715872338883955,0.034819007089257566,0.04299147903452143,0
310692,0.10950195702192808,0.15674702110238203,0.021797122327399877,0.12294654886258549,0
2347327,0.044471374224234715,0.060339095526154574,0.02737100663016273,0.03045262236054303,0
1999300,0.10416564117742848,0.19290777472345244,0.023502139427840234,0.0033055599367509524,0
2035578,0.03877258202552689,0.0504931572928774,0.02413451008023037,0.031428251775095395,0
764381,0.031129583013531574,0.01784098992067662,0.026342953748556247,0.07153100964313194,0
2391646,0.045774287366354575,0.06299198973718845,0.018078465128385648,0.04427376479622327,0
1709483,0.09699944297354336,0.15144976025681145,0.03974032234145616,0.046762330713503907,0
311380,0.09809332543796931,0.13476890695650845,0.01723553391509572,0.12769105892593186,0
74221,0.19248887002400544,0.30048551777168664,0.05336757155356518,0.1311791983604628,0
2025618,0.04245719040177961,0.0617421997540708,0.023608287317049715,0.022518021648146445,0
2007818,0.03226069857262489,0.037122973962052996,0.02793067880130694,0.026600039756031542,0
1795306,0.047354162045799494,0.05921334740920359,0.040041072050494585,0.028675833630246627,0
739749,0.05877886756972495,0.07643758549509783,0.03405637636161365,0.05171580956845973,0
1655697,0.028784573014733077,0.02949202592663369,0.024261865434870494,0.0338000021047754,0
1864092,0.10869699748436278,0.18720175049374121,0.017605621492461518,0.049072178948768586,0
1976072,0.038792706729424545,0.04357781812860795,0.0467008073362667,0.014967777321202785,0
1906603,0.10077131066939059,0.11779713276229786,0.08623122496505124,0.08001688399363137,0
2556838,0.10236272427989632,0.1575226175672345,0.039244482321328614,0.05914035399940239,0
2608815,0.18791701105231584,0.26254696846165726,0.12514051054852432,0.09550686828464973,0
1585032,0.08767687451853265,0.15422708499175397,0.026707413117267244,0.012755540437377463,0
1234590,0.09026524324527965,0.14220895102442122,0.03752004036482518,0.03952377811810742,0
805894,0.159000198023964,0.2678666842771523,0.01732293097536289,0.09934988296389483,0
1623015,0.07771813756914177,0.11712281852282946,0.04246439239237966,0.03208705295006566,0
2379679,0.04275657743069584,0.0557035666302218,0.023937333427661828,0.03861797043643193,0
2654545,0.15766504193348657,0.2688102349400061,0.027245398011727946,0.07543152529982566,0
792378,0.03465459303230467,0.020761597130380283,0.028549496183284697,0.07854472806064558,0
922840,0.14458445159846345,0.24454864288867662,0.025875328660700223,0.07273765777957528,0
244964,0.3349261588850801,0.5193431273750487,0.11712176699820163,0.20059032549047623,1
1699184,0.029574892012684525,0.026301159410146657,0.022965090734119266,0.047673925436877075,0
494364,0.19051100588981884,0.3147352736518617,0.060639754563802245,0.07475721347373647,0
2204685,0.04738147642620501,0.05571151981042344,0.04420977622721754,0.03131391826414013,0
1427833,0.04965985079562728,0.06865602459998144,0.031162253466899152,0.02991581227783405,0
442804,0.3645752119297705,0.5507763221974729,0.15293160506229933,0.21653784656172137,1
2271826,0.07086321314675705,0.10380633677623419,0.04148435349522989,0.03257369355035489,0
1641925,0.022277326927663287,0.01888687182144666,0.02462584842506314,0.027230682447105067,0
2747740,0.2620520570610432,0.4333189279450428,0.03875281275078416,0.1688337463164328,0
1605210,0.1240793870013314,0.22271266283383107,0.03792398496959886,0.006729300467681055,0
2468614,0.05860822673140791,0.08517051496468186,0.03592167523246347,0.026232333396639707,0
1371861,0.053128995081183905,0.064376236157348,0.02206613989730392,0.07160517516659366,0
2428777,0.09111232568550419,0.1393428348123027,0.04656338390166503,0.03735946554426668,0
2215404,0.19347849669708744,0.32673097426656617,0.03759863615240495,0.09416709359041438,0
437240,0.134615193927464,0.1818399781621638,0.0320012282122746,0.1704741819134985,0
965457,0.04929576802451638,0.05236438351746431,0.04130719285267842,0.053607092049903486,0
253389,0.4654239667647488,0.6742101241471197,0.2194159993365192,0.31247052445116574,1
1811345,0.0625793441844162,0.08208672926231142,0.04993736972314501,0.03277384318158492,0
702085,0.04345526975028931,0.04219935328074276,0.03678662826800548,0.05659802314758143,0
150850,0.23463184502084555,0.38056716885548725,0.03812035289530713,0.16456077362254898,0
1099921,0.04899243525706138,0.06798250821365615,0.030661620261121163,0.02901347535948479,0
2170945,0.3149671117521066,0.5449149673689995,0.030146676661343918,0.1673281253460186,1
2452591,0.11870702322738388,0.20390587159960427,0.02760041073730574,0.04236982103195018,0
487039,0.27939840365431673,0.48512839214242987,0.040646285097870126,0.1232016102687038,0
1686588,0.046762402371167924,0.0354524008347189,0.06209806130825212,0.052033917806664186,0
1647196,0.04119660514170459,0.06296656727897332,0.02316623406702733,0.01381725641054867,0
2451678,0.11482165733266417,0.18904266363852051,0.041381283395274936,0.03942970247410711,0
1955223,0.029584465689238514,0.032169724397724475,0.03155602632356371,0.020163977966535816,0
2191893,0.21616878728652847,0.38183161284156086,0.024678926940568842,0.08924651391788689,0
2147073,0.24806824312942846,0.4358204975464238,0.07459598840457184,0.038895989174225015,0
241328,0.21077867229575084,0.2886548103158616,0.08170026126305806,0.2097059437945131,0
660962,0.2180755365710656,0.35680365974983175,0.02012394593338342,0.1681826145806735,0
2331829,0.0437445722575107,0.06122943306387274,0.027276150601494638,0.02473505272562971,0
480745,0.10641262144003472,0.1659131766020191,0.024930716630469123,0.07988409074942217,0
1141968,0.03690955913043141,0.03970629511425039,0.024275503362263893,0.04886880282313523,0
2679152,0.215006931607379,0.39299963627782,0.01172482120880389,0.07494833552913918,0
2214543,0.03192437165258014,0.03162013515488593,0.02687526827929704,0.040258617956740315,0
1976997,0.14272492385287247,0.2509287002306153,0.040112720588621975,0.026133787804891232,0
888025,0.17276899436610457,0.30184642563101927,0.017536066733721302,0.08292480765239274,0
1878489,0.18495311817062862,0.32558807710331905,0.024336495353425382,0.07429065506470738,0
2761813,0.2797630322627314,0.4668797573110157,0.02405674835682989,0.19553064550087296,0
2188674,0.04107243013677326,0.05326753675555307,0.021740663227111566,0.03958231395431629,0
921743,0.20829859528988687,0.3593605205860547,0.053289999530129924,0.0631566756891027,0
2583523,0.06021991799615491,0.08889441199586579,0.02218817406641656,0.04558129889148526,0
924875,0.04057308870012319,0.04076036517101678,0.03187208501805486,0.0531564030459917,0
1866957,0.11246343023606266,0.19446117507725624,0.01807725890852621,0.04904832512438337,0
739620,0.09261882827738532,0.15405281292085915,0.02466597616938859,0.04096314483069587,0
2240551,0.1694465497607045,0.29984600419199714,0.018531894167579645,0.06981989707216012,0
143247,0.11456845174771524,0.15011240533338666,0.025725247503083783,0.1589733741504839,0
1132442,0.05999480641573234,0.08241245482853166,0.0294244465964145,0.04980622511271081,0
2289708,0.0485205209991868,0.07809246630963629,0.015086041055390692,0.02474237763875723,0
440717,0.208971881790753,0.3116781147758463,0.06432579543259327,0.16917542886525921,0
450854,0.42024722886795407,0.5677423080883728,0.3175438679840184,0.20556457214281074,1
1006376,0.04877682473894011,0.048178677424604355,0.033364591952553306,0.07339054220435969,0
560465,0.0743838255238337,0.10582675766002902,0.01820329083315502,0.08004729721936338,0
994066,0.042738989489272954,0.03573233646284524,0.03179263177741975,0.07667515862312205,0
488192,0.08337122458989604,0.123124374284179,0.02305186660940292,0.07446738732492833,0
1116852,0.030096084075474254,0.0281624603088535,0.02856236057632743,0.03723072874074637,0
1877152,0.0246213993544193,0.016013951811595928,0.021813424547101997,0.05035198042245369,0
687966,0.046293836210557215,0.05988894275413481,0.018840351075427787,0.05348629755430736,0
1096265,0.12291536719854855,0.22282544210300304,0.010363378081144757,0.04196816361351804,0
2233375,0.03765421799387367,0.04323038260274448,0.019037954901919438,0.05163820110962801,0
238802,0.3162646439385821,0.44489271941966035,0.1650674694913812,0.22149021690668788,1
1116857,0.02955812767184668,0.030229741434986468,0.020869137335876763,0.040912578767952096,0
67567,0.27284957786836955,0.45853575464844976,0.021432592925701183,0.18575961333217167,0
499545,0.18952039914495594,0.3096295696659701,0.0656622002046737,0.07503477125284394,0
530320,0.23145756740552637,0.3912044668551342,0.04705314240232332,0.10869695628631135,0
187354,0.19711377574915925,0.321178193987514,0.018985264216386744,0.1541454974524311,0
2055225,0.03922059055861521,0.04945179301400571,0.010870051382002777,0.0561683931850576,0
2643171,0.29395591818750555,0.5221412504101299,0.05149462089000184,0.08718453357719998,1
977103,0.08979685602430207,0.1456894431675091,0.024331873976865103,0.048262861237439926,0
2441646,0.10411189645168317,0.17812908912035874,0.022901772775931424,0.040884100293621835,0
854818,0.09542884506947531,0.14488488442913938,0.036709126227821604,0.059868324932795675,0
1671924,0.022200019633863873,0.015397252047082755,0.02544664621750144,0.03433699872536032,0
1440928,0.16791185618224508,0.2931651623826792,0.030183695398306964,0.06137083185706693,0
2365486,0.0439760938660986,0.055378119571303674,0.023902304884966166,0.045581713074784605,0
2369504,0.0705981741470814,0.10129802421164491,0.03191955720835179,0.05186647439376704,0
1319418,0.04608264054485356,0.06425282729772053,0.025970400844593632,0.030825533213076017,0
1626169,0.05980825723468157,0.10194905714592328,0.023760304760537684,0.008528186167793142,0
1663599,0.14031840470410537,0.24963733824486412,0.014631356182010176,0.05555164363535131,0
1583358,0.11304105074494837,0.18425199761398747,0.05677300243380331,0.019415756039068213,0
700038,0.15252388621381813,0.27207423663287555,0.014550569245799259,0.06060798561820286,0
473494,0.11162414024466084,0.1605544714283339,0.06138719463984742,0.06465373069269834,0
276194,0.16437375123348905,0.26949284361540227,0.02339442643285649,0.11304500747965479,0
33082,0.14660452631768586,0.2148327239096478,0.029967835594373056,0.15098906842275023,0
2292892,0.08597658113313299,0.1572331825210015,0.01731360592889315,0.010829540469821524,0
1614526,0.08589914951276642,0.1521061990041107,0.03075839189636627,0.0030926622090059375,0
550037,0.2477062421714474,0.4253952860551,0.04174319410838836,0.11242820455690447,0
2109180,0.06050046542153175,0.09217106326131952,0.03012799401226695,0.02688267793595954,0
31305,0.27633080380354,0.4315695619957288,0.0939180074709221,0.16185310282199497,0
2469895,0.17509780210768733,0.31929685532625895,0.024406401049088488,0.040637270649156516,0
61695,0.13821533568957833,0.1979771334686583,0.03791251478410266,0.139265072600092,0
1120083,0.04490037965367073,0.05259667751249819,0.03206127085157591,0.04491829820974435,0
467208,0.11058248918833362,0.16191173550405658,0.04553185028672297,0.07983533175144221,0
2324226,0.16518022549240957,0.2838980504183042,0.04360611811727215,0.050746824240379136,0
737650,0.04639688804919246,0.04306091250503241,0.04089710902762469,0.06298649544194425,0
2212020,0.0398751522985581,0.050305700367661466,0.02470754498285618,0.036550193099352556,0
1368755,0.047653542614390976,0.055608310409933526,0.020108068582665676,0.06908483417312253,0
1561826,0.16954116752744514,0.2860642281557362,0.03383401884923755,0.08179423897402892,0
1593579,0.06294204328431237,0.10312659870853436,0.029503527780917974,0.012638427978848949,0
481847,0.22920709691498947,0.37006670553986587,0.07901857040744151,0.10234086511412036,0
2561575,0.13841352355834088,0.24098670552620116,0.025784133412519217,0.050924653857422814,0
2431626,0.16524163435369146,0.2722185713219204,0.06220554735816758,0.05235342242640491,0
2595286,0.07170122892057718,0.09422465726128049,0.039904794506895054,0.06308730968934209,0
965849,0.0552546221268981,0.06223663559739512,0.04634642461708718,0.05116188471537195,0
593415,0.14808659345756342,0.2470971170571029,0.04076334568908446,0.06154515611143309,0
1231067,0.09655152118584473,0.14767472464589604,0.04889893041589017,0.040222398690648316,0
1370564,0.1267997110130642,0.2049594673558478,0.044889657545821735,0.054265400356968974,0
1437116,0.05921284935028481,0.09641240275354301,0.024495932294733378,0.018289341425466437,0
2192771,0.1097031024157671,0.194932875542704,0.004919751611654003,0.05380369580459448,0
2140163,0.15667779267730336,0.28165928533989437,0.02479252394157687,0.042051964124415656,0
52226,0.1586674268804454,0.25175282203383686,0.018604069703915965,0.13604897476176084,0
49237,0.13903748845058037,0.19338141681577892,0.043196438272225225,0.14693924280511667,0
2112539,0.044429524456180126,0.07425327781151836,0.008272082007919965,0.02410630474022478,0
2244143,0.06178811975981368,0.07530508392044,0.036907902233519294,0.06531603564768947,0
1538237,0.04000839279034943,0.05245832014227125,0.013777228757658327,0.048230320459581505,0
12181,0.1669939110747103,0.25356032410497875,0.032805313373050024,0.15186077505152956,0
158090,0.1156203964904681,0.15192357284697766,0.02480977176700135,0.1610783926843943,0
2116517,0.14807702598451883,0.27319056815115816,0.026274553580533485,0.01799687917389849,0
1154178,0.12334761143593512,0.21287287132678778,0.021020677298122015,0.053024862915523094,0
1296683,0.04420192691983097,0.05754064240370893,0.03441162105946077,0.025540597000691348,0
877637,0.058383702251316484,0.07990074914223078,0.03403313269954629,0.04111693935168606,0
1373218,0.04833986558346107,0.05661840724238132,0.0181861353110625,0.07287410684475829,0
1479057,0.038509580074944504,0.038987601028643626,0.043701851344985686,0.02952612078563492,0
839687,0.20990292762115856,0.34873118979972206,0.03831584384344767,0.12021289784131614,0
687403,0.08935667800812647,0.15430246677795212,0.013935013705967288,0.04012470253680107,0
839661,0.09437930160754826,0.12035255301282521,0.037138976147488095,0.11530666128444612,0
887982,0.061729236355341575,0.07920673058551142,0.03823693515328222,0.053273952583005976,0
2062461,0.04045977001111679,0.04640266981678265,0.022761711500321066,0.05214960826314572,0
2233361,0.1573871861579863,0.27424743624070247,0.026611441465923313,0.061400177989290296,0
458871,0.31758451729351406,0.5118309555200298,0.09083194703172193,0.17209727711991313,1
1142490,0.04928181460818584,0.060940796606520076,0.02651536608229133,0.054284032401192034,0
2005922,0.07322960819300783,0.11518193179885794,0.04323535557292981,0.013340178108499622,0
959435,0.03811461586038603,0.029660073223703676,0.03613135630330762,0.06222586178770955,0
14123,0.1570319743932259,0.24123045648583197,0.018615154935246018,0.15416099834868047,0
1546025,0.049642637789760295,0.06260157915924414,0.031666352268835164,0.04420971264743838,0
2316102,0.04487992573575107,0.06924923292889573,0.018714495634510955,0.023204802904749595,0
70992,0.12467133827618725,0.17118262231082637,0.031948657280477015,0.14747714968315478,0
125045,0.29387365811407035,0.5116424402297319,0.02644606472407942,0.1505930929099029,1
909530,0.17424087536941074,0.31121617340855423,0.006537752003304089,0.08335731532071208,0
54633,0.13973042922435203,0.2035807082804295,0.03112562092832443,0.1430119440281996,0
2252461,0.05957050186204523,0.08886985022050231,0.014154751288625717,0.054445756826031776,0
555749,0.054311539821147975,0.059534365226336594,0.03346861452164,0.07251886425743839,0
659091,0.18300204647052562,0.2705163005304527,0.06201800409982199,0.14569247487676334,0
313802,0.10664652515799933,0.15151373814072167,0.017419025292685637,0.128319742499164,0
1887858,0.035269333315122844,0.042165320272425255,0.0186774445225786,0.04291719911068321,0
2752892,0.36095755795239265,0.6322102639831719,0.03081780909424371,0.17803541616266805,1
1734385,0.09834413195363202,0.16022100501951186,0.03565115526820296,0.03769141431707605,0
2333541,0.04567713812389488,0.06521437010874576,0.026879129738064094,0.025031070740513868,0
52928,0.13828079715241778,0.20002478428328097,0.026311608138787128,0.15187461284570578,0
657378,0.22951835424974915,0.3590188754391298,0.08908776966386957,0.1164129281551169,0
2177451,0.12763205105529507,0.22533618396868882,0.01656183058183449,0.04997704948200163,0
1722775,0.1451393278808378,0.23887086524046297,0.0481229150659702,0.056335103704076246,0
2724115,0.23984890997719938,0.3840144499876079,0.07232823555726699,0.13071607158107656,0
2354028,0.08245886182744622,0.12466953530627889,0.05611368202619398,0.01644994783224286,0
802956,0.044756522592463766,0.038180255969132326,0.024988840195084825,0.0908487127468608,0
1800672,0.017043905679074385,0.012730595415722856,0.022869133861006453,0.019089339064555108,0
2144519,0.07108210461470156,0.1309013427127994,0.015097455870461752,0.0055109824858166736,0
705751,0.040832497271930515,0.04069912246045493,0.035759603024825386,0.048775275671277186,0
1603649,0.03288716497106473,0.040520271704859834,0.026147701196752714,0.023913593798044988,0
1062516,0.06391378237676593,0.08500688843179405,0.04434885883398896,0.04052840255336107,0
2084236,0.15505034973194398,0.23111365122772454,0.06673422770808084,0.09736627902828729,0
131290,0.14086287069617753,0.21133427756598577,0.0223227959177901,0.14249446568923815,0
1088068,0.08228512505556385,0.1274381868943738,0.029852373935019452,0.048051597139355515,0
1823267,0.12253854783864411,0.2107887878289899,0.031295994605386054,0.038776777712666737,0
20366,0.16600219320798637,0.24961197788464862,0.03821871246895238,0.14865295262488173,0
1018629,0.1627589162585434,0.27399213974209835,0.02059124907606133,0.09792735832337918,0
1619308,0.08309291684972753,0.1471251309813436,0.030579538172189637,0.0017824495369941804,0
1248961,0.06300728165524365,0.1037708600376871,0.020894893262283533,0.024266918288575193,0
1076179,0.05035230844363096,0.06608539378890488,0.031171525267344093,0.03979076984487644,0
2567467,0.13080101110812142,0.22532115774720496,0.03221687969962067,0.042376841623163686,0
1857993,0.11835806327722499,0.19235325808782577,0.03051253359872021,0.0651383707684802,0
272460,0.13544438989556418,0.19396085767448323,0.0405629377020047,0.13147539873860575,0
2366108,0.07664898903445706,0.11307519679312195,0.031421851782836276,0.053424175515226026,0
13734,0.17729086288706103,0.28590330870423,0.018884384631630308,0.14336946572728484,0
2132847,0.053908993927948345,0.08505651104932821,0.02085491643740223,0.025621317360317874,0
1824950,0.08580345963055336,0.12666566984269878,0.0463026244359863,0.0428991868920404,0
2589337,0.10909012690631478,0.17661845323213565,0.03653331278140752,0.04910453227912347,0
1900731,0.08900442548221385,0.13763984297377985,0.03755690218527876,0.0445871666987015,0
1676565,0.20117405890567427,0.3389905859311252,0.04325353803472444,0.09351352264847182,0
50698,0.18057721106942548,0.28408852244041494,0.021862667403263116,0.15987074814119545,0
2545406,0.3373721648899088,0.5798006383462412,0.04113709322113337,0.17565358875224096,1
196207,0.23667968939766854,0.3751675788018395,0.039132158764474935,0.1867812618370315,0
2464356,0.12225980646292954,0.18709512835507602,0.0702041961615057,0.038254917184699096,0
1844572,0.0465547373743111,0.052184693718971054,0.039287637915217846,0.043380495701301085,0
348982,0.17067185998659248,0.27242866023865564,0.03379060580074235,0.12160174063520973,0
2065444,0.06807398645211178,0.0913223509694091,0.04079834210732997,0.050866541676041155,0
1140442,0.05757928338103867,0.07704334109528088,0.03015516030604589,0.05005532370792228,0
1118484,0.0722284620990342,0.11843692519687021,0.02911844347670616,0.021372332287936238,0
388434,0.12446898102149845,0.16975614007021433,0.026027106675162347,0.15891389491921287,0
1357483,0.054462578060077524,0.06947563662379119,0.01753214299460527,0.07232558424900175,0
727348,0.09528263998533779,0.15485917629099122,0.03572536611372983,0.035677210028616166,0
1570440,0.21632565669278905,0.3836161570450508,0.023714053005075682,0.08701681134370473,0
1689241,0.039331577714993515,0.043728065981129216,0.018449996850851257,0.05966272834586764,0
1612733,0.03096150633956186,0.04535035727504322,0.01771436204453803,0.014860095443394226,0
2457234,0.11885828212610167,0.2209107265224125,0.018158395765711932,0.01477700067590918,0
2499845,0.055937215694664706,0.0855562702687862,0.025131334276028972,0.02809840138731454,0
539928,0.08144889938948141,0.11578146060221917,0.0267533444121753,0.07766082882359619,0
24645,0.19299742612546153,0.30469064939373314,0.027384533707762938,0.16218370658133047,0
2594865,0.07307929127740097,0.09871303773495976,0.03695965189385404,0.06317438420882436,0
2729911,0.23417499322462323,0.411248428525701,0.0157690664344271,0.11910029515722297,0
2323809,0.1693528673384708,0.3111412769403278,0.028220693296542417,0.02658010439672089,0
1507249,0.11887231451101987,0.20337374602396008,0.029979658017402717,0.04095772046909505,0
1193161,0.040787770455682826,0.043812690450571457,0.016435594888896947,0.06975373381864008,0
2244724,0.061716063888877785,0.08456483206581433,0.027438868043307838,0.05600993721489134,0
1536792,0.04408430988964518,0.06427230069566692,0.009439839472599527,0.045581038500159286,0
991112,0.057234657087036914,0.04284219094859443,0.06590391646345477,0.08021193336851633,0
171630,0.25726198614220885,0.42969226690276197,0.013036448973713475,0.19252458999356928,0
2295315,0.4997679258378721,0.7246409415738717,0.06305277398122663,0.5926581142828414,1
123017,0.11501971017467957,0.15198146631709064,0.027537466686933184,0.15383868505027146,0
588680,0.1917551431414399,0.3274083027300905,0.036197182854141544,0.08595918460076102,0
20658,0.30263362458382403,0.5185658856626019,0.015759006933109457,0.1931148983629513,1
1835177,0.0501084379077755,0.053408493389533795,0.0632368292709518,0.022165712158615316,0
1386480,0.12408060446667604,0.11588155980956938,0.16370894485972992,0.08513570551986187,0
2360617,0.08492295819324931,0.12534060064542296,0.06098068129036175,0.01979226741714657,0
968248,0.10095516353098377,0.15543806074033506,0.05087815041445479,0.03986344018239903,0
1583716,0.08118338493996936,0.12673812362901427,0.04235732691622915,0.025535625252967452,0
1343530,0.04343676529144631,0.04727360549184334,0.034804541273756526,0.04679300081698838,0
2178661,0.043504591066400304,0.05855283449724957,0.03177003493445796,0.023485816687190644,0
1015134,0.07279291964914089,0.08157290327562228,0.0471436602452066,0.08931684968883881,0
665480,0.21770578188781797,0.3635007992592244,0.06294285635759138,0.08536262675464167,0
893064,0.18747792212577685,0.3173271185190274,0.04185956213028454,0.08128247113588886,0
1494663,0.05684685282241778,0.07745842515385826,0.03465260194915612,0.0386092983037091,0
255970,0.3238976161334129,0.47959328294123615,0.18718355489001293,0.13972954097895476,1
2755995,0.2630688624155535,0.44615013262905245,0.01925359800483986,0.17108858349787648,0
2668187,0.3220190148333728,0.49632080249723964,0.16595996890247577,0.12035311457005124,1
2473944,0.06449857990015957,0.1012434093828527,0.033277424557399786,0.019468239207566452,0
591636,0.07277872920328561,0.09057073296274376,0.030390610022531944,0.09188089857577075,0
348088,0.12949779808729245,0.17998644703537903,0.03874533943248833,0.13940486369928207,0
2673372,0.15489483848295243,0.2710774310091525,0.016473591703173755,0.07207022733712028,0
69800,0.1333101508252754,0.19366902727498259,0.019453845850744337,0.15319741716280405,0
1124133,0.033010014652276425,0.0351204991681503,0.023948577746921912,0.04132595872062351,0
516430,0.052476497014587536,0.07035686776734662,0.016219123873945952,0.06216162984365217,0
1887231,0.19645427443063113,0.32598366994866446,0.045484462446499514,0.09908550361174528,0
179716,0.34043681264832454,0.49044464909785723,0.1941426626186195,0.18485844656905026,1
1999318,0.05390564569191404,0.07030783205855295,0.04388399923291968,0.027932649463808308,0
849146,0.1327123250106518,0.21901589385839026,0.03303531733361686,0.06646891440685805,0
1342529,0.08051826915632822,0.11083662164303854,0.039065382575177984,0.06690171781127772,0
2358011,0.1335611369666249,0.22804217434312124,0.026532629933318452,0.05790130407534369,0
1475431,0.05703789437423486,0.06360871862419248,0.06179251259130818,0.03347890642373082,0
957320,0.03466696632621058,0.02152620172075559,0.03655441897955916,0.06468769885982519,0
1817160,0.022378576076457712,0.01697302460830774,0.029491494539042352,0.025223077052955678,0
543163,0.09074579820820036,0.1327516644604697,0.028505910945739506,0.07909096347121827,0
1918171,0.452008374294025,0.6266863171308624,0.3445368338222066,0.17652082790965917,1
1122939,0.06871560673841301,0.11562776432606281,0.02258314099490913,0.020633911384544353,0
261070,0.363839795726235,0.6111301209884039,0.061881111534756734,0.19855200885802993,1
645205,0.1292782146841131,0.20346294290528488,0.029254601121765395,0.0938518144747051,0
812058,0.06013442506490996,0.07970097578222735,0.01465351730256065,0.07943940991514045,0
2756799,0.2722106374209064,0.4523039214355976,0.03096067224892766,0.1838523751421463,0
2737799,0.26265814950622907,0.43580555080321726,0.04494403671843234,0.15636081544545374,0
568535,0.08345695849860643,0.11623039181543471,0.026191582157982875,0.08742143971747103,0
2025082,0.1966638469805179,0.32808579369809787,0.05166643365460658,0.08560510017543489,0
2072469,0.06375803944227387,0.08607417485953706,0.023408143722281907,0.06849254447910384,0
598020,0.12957435167823286,0.19405509402483068,0.060473059851361144,0.07202443355204594,0
108715,0.10854493824284098,0.14433119257291294,0.022941616811274785,0.14748428456501042,0
2744731,0.37393409474818134,0.6315320953057054,0.07232647396702892,0.18235052452609973,1
2187577,0.233834695209551,0.4146184742619142,0.029653063540966938,0.0881476950815189,0
852709,0.09566310270374652,0.14488488442913938,0.03743754173970195,0.059946989836331205,0
957754,0.05785080614411406,0.06605495379966064,0.03514288150253795,0.07140232396761174,0
661339,0.23587172839604462,0.3882887424735114,0.02328419075226425,0.17371049966804816,0
695603,0.066394706046389,0.07554171471306514,0.05658379695086001,0.05824354802299214,0
6153,0.30941125277629483,0.5298374337245948,0.04793300157847932,0.15056317720226803,1
1397566,0.25171795340876896,0.4294848539007783,0.018922267069794017,0.1564942316872081,0
1605592,0.021808302043143275,0.025948951662938757,0.015581951760459796,0.020796203417679782,0
1932554,0.16862235049651905,0.3022466730174598,0.03734244159470378,0.03148140754689016,0
399525,0.22059738170608303,0.3658244835334601,0.02001554673058876,0.15840237960088185,0
1035950,0.1174384026135938,0.15487229766936605,0.05928039012379144,0.11109068370886668,0
1146596,0.03390745827760082,0.03277015228520852,0.02503258246111877,0.050063036983304623,0
1886036,0.02971250809574197,0.02287205357277189,0.02802022096872273,0.04935207509369601,0
2070106,0.05551656220368497,0.0722827816163405,0.024131352393377506,0.06067882838750736,0
671458,0.07190005508937415,0.10503502834829315,0.029986763908470198,0.05193255871343258,0
64725,0.2112702155203418,0.3514999841328744,0.03068260871063688,0.13157720420356755,0
211570,0.17033917277755956,0.24552781738763585,0.030213750854571692,0.1925556941368505,0
1261092,0.16034162341492222,0.28811930712204437,0.029881130386119455,0.03658815369032106,0
758894,0.0405392783686908,0.03810071899171241,0.026129688053169804,0.06825006228441827,0
1858438,0.01719348332106438,0.0026242515178755976,0.025010701541532242,0.041890735498334525,0
500269,0.1400960242471772,0.24645620223519338,0.024905223068148612,0.046981781045679606,0
2530454,0.09295104673996131,0.15100842533125158,0.02397851372336792,0.051266399786625706,0
1285132,0.053610771091384846,0.07021153160229066,0.046439513576881926,0.022865756085874715,0
2318803,0.09314318768847557,0.15093981901631492,0.03748456454455491,0.03213954408475817,0
1303770,0.22342146538801233,0.40265629850024176,0.019221724164320133,0.08163399444297709,0
1334693,0.04906128531428895,0.04504655501714616,0.05613059642927106,0.04849414438467275,0
173074,0.13347013056476825,0.17376337256285446,0.03824581915807173,0.17557349267959757,0
206373,0.11584515759932976,0.14672716387694718,0.023729456499086407,0.17681369355565124,0
180512,0.14170382170574644,0.20398680177071737,0.026289388642710153,0.1591180211378736,0
174743,0.19687558914771142,0.3242051154808304,0.013110803174064371,0.15419895227538447,0
359308,0.11238869873000062,0.1475851806546754,0.03921597619318212,0.1341565777235414,0
513440,0.12867495985879968,0.23085036445343243,0.014084140337615016,0.04512267765399479,0
808312,0.08507291942590013,0.11479188428514542,0.024723137518599326,0.1013001801387381,0
371734,0.17854944062648406,0.2892003605014116,0.029189634831091476,0.12596184963225393,0
168145,0.12840235977672365,0.17636175908678398,0.021891066301525566,0.16827080171437003,0
1595446,0.05169102110617641,0.08961236391852057,0.012541265297132969,0.015612297788881164,0
1723006,0.14205733095581413,0.22909214516263654,0.05397662935294942,0.056591347843055195,0
295281,0.11532347180078925,0.1603686573788824,0.028600896594968107,0.13279437066428815,0
2052650,0.0472601271317912,0.05200391427484141,0.03447902504431502,0.05457231240537995,0
2217344,0.03445644434929335,0.03934615076754011,0.02138217283941253,0.041843585568497675,0
1847815,0.2722618777570692,0.4731108575043166,0.029342924087843784,0.13451785889278897,0
2301427,0.08027528121949194,0.13102917903550482,0.02816473084979795,0.031556362234000726,0
1627939,0.11340556894833799,0.20587411044149906,0.03302086366217285,0.002811273144683044,0
2748985,0.26237581269960686,0.4403275667810268,0.028502168968312435,0.1683068930929986,0
1829119,0.09765037818313307,0.15545180305557482,0.03508060929717379,0.0470014693309676,0
1179847,0.033966917806282776,0.030449818181040422,0.020566527979640453,0.06286025160935212,0
316261,0.12159234422898252,0.17910257773378857,0.027389178236477702,0.11912150945572461,0
591223,0.05979372739738525,0.07490505158751015,0.023193645804289093,0.07691553931171723,0
1225188,0.15254761366210742,0.23287379843018707,0.03596137210388984,0.1266115140792347,0
1321409,0.09916224737713564,0.1778564528437866,0.02250269059930819,0.017416068877249453,0
2768527,0.3419366472664719,0.5544813871003282,0.07397024096320398,0.21252440713673262,1
1892619,0.04419307417554658,0.05226215758700181,0.0156417008867928,0.06684742558003917,0
727894,0.03391598504435033,0.030238464554710798,0.0261055252067094,0.05482547602491056,0
746738,0.16707149152103148,0.2781421969839374,0.05971454700579401,0.050430144636622966,0
84344,0.15116151915878895,0.21310149913997622,0.059057210505610615,0.1344680321855882,0
2146081,0.15061875513232928,0.274463434776989,0.033218098896417386,0.017108040374547846,0
1446905,0.0416975246453807,0.06501186998459263,0.01934255938989607,0.01694410918057782,0
709999,0.04555133662436712,0.05244456926519259,0.027676737684291415,0.05513015343241697,0
832977,0.07526843166669883,0.0920384129275833,0.02416421653540588,0.10999980121142705,0
2618178,0.13966870453451374,0.18725640032761348,0.13609190039916605,0.026064671254785943,0
1755107,0.11505540056142124,0.21909934732252168,0.014559696228250926,0.0056890901584256,0
2299868,0.043647858052282835,0.06583408688236658,0.023400101568181154,0.018553920703225993,0
859708,0.2002410410754805,0.3414421801602904,0.037564682692946494,0.0912527309372568,0
1351014,0.042603335678509956,0.045274311507368825,0.02221420652211107,0.06650958984096111,0
1091678,0.03811154515846647,0.04911956526947381,0.020695067842326192,0.03671621085515853,0
1174698,0.09195081554336464,0.10538629953039891,0.1023724895428844,0.04272959457649931,0
2660704,0.16357937485902896,0.27483849544255323,0.03709024804344561,0.0751652636235934,0
316335,0.15114193318580088,0.2330636072111315,0.02314634341082752,0.13833113278493442,0
2198230,0.037967158543405766,0.03747245349547035,0.03951238026923492,0.03688608857450057,0
113838,0.28067720140990615,0.45987801320108357,0.04243987677138952,0.1900311588897375,0
344338,0.1551372211191868,0.2435370122090288,0.03206665900146762,0.11874358657116062,0
1353491,0.04256488737339009,0.04685450203699504,0.0272060064338679,0.05487917212366101,0
1863471,0.01912952790631119,0.00474690189370941,0.02903684505506183,0.04022511721468968,0
2447675,0.2113458594654421,0.37194506401916383,0.03622381711603909,0.07253091160524225,0
1791156,0.025992135736148083,0.031628673875870095,0.021519595624741195,0.018609600553953373,0
840961,0.23949981065378428,0.35424503902575866,0.10841313122091982,0.14926675887314503,0
2326754,0.04804927045614579,0.07198717738747284,0.029719202093181254,0.015699605672274956,0
504586,0.06656188034981511,0.0961225053085708,0.014956100615007534,0.07006898755513724,0
1530930,0.02863977124104039,0.020599434210512135,0.02758252616999051,0.05032648142393584,0
1803546,0.04038984613959274,0.05214746608249743,0.029479575302891876,0.0273612025373823,0
1166971,0.07036042216697612,0.09528160451938339,0.0318781795474664,0.06578083021522253,0
624278,0.05953473044386581,0.0705090387930064,0.012672550355271636,0.10239222970390559,0
1386187,0.11133499846901465,0.1796341969125934,0.025753951151025047,0.06895857333705215,0
345691,0.12480780341829292,0.1696234678508668,0.04822801507700988,0.1276383248487828,0
211877,0.14942996745334863,0.205333500784866,0.02915621873272664,0.1900817572054881,0
1535823,0.10640789058941456,0.18223109215372812,0.02661391842270873,0.036540844928689434,0
791885,0.04322630612634163,0.035036027268091297,0.03473679506810839,0.07643626985931731,0
702087,0.1552601533709301,0.2749130227791672,0.019350038225828058,0.059993152567990496,0
2385234,0.045909349941320995,0.05876040307213204,0.017461203171759334,0.056453937268635894,0
1464644,0.03765652091851654,0.051400840391346736,0.019555394670481493,0.030447411608493614,0
1085261,0.1200310345870357,0.19841071065778448,0.030678551719005267,0.05811056871220946,0
2683322,0.1655134388733721,0.2873977906462718,0.008594103407839546,0.09618156263942171,0
2553519,0.17430090983404714,0.2920001129832911,0.04920312189499167,0.06769958386952048,0
2646260,0.4280717346532058,0.6924529278523478,0.1841896675117991,0.13294185236746095,1
672492,0.26235000014946697,0.46232688417994505,0.02968466570228458,0.11140579174404518,0
53216,0.29618760727842164,0.4857962490451746,0.04827436799960826,0.19403586177975926,1
2499240,0.06035302961029194,0.05657162161256979,0.08963635061890109,0.025881568091683585,0
2627224,0.22487635229776573,0.2237802396393367,0.3360044949331692,0.060924419990733114,0
1737194,0.06976669402687075,0.1070239308566453,0.03453687959133804,0.029468323605733475,0
1842929,0.06318026482069569,0.07695196760145273,0.06895121756296872,0.020094578755393572,0
2218976,0.12587558068518725,0.16267563638307458,0.10366168045196963,0.06719629179029539,0
827410,0.07408643355790238,0.06221536166531627,0.0789771094659003,0.09642809942737077,0
2546065,0.05936908911023501,0.08316125127813134,0.02544322096213984,0.05077748591263695,0
284145,0.15833113460097198,0.242265829931528,0.0322297339892724,0.13764649719213118,0
2035210,0.03716708678555731,0.044258117627750004,0.026582054884588816,0.035317057531528306,0
2234184,0.09340810930473797,0.15037843289892638,0.04009526896470952,0.03095156082930963,0
465571,0.31126229699673946,0.5031429876967828,0.08649036980635069,0.16871846103221422,1
2164994,0.08940459179026418,0.14054698858088088,0.040240972843194264,0.03529402823432734,0
2766962,0.29881897191377466,0.47214400949138147,0.08204078816723198,0.1906736535895717,1
2458915,0.20531007098624154,0.3617127446343479,0.033170350645920464,0.07251296737645724,0
2465232,0.05232913134777597,0.077453204169176,0.03010122222585368,0.02286081297715931,0
87194,0.1312857950063161,0.19368155151219102,0.022825551409250362,0.13798676913722738,0
2010404,0.036907835005609985,0.04271342518954713,0.03249303028468695,0.029016066627151702,0
736305,0.04892181959592019,0.0536957120138718,0.029950549030633194,0.06544399439897167,0
230778,0.14737187347122155,0.1875363011297222,0.05085266475786263,0.1917396173950084,0
629078,0.07090837859386137,0.07163281854144132,0.047460307867817395,0.10426938481397746,0
1153971,0.16217272311798497,0.27620394701765294,0.02940122984721723,0.07625190327496674,0
2474778,0.05072270043940936,0.07414599791277487,0.029029726667699568,0.02470391741356025,0
2502457,0.044633845039168056,0.06108272885859678,0.02886681684102273,0.027162177787814254,0
1177476,0.0336869242879737,0.028020921353914874,0.022491418249794524,0.06464519068038953,0
1706691,0.10817519482305457,0.17760258006243546,0.03492964395689766,0.044475058023837756,0
989099,0.03299281833872887,0.029908454897243253,0.015647357411264367,0.06672191833363965,0
1796324,0.03179729775845157,0.035073733562115295,0.031161517512874926,0.024559878617657224,0
163979,0.18584939911028342,0.2887694963940741,0.01818344750430882,0.1800480833097686,0
396021,0.21220795357619887,0.3561570531883568,0.022651234753273762,0.13667028278019178,0
295158,0.11156887750713707,0.15372717996118979,0.02754428648127164,0.13221000791080334,0
1903568,0.16843541419228863,0.28244462888170896,0.04470015105225118,0.06901527217879401,0
2730784,0.2923206606165037,0.48167402383277413,0.08261708018396499,0.13349262322463565,1
2073553,0.05240401440137046,0.06932852936135592,0.017983970377261047,0.06172279303757095,0
2476268,0.056972182589362055,0.07879439448512726,0.04587063610390023,0.019068972578141764,0
2234256,0.044714421841754615,0.04585032570683156,0.041282741059015936,0.047022183353170245,0
1121897,0.05331819418098715,0.07352489738695733,0.024352841671236053,0.04624946493068834,0
1028653,0.06864885248244784,0.09076360786953619,0.020424708790451492,0.08569817955272153,0
2544548,0.0902212238950015,0.14640359367226674,0.02195383592779328,0.05216638140265069,0
1561477,0.05339987747696057,0.06894758320859584,0.019821241047319683,0.06489856779233369,0
223332,0.1971912503499874,0.30299781975161555,0.034859241021352315,0.17617284083886978,0
1952112,0.07299559517381234,0.12880562584844635,0.026604471467809244,0.0030572040462319952,0
1038478,0.15009807554740057,0.20991783158086474,0.07115632912664177,0.11896130509487836,0
909083,0.07551082000687986,0.10994076339758374,0.03188809667686432,0.0548700465251435,0
2733612,0.3648045081110643,0.6535440444027101,0.02694389657875611,0.14974658468041221,1
1289451,0.05536594230894461,0.09012691502056858,0.021395709988398712,0.019418859010703556,0
1547226,0.12389359979499819,0.21690791327315773,0.024805393550654097,0.03999012546611541,0
956488,0.1435868162094292,0.24159951951335168,0.048059057194324906,0.041846696472279406,0
1893831,0.09983138861948505,0.15029052566071543,0.031296100893540735,0.07648647760532554,0
1941066,0.13722435261963836,0.2522039932417346,0.027318817625465373,0.014633553555657226,0
897687,0.13123301720657735,0.2350788795479547,0.028329744372430646,0.025973270604354084,0
939187,0.03403586980546036,0.03710738665737989,0.01894787098969514,0.04898907589930938,0
808659,0.046343028503447126,0.04290917170883346,0.02123900731924838,0.09258370226627939,0
754995,0.03945050431422578,0.03847262413427377,0.022285261450914324,0.06764306905907301,0
211134,0.21795219379398528,0.31821385058338214,0.06401148363654931,0.1982091170566471,0
1264010,0.07265545270100024,0.11191412375402587,0.029944321132458766,0.038575472421248376,0
1116486,0.12398299964610314,0.20988611206565466,0.022381496315524243,0.06162747359309264,0
2108082,0.09186123859820625,0.15940548844062286,0.030311650423457584,0.015324996254287734,0
2315907,0.15938276781432245,0.29151580857032977,0.02718611007472666,0.027345152533697955,0
1122985,0.15842867785141,0.2707232968655464,0.036205287895405315,0.061027215250075977,0
424674,0.14658576383121905,0.2026235685836062,0.03214883865664495,0.17814663971211225,0
681266,0.18621649484459138,0.2966260760168833,0.06942520487393389,0.0853794768698478,0
447987,0.22803574624140963,0.34623366749240037,0.04858248901075897,0.20172082895990875,0
646390,0.07822093308048086,0.09828372595904955,0.02028618433701856,0.11496607399925261,0
2574114,0.16243526969575006,0.2454909785800996,0.08221341078874435,0.07512878584538481,0
1973745,0.04649961673639552,0.05718249080480109,0.04480533409229146,0.022333855531537716,0
574158,0.08183056949723294,0.11921229171452452,0.02989213661604844,0.06628391327578075,0
1538924,0.2484135183957888,0.4370904619578595,0.05813699855145759,0.06213593925710879,0
795469,0.052384902173883016,0.051909088728249286,0.038356353347565306,0.07461725902744393,0
2526477,0.04731118068584429,0.06406847512359326,0.0290112416413531,0.03286785315820864,0
845457,0.17891309571497482,0.24776375323016486,0.09522121061659954,0.1323242795745627,0
555590,0.05779346503931735,0.0718995781515619,0.02296289882453717,0.07477403158087627,0
2376942,0.060330918949872046,0.09755871306633224,0.01962081313982043,0.028326592373798993,0
559689,0.05826137357619471,0.07138067527990044,0.025082051131859486,0.0752321029834332,0
2198232,0.040837288297994274,0.0457887482192022,0.038536453034398524,0.03190989139036807,0
2388278,0.0700205681771099,0.10993491845510917,0.026149109900844545,0.03604187989650973,0
313796,0.10745108934664609,0.15422963708479875,0.018786956009713147,0.12350092000666381,0
562348,0.0777187360345749,0.11584294504454562,0.02462740973618318,0.06204520295723566,0
1760419,0.06129867678297538,0.10650935899828462,0.007150183713060224,0.029494710849575025,0
1625366,0.11508370339602159,0.2088690012486294,0.03315398022156877,0.0035150435261813366,0
1474784,0.03475744647110711,0.04188307828783078,0.02449999664204888,0.032329541672885265,0
1314135,0.038842078776593444,0.047459779722993534,0.02123662094448832,0.04370601315875092,0
153906,0.13764660845257604,0.19609615874034458,0.030085182657201903,0.15286487142621596,0
103029,0.22466726649198981,0.368328456067905,0.032386326527503305,0.1539357024989317,0
579519,0.06333388816505926,0.07473899742536394,0.032327334198625435,0.0813309459639483,0
2758174,0.4865169855640745,0.743449434524072,0.18931207307335976,0.2899932319001531,1
395464,0.11112807978525946,0.146855214659096,0.021732038913078285,0.15590430390893986,0
284751,0.16860455952550726,0.2775940154980955,0.024163099056331686,0.11279311029780012,0
2003799,0.13568709230271464,0.22317989088678036,0.05834588763310409,0.03296690284696615,0
2667248,0.29905895273916305,0.5017316187233039,0.07655544430496261,0.12613255043011154,1
2695877,0.23579204041692722,0.4215939629096166,0.01980510547884048,0.09526763659233399,0
1890880,0.1417551624813159,0.2371632112064227,0.030616246493902547,0.06994341464966887,0
2168479,0.05534056573240371,0.07775043390442926,0.03459351900319846,0.03043646539614769,0
1199938,0.047145985249622255,0.04501015449864154,0.03203552784894641,0.0751512482280878,0
2055880,0.04112349075555848,0.05453860658250831,0.008520225042699735,0.05649059975747203,0
2079564,0.09028756323655773,0.11874417633183143,0.052740099991241046,0.07546722536634853,0
2223008,0.06378189249446699,0.09951501292767684,0.024204045691235396,0.03381586161628979,0
379707,0.1458198408862188,0.19800940646447807,0.051662214332153365,0.15658236677166873,0
402928,0.15490950873010434,0.2292724927550599,0.036488745356119824,0.14663319372869207,0
2384696,0.096894395427833,0.13848621597666133,0.0495080275450491,0.06399439587993806,0
2358242,0.17487358624228588,0.3095082131796685,0.016257657821652945,0.0762109115297788,0
1674962,0.020827073744685058,0.009553964212276833,0.024092523860511295,0.044111672401966256,0
2426601,0.28737930266037953,0.4556149695750762,0.12254355094422215,0.11404376294787394,0
1013007,0.08818732558871416,0.13864737062045507,0.024472958446172765,0.05760876372317399,0
103160,0.11065648613025787,0.1398639482368561,0.03506169712138549,0.15103001437707084,0
558189,0.0782653476954707,0.11644563747332792,0.02558710553581613,0.06183198649030947,0
2412610,0.061319055361859,0.08251901392170191,0.026527049054426034,0.060507168423401154,0
77508,0.25488954368551453,0.41304713730893716,0.06797307213586475,0.13987026695143248,0
1903247,0.23664504229374012,0.4081820540458032,0.03311673563511933,0.11309497290151349,0
313594,0.12326059725217496,0.16553640361939648,0.04757364687867647,0.1311015068943689,0
1401594,0.1544996058099935,0.2295734310185924,0.09767708670904561,0.05204882143991805,0
2501724,0.060879670279747666,0.09378355068983313,0.024701391088297695,0.032887388041708945,0
1841410,0.4641184462747598,0.6744522566687323,0.06599710428833487,0.5354659332694658,1
2044202,0.11036755964395012,0.20035391560311377,0.018243289640996443,0.023588074750471505,0
962555,0.03404490513420337,0.03217626455555567,0.022198451485124455,0.05648618705444098,0
535899,0.1315844492398096,0.23672436232944383,0.014038428938594168,0.04505369696754719,0
2521367,0.07752377582412259,0.12125926113775787,0.04264501337323769,0.02050320621636177,0
1308143,0.12568169021211095,0.21893076025089409,0.02661101863096121,0.041165022486877756,0
2320774,0.05400631669160351,0.08561847181625393,0.02739541206557331,0.014892285819022764,0
1968825,0.05479175311099957,0.0850789931152266,0.02447073316918236,0.02455518301315783,0
1948501,0.13714168852632172,0.2522039932417346,0.026672352698091994,0.015189930480134086,0
2243510,0.05908703401026639,0.07274781615981107,0.03315587055542058,0.06383182381867337,0
999930,0.09761789996009908,0.1367764124306935,0.03460982612451174,0.09423372953699403,0
1468946,0.08023296959258128,0.1317673312998643,0.04348155799697472,0.006524182717783582,0
2331288,0.288618464339137,0.5188518089861907,0.027800065381798245,0.10426270115751117,0
2043055,0.028640824490054003,0.02563026056548423,0.02599226784902249,0.0401400692630257,0
2357990,0.06270082574290534,0.07605562826748191,0.06432250988090998,0.026881293224456905,0
607167,0.2601181228521128,0.4477246502308585,0.032544216530358994,0.13246266388787922,0
1051622,0.0977117094771024,0.1537008057318382,0.03466787390815051,0.05230472219369072,0
550613,0.1648609576469445,0.2824372908639613,0.030448734179768802,0.0725384598051661,0
335037,0.1405610554713972,0.1431442398190791,0.14236153495784906,0.13140237537251465,0
1548393,0.0648618293317704,0.08440746630523566,0.029647708851222213,0.06881891761892948,0
2096093,0.12378510328139099,0.21089267775204357,0.0338324136753054,0.040945201513887926,0
2741910,0.4088259004455426,0.6112356384175299,0.20666631680115008,0.20604093098216306,1
1321510,0.07808245098186,0.12561356877486862,0.03680092840176751,0.02117694036947715,0
1820055,0.0266039513173503,0.023096541105725787,0.03159724869423458,0.027882530781085168,0
1868417,0.06939254496421697,0.11566910432298061,0.023459786839468685,0.022600283754430277,0
2567710,0.18751360844065262,0.3357712912753368,0.02647067043150887,0.05843380836765791,0
1131807,0.07347868080912455,0.12324734711211371,0.023569602643578366,0.023920632299970917,0
894056,0.13918163554619345,0.24370968908083135,0.024529378276216228,0.04983988761456443,0
1588861,0.0700025965528677,0.11474875901372239,0.030661935427893423,0.01714818208819242,0
2467122,0.24541199027591717,0.43465474952578986,0.03463198192009935,0.08847510468496221,0
1797641,0.046543328882448914,0.06319151956250779,0.03129303693655923,0.02779829010113625,0
770074,0.03992083398077876,0.0355896401006921,0.029159538084842857,0.06689076252489927,0
2158961,0.06825170385985338,0.11803125165872541,0.025894548156165955,0.007338567918204503,0
1241685,0.22875353268641171,0.39943130621779865,0.062305911419186906,0.05173053075878157,0
281584,0.118280319758266,0.1768903277810555,0.015574673591698588,0.12581376895114332,0
1514223,0.043939436607934534,0.047194508754702325,0.04671707583235133,0.03163529740438986,0
818209,0.05605722112923466,0.05673154829805216,0.026455422668089673,0.0987741008989084,0
2716127,0.20916836630010952,0.35465230431923755,0.031159117570903307,0.11247239434609872,0
2200637,0.05992922032095282,0.08162083771873696,0.030271156147512048,0.05018727308665362,0
1764229,0.09433808402787411,0.1592800827529739,0.02623765328692415,0.03413373332654956,0
214052,0.1154667390841585,0.1459487782429133,0.023729456499086407,0.17686756506487955,0
2004009,0.03648817149473988,0.04659266094938275,0.02867461360826799,0.022947284687840554,0
1445912,0.15810650530465767,0.2883870622599124,0.026976146891896313,0.029100650535662922,0
1471421,0.033496607214763836,0.036452490620262346,0.031066497757084238,0.029752062887536963,0
2733157,0.36614313560178063,0.6280987586282449,0.07961439878002638,0.1410471832682513,1
299776,0.21605530773939213,0.35342061841894545,0.028746782478216694,0.15360481893227187,0
1971896,0.04323414920397535,0.0606390327201215,0.028385674741631426,0.021994652107125867,0
1448296,0.039649443024430034,0.034309978539945774,0.05693012501571577,0.027077081248712068,0
691844,0.09677121906574129,0.1574520071040908,0.034534616699885695,0.0384241525186509,0
1991152,0.150528450657842,0.2738657090746657,0.03340176012989128,0.01787534040770894,0
1760315,0.07412917286299309,0.11792425430526576,0.030021839904485138,0.030802468695073366,0
1217267,0.10873192740246956,0.14269136151755757,0.06611224362136453,0.08776286778640707,0
712541,0.14413869476707825,0.24765230861090437,0.027790554964462578,0.05987686986143642,0
180908,0.17119295991412287,0.26530556354909396,0.024773905826037956,0.15554003195882252,0
2039103,0.16462008220029875,0.2741918475824001,0.03244481043910427,0.08895357638683715,0
1828353,0.132499608989744,0.2295138625126545,0.03081089776846514,0.04249704201438609,0
867459,0.06534322532949474,0.0953730438723408,0.024618582936591978,0.051355642561733715,0
1414,0.3682686151422188,0.42489979022162006,0.41084244041384227,0.16282993953628055,1
1869628,0.028624727036211023,0.024945156099533405,0.022022501837163255,0.04772699217647672,0
153567,0.11218642148311814,0.1440102816924994,0.026861383962163157,0.16061432724109745,0
38817,0.25759174647097727,0.43746945122990233,0.03548361540559229,0.14105968117174197,0
112101,0.14622580510228353,0.21857484354751822,0.028646875044359553,0.14172160407608275,0
1549710,0.15047639091823387,0.2567951894417231,0.04035553015000366,0.04986068576185605,0
2073531,0.14985656949968854,0.2543439208816791,0.0300824813618882,0.06829932325141257,0
2709254,0.3309666230426255,0.5962336033409978,0.024656832514323605,0.12726385808914736,1
481926,0.10480369336325494,0.16446810034297576,0.03631503382561937,0.058375665220406305,0
1077366,0.08790897028690363,0.1524932619200734,0.02500545062462752,0.020803520697393368,0
489117,0.08556457081981853,0.11517617689465465,0.04904548547852955,0.06631418364466166,0
1631659,0.06267158636058534,0.09016994382841081,0.0365132495735901,0.03316319787151456,0
2330470,0.06807262758635238,0.10882151779188454,0.025532896186196134,0.030009999172756336,0
1201844,0.06455836083708644,0.07827222954629087,0.031091335405566647,0.08047422721135507,0
1007161,0.08112865436586286,0.13058851815385875,0.013906031803166952,0.05831292873991704,0
1874131,0.06651615661965075,0.0925229876463709,0.025177520935394368,0.06350703257923498,0
321675,0.11110727467850484,0.1393864633909444,0.053120240101863954,0.12738985476236725,0
1973300,0.037568403728071326,0.050473448374843466,0.02659095137054596,0.02177197064742905,0
474838,0.31558349524361407,0.5458824856243261,0.0480085638058496,0.14119841644848077,1
815176,0.22491691299743097,0.3954803288643226,0.033050382180343146,0.08630816955583363,0
1285508,0.045525634642539385,0.05434402772991276,0.04078131449538872,0.03059613214483195,0
2569940,0.0711114506522319,0.10280474166123954,0.03617830836540869,0.044277936559947606,0
1799050,0.041477378206205937,0.055937822674274496,0.02702229146130248,0.027008897153389742,0
1080082,0.0674855240844728,0.10977897764399769,0.022971790685875487,0.028522490283556544,0
1203746,0.06492508618095372,0.06320169681534338,0.05345197218660312,0.08644323058650545,0
785636,0.10364812348975491,0.15534674096596057,0.04763098887916875,0.05842728171512006,0
2442005,0.07633447038589347,0.12533245250288627,0.023089770516336955,0.03370656489774622,0
2371416,0.042721415698503816,0.05436317478484565,0.022192449913124263,0.044410466660718566,0
2584068,0.05984217047315781,0.08267298843255311,0.029325775270047743,0.04853971837933466,0
2608439,0.14498338126045351,0.23357800838325993,0.03318960018632588,0.09118748506462888,0
431788,0.1277012617313785,0.1737689115784936,0.020523765222617247,0.17329838187673255,0
1491527,0.11842659960310031,0.21009794562184692,0.018289150569285734,0.03945440810695567,0
2294503,0.054131456234009716,0.07968642564189121,0.030546096668889727,0.02562207206198596,0
1442472,0.05885909485526289,0.09531564242147883,0.028851491181645324,0.012729131450149374,0
2347447,0.055070867927189696,0.07303333198674633,0.03957869119720505,0.033402972873275094,0
1372573,0.07376708625081439,0.10737382030120834,0.027786846758533715,0.05872061036325051,0
502001,0.10805239472889677,0.1744867611932318,0.03429231529570965,0.05260659771783982,0
704733,0.14817430320634847,0.2612152116368639,0.018659098754979817,0.05984483880711296,0
2740108,0.28463991139117334,0.4698035971117649,0.06530244054848267,0.15073690335373036,0
1039131,0.22979314703169434,0.38960018419430553,0.03302644421764694,0.1254256083462375,0
2464918,0.07021562431547508,0.10768677315783914,0.03466060480432784,0.02987028147628578,0
967208,0.03838223303632144,0.03838468246209059,0.019493796672576717,0.06670876401751566,0
475111,0.09388304160605082,0.12322115841613512,0.05880791209780425,0.07315044384320987,0
2376934,0.20276160228091678,0.34776863689182347,0.032993636692967857,0.09489596413557348,0
2514598,0.0810689936286125,0.13601306759346632,0.0337175690162537,0.014735945635016186,0
2256576,0.09254594868255525,0.1368561882457865,0.028850039955554414,0.07731421286497842,0
2745045,0.28871639846791763,0.4767689141599992,0.05329386684594308,0.17171890667067538,0
1832683,0.08434045231004697,0.1436877199476151,0.032533793058688136,0.013682272093164926,0
2380990,0.08102041226783863,0.13565420853134635,0.021030405688184768,0.03442093147855007,0
896158,0.2702348450008318,0.4666811557753906,0.05748855448052841,0.09823850384489002,0
1727656,0.24575317171839656,0.3853294669205608,0.0999202441896954,0.1155618250060377,0
1023860,0.1378268687727167,0.20769833649755587,0.04136635247613385,0.10783897390549296,0
1058676,0.07279086388497573,0.11252225902672242,0.03408029018187964,0.03152823658525319,0
2023509,0.031344815837165835,0.03142513522611967,0.030915939659786573,0.031787331630850124,0
1406882,0.18146095252161662,0.3117983865257601,0.058022097434960486,0.04077565014124227,0
1096035,0.044941252114321456,0.05003681456525921,0.03967005467716652,0.04010914214270947,0
979891,0.03853864297711488,0.030459567606518134,0.029234352688769536,0.07269276683612476,0
1000169,0.04855849162092993,0.047231981178024074,0.025097441620616553,0.08706634272866465,0
1715270,0.04021941757558414,0.03800841974000435,0.027796904845339587,0.06438068125990047,0
1838786,0.11449385045749397,0.19155235017303351,0.02445235077517007,0.05690985069213093,0
2280182,0.06458947429486792,0.10890169922492521,0.018604892280274083,0.022785784991615404,0
2344106,0.08421503362410021,0.13067681204126846,0.05560054005638908,0.010982327932746307,0
369181,0.11044943357617718,0.15133797064852927,0.016073659778766836,0.14979175159141245,0
212795,0.11650799244065911,0.15146842110537606,0.015028806839990104,0.18132569917987026,0
1174914,0.12576982155938501,0.20846577337738437,0.026509923375200674,0.06791978929066313,0
818420,0.051840366838867315,0.053066467482449475,0.015685549140543688,0.10300734177739734,0
586029,0.16927983177682018,0.2815034896180585,0.03561105420141802,0.08922385353682766,0
2758718,0.2774584756415219,0.46151750853907647,0.0314928436972262,0.18625934131407898,0
810612,0.06650301266390818,0.05415427135142292,0.06770446320795226,0.09557269012905516,0
1011786,0.09750926174493085,0.16234587528654176,0.016780320421486142,0.056511139876070676,0
726128,0.03992063121784486,0.03729319318924118,0.03071513813308461,0.06029746591649444,0
1472894,0.027530373029152615,0.030392761924514344,0.026801402826842576,0.02146785609421335,0
494475,0.2543667998292649,0.45246118069536956,0.01680883066736728,0.11546780140684966,0
2597095,0.09104822570116032,0.1429031584601248,0.03087378978974682,0.05167254767086939,0
2592688,0.08379630755051529,0.1034851110173497,0.06444760322770035,0.06359735536765165,0
650216,0.142663672624879,0.22556750542244564,0.027178447218461427,0.1086319287405888,0
1518132,0.08131276059500345,0.12748303930486193,0.020163876944600794,0.05761038929596116,0
2047176,0.03900483339355306,0.04945179301400571,0.0101377274928145,0.056188093193529284,0
1016551,0.062230110269104195,0.07049777680492098,0.026136208327708698,0.09570179684165549,0
1678366,0.11712069454842483,0.19516634776172692,0.030676338245144968,0.051673095970089365,0
1282596,0.05268239448251317,0.07270649143097097,0.03078351168016821,0.03547047631488613,0
1901983,0.04589808329483576,0.04651971670403676,0.03531871791816002,0.06021304783684683,0
936073,0.19271656903222495,0.3323529297465718,0.048740621485809044,0.05958958856598167,0
132378,0.37414172693720293,0.6019238103384644,0.13251529317316715,0.16712616908010305,1
2301324,0.0432225247718136,0.06467985667747,0.022866327118870138,0.02011349148708776,0
1313956,0.11681012236578356,0.20006278813446665,0.02367091627417807,0.048387267081484,0
2635983,0.2780197731928191,0.47419149268833627,0.07422185191730123,0.09328735636730309,0
2549853,0.0691055131511396,0.11747970762866944,0.014008926034872764,0.03081490763171523,0
2702979,0.2822711844885764,0.43537037211652374,0.13702167048566694,0.11739748642307221,0
75357,0.23957024631375134,0.4086949537396444,0.01474017538619279,0.15400358414035661,0
536552,0.0702804811851898,0.09573714495332952,0.034669889167736195,0.06005470979102091,0
1517382,0.03268313641850576,0.02791341010297943,0.033139134278155284,0.04392345541784732,0
1216982,0.2744929694807108,0.47622069069929185,0.0303671919783499,0.13636233268779932,0
1592232,0.07238020178837096,0.10898258375798986,0.037544678801051785,0.03312753134530251,0
1342989,0.23761912403295965,0.4222870155295029,0.02328225378018,0.09745470067077097,0
1005539,0.047039045070234514,0.04744294414781425,0.020641667516315316,0.08562536370716396,0
2327427,0.09703520439047289,0.17078557312157483,0.03499451269595124,0.0057203201045005125,0
1094308,0.16704122636870777,0.2938145384980789,0.018169584735766544,0.0734154084946917,0
1398483,0.32335848006899554,0.4036125174341981,0.3239156626287713,0.12188761281632544,1
92800,0.12079348287667623,0.173275063192741,0.01976533606220869,0.14113175230821562,0
1233148,0.13698749310840583,0.23435597684022336,0.03190473169010261,0.051190425906316894,0
636434,0.08027357195778355,0.09159729000369132,0.03990960374540105,0.11251022916158786,0
288365,0.12713218473554364,0.1918156429056196,0.016662577914727996,0.13112794954157725,0
2444638,0.10306771458516442,0.17498078659759375,0.02508507977396437,0.040258986770891216,0
841124,0.13507168075092524,0.18494835388254527,0.06032396293028808,0.12250157465283087,0
705120,0.06827865789377854,0.09522043122985735,0.026613551892051855,0.0634218835561716,0
1739637,0.05075285311407843,0.07431327395992504,0.031027445231173057,0.021439912823819938,0
2006943,0.038436820013841445,0.04194135758208506,0.03865470917597555,0.02934864235003126,0
185358,0.15286775432788433,0.2301559585751788,0.02115131282644278,0.1572219059618104,0
610781,0.06463056896325718,0.05527574145135383,0.06332885547487886,0.08997020797558306,0
860437,0.07259267050123815,0.10223856902504169,0.04133342751924409,0.045366788664720346,0
490315,0.07198387774554947,0.1025803283984712,0.021190099446894442,0.07168341856122769,0
427060,0.2711119553488736,0.43093975692046016,0.06560404217417833,0.17980432118195014,0
864361,0.07456703349043022,0.10652478042706492,0.04377456412547757,0.040861370196272395,0
2746282,0.3000388953404311,0.4854085864924991,0.07659889607492729,0.17177466635851682,1
2388202,0.05360394912793348,0.07550085074097768,0.024475476085990086,0.04255440465823808,0
279937,0.12453112204887504,0.18695594636985002,0.02124427562013887,0.12339933088954182,0
725282,0.03358762034382611,0.028865820083917026,0.025604886114827377,0.057366222337096914,0
1462297,0.02576435989321735,0.026457383780953525,0.026058140632874666,0.023591129064390953,0
813632,0.12371875269650433,0.19976329839161222,0.034440506326890614,0.06752475801315515,0
795115,0.03998576288536991,0.030891774759489565,0.0279957894751162,0.08070569331545135,0
116731,0.12531106513933205,0.1751571396108229,0.027494190352049655,0.14742119114152838,0
1957572,0.02057585224963335,0.024429165623063187,0.01606815092141988,0.017704120808378958,0
280407,0.243159625331922,0.3930661418842799,0.06723844248150476,0.13227510822665306,0
978978,0.06849799003427383,0.08853929302450503,0.02731130081628973,0.08017476638567197,0
1587501,0.052977689776063264,0.08357923335013862,0.02267642121654891,0.021925733680146425,0
453361,0.3096101169879867,0.5190040950988187,0.02305456832022585,0.2159584947125477,1
2141215,0.036872195218558126,0.046581603184925435,0.032595015513980266,0.01901444485950662,0
789111,0.1483926662074707,0.23716082441567665,0.04169607336709875,0.0865171599475138,0
521040,0.07670884743810866,0.10497127127085437,0.032242351857423204,0.07275253122727254,0
176729,0.1324758516409699,0.18699682744953738,0.022064736775102626,0.1617900844183521,0
2676690,0.39427660633904427,0.5614553126498758,0.281873420548213,0.1449346192482122,1
644247,0.08472554679294123,0.109930662282681,0.026853270986839546,0.10852117177774431,0
2102310,0.18417079239294162,0.3213996570645046,0.054505777539100964,0.035596152994795315,0
1727278,0.2672756864568045,0.4019478903326832,0.14256940086576828,0.11765460515366201,0
2080799,0.21523535531893545,0.3756696338270461,0.0389316377120617,0.07860523545896948,0
2440350,0.10512701494973725,0.16574409050894467,0.057652190013325964,0.024796563456335602,0
1751060,0.0801321098144449,0.14267163895166368,0.021467183513514117,0.011780676422794104,0
736494,0.17068768411709478,0.2977650789499301,0.015216284204469861,0.08620129690394392,0
125989,0.13629773003578505,0.19370852619290146,0.02428319413884503,0.16079254348840402,0
1310357,0.048486043406959264,0.05726479047309241,0.04057147277202507,0.03841103169402769,0
765008,0.2139036591186955,0.365565709661805,0.028791113278150808,0.11241735152173872,0
2357722,0.1446735516488398,0.2531406618398283,0.033280925330232795,0.0405947156492791,0
160696,0.13095021760683181,0.1797368068595887,0.024475710820467837,0.16869550465448563,0
853188,0.09319368420473159,0.13633647198918553,0.044016105224892035,0.05910308321335607,0
80417,0.14906402534484425,0.2165917150937272,0.030816587880501838,0.15761595716915053,0
2539480,0.05824644259764346,0.08537210797353612,0.022558804248640374,0.04396373668141643,0
706992,0.04304383446058824,0.04220606424276163,0.03330880034687145,0.05974081117572993,0
1212617,0.07103178219839136,0.06983927873231499,0.06545708786163813,0.08237508236871215,0
152395,0.12998436585733292,0.1800092113328955,0.023709719165204122,0.16433422220661978,0
248392,0.23722470062192016,0.3312397053306735,0.09328786993161534,0.21809243488549415,0
1686925,0.05300327722035192,0.0798908867235707,0.025319695123281336,0.02730962660791086,0
51891,0.26837635340394517,0.4396877618232129,0.060963843586801396,0.15121659708149135,0
1202351,0.07246694324898431,0.08703732075746629,0.045173055957874304,0.07698183041444438,0
1938948,0.16079581390474235,0.2848985144233642,0.03881539353125038,0.03350969316842563,0
690164,0.09862105553963717,0.15673654956786576,0.020483204596660223,0.07053909688353115,0
311723,0.10882809985718757,0.14802273287465328,0.030354694728992895,0.12855162500581532,0
2271235,0.10848687270010321,0.1824349184587345,0.03042832987352712,0.040704572543389106,0
2457091,0.08112407125732185,0.13037811157107582,0.03870148995228757,0.021622842430488374,0
163252,0.13550988215028917,0.19811650704161676,0.02013040293512101,0.15206253874472236,0
1520757,0.04702829492682842,0.05216573916346601,0.03345807877365714,0.05454000856499135,0
2753910,0.2509372621248894,0.42486741863493727,0.014110307298086634,0.17135230308997387,0
426716,0.309210406490204,0.4760496887419272,0.10067494211230546,0.20491539742774378,1
2310060,0.06383668986173677,0.10081760674169793,0.026784668889279238,0.02696242912052015,0
1572048,0.09402507093196354,0.1353447268266058,0.0288559163322551,0.0884796630949205,0
1016860,0.06740336011845106,0.07923381356576797,0.032059256679564815,0.09084338165848815,0
362099,0.1052387944454246,0.13831204370181116,0.029761370314892784,0.13577180750025591,0
1591097,0.05997662023255324,0.09117449557248003,0.034453647829250596,0.020266390487690224,0
661505,0.21524245177797288,0.351950285346473,0.0186941077542036,0.16829538389237647,0
366364,0.12432488586885414,0.18328672606179097,0.020547170139115063,0.13258685898112063,0
196124,0.2508638810371814,0.39925481474811164,0.04404624777368189,0.19011299665510495,0
2713385,0.22304230766344196,0.3865704685920204,0.029266912991302078,0.10488499735020576,0
1012473,0.10167709189664731,0.17042726494443194,0.017236566053407183,0.05646244804204591,0
1066231,0.06943293534957275,0.09767671235983577,0.038133263835962716,0.045773000094330246,0
1801058,0.09881683479029062,0.16619314426391552,0.026244798527276396,0.039234115500749706,0
628264,0.07215915145587165,0.06825019780619068,0.05913158141988778,0.10147289063404988,0
1268760,0.04139076027166609,0.054971252042769536,0.0259696450412905,0.03057120368947088,0
868192,0.06058934536838214,0.08375001837655738,0.028958530373582946,0.050133885340142834,0
1312058,0.03590812459023328,0.03327226863052002,0.03738333520772814,0.04028494856327413,0
1403467,0.07251909169747484,0.10675139834864245,0.03890588499704254,0.03735813512020421,0
2070210,0.06220057758698102,0.08286351452223373,0.023821882623070837,0.06811127769471452,0
6373,0.21515612285643565,0.3338088828116875,0.05724577784313386,0.1553897404882587,0
2271076,0.11672885736569999,0.19859282931890798,0.03039835295719822,0.04156468409543267,0
1213876,0.06671535012288687,0.0960444970063623,0.015073445275826975,0.07085534018478812,0
2327611,0.03501806669655984,0.04579814631847079,0.026391671899199727,0.021007459837822633,0
1688396,0.03373099530901642,0.03590009599275423,0.02209401707968482,0.04576371094366929,0
851280,0.20897181963133798,0.3481516698635859,0.06861923479336333,0.07155107130768008,0
1750307,0.07586553312465116,0.12096572493987678,0.02994484986182858,0.03199607848082098,0
2144106,0.11074296766965329,0.2013236227008487,0.007905638945823934,0.038547323177408804,0
1946519,0.05400971990206306,0.0820637558287235,0.025628763946098112,0.026446064019359394,0
1169765,0.07337348445701658,0.10502736850617156,0.020810378408532424,0.07308343340685537,0
1387210,0.09646609649380727,0.14733867107179122,0.02885594664748036,0.07069988481833778,0
1309445,0.06523278224798573,0.10981449678187649,0.02009717974357581,0.021481899669873773,0
807807,0.13500354401646755,0.2251262722169698,0.029287088223581424,0.06827140720454115,0
367282,0.09163076055704525,0.11215378500851392,0.021997309624521885,0.14477337582715857,0
403021,0.11392386447201672,0.1493066064855706,0.022469873709669182,0.1626479955816533,0
1985180,0.03866237187757686,0.05688638881654018,0.025855003841936744,0.012313381583628717,0
310876,0.11932702872169708,0.16465252803706765,0.03476010008009854,0.13286367339566849,0
2536492,0.03248289000160699,0.03559353182053482,0.02484243463743368,0.03616696850054741,0
1082907,0.0676679245401795,0.10100344450421606,0.038005111916088706,0.028823343566224322,0
1365286,0.049270647674893676,0.053606311175739774,0.034972888186817305,0.059878128154893,0
222213,0.262771781534114,0.43597516513628887,0.017692532641267352,0.1973821958679469,0
1063644,0.08453461101960719,0.13572451942592578,0.02353313329948098,0.04806205658399999,0
1636144,0.017734661982659144,0.007829202223899823,0.03110677535819076,0.02244014131626003,0
1389666,0.10125081076367565,0.14382512938020142,0.033701861199873104,0.09613843856806507,0
1910323,0.13000872935150687,0.20459822987122855,0.05527981111251052,0.05562835541069726,0
2648624,0.17548053993699275,0.308791572539145,0.02331694236130837,0.07044835479513871,0
2306194,0.04719132093330165,0.06892450934035044,0.02557664847732996,0.02528035859963722,0
2138832,0.049192726686710785,0.06732785100737193,0.042957125652102475,0.013208317436970405,0
1292384,0.040312367583237814,0.04427984324320333,0.0384757655547104,0.03314858147611512,0
341175,0.10857762269393574,0.1472270154680353,0.029086852495953126,0.13119029605566082,0
748498,0.10797481268044037,0.18373926852673228,0.025373024788491523,0.04246635490263391,0
1695151,0.022344357657699224,0.013711461817444315,0.013410693312212275,0.05732709377656691,0
2556678,0.05366483899813784,0.058559666982327285,0.05160865067690845,0.04451205151950834,0
461993,0.2719385422039293,0.45280618478680856,0.027314990602860578,0.1867047631483342,0
1149719,0.2623674144723727,0.4654655026187532,0.027710335759867234,0.10660781217517967,0
452395,0.26239936798395874,0.3949037988311793,0.07236318749721311,0.21619256159602565,0
2401895,0.06401441413255946,0.08243468714632962,0.034835181343385986,0.06173258078189422,0
1885992,0.03669998623747103,0.02975638548678916,0.03559744874616495,0.05571279435113484,0
2251157,0.06456658826806086,0.0815108972657621,0.03863995309298386,0.06109576853642329,0
1443835,0.034640673712792315,0.043156190076718004,0.02435320194330583,0.02878309045720783,0
682364,0.07475005506988204,0.11217003017863836,0.02831129152887849,0.050858262609496614,0
2244282,0.06629559429552599,0.09551173313031414,0.024083458797719868,0.05657345045526483,0
2591089,0.07075798631529506,0.1067790287078152,0.016920297335608778,0.06146191380352411,0
1386864,0.1038816498641405,0.1335347244373285,0.060821025627978406,0.09433989978541363,0
1547932,0.04315894145061262,0.04498779865805147,0.025422208310129462,0.06519189814274023,0
608989,0.16183853964532394,0.2634153762820358,0.03534094814661507,0.09764283530160751,0
59165,0.24989078409749202,0.4184981928285404,0.03244164423540239,0.15454597206300547,0
754980,0.04200416094395245,0.044590028894867184,0.020840251984448492,0.06728535450592155,0
1227820,0.12757285426392323,0.21977696757346088,0.026621692111136658,0.0484893142192589,0
2549405,0.08549583663528917,0.14063870721354166,0.0310797516883952,0.029262787609998946,0
2288649,0.16341065022548598,0.2932858276344632,0.036211822782587576,0.029520947867390526,0
443687,0.1777985422669555,0.2572269237405206,0.03912730657716886,0.18723444211772275,0
2212201,0.06087451392920815,0.07857096820367515,0.05229124878558414,0.029508275958476705,0
1395296,0.189804950920452,0.22137076933724698,0.1852581345716843,0.11771062940161602,0
256439,0.17459067190030933,0.27094605005758743,0.03612647521180346,0.1413985215398729,0
500486,0.19515443882359731,0.3399784089637662,0.030726299188616853,0.07973672292564586,0
556253,0.1393544352951066,0.23086597030757228,0.04657339995948322,0.04974715076737747,0
1057429,0.06394243064794852,0.08294489612768297,0.046063630772075016,0.04325446676242264,0
2089619,0.1818393906136554,0.23834453891947682,0.1464564238065984,0.09365097005968734,0
873101,0.10164049567220772,0.17771919276768533,0.02448089329763601,0.02718315649537126,0
223725,0.15873628108793802,0.22951969870669042,0.025716341459062524,0.1813076464843702,0
137543,0.12538925968512266,0.1678115404426257,0.03663923024249568,0.15245860195530553,0
149770,0.11200941130805783,0.14609809459879952,0.02619478530656723,0.1555096420834395,0
40020,0.14257896452334634,0.21080919854145497,0.027148115816827,0.14514965253785383,0
203890,0.23501762889734873,0.396193092358083,0.010705780017567038,0.16854674356518567,0
1813614,0.09376550922381739,0.143398493304858,0.04776749622192864,0.03868006852404906,0
13692,0.20356981136116314,0.32247052363237416,0.03238551508960857,0.16309447509046746,0
2470546,0.07250846651007305,0.12467377000742641,0.012702205450395482,0.031804599356205984,0
2635111,0.215749402628422,0.369994377842483,0.05707986826612753,0.06814126613671122,0
296645,0.1118601143115339,0.15673340105827882,0.025645540268259194,0.12899875850958373,0
581514,0.15649057332378458,0.23233905417241263,0.06368888460957269,0.1060719042735323,0
1293907,0.09004925061057889,0.15460284923555334,0.03507389866869551,0.011128281960967778,0
865199,0.06825942134150402,0.08569616259141144,0.0521777253504859,0.04879011220326268,0
1550237,0.03980992266142659,0.038392846060262276,0.031009275734718348,0.05655358455439976,0
2147825,0.04345728086211407,0.06337161116962697,0.029482711877656807,0.014633308570017699,0
1680773,0.033709885279364846,0.02777155557224631,0.03229099893707645,0.050684039060593794,0
920601,0.07340477882445784,0.1079437556869326,0.025855292337011667,0.0583815663994402,0
216377,0.2773103546106219,0.4409580430686485,0.05515991254956058,0.20141679655714742,0
450718,0.23943422124537023,0.3768876574175527,0.033009106641080206,0.20543830272134914,0
2449762,0.1150504788560895,0.19632249331296736,0.02964653496142213,0.03997635855589594,0
2714292,0.3290378193850381,0.5593337285481215,0.07942120759603,0.12772296416084186,1
70881,0.14902576593425007,0.2189431213519002,0.02819370618459261,0.1554804670146109,0
2104561,0.12278200408418119,0.21374312360649783,0.04537485452630072,0.011489929615210321,0
1193508,0.10478810807824175,0.15288199367193056,0.0357813204806991,0.0880635754903337,0
1717243,0.153635559935896,0.25876105854058584,0.032347397898495334,0.07275405648027243,0
1907472,0.09128989879949682,0.1326638739076853,0.04003998074506279,0.06472983811067665,0
1137837,0.11337620475307184,0.20325105203307225,0.025942783614155304,0.019839218261445583,0
877910,0.04664169601327189,0.06091988308007179,0.024740440767670086,0.04379811121467482,0
2614768,0.5154797607936044,0.5970852838052512,0.608039243709676,0.17262672889037997,1
2220252,0.0457538471751076,0.04972906691680601,0.03246446747541381,0.05574986737040227,0
1184174,0.06734935145028051,0.092248380466875,0.01596484698906622,0.08217853560061573,0
825723,0.059327708024301165,0.0609011798465684,0.028519679028601905,0.10160607196218195,0
2428113,0.5263390969435163,0.640903778471404,0.5734389042844965,0.16927768211232705,1
1183286,0.17248673830457248,0.2952064881239619,0.019688533635700476,0.09488467075940701,0
1281747,0.2515830819238182,0.34499314451985685,0.2054755877745702,0.08721916665759356,0
649954,0.16113987612438682,0.20146258475201229,0.11118851401306656,0.1352601477223035,0
1928834,0.05154271781005165,0.0716738610314297,0.035053491852363554,0.025948698693138688,0
1745610,0.08252116737458971,0.15326887740152784,0.012744227476045313,0.010317302155061006,0
2371172,0.05612501925868294,0.08665647855248237,0.021791606448492103,0.03129649023947062,0
2369396,0.08000324640879575,0.1340827330641038,0.026338866545277527,0.025301099565802957,0
377396,0.09162720096304465,0.11215378500851392,0.02198634602640682,0.14477202325432822,0
36292,0.16691964834517672,0.262087485665074,0.027855585495049028,0.13759614932062497,0
1542884,0.041039537299335446,0.03850703418005286,0.03685014472329097,0.05365488396160863,0
2619850,0.1517763090392907,0.14597758801379757,0.23007968074127239,0.04881805405005117,0
2546372,0.05580073308230072,0.07901586028486429,0.022259434245815016,0.04807486333062036,0
2415771,0.1295630054411558,0.20404536325178724,0.037166658615330965,0.08195163115331441,0
2270723,0.2175058844424345,0.343028221115236,0.12563482359928968,0.041506634025147794,0
1255857,0.06793377872099038,0.11365630615474742,0.021541483055541093,0.023215903634771686,0
2701329,0.2518241574552433,0.41967361905921496,0.05703369396522944,0.1243861986803349,0
568674,0.05332386357894848,0.06575671384494142,0.01899224920234105,0.07373915947887728,0
592630,0.20094352869726534,0.34867899758636156,0.02126545681997467,0.1011219642904608,0
1775351,0.02599151384740298,0.032635202125846585,0.021933417834367763,0.01546943717084678,0
1368845,0.059263636066222924,0.08475097412281252,0.02534163390128273,0.04642829417215922,0
41657,0.14197080752883198,0.20725813317833597,0.02619431208499069,0.1524172365708339,0
712061,0.19354735661707093,0.3376954543121641,0.0205677049345027,0.09264658990319043,0
1618624,0.025211439626387822,0.02964841543857044,0.02072249795359987,0.0208524126051132,0
2030825,0.03523618379088053,0.03856960581456914,0.02659568330353662,0.039863379462674854,0
2700510,0.2395178683489469,0.3978416094888987,0.05068222519474696,0.12696198023036726,0
1660003,0.01843288476516349,0.01178890380711961,0.020528159840247365,0.031899924547647396,0
645436,0.07705717724614514,0.09081218968908211,0.029214078821523215,0.11443429377573554,0
196434,0.12361691455247131,0.16336741219133455,0.022575529271478895,0.17580274837680185,0
1353464,0.06752092622601702,0.08813342617000064,0.028004042483511425,0.07526500197981639,0
1415688,0.19584958874925712,0.3360828594609311,0.061097461511403654,0.04739460282685233,0
1770245,0.030918164871019983,0.033689826538622736,0.03299924653048992,0.020867388212808185,0
364340,0.1538387323499777,0.20564384059920604,0.07064814036310596,0.14911184970721436,0
125947,0.2704095764773297,0.44744894188348516,0.03098093953334468,0.18695411837791862,0
2625203,0.22876531444567488,0.26218804652335403,0.3039113762081769,0.03248939160772396,0
1436270,0.12888766819165054,0.22765879445040338,0.04420873029239378,0.008978259393653588,0
1622335,0.04611378411867279,0.04619271038317829,0.059494035535045876,0.025846091332849434,0
2212022,0.031224956029146104,0.032808699833286714,0.02173167246060393,0.04150552187160783,0
2055687,0.04839761056638429,0.06465833629478412,0.027035759928577503,0.03978857220209489,0
924052,0.031521488113234256,0.032487126244899134,0.021309264463771023,0.044425728258266885,0
2496522,0.17028538921714087,0.306369548353158,0.02844186810005875,0.04284027305272126,0
322591,0.25039764941525633,0.4264482920989182,0.026381416658682558,0.1462953918409621,0
1485764,0.061113287926490026,0.10561918609574739,0.020090249897086843,0.011383099547451397,0
2588755,0.37280829466294957,0.6393905172852727,0.03145601939840878,0.21838115100395283,1
2745483,0.3054689096352227,0.4924069071124687,0.0830001737256143,0.17182701980652024,1
2316170,0.04653067502998374,0.07128153589651265,0.019908617644387887,0.02458660894205524,0
487721,0.08309174967990894,0.1259452628297818,0.016576060459095984,0.07573150063644622,0
466751,0.12688791955359924,0.2040196591793061,0.04179590127222649,0.06169659791139125,0
378259,0.11238820784866592,0.13681473699007152,0.04764570234607474,0.1484356432490387,0
1988505,0.7871026084023074,0.7701405987834699,0.6745226575275276,0.9983775587615703,1
2364862,0.059838433288645264,0.09755871306633224,0.017938323327061544,0.028387898786803416,0
231321,0.19231441299392948,0.2984562321148454,0.02669365700224783,0.17539099917916218,0
1962680,0.05135654184496178,0.07643043504337022,0.026971660716990618,0.02524913054089743,0
2073904,0.1682192044777543,0.28720706484006997,0.04428224629871319,0.05665499084052672,0
1001799,0.04285969022459945,0.03728062299894708,0.026115730547052223,0.08192329780505121,0
1493323,0.07872903048081512,0.1233691029961208,0.026996188081605924,0.04472811279136472,0
25607,0.16122709137962093,0.24931829718819465,0.018877379796891098,0.15452364423228143,0
916836,0.15807993394911304,0.2714969511707773,0.028978589823080256,0.0681894070840015,0
1582425,0.07962906205026109,0.12439401145410378,0.040972457914508605,0.025701594744283116,0
1905276,0.04431154322443349,0.051377441261426404,0.01732562513068991,0.06712567527256656,0
1851048,0.020849623577589224,0.013895152523676124,0.021209387765581404,0.03769615493038371,0
2549991,0.15968918970310558,0.2760658864282596,0.03317959972037668,0.05851183286431392,0
1606008,0.15692924495785968,0.27437700895623607,0.029067481524294028,0.055102480112267274,0
829583,0.16910581434498895,0.2761772221887199,0.03162794842979703,0.10764409360844956,0
2140404,0.038683075000175045,0.05146564718774582,0.030537826693691105,0.018944516990973995,0
1872687,0.12649161987916757,0.21462000188343267,0.024929485438479435,0.058513866529537106,0
1414280,0.16911454293021327,0.30585509847455816,0.016681206885312924,0.055913158136701654,0
2433425,0.18335882964899353,0.3056204878723756,0.08302868851804493,0.028199895786961117,0
2694208,0.19242786781288163,0.3357978198219139,0.026956553064544794,0.08220995991280614,0
2155491,0.031019172167508838,0.034961124313992564,0.03123124418026946,0.020846183782158578,0
1412544,0.04302032929185096,0.058731801741711886,0.025800354257068656,0.029571610719372133,0
2709865,0.3149782132337695,0.54896193089634,0.0659526702099114,0.10355723361313035,1
131368,0.1133253283296622,0.15245892249712223,0.023075147203678915,0.15086661459998707,0
948143,0.0687887410053785,0.09611250627930346,0.02460637383569096,0.06675287857509746,0
482463,0.09257312134406186,0.1450147865808693,0.015587862985255116,0.07694684579025332,0
160398,0.29502448179655405,0.48842291405496097,0.03365757503136854,0.2035787612983149,1
1892864,0.041613259189881825,0.03744083293632039,0.03513075038873423,0.06176808802550682,0
2337927,0.04238851174247467,0.05561907841642211,0.03489963853238151,0.020545404872745813,0
2442029,0.3722589199565704,0.6402938612633129,0.034818302686628486,0.20833249259462697,1
2454181,0.2047015301420635,0.37066193671953673,0.04190054394453798,0.034001992994668676,0
1735385,0.07144719152921056,0.11041126408532875,0.03453687959133804,0.029402478045723875,0
1942743,0.05152777465552294,0.07966297390898935,0.029730901585988047,0.013885086126159237,0
2030105,0.04163278694736678,0.04824930582593456,0.027224032132339343,0.04670462197348849,0
1408303,0.06947503435763133,0.1147985297358326,0.019063428191701686,0.03178370516102262,0
1342905,0.09273584523787184,0.13960248373104833,0.030587970318574503,0.06879106138387665,0
1737993,0.07478135111568962,0.12181613661832202,0.02757581154110746,0.028002696720981823,0
2461303,0.07326599047614347,0.125648273083102,0.01342989064514493,0.03206443370524494,0
1478656,0.025689923847896975,0.03200451180370001,0.01766384214851464,0.0219425765074629,0
1367317,0.039447697789301114,0.04600165974314252,0.017348841319496322,0.05621107760940481,0
2053647,0.04044287750258893,0.04661248995149225,0.026904286180805356,0.045326733363005994,0
1980436,0.0868495310736285,0.16052191455440423,0.021290499093854703,0.0010071203413498959,0
935044,0.04995940039575819,0.057632978563365245,0.0332542023086671,0.05583325210737717,0
1238324,0.06528503250316302,0.10347785045227398,0.02203417924998715,0.034679267510149415,0
46788,0.14882067259880796,0.21722099020131458,0.031805263971257526,0.15334299153386707,0
2669615,0.2504707847450838,0.4329371499440353,0.06135012531633301,0.07798586089083118,0
141263,0.11320819263800007,0.14744033937244305,0.025725247503083856,0.1588522435042669,0
167726,0.1433031336000462,0.1902031022242443,0.045798513750617754,0.1723101418136937,0
1206976,0.07684240074013704,0.09480999320862604,0.04881312609643356,0.07396733153446974,0
189303,0.13365271550548663,0.1759159602694199,0.03415760570912798,0.17723726829019135,0
1318930,0.12670445559748952,0.21532721163497315,0.03280414013653955,0.04599803869520544,0
228232,0.1457828201874066,0.18845343732014286,0.044745143291824635,0.1906627926989389,0
2647226,0.18608354505351823,0.32397313133911887,0.03216647996413982,0.07223517697358425,0
1385546,0.05641544831603635,0.07117105316233585,0.013982546789473945,0.08317578849013119,0
1162723,0.14250621296643948,0.24402918624519399,0.024467028719341706,0.06575755614019986,0
1599548,0.09704679399000062,0.1761225230685881,0.025761621692220783,0.0062852297402016255,0
884024,0.04337698986090193,0.06292943993404043,0.015672197104088136,0.03605305381327635,0
1563876,0.049034579019934715,0.056679094165577926,0.02194385793089777,0.07055937278938212,0
1527786,0.12588451827909589,0.2231661565226447,0.010515530881075581,0.05573390376725421,0
2766505,0.2886378481413388,0.48221608639928604,0.03121431130358637,0.19082755775309934,0
104377,0.14902841689930557,0.23062465216201,0.022351061207577422,0.13505386228013677,0
38953,0.26547242587275865,0.4393590747814231,0.04890569342179069,0.1556059022775495,0
439525,0.178704742167678,0.25565126453448306,0.04434172517267974,0.18788296174316274,0
1419962,0.21603113344129862,0.36888066156976507,0.05167160994742676,0.08044659836094031,0
2208969,0.23010392374860275,0.4020450192252356,0.03315644847668071,0.09567239796490369,0
1445847,0.15653804087784087,0.2715941793302141,0.03824338992037044,0.046339671183113336,0
678348,0.08736643258430259,0.12750254071026934,0.03483274890670016,0.06582668778578929,0
1369170,0.13757522003859327,0.2300200407102011,0.02762175977938208,0.07139335874839044,0
1662126,0.031153958919877045,0.03607886182917586,0.01580984058483816,0.04185787914918836,0
1682198,0.09573493028194649,0.1502701941659219,0.027092287190331004,0.06236073520943117,0
2759246,0.35995276566952056,0.6288205779845639,0.024203899690213394,0.19140653385087303,1
173011,0.23834652923851443,0.40156869614209456,0.0174646696436496,0.16161390137186132,0
2743145,0.46423637560002967,0.7341569012370754,0.16444449910888798,0.23912287624412767,1
2558252,0.04874146569952629,0.06720833110658742,0.022819399819828605,0.04145740100142001,0
222199,0.17341227149198013,0.23753413750902808,0.05027516727181531,0.19781326277960745,0
1013005,0.11600529431737996,0.18721335699347774,0.03689942513873627,0.05664394139510105,0
890351,0.0470056977850882,0.0693768546993383,0.018139179463308536,0.03437758298213245,0
438352,0.13284110058556375,0.1820227492459262,0.027025217859203022,0.16861080302419879,0
1626401,0.03789984015761744,0.0498777102032677,0.03404879088030373,0.013731738959462359,0
1934788,0.3136735901281812,0.5324657719761813,0.052448687861286834,0.15853048890852248,1
369094,0.09864975637087525,0.1265290797005122,0.02032333620827553,0.14644107829068248,0
1659303,0.021187307431979947,0.01059491456209738,0.03483221901553152,0.02720092223135903,0
1199084,0.05668610868975419,0.07767619532395331,0.022207632588687232,0.05592860625585681,0
1832587,0.0225674081482507,0.011163098072974664,0.032447726609231724,0.03625770564496927,0
1556269,0.04551818510848188,0.04382057958618124,0.030967387268766255,0.0715883956738069,0
410537,0.14118734042449238,0.2055496547579635,0.014607611170546193,0.1701511484717339,0
909637,0.05225557400267863,0.04860676716936185,0.06326875444124985,0.04485782042811372,0
2355162,0.14555514311536252,0.2566592212440849,0.026472990326722384,0.04641817697651676,0
633595,0.13667084376339741,0.22079452820684864,0.02540549273294356,0.09325965920045015,0
2609865,0.15032000913820034,0.2344728595317741,0.04971857605973865,0.0908400327719584,0
1272001,0.044909865058115665,0.05826986423575964,0.033896549018039394,0.028029841174120152,0
2762771,0.28553675133002543,0.481616630442831,0.019361339434412605,0.1946001713914308,0
573071,0.05552823743193737,0.06353950227636496,0.027996570492385957,0.0767975757301955,0
168378,0.13091950097500415,0.1797368068595887,0.02438228348381661,0.168682062500324,0
1187363,0.1320052098096395,0.23054013705008758,0.020080819892844708,0.05355447658371155,0
2457878,0.056973523448934235,0.08551364746449497,0.02878333239549774,0.027908499990187127,0
874907,0.08618234296670287,0.1451296509088551,0.025874061205756718,0.029276495752741518,0
12258,0.15962023580810458,0.2449979189433027,0.020528179258358654,0.15481411279472815,0
575459,0.1589997071526245,0.26856492662923825,0.02757518929300807,0.08222343525051469,0
388291,0.22463987286126266,0.37677426351121845,0.02569876241339329,0.1427155619081773,0
245261,0.21062103752150382,0.30660356855211646,0.04753534373909891,0.21529325061857962,0
2269607,0.17034517980208483,0.28564342224568817,0.07606115078724303,0.02352561721533921,0
1794920,0.02091598932174811,0.01716535383239881,0.027867177836418545,0.019865795273115716,0
434482,0.16155829441229025,0.22538324540942933,0.056642909607634594,0.1593689941264261,0
251448,0.3227837531499578,0.45201649909883845,0.18850501701127423,0.20111999248578138,1
921952,0.21824779724948087,0.3559581588641243,0.07633513047527053,0.08684089337418777,0
945199,0.06375707186585863,0.09370320523939979,0.030259006631019273,0.03913883628426481,0
606040,0.17547687265958464,0.28463400040885267,0.06367053790994305,0.07029355541087702,0
555549,0.09127567624562598,0.1296374393488502,0.03341245844506523,0.08216609518840658,0
880747,0.09770670140584992,0.15859507288680152,0.0218630305252445,0.05925127902437908,0
1308322,0.04664752228743239,0.06410394639960659,0.022182814225556055,0.039703524099811344,0
192092,0.23808724814265725,0.40156869614209456,0.016377486479263764,0.16194827063915415,0
1972,0.2939068329627676,0.3681131319127007,0.25480126189146796,0.1670494421948842,1
839192,0.15391978978464066,0.22798285077599412,0.07174002825256726,0.09203177960436708,0
522162,0.17343256405854635,0.2658703499963181,0.08807026122317874,0.0703815534671684,0
778773,0.05078699426784399,0.05539186177182143,0.028170002593212447,0.07320031301984771,0
1192475,0.038586208218583475,0.03789576124312055,0.01785338899312173,0.0714115544954334,0
2575363,0.06185474954856877,0.08748678034579216,0.022674542135401123,0.056544983675261756,0
42691,0.32231284584016057,0.5378009320680714,0.04232016899351651,0.20358164554034933,1
2237614,0.04533294339971249,0.05546944039120971,0.024841337800270195,0.0507291093201329,0
2150493,0.18928235823356593,0.3236735162778144,0.04466994610549228,0.07022308131505535,0
1527481,0.03529093089967568,0.03372636011832264,0.028574513495733103,0.04927698395897215,0
1025587,0.06544640833282615,0.076038369631801,0.03213905545451638,0.0889275344028537,0
1384971,0.07237593450560056,0.11111763144392273,0.018201697088922074,0.05678304828481287,0
441374,0.17681070183685324,0.2675260424656656,0.027374344797122165,0.17417688582441898,0
1943545,0.06486033005169217,0.10233056189765177,0.027004129876482957,0.027969050699606982,0
256295,0.1518713871717487,0.23428401954954958,0.024615409510026446,0.13672377271982983,0
1193305,0.14661518722129835,0.2497496830558812,0.02091272853416186,0.07733263566554603,0
2231551,0.07094087371784825,0.11376682562620588,0.024611094146861676,0.03337066330343405,0
2350128,0.06498771250582198,0.058757762057617735,0.09985851649633579,0.028256382640561937,0
2284584,0.0653579743692892,0.10573038581683714,0.02997671353886333,0.017498836996058125,0
838599,0.1124808030183616,0.15096567106785197,0.042403535114921516,0.12138453474979576,0
1044441,0.23330044463258584,0.3911922309631901,0.01925189854617172,0.1596437979356964,0
1917556,0.30272196110306315,0.47382720009016954,0.11772981620368259,0.152447080984368,1
1968127,0.05110036818223646,0.08375665907943508,0.025516030492061602,0.007836147474502215,0
354006,0.13725423121965033,0.2100940218181584,0.024184332697603124,0.12475960250645099,0
839227,0.10927873675985178,0.1298736421398955,0.0765592765196369,0.10687066367006486,0
126534,0.11362472299925834,0.14936885641005349,0.026533478747447485,0.15490125584998674,0
812715,0.04444728671105251,0.039733511826992474,0.02111416454434101,0.09123140717126986,0
2604439,0.2823212218472703,0.4794586204823864,0.056986305162831576,0.1274801002861382,0
1603046,0.04139524372201305,0.055399989986463005,0.02887972454033763,0.025156656833401302,0
195067,0.1195845675280289,0.15726129782720288,0.023740072683805197,0.16915948404642955,0
640948,0.07718670658354883,0.09081218968908211,0.029656325139921124,0.11441857098515716,0
1105190,0.04274910490033845,0.04992372070921991,0.03433864388272428,0.03742825690455606,0
1855452,0.29854778851872166,0.5143098785722627,0.022536038140368357,0.1731601889523991,1
1813088,0.02394216497604748,0.020833311044164637,0.02856942239550708,0.024773413676565194,0
529621,0.0592204899706958,0.07644206660542974,0.024401634291411928,0.06839483190278679,0
2638505,0.24567442000558573,0.42690692109308226,0.07768138381341944,0.04458272157509376,0
2415696,0.17478478748692527,0.25269879179278876,0.10687049992071873,0.08187120807157634,0
1919771,0.11887976164777515,0.18724776636829643,0.058555551865131825,0.03844606452043696,0
2475455,0.07411646591618312,0.12088629049537614,0.024769875871438442,0.031211789535317603,0
641535,0.22827144812414496,0.3135823430140696,0.17540465789458554,0.09429439624367254,0
1562073,0.055796244784230085,0.06691709904536314,0.023606316326975955,0.07627900181727866,0
2075142,0.07382468904424991,0.11115831451124536,0.029625241457358197,0.04678979675709881,0
2007605,0.050052197351019304,0.06005549182343273,0.04617185414663809,0.030864475976557566,0
1327766,0.04157020894783987,0.04437348569838695,0.030527294995069697,0.051126388000627444,0
776437,0.02914051448011579,0.01576696574011105,0.02206853943962006,0.07318234889087123,0
771345,0.11180174702381991,0.15453968933404205,0.08158296750768966,0.05028506052245992,0
78721,0.12745924580004223,0.17794226517243728,0.026256881550991453,0.1530552437426308,0
1131942,0.035224088143568366,0.03706142572221849,0.025821737830070458,0.0447342696671899,0
1358864,0.039760963156557916,0.04143073011520393,0.018990730418693945,0.06674189486673884,0
719699,0.046483545794966066,0.054399331533346196,0.02692212607259601,0.05603621103257084,0
2755080,0.44508465856370194,0.6936636917539714,0.14742909338253032,0.270120423359786,1
2509773,0.09192126590766349,0.1531824872577674,0.04194358746539293,0.013734730195809544,0
1236098,0.11378881500925808,0.19949729398024907,0.01640492177943357,0.04559345742651736,0
36290,0.14693012476353828,0.21915283275279807,0.028463300933373455,0.14407359053563612,0
2698996,0.22374578577115442,0.3380131475080843,0.10825930830208635,0.11130709763243181,0
1426075,0.07731731863613853,0.12360274368994484,0.028021439943925322,0.035547574039942555,0
1655608,0.027313440073586513,0.020974978332575223,0.040269621851657986,0.023725321759007528,0
2623150,0.16158298155959688,0.24701341641773156,0.07268715591855673,0.08135063287582035,0
2658136,0.44898886867314175,0.7400230734993809,0.08180624009349202,0.2721772994770185,1
2051349,0.047800035497733026,0.05174863172864974,0.036742862639611365,0.05451430420762373,0
2753305,0.2843331834033137,0.46728069653998416,0.05166077643799984,0.17597301100960838,0
2418379,0.10888337655808292,0.16034587258615318,0.044591320369676106,0.0766652207705175,0
2261136,0.13932153080315984,0.20200379821956316,0.07036204798163334,0.08605508649444134,0
300404,0.14318877371321306,0.2183876659451388,0.02161792081101076,0.13754782248670216,0
2544062,0.03354312231764422,0.04157340760823636,0.01722120233552421,0.03795028906434389,0
1581161,0.07780106408424754,0.12243684033514723,0.03805285431245225,0.025833938114691247,0
858161,0.07004848160625415,0.10121120383270288,0.03714401008425655,0.04149838332312875,0
1033801,0.11176032324087462,0.1602066204842958,0.0452831353562208,0.09036036195930239,0
2236985,0.15502976866295284,0.27125228683520397,0.026187605438482957,0.05773671806902986,0
203500,0.1242141479077978,0.14997211946752198,0.04470277293818036,0.17908628146291355,0
1979494,0.35968332310584755,0.5950039566973574,0.06167861320741961,0.2183888039747148,1
405502,0.2669475440803858,0.4454391885075958,0.03891878722164957,0.1627615683004653,0
399134,0.32101543785232745,0.4682282409664297,0.14409741802527487,0.21836045980765068,1
200448,0.23861330936299477,0.37937414502826117,0.038516881345896696,0.18685586222547584,0
273641,0.13003965311726787,0.18123195650574786,0.04440479567140282,0.13051118081486543,0
2708990,0.29130392338473593,0.5078360002528701,0.04618774087793628,0.11764800497459979,1
492775,0.07630200830567317,0.10980929477326151,0.022327733667837902,0.07349520409345521,0
1370657,0.04997667616671954,0.05562053447099102,0.020838408261792108,0.07957443226343197,0
1640997,0.12027969559620469,0.2105824517380459,0.028486996273900143,0.03221185422505844,0
631864,0.0921287403646842,0.13872134545903747,0.01847183516344047,0.08613258543066658,0
2526806,0.03648362615487555,0.04974630856241313,0.017942719702704293,0.031138279814288482,0
2750198,0.44205733691820603,0.7095368087336672,0.1258896749788811,0.2476101502885405,1
2351807,0.16220395236741553,0.2728555935516317,0.04592857548538344,0.05998791472992326,0
2426129,0.27003914212393554,0.4447697789032671,0.08526246773195911,0.11037756176357127,0
1321439,0.03917594384483303,0.047459779722993534,0.02240547889209649,0.04362205157853656,0
2565217,0.061114084202098046,0.0868977633991761,0.02109115561323474,0.056689279092697886,0
2209387,0.038528533278196136,0.047576100843957914,0.02613892448798159,0.03449402754911354,0
1838214,0.15997971475571032,0.2735330381615909,0.024816036004475853,0.07884192436786049,0
689428,0.17336954830943588,0.29418913573905925,0.05139676229232174,0.054279758761048694,0
2704768,0.21716031872150152,0.36769623039984867,0.04200326385997537,0.10355612181792294,0
648825,0.1897992798172298,0.30088307950180926,0.06277199445358063,0.10263070865125501,0
1588818,0.17192059268903723,0.31530064952611525,0.025992100430972245,0.03236318898343974,0
165260,0.19392560660968905,0.3157462550597495,0.022551047820640147,0.14643582366811123,0
224716,0.1394544887994774,0.18788782616419608,0.025908857840157746,0.18868959182666012,0
779294,0.03807188392143385,0.026846630661747972,0.02769400508251371,0.08170183532902875,0
1719258,0.08625925473076639,0.11532559224186567,0.049555244210486175,0.06864942673343849,0
486241,0.12764314917591366,0.20826608257490875,0.02287763514100081,0.08323408673079515,0
1925689,0.07917445760449046,0.1255748067609529,0.03286174307329731,0.03264265651012412,0
1674222,0.053523380181575514,0.05754999412686168,0.046233002353701445,0.054392412060171196,0
111287,0.29529638326538415,0.4998762529711297,0.022236350633400112,0.19343675794899629,1
1800387,0.4843256942083599,0.7644682091795819,0.026789183720167514,0.47027417251259374,1
2524989,0.255793904477627,0.44666733324502184,0.04476162422408542,0.09515875293945227,0
797599,0.044211821796255234,0.037756513060404506,0.024945518151180873,0.08924954910349359,0
565216,0.05335876984169106,0.0648798304721816,0.02343644476179929,0.06943960588530235,0
681452,0.08687979697295567,0.1049749452060934,0.07351187453166894,0.06169381005204148,0
1640799,0.02763885495990855,0.02599283118755813,0.030505785618060013,0.027453518403557413,0
121614,0.13888739841323838,0.20042802997600162,0.02102879275611606,0.16182372799201386,0
2657171,0.16007347649344314,0.27872129287352265,0.017727621857479586,0.0769727174971897,0
74627,0.1428399075335987,0.2130845358273713,0.02972296737709152,0.13690374703392802,0
1413514,0.043800111672384755,0.062293671766001535,0.023042487931414578,0.028702647049798077,0
1318401,0.04566145877284821,0.0632461342480527,0.016097088510252208,0.04604632547873099,0
2698102,0.221151379159962,0.38345240681251236,0.02619522551751585,0.10783304049225531,0
2323596,0.045700792570043586,0.06521437010874576,0.026968467417917554,0.025015336451477216,0
1127030,0.06202527745366117,0.1020444366650266,0.020926594505678287,0.023625403847221865,0
1857015,0.0207125712123358,0.004826812235072975,0.03247326231883519,0.04278593199574377,0
2497952,0.04640003655457191,0.066362328165115,0.02995967767170906,0.02115484585250847,0
501180,0.07396335076345156,0.11091695021796,0.013477137271846944,0.07230867236458743,0
651248,0.10173361228186385,0.12976163352937387,0.0401323094520059,0.12406551340787575,0
1740451,0.17483102628365568,0.30639530208495624,0.05196466263482412,0.030219882253651593,0
924696,0.034202569578822006,0.04069293361094761,0.01764199192234027,0.04281752598323058,0
599942,0.06255326587240313,0.07793791767713965,0.014065013210119309,0.09682401535398757,0
2151388,0.04083159079115568,0.05731818793249599,0.02338437082200072,0.025785927891537327,0
1398137,0.2502217711465565,0.4258410364051882,0.019909016038971872,0.15664274066135409,0
2257508,0.12187213386642055,0.17656954165067784,0.07247930750085535,0.05921785395412515,0
94491,0.22506693443019604,0.374202189691732,0.023900409248250255,0.15397858404927486,0
1307373,0.0776102727271129,0.1304525460992595,0.029155109162784142,0.01818733464323957,0
1158141,0.036615783007429986,0.0350147707029399,0.02947144743143195,0.05133481713265224,0
368792,0.09783813486943396,0.12407632823933945,0.021750216864507607,0.14637452845205975,0
1721891,0.08783453805575907,0.12023370835587954,0.03560825563571456,0.0851760359355246,0
2394299,0.0685272879357587,0.09330390371681263,0.032693722300819794,0.06033609693553221,0
733276,0.09505268710495962,0.16140119626518756,0.023480481131126586,0.036539723165139315,0
2525334,0.042740501361228415,0.05252903090060723,0.033529316842469375,0.032085954290919934,0
1576852,0.13626970741327243,0.19353154162456854,0.0758235127793388,0.08378441383593259,0
726397,0.03286542316030173,0.02661448461964977,0.02700820348447326,0.057278599025674316,0
2442008,0.5010066684289103,0.7438636881069431,0.06318837109945655,0.5505915652280088,1
1224357,0.30059469763596375,0.4891029361597534,0.10271603568537858,0.12614209425236728,1
705978,0.03631149300477198,0.03382345613726678,0.02887771159999964,0.05368225728069347,0
900666,0.17622757052555257,0.30475662651156366,0.02784375520822534,0.07748065353651563,0
2127786,0.05650628995684406,0.08686959252547921,0.026574360449181884,0.025495927796749435,0
2756310,0.2916352718693698,0.494779085327714,0.027290233193122616,0.1802932962378804,1
2362047,0.03767042979600661,0.04471854489129601,0.027134770407425533,0.035853631140654735,0
152496,0.11879170039024875,0.1543385800012863,0.03294411162168703,0.15869588451549746,0
1648777,0.11426649253343307,0.19990796851033343,0.043112803544545684,0.006893336074513256,0
283889,0.13071622462301263,0.20139971146835955,0.020604275079099628,0.11917543182551488,0
1965774,0.09494628132542238,0.16751222975930746,0.014145559694141129,0.034732492687631546,0
56860,0.13562458139378342,0.19681642492999962,0.024390467929935856,0.14949614274901415,0
71827,0.13961141692574347,0.20716281107644885,0.01725182675524469,0.15427231680472808,0
2179090,0.031859068063135,0.03960297468389695,0.02164611775413146,0.027818726974735433,0
1202610,0.1607409491782849,0.25715076016297045,0.035819715925000536,0.10709827159649749,0
1198167,0.051162414462339476,0.05040794608243915,0.034829773595810416,0.07754754671188387,0
1004297,0.04740973037419023,0.04744294414781425,0.02185819075354349,0.08565400537110028,0
2232094,0.04227303724167194,0.04480050185073714,0.031215242394603115,0.05254106798961217,0
1996821,0.3406147268523313,0.5783009870414819,0.037240174845045576,0.20146090439038336,1
2492812,0.205408776538462,0.3526668386100602,0.049988776955166105,0.07039362073441045,0
2088340,0.20784820757749453,0.27021620545614544,0.18452158754996903,0.08691814292215544,0
524413,0.06227811123933372,0.08230325415208195,0.025424222343194195,0.06749608730167243,0
1575240,0.1428936800632225,0.20954924726990753,0.05766894531483714,0.10409186416908797,0
2616559,0.29903685185618106,0.41534287814232596,0.2614192167193533,0.06469823884606042,1
1469857,0.052647571496942054,0.08862963248143785,0.019516110421014084,0.012389610649594507,0
407406,0.11411265247954964,0.15049585353065809,0.022369952422564763,0.16076869993725587,0
2642761,0.2134500404621957,0.38394249308335027,0.0427589964592058,0.04325547491379422,0
1518436,0.062215763782194095,0.07782350575964025,0.04389408436496898,0.05067892796441637,0
2235097,0.03858089860127166,0.0485957357897302,0.018349804811160574,0.04389044631529196,0
2521123,0.054310643451698525,0.07723464509466182,0.029315756783234524,0.034492969346986285,0
1639685,0.026833022189167242,0.026389711482153966,0.033012713699556225,0.018671761691116947,0
731851,0.1387122703300973,0.23900774655429802,0.022881639161920687,0.061719526521860434,0
240094,0.17227205120946526,0.23350692417889873,0.05057304558804176,0.2017333772180169,0
687711,0.0516157987125244,0.06667508849590509,0.02409053699171972,0.05525546683527969,0
2107659,0.06209138500868887,0.10466678237912042,0.01888472594290952,0.020462880181279022,0
599647,0.1733092761554435,0.28789759122615355,0.0342391668224835,0.09544365247810832,0
2291759,0.06527312819122202,0.09432637299370861,0.041400690233879905,0.028448673121018724,0
413805,0.2878773493261536,0.4694090465116608,0.044339065668876854,0.19935553184830088,0
448406,0.22148276362032454,0.33893466218833124,0.04451981432683314,0.19329744114054478,0
551288,0.05261766312036535,0.06701806389715392,0.017077425818561295,0.06992701713110001,0
505370,0.06482697623860435,0.08862600680231925,0.024883785603389396,0.06524418578213959,0
501302,0.1403153017343334,0.23705695936987692,0.014345968289076232,0.08741515781336033,0
1314457,0.20392996453362208,0.3530563586202896,0.033711286813326455,0.0864419958973966,0
1980114,0.06508931408253815,0.1071411276073011,0.018493193695478912,0.029853960851219597,0
1278641,0.05344193665532388,0.07021153160229066,0.04586856112878501,0.02287801257771526,0
1710952,0.10925755103146394,0.17802078945538302,0.037975115280429114,0.0442731085982185,0
1783766,0.14071976094082742,0.2543730454688641,0.03545481773663459,0.014483964427025002,0
2109685,0.07545774329067317,0.13220950504090423,0.023647231000722056,0.011294107350022252,0
2524976,0.1344704651817359,0.23131160352872948,0.027663291758376042,0.05257837944929165,0
1176305,0.03645953134032451,0.03356529232359673,0.023374515003478476,0.06332265338741301,0
1018347,0.0627628212431056,0.07664926042692122,0.02074121277276386,0.09107913598907917,0
2457022,0.06696428612798562,0.10612800463273098,0.026471465528018046,0.029794220766073607,0
993725,0.04614051695978802,0.046351390030319406,0.027740370904050567,0.07321355336706574,0
1738410,0.06766013185791983,0.11026706705062483,0.02274562157391658,0.028514559302162172,0
528917,0.1416960892831502,0.2505892132679407,0.024717835448493177,0.044930660073159455,0
769677,0.02958311371558453,0.017150160301408035,0.021182067077488834,0.0732670672081693,0
976618,0.05083511469795359,0.05492253018655735,0.026146797516068274,0.07764905174927217,0
2705106,0.4957743078429187,0.7695138066653344,0.21293202272909167,0.23568898845761993,1
1004734,0.1138564216015249,0.18819358616526438,0.027558300196177242,0.057460692300197645,0
190491,0.30605828423150416,0.519559134560007,0.040577287306401255,0.1705276537979013,1
812888,0.06564523211038728,0.08762251238337904,0.02150857395747557,0.07690701865727544,0
2297982,0.1509026419710795,0.2806976952816712,0.012216151885449956,0.03444474382304456,0
539592,0.09884036243037717,0.1596755662965389,0.02834330084883455,0.052497945137286714,0
941014,0.08797667093883102,0.12653619405296757,0.03566011257764294,0.0700527006952718,0
1741522,0.05281543513849902,0.07300589411962533,0.03632847244981555,0.027069731718708464,0
1817091,0.022265972425986793,0.019420577247281412,0.02955904061953254,0.018439858082431624,0
2564863,0.2116102508576041,0.3535954146427088,0.053698152543842345,0.09351548886548486,0
2713978,0.21289504330350928,0.3710931632272979,0.025147763220181966,0.09902066361902864,0
706295,0.04158137627760745,0.04727888325786089,0.022714252078690492,0.05563829512534927,0
2650984,0.16894056519161704,0.2787682237942435,0.05688719925884783,0.06245146758420476,0
1421388,0.053422764514411664,0.07078178501671284,0.03861426715338695,0.03223795930019581,0
1644462,0.14094131984334587,0.24127596454522904,0.037884571540287175,0.04468983054322597,0
683690,0.05480650448375055,0.07313711300223191,0.025706688131507414,0.052629707715911855,0
1868773,0.15618091347201943,0.26455355371002387,0.026155542580754216,0.08028736921390607,0
2676941,0.16782200405842024,0.29124447151908306,0.021473334724408256,0.07878883940778109,0
991270,0.059008519459952766,0.06628065068684252,0.02758549629715254,0.08796272613692874,0
2262922,0.2583509874058885,0.4145306416774318,0.09705458942524485,0.10984644869799573,0
1480374,0.06805954807441798,0.10466661346830719,0.02690524488252605,0.03827333937753285,0
2579510,0.0560654426771061,0.0838130405706341,0.014261241903452035,0.04940274910376719,0
1259732,0.08875894373937888,0.14371314248270006,0.02950513148863533,0.040254165257191235,0
2273029,0.0804292935129449,0.11522332504236077,0.054113806361469216,0.032917445416618764,0
1705221,0.16230215008709786,0.28543450853426944,0.018087688956683036,0.07079294566479119,0
2222042,0.17570628080302045,0.2997433505029642,0.030909478348050773,0.08280881023561554,0
581612,0.07330322815306334,0.09581190945330043,0.035454421960635696,0.07380473419111205,0
2699068,0.47517543932956186,0.6878463569140612,0.30291763367708563,0.20188485384702806,1
1702966,0.13584600399522817,0.23034442466078642,0.027887000090623483,0.06153845818823958,0
1794744,0.11752470687633215,0.19675837162878507,0.03595168955535444,0.04180007097666643,0
1248385,0.07195456908912026,0.11148907423135757,0.028845268041252405,0.037782257805328755,0
2087102,0.14688108457023513,0.19544809839658472,0.11228824457705947,0.07735280999412465,0
1591210,0.14467636081687993,0.2540223420135178,0.0517071756442207,0.010765185584273968,0
1665289,0.022108503253366697,0.008110923386832058,0.03468426361857437,0.03823881237189177,0
619513,0.06665412664165253,0.08065426020349986,0.018765264476910324,0.10348708598414752,0
1525663,0.12641031586796972,0.22052688026418055,0.01671662750091716,0.05565943742802152,0
875777,0.07014407760945196,0.10197515843613392,0.028138517525515473,0.05357471566865182,0
163626,0.17644415868793,0.2788884096538077,0.024754914778227496,0.1478673971377895,0
2010762,0.08889072866739117,0.155444119756604,0.031240341838081914,0.008982831188323003,0
1229177,0.10689869010065067,0.17177898825874516,0.04843129015528504,0.03239904462346285,0
555185,0.07646087418203205,0.11086245785294324,0.01641971093797129,0.08051865987084524,0
253642,0.16594029684336362,0.23670956181927294,0.07494149078865742,0.12551534348564952,0
184583,0.22426685139296165,0.363443457125201,0.023599370976273615,0.17732655768739541,0
2162219,0.02806141807133862,0.03571232244700995,0.018775573669078383,0.022862923735550666,0
2466762,0.16705426249687866,0.3055511344466917,0.026145136866992325,0.03217577106717564,0
2510512,0.06723940343724234,0.10770686961593556,0.03178220994087972,0.01925652823505327,0
2019256,0.06579395365319604,0.08926611622248404,0.05879232757534576,0.017615986346751503,0
1421548,0.09365765256542971,0.15141633300975188,0.03299379393504473,0.040256739400201726,0
490664,0.06837592213924334,0.09647206612482173,0.021428534542115723,0.06855664357098885,0
1604768,0.021999158471303744,0.02595215190731659,0.016514318398496076,0.02034393499048314,0
308099,0.12054131395325988,0.13596058750883322,0.09044554417597665,0.1271367847302514,0
315609,0.19038881823588444,0.2887293405794681,0.05712100127535568,0.14443923781771842,0
1965871,0.1461832377362652,0.2606324507162834,0.018637943708204208,0.05137814632831126,0
702979,0.03800493620628628,0.03820331481255346,0.025576966875794974,0.0561509436863553,0
310658,0.12300710176415142,0.1647468120689165,0.04802831658873744,0.13112600376535963,0
903864,0.07910988544416869,0.13173901355289175,0.025588269127724685,0.02781948964702709,0
1670525,0.08715707144415709,0.1536940282867465,0.023985698485192036,0.015571738776131171,0
1487541,0.02096287644154135,0.009936724897513516,0.033216716656487406,0.03014749497919185,0
1468927,0.027574643831442196,0.0301829240123076,0.026583709534401125,0.022540344824840294,0
2018368,0.056744334174853854,0.08008393174743511,0.027684140021553883,0.041985631473350674,0
2005208,0.1641196468426896,0.2790817694864751,0.03160759993173975,0.07548241059965062,0
1219877,0.14076522764278768,0.21648726429889453,0.05942371044211199,0.07347241180353398,0
646976,0.2785790010992863,0.47609757015260634,0.033862568007491566,0.1518572281036783,0
1617386,0.1358009659636237,0.2477671742587657,0.021543122402584023,0.027272210567328124,0
1318660,0.11765548936122244,0.2001029721364057,0.02701771759129805,0.0474934400781508,0
2447916,0.1843449816363357,0.3414385641117055,0.014824495144977627,0.04589175518494833,0
708848,0.18034956269600494,0.30636596519912485,0.03824848839915206,0.0784601678834846,0
2687460,0.46669379118991006,0.7581996222464502,0.1425640862890944,0.2241237708997832,1
2496569,0.03664299528838803,0.04939427334299318,0.023744089011763874,0.024113159566811423,0
1601732,0.04585393800042566,0.06769210703246309,0.022611219442623655,0.026122593257035115,0
2720340,0.35088870827107915,0.6207934230566188,0.0489822878113992,0.12898655199675005,1
182640,0.23271659924044014,0.3825614547575783,0.015476800175073137,0.18396415904564523,0
8480,0.31785395242573433,0.5398810717844537,0.050477040578573315,0.16385152179967757,1
461696,0.31525997137535106,0.5248610604521251,0.045054388256238205,0.19656562336208513,1
1510422,0.077942489200962,0.11483398358856634,0.032137794102273076,0.05442079587998457,0
1597267,0.1384002877463121,0.2435302813872231,0.036128945199384796,0.02898231746442563,0
2383640,0.1523610530496998,0.2668301918510053,0.024465935271066996,0.058030882714385175,0
2331974,0.04216122657957603,0.056502708466365736,0.030039972370854536,0.02448940317568403,0
2608152,0.32296947117399666,0.5300938169646361,0.0971595811566752,0.14387344172338015,1
2332485,0.16209151848146056,0.29440913549748027,0.0313794085121532,0.02736564089537234,0
467943,0.11056868595802155,0.1657359471534624,0.039663188923744895,0.07900877852083436,0
2684334,0.1867009865543211,0.3193523472950578,0.019972007534462204,0.10516605323226771,0
1116269,0.09842219230936028,0.14377162419546263,0.051781067131364024,0.055010300361098725,0
738366,0.14739561604141815,0.24914603264204382,0.03025172205848624,0.06873541551425182,0
379345,0.14864345894451192,0.22950111315324928,0.027054268929015315,0.1288831084459134,0
2758790,0.272652734666379,0.4603586304606774,0.016289264732097863,0.18793320008205477,0
1022656,0.06544877618970651,0.07602384485830582,0.027354661132709405,0.09615227710370393,0
1015649,0.06214247496041278,0.08031064818345313,0.011523324601800049,0.09265076744073102,0
841542,0.24447154405874172,0.405726773663607,0.049039948372839676,0.1344808635754316,0
1710950,0.05985512518495699,0.07501491926445703,0.03766274978543474,0.05524420308549027,0
2717526,0.20981336781870252,0.36172073702106944,0.023218176931955634,0.10993773114290553,0
1269396,0.04184598481202502,0.05839305445817666,0.021578665134032695,0.0308792902136344,0
1275755,0.0457320440348727,0.054825548140957636,0.041563365642800755,0.029251301357768284,0
448880,0.2643645801310189,0.38040883090331656,0.11098237835213051,0.20432725586860728,0
726884,0.06634282404626819,0.09090838396021361,0.02520428891773325,0.06663672695420705,0
1814877,0.019492423995689484,0.019549565809530378,0.020598520215351735,0.017690425131593874,0
2760167,0.2755076236236237,0.4592354995440061,0.026540777869951272,0.18963820245317628,0
144717,0.11846958419300058,0.1473039618522437,0.044203496303398745,0.15778277187929557,0
1292879,0.06869821596945484,0.11293651249396652,0.030145000208764903,0.015932298299210553,0
631463,0.16902616650260394,0.27896951131291103,0.02685142599768543,0.10742991523421391,0
1333554,0.04873451777213236,0.05835888175054116,0.02548297636025903,0.05955091994392038,0
2372709,0.07920220270849798,0.1333118805593797,0.025004348587299326,0.025224789263091664,0
2623031,0.21323042955262209,0.28685387201185153,0.18280153321642015,0.07481516790885144,0
1892143,0.29499600209794735,0.49980517822834447,0.0635710583657422,0.13011047737026207,1
2146195,0.11220282935714496,0.20115540594913262,0.01279524769032844,0.038932760377400656,0
250199,0.3005081148372138,0.4854612482142041,0.04192131203115159,0.2260054856038312,1
1164497,0.047615161346942984,0.06590024509601256,0.021456976036653093,0.0411397299397039,0
1805763,0.13265577414201454,0.2276238605037718,0.042652002534670296,0.03024121564863776,0
1786644,0.025861569366546766,0.027028745068869875,0.027054641736626986,0.021154021555618668,0
1183250,0.04406251630863111,0.045997777270175955,0.025986601865960333,0.06633823556877516,0
691724,0.2196506062059776,0.37804754844822475,0.034828671278082625,0.10089115299220208,0
1270979,0.08505653640955527,0.1277299959964191,0.06055396861411118,0.015126739135561807,0
210236,0.18045533998081,0.26926342054561114,0.02318998911684163,0.1943331648647597,0
2359376,0.04230057662224616,0.051771063966595476,0.032703260953774765,0.033020331764079945,0
128834,0.2423188626570194,0.40161227104418107,0.029148909777766206,0.16384027100799503,0
2697652,0.21151224379476166,0.3781628252137452,0.012272742965629285,0.09374504149100131,0
1406058,0.07051803513347947,0.10646137940675071,0.038084384887400076,0.029310149819420463,0
183537,0.13860876126721464,0.18894675961856455,0.028180648687378004,0.17840593425859486,0
2293116,0.04787788083917341,0.07134126904990412,0.02504154714091138,0.023473910859739693,0
1191195,0.102890994825216,0.17475148570554788,0.019680086191709033,0.0480561305746468,0
1870100,0.033046330009166194,0.032893240012664804,0.020649434879855225,0.05202439769438612,0
2075781,0.07247677663038,0.10898039319202768,0.02910566097911165,0.04627440870316339,0
102367,0.2128103280100358,0.3431176683517184,0.04840392367684793,0.1336515836556111,0
1210739,0.06913948354938956,0.07661715417863946,0.047076247032743046,0.08354016175123459,0
1165187,0.03037521072806685,0.024470157257442837,0.02269242454455105,0.05666202367990057,0
2647117,0.18552980558656762,0.32388071184689793,0.03050297483584239,0.07219278606182972,0
2205642,0.07563214409456166,0.12667581651801763,0.02542599470730641,0.023332187116804605,0
329971,0.15406157865940043,0.14619011847696484,0.1826649134303033,0.13083522695913505,0
1527398,0.053689352716889224,0.04960869137462809,0.0695001798817157,0.04017476532530234,0
913072,0.05436651225986354,0.06299451250241939,0.03993920551672056,0.0544374717681884,0
2297041,0.1590566866768803,0.28928747964811463,0.02338659200403365,0.036984846258064495,0
1110589,0.09490405044198594,0.149223570876309,0.03443181014226437,0.04981360980576065,0
528472,0.07001526127589847,0.09063693268239092,0.035009978678969926,0.0709690066550601,0
2715065,0.19747567868517668,0.32329828589155063,0.05115698271083038,0.10239720463076128,0
43821,0.26718370266764124,0.43811515659393374,0.03885264191228067,0.18235165898495093,0
274866,0.2713105331218571,0.4594712431075413,0.028616709126014123,0.16494949415141114,0
1831098,0.030006142615585256,0.0312534377201672,0.02683046596479968,0.031651419830308766,0
446889,0.2212377200535867,0.33893466218833124,0.043661064019739196,0.19336034876749658,0
183770,0.22301201495794776,0.33458478085906884,0.05857973643561754,0.19072851798864038,0
1802697,0.07803432201636192,0.14174158497769573,0.022681510968871933,0.0017953811842623588,0
2554657,0.07649127246879595,0.12340056604917948,0.029390131219827142,0.02986975039129031,0
1652690,0.01938890927275893,0.006322886126839955,0.03394767370902972,0.03021582048315017,0
1924796,0.08345141998618086,0.1345210029897287,0.03048980542075631,0.03521988432544813,0
797846,0.051416079792078906,0.0395990600437961,0.04721855217575324,0.0872549205872744,0
1825542,0.08167745731544981,0.1503249536682303,0.016471303935438983,0.007867946503514906,0
1065106,0.15184590950241317,0.2629643904065281,0.03682754115872671,0.04657725975765557,0
744338,0.07443777495011024,0.10605449813231649,0.023932107276989356,0.07115446850427591,0
1568509,0.21648938939576157,0.3836161570450508,0.02422745570106907,0.08706537081457719,0
1798479,0.0401989730050796,0.05179856079571665,0.029441829613943846,0.027335718615190595,0
2520219,0.13915569391525665,0.24969478872979767,0.022820500552945402,0.037310746922370984,0
2540639,0.04995290889667462,0.06716102962040016,0.027897587515460613,0.04001558915918179,0
700954,0.10429591131548827,0.1809388274090462,0.02372176779336258,0.03354983636478195,0
433241,0.1451339603260123,0.18785363344401684,0.05343909175303885,0.1758770803904611,0
571926,0.16928695438885438,0.26912657543980645,0.060770987213425956,0.08246185252461687,0
946147,0.08955974024979138,0.12791575793145937,0.037894778970892204,0.07116713796397013,0
440063,0.17282847005086557,0.24670627949503465,0.03945612296903205,0.1881924670631932,0
1674531,0.020530191364492106,0.007062957511944412,0.027144910236298007,0.04427619768815248,0
1004386,0.09593554904539027,0.15850917788914776,0.01791195915439902,0.05653686177248344,0
18144,0.15978603910080344,0.24647783946868063,0.01857412160205824,0.15487441442922825,0
315941,0.12210123060977919,0.17910257773378857,0.02913440819261012,0.1190480964255094,0
78576,0.13934962440240448,0.19925596068662477,0.029440560425706606,0.15444737965690053,0
489516,0.09274354579027266,0.13383710907244684,0.045676187802153975,0.06061067456701526,0
2394091,0.040178270676593984,0.044965828756748816,0.024264062566527397,0.05208068764130679,0
1757812,0.03669308287413253,0.050927246700731454,0.024713426937187952,0.019077157213052125,0
288336,0.2222905621412051,0.3636918833895558,0.033763288856588816,0.15157816894725265,0
2537988,0.06427299523057399,0.10698620733170072,0.02016441870459417,0.023652829766726894,0
351860,0.1033979576317108,0.1282786987370209,0.038439550145203456,0.1386337160981965,0
1360283,0.12824302054571843,0.2163951394100434,0.019383823526180934,0.07115151891421223,0
2452118,0.11842080501453761,0.21453176841923238,0.027240778364408948,0.014913436477993678,0
1289112,0.032474150775462084,0.035460207618257855,0.027944112138538126,0.031804066623858575,0
1317781,0.0450595964612295,0.05018893021487547,0.04241542023463489,0.036202526417006484,0
539642,0.1667360671843139,0.2965163116337661,0.013615539210349874,0.07196624802162944,0
143216,0.26408025922751793,0.39549060557663906,0.09617656834117773,0.18740992968422543,0
476058,0.18266387670981826,0.28220728771544723,0.10443423480035281,0.0511498120599441,0
154121,0.12419886419623595,0.17215395196882366,0.023186480892376023,0.1558297197205566,0
2038324,0.23833654791873046,0.4084221865074372,0.07844888751624846,0.05295394205068656,0
1770370,0.038351215942483835,0.0479556007960672,0.03235155775430519,0.02333974109079339,0
1232216,0.10201348389092232,0.16174282551539154,0.04505461940919274,0.03812842655234367,0
2568430,0.05781200366401933,0.06771563707716377,0.04282643390507032,0.055531274769581744,0
1185413,0.039142736655532855,0.04046053980509179,0.016500231381917804,0.0698119866920581,0
363726,0.15881484590417455,0.21273322690823648,0.07514731578386208,0.14952018857448843,0
2526642,0.09487818802639714,0.16127484734407127,0.017351572783288013,0.04517646259687547,0
2759204,0.29244198610638605,0.4905174454298473,0.03268871710452886,0.18688324130051878,1
172992,0.1416607285969816,0.18685663016348764,0.04332347307602221,0.17617685796215554,0
1362867,0.11991202138434139,0.21215312075326465,0.01625134286321521,0.04480029074372246,0
77492,0.13117103788579687,0.19368155151219102,0.02239461300072626,0.13805939114741742,0
719036,0.06432088952193134,0.09012758582905178,0.022185515859242017,0.0630072092481642,0
205991,0.12423905988273634,0.15971917739294195,0.025874660144537806,0.18308536571452008,0
1307259,0.047994970489800975,0.06545768089489867,0.02430818602838514,0.039868371169180496,0
2406548,0.07073701930838652,0.10359161871104561,0.017803643487899652,0.06800058453246909,0
1312949,0.04929560551830363,0.06296349464892625,0.028174210464529857,0.04680797527240772,0
174827,0.11450375640689056,0.14773727980111973,0.02310594685910246,0.16851666224299985,0
2191394,0.035305870496493995,0.04856877349244537,0.018513499666246873,0.027337169251986235,0
520574,0.07517511982678789,0.1064909642190498,0.03523844157204129,0.056790526228252994,0
870571,0.1494115004006512,0.2596218551506839,0.044314239932064646,0.03153150422844936,0
334532,0.10387991513063892,0.13882958966435055,0.030177677173890655,0.12705908573148222,0
1445107,0.04168076942692193,0.03901852237565695,0.05579007986566631,0.027172421396967794,0
2157864,0.1004474990757664,0.17029769047530963,0.025694404914894414,0.037951661818216305,0
1385100,0.06888166659716252,0.1018803898070656,0.021222748104901476,0.057873236310796376,0
149349,0.1133413115028304,0.14944893484876298,0.024841963060705834,0.15582127580118577,0
1649190,0.06272610191554909,0.10043401910140848,0.03613568992999708,0.008341926929228617,0
88533,0.13587758589884483,0.20293828352653254,0.02321473598962104,0.13722011669346124,0
2564935,0.049494930719563894,0.06734682374339318,0.01680157109101874,0.053905237602808416,0
731089,0.10062375558849038,0.14193349043479442,0.050290756609081014,0.0728489169418443,0
945124,0.12644791617144194,0.21633880086294632,0.02010807128712055,0.06123047176916313,0
1709653,0.06412412347046935,0.09591615047945312,0.01900967200937277,0.05231573313965479,0
1094172,0.03411135600748145,0.0442130268799974,0.015152116111750488,0.03729603866978802,0
1719049,0.18390797026639039,0.3093613297549136,0.04029639053677474,0.08569194113950583,0
709979,0.13519012539465225,0.2168029011960393,0.03786150257003034,0.0771511201281175,0
1684432,0.027466631760436504,0.015568193651183782,0.03384632689825488,0.04764318432684075,0
2191979,0.033621514418659446,0.040384813274236264,0.025643742191622545,0.02867992562027274,0
1365400,0.04416023818790529,0.04684543694027443,0.023353160819453215,0.06865785735966054,0
105036,0.11905692864829584,0.15951528628029732,0.0291985028025606,0.152698673336895,0
2666217,0.4034508384773156,0.6263408369804453,0.20570100885998135,0.14285058664549297,1
1713516,0.04877724433339812,0.05955015745786829,0.024084600681441696,0.05888392700015732,0
292937,0.11207792406053795,0.1397327937525077,0.05655815729134506,0.1262203999844029,0
276532,0.177670124512479,0.272610614239875,0.044234727940671785,0.1404719950516999,0
136335,0.23690006866199903,0.38650510568591556,0.0369341622800068,0.162836335675196,0
2524963,0.27150214503694703,0.47077743517663284,0.05495659405693324,0.09813224615775341,0
1914573,0.21606896041501172,0.3539249913703363,0.06576864677635158,0.09687935348469051,0
1352799,0.04790753185494787,0.056208841338552196,0.01991085349468903,0.06914927568632534,0
374327,0.12738717311667722,0.18820685629458478,0.02218824716797251,0.1331363540949654,0
1311849,0.03863006646527867,0.04699197319680137,0.021188985876184334,0.0438869205201134,0
2200999,0.15505737258653723,0.27039432754774306,0.010435118730417097,0.08364836596770281,0
2495782,0.20291406854240235,0.36037229242213087,0.05618325261367736,0.02936473273616845,0
1980128,0.06856376158345029,0.11980595320502552,0.026087581225718682,0.0041725530661096185,0
1129705,0.0620299524957251,0.10032049595367154,0.021502181908557738,0.027095249731610045,0
1058127,0.07194288403322775,0.11412028208422176,0.02750001919866342,0.0331636861575892,0
1934158,0.047137717688284224,0.06453563289954412,0.03208556557492674,0.02622115783017072,0
1253163,0.06723056389888055,0.10654044164277598,0.02161757679552884,0.03737535019416953,0
1860804,0.025826029087684665,0.015875152204017695,0.03138221273225861,0.042368945829991185,0
2512156,0.04041852504315258,0.053749449663782256,0.027177771843051188,0.026952343291730515,0
241187,0.15962253054272235,0.2232192090672166,0.02449657707970521,0.2033197644260124,0
1656963,0.06037232727318407,0.09110542080864992,0.03919359178989782,0.015307696659448816,0
2054421,0.10626522127129977,0.1816108380426693,0.031122133605233582,0.030615810841975198,0
2014504,0.14515346792676417,0.2513278505976583,0.025058719155175716,0.059859634406911624,0
2756219,0.30916037956222897,0.5065836464506788,0.05993325845146714,0.1894428940072472,1
1664835,0.017702223472792915,0.005036717875494756,0.027374361633393022,0.034857780225138156,0
2560029,0.17204220018317137,0.2929107877150243,0.0438650553116886,0.06213644866076316,0
932758,0.14368171976298502,0.24645016091178096,0.026978239500090113,0.061815837285337454,0
182229,0.13917740944189302,0.19008651753268402,0.02978490387820128,0.17599339756045312,0
2448302,0.341198814624774,0.606091867887559,0.024894173682910217,0.1534231428806074,1
746249,0.1722251287307891,0.2986194098586634,0.016237868403960968,0.09022031640134556,0
2690952,0.19933378120552178,0.3509799335244115,0.021169749730676642,0.08746444762056518,0
460292,0.26747183201346814,0.41174352033648154,0.08315600461985702,0.18326635229635113,0
913974,0.047769288523936415,0.054258827661388453,0.03355657070288975,0.05286451741187633,0
1795502,0.03421436791617998,0.036515610628118034,0.036871057643376386,0.02447622654554024,0
782989,0.04322594440425062,0.035036027268091297,0.03473679506810839,0.07643446124886226,0
997572,0.21950608800238994,0.37330419511807234,0.028401489893240605,0.12166771737690785,0
557314,0.17507860107723333,0.299910633156907,0.03059511278551346,0.07972375331562892,0
1093403,0.1364240709283769,0.2345285172636008,0.035982802200389075,0.041824858182298974,0
315632,0.11529800211924818,0.16466675248378204,0.02722036302138774,0.12399258485470416,0
236483,0.13803285995015926,0.18210782765220945,0.029091077459281776,0.19125811443135,0
1450448,0.02700591295395594,0.030290399869339124,0.023036600557078624,0.024748664260813943,0
548283,0.0721729297567488,0.09965723035880591,0.035340196864143504,0.05871127759051392,0
777257,0.05240226992075789,0.051909088728249286,0.038356353347565306,0.07470409776181826,0
2253490,0.09569243136602484,0.1365435723601255,0.042194378742970384,0.07381165781535488,0
2764156,0.3750905820796424,0.6270065722221495,0.061862588178704436,0.2151425975747816,1
740305,0.08591875007199554,0.13532502735014829,0.03182628456322174,0.04354175513977429,0
2484958,0.09257484645545024,0.16411467600213536,0.027514109695087312,0.011316377729281757,0
963422,0.03733553934336288,0.033217308056318395,0.02636839183595964,0.06408183882207896,0
1773336,0.03237447488229124,0.044255341280231786,0.019441604337414337,0.022071614704755233,0
642353,0.17162721650244422,0.27384900344976504,0.05531635784666224,0.09053903711781523,0
981351,0.08243685328675748,0.13607736005168203,0.01531486361594317,0.04901857088066755,0
875559,0.09953597430138525,0.16146752879330173,0.02287349168473315,0.05970081199657221,0
304277,0.11262433067376838,0.15609810854977957,0.028493360167014568,0.13013634174387112,0
1550254,0.043146516360096636,0.04498779865805147,0.025387636624921075,0.06518163021797291,0
776768,0.05163524950861995,0.051934115248710944,0.03629283931980905,0.07390170044160885,0
956682,0.05525151379659561,0.06223663559739512,0.0463341587874295,0.051164741808346,0
112136,0.11778149027137452,0.1599167519816136,0.02073302197358761,0.15801603844245718,0
725225,0.03860639179952021,0.03978102844188758,0.02658232092492609,0.05370590650549295,0
362637,0.1821672053584209,0.2964646141748778,0.03308060269418231,0.12005358731363662,0
274480,0.16735540295655205,0.2753495497070608,0.02176284668461636,0.11575887048818359,0
382210,0.1145808973836992,0.1490294595582723,0.03001499932274911,0.1553083390386916,0
2352996,0.0672648920429274,0.08629212753033955,0.06591495544699637,0.021721708218293594,0
51081,0.13345543641809454,0.1908307492780249,0.02810718847845159,0.14803952617773303,0
804474,0.05590621803936058,0.05764187376057228,0.03435124530136298,0.08389953784332772,0
1871349,0.06297930690148114,0.10401486705917684,0.014057834409718018,0.03377261524488659,0
2010871,0.05884668838326301,0.0934761213702281,0.030288941878591494,0.015109725672857597,0
226105,0.26071523358079846,0.4212026091429545,0.03561013724310431,0.19715443918194958,0
2110386,0.05648774231845423,0.09536654102748743,0.019370900665102133,0.014966008025899357,0
1300168,0.18249639665717723,0.3015240442241607,0.05405184688448932,0.07759410239875049,0
930505,0.07453992553763042,0.1123314598114552,0.020462047057535442,0.06117790757321095,0
369738,0.22405466937866564,0.3689585658750565,0.03173836247740088,0.15026938848958563,0
1849153,0.027979376706622386,0.026005247558900324,0.01940167827493055,0.0457812472234653,0
530419,0.13913021305267093,0.24514851793809123,0.025241186381982167,0.044917990845153355,0
2040956,0.03243919953922089,0.036677532612664376,0.022749922193640127,0.03637728287398331,0
1886393,0.03177528249488254,0.020676701442137735,0.035897464773883635,0.0533384617082429,0
2209780,0.12162344457582205,0.2158911497850955,0.013970990056410015,0.0474328633317565,0
2101027,0.30012815730524556,0.5413439520280448,0.0179403937787446,0.12037031578799898,1
2110045,0.04381484614586167,0.060293816817228896,0.03067387177330642,0.022328881026276497,0
1327287,0.03746574619272236,0.037163337909447036,0.03613166894240139,0.04022288277639213,0
2698951,0.18833569466309605,0.31938976978223543,0.023618660855910162,0.10777605757602643,0
728001,0.07249586989102667,0.10568195542992365,0.03707794752564786,0.04265753959185247,0
1767090,0.03832338009415437,0.047834198599839506,0.03235155775430519,0.0235040673397153,0
1072173,0.055004297623319945,0.07770398275122126,0.028379414843836014,0.03819240897279255,0
628742,0.07790311763812098,0.09937442829487109,0.021438239300653292,0.10892215850244726,0
1604580,0.06886329563903512,0.11325546095643824,0.03545564290450126,0.007994361447328076,0
1385483,0.14320731891140556,0.24218673292809545,0.018633772234801924,0.08261910388458626,0
847319,0.33827666448295424,0.542658854934078,0.09970208879253299,0.1851830518907769,1
1950112,0.12263327555465472,0.22644238806422934,0.025037674169551508,0.009503896358373015,0
1762515,0.06716724632004181,0.11827756669114897,0.006904457849977282,0.029785628097370686,0
242192,0.19078215214971034,0.25592496508604,0.07254455748192973,0.205281511810557,0
2691101,0.5259884316159851,0.6528367130720953,0.41359100792714637,0.37746386350896743,1
626403,0.06303490318851283,0.07676646724575797,0.014023463673604316,0.10222315231776272,0
384578,0.21973878294197421,0.3685549101584612,0.023778404530090985,0.14163903251858165,0
661703,0.3602402433126637,0.5557027873114135,0.16004017632952047,0.17188398379050382,1
1692439,0.03240267230393789,0.032509903372372584,0.02303868966388127,0.04618056859293606,0
1861611,0.1961815140335551,0.32695340887029645,0.04160327159775615,0.10111914059540004,0
1537847,0.10281633362732874,0.1786964964729978,0.020699418488430203,0.03629129922150393,0
1884208,0.14011373913549174,0.21112229172332264,0.06407104005483515,0.07665640628689947,0
478529,0.1702817124512087,0.2761482897346278,0.0444119949241897,0.09441984553318943,0
345608,0.1516277069064891,0.23873646695438067,0.02869654724689021,0.11825254627615851,0
1994500,0.08447350133492619,0.15647370934470117,0.01828490514654685,0.0037558755930577367,0
1173996,0.03923787210563984,0.04476358096182853,0.01909975441697179,0.05563077649817017,0
1609713,0.2124856553756602,0.3809096800440477,0.05870085117998607,0.02210279999820267,0
1551766,0.052020452925351346,0.06811618104367745,0.03097783132043794,0.0433450650369062,0
1632982,0.13292805680278322,0.2392456713654293,0.026033945326936325,0.02747518760993835,0
1114069,0.04612658778461025,0.06111373711920376,0.03223229550917329,0.029500152861281926,0
17998,0.15965748322503778,0.2448112716340527,0.02044941924713255,0.15558510816935833,0
727833,0.1674861328165555,0.2848416697942405,0.02601701427649332,0.0863009681824361,0
1412014,0.09749363140486217,0.15755369821131593,0.03501164668121248,0.04106644147420231,0
1499303,0.021179454093854945,0.011807451808230396,0.028474901971504894,0.0336662879914414,0
927211,0.03256796549696394,0.027913158261951843,0.028058002743229355,0.05096992771509606,0
2329766,0.05237011577365213,0.08186243059955989,0.02810520307717167,0.015036697753603407,0
657159,0.15596684262169383,0.22864373248512637,0.05058755131245455,0.13234355492697134,0
317845,0.18116994250691557,0.2839592607717323,0.0573797235349529,0.10988197530281782,0
1453786,0.054067819097444625,0.07925412169903556,0.026064223712769553,0.0331074556704799,0
1697553,0.03573678961148885,0.032021935204030294,0.026890440830386917,0.058293448801788134,0
521506,0.10857942275086621,0.17577225030167454,0.015734264407263294,0.07986509138924974,0
1365630,0.07943978146482857,0.10887574516037035,0.03211766775875186,0.0768330427850892,0
654715,0.1306130114477463,0.1949880990749543,0.034896348917579735,0.11325028617497623,0
621015,0.08553483986625222,0.11266129209784626,0.024251100945113725,0.10964431766897487,0
1793406,0.05707231050932214,0.08888081241220858,0.023000605330684536,0.028658613520062496,0
2246311,0.13019099955025765,0.21481523616051557,0.04655988459018065,0.044077080464728406,0
469338,0.10221428083420689,0.1324795309112402,0.07088362384431972,0.07354714112645436,0
2156854,0.03908913146208466,0.054728647352379256,0.022490719670676135,0.024887959423460962,0
438582,0.3568668772269546,0.5944816304197157,0.08206913454721285,0.1750266082646645,1
1437848,0.1655679463183464,0.30287418655055254,0.02564229201255636,0.03219082719651611,0
1143622,0.044983548258123736,0.05571552117780776,0.02168819234529985,0.053096649828149496,0
2255093,0.19731677998040215,0.3478031725816877,0.025676558194139044,0.07856113115658295,0
1358861,0.046475761790233605,0.04398661359042899,0.04019860329277192,0.062114370035937685,0
1022791,0.0651418717697223,0.07060345780569444,0.03741741007667284,0.09307459921936621,0
1156138,0.048876461298224934,0.06819537663979536,0.022119377645473656,0.040714798423425805,0
2501711,0.04142674390284211,0.055293445669913455,0.0279987739147416,0.026901944467314497,0
31370,0.15248500806129323,0.2279670550158175,0.033198399639430165,0.1427098033077772,0
359676,0.12544579478362788,0.17370022627565784,0.03132087231806896,0.14599709975189132,0
1279756,0.04565100582110139,0.05766421287530599,0.0369558275470605,0.02866075559665122,0
1165354,0.13264534540041875,0.21961406904408765,0.03614284098601314,0.059977292912854925,0
1240264,0.06547060340269209,0.1011827681737626,0.026353475987461777,0.034865882597861254,0
2629808,0.22623195589320913,0.3933113544639847,0.07708664452313463,0.032251426521382076,0
1467557,0.12545425481748926,0.22060486987593897,0.030103205564959823,0.030604291050159146,0
895263,0.07521158570838506,0.12646874869936497,0.021967977139935587,0.026934091083609443,0
1133524,0.3014157331656412,0.5117351068327798,0.02350195249240863,0.19248797000764353,1
516985,0.08138962379748937,0.11190791264773514,0.03520933851470603,0.07436432959604995,0
2062305,0.0525321192024573,0.07848695685206186,0.01961687101774185,0.03701789735551907,0
2446792,0.2165459699405087,0.38142433546221766,0.03199972264905809,0.08116942707341225,0
1524111,0.054244016090368594,0.0666881958367147,0.030795989577626894,0.05830560649361585,0
2582679,0.07103773691414784,0.10501359821569767,0.034552915575776125,0.04082531566783086,0
1109479,0.12202715546694301,0.21490339434210504,0.020443705555292162,0.04221173314651423,0
481160,0.07763124896688406,0.11089564840574417,0.029221446009267297,0.06708495480615889,0
1848116,0.12848786898859454,0.21685257523175605,0.03442430209118029,0.0486714537268121,0
1193945,0.05065794260730193,0.053681036956649164,0.03028573994467605,0.07365851072787265,0
469522,0.21195639108545727,0.31875617530408806,0.13758153886889624,0.056519208863721825,0
2001859,0.06346131908115582,0.0960115169444632,0.027391895438786274,0.036189959886441726,0
1840855,0.20153983989442503,0.3593261842685256,0.017087864026933283,0.08375194276041129,0
545029,0.16746343598556154,0.28440611067263,0.03261455636281914,0.07738006870200406,0
1096138,0.04458562378358812,0.046340559324349107,0.043925363429685414,0.04118867546253974,0
494942,0.09758253596246702,0.14938357991205076,0.02574501448714335,0.07583620830149315,0
2453601,0.057713349090376335,0.09303016754224769,0.018974994680390874,0.027528834575676134,0
596120,0.0826329070576228,0.11503836341085716,0.020214285599383187,0.09524719836189632,0
910244,0.042184536463203276,0.04857126606319684,0.025357711751497546,0.05145794953077794,0
1223679,0.16554723913595942,0.2329244542089154,0.07722714175762921,0.12958434752106482,0
2049561,0.06538326592140682,0.09528306121059549,0.036493393251155325,0.03396858670381239,0
238561,0.17240748509590625,0.24130677440457338,0.03964286147892495,0.1993061972497104,0
1504000,0.019235929159598934,0.013947788188449328,0.017471632820951422,0.035102726095444216,0
1360459,0.1381837981091299,0.23084854305066604,0.028251449944460848,0.07142045800229317,0
36911,0.19490818036242977,0.31011482199604434,0.024170616505328358,0.16299792206404534,0
2574341,0.11901433139517964,0.19753074833763817,0.04146778046794501,0.03904311542988524,0
281673,0.28965479388882504,0.5079977201764649,0.035037281922645463,0.12572374611899467,0
794769,0.07980021352089964,0.11394611000592492,0.034118387500801914,0.06295821133848298,0
2104951,0.08049975488140018,0.1412015950426353,0.021916993237484417,0.01661929694418605,0
2183482,0.09071387359412213,0.15606713711204578,0.035893735573968494,0.009560921829543436,0
1007130,0.045227866069469096,0.04607680393398217,0.017999077393166453,0.08394870442264038,0
44036,0.13839119892235627,0.20021171677750027,0.026311608138787128,0.15195929045984993,0
2728468,0.24709417161248964,0.42773953789773955,0.03397424479319241,0.11516064612831073,0
2206614,0.050139417193012105,0.05571151981042344,0.05337234243939233,0.03135977277991344,0
1357683,0.04438180098928027,0.04499591393189151,0.03331999763026588,0.05943922367127373,0
895521,0.11445023202236608,0.21340964391289363,0.009364265143818846,0.02468065261386807,0
755477,0.03374624700766955,0.024984239060214852,0.027608418244768472,0.06485801002065791,0
2715448,0.19901304674062487,0.34640544177347155,0.019302672032325732,0.10009762122095679,0
1921801,0.07835456262364947,0.12314672254714842,0.037440488336224945,0.027745274246038846,0
1253084,0.06187618722723991,0.09610886442851341,0.027569788780963802,0.02775409189347029,0
1820512,0.12050075615386532,0.19388526923779947,0.07299767695326834,0.008294092244925468,0
2408002,0.06779350617235631,0.09286345021355158,0.032622586091697076,0.05787502619035699,0
712755,0.1762289380881089,0.30826651708104735,0.024181167632283188,0.07420664628950129,0
570476,0.07294906216663037,0.10372768611171956,0.02461112461249947,0.06850940863510371,0
1217271,0.10186115377008245,0.15242400619523555,0.030763744882143874,0.08210013603910758,0
4431,0.33042765141234726,0.568209418102475,0.0204072922681946,0.2010037734032568,1
2558916,0.046352657687235024,0.054561067362818294,0.034525230779492,0.043572773859891396,0
1760613,0.09419743101010813,0.157587676284615,0.027563825381977575,0.035672226266036784,0
1560470,0.12185308445906068,0.20309211911285074,0.03611119420124269,0.04736833321131246,0
384834,0.21093397799509134,0.3561570531883568,0.018335674040862057,0.13677374594327169,0
1615903,0.05956590726952369,0.10228495073486477,0.022854795959891476,0.007834965570619336,0
1475850,0.18099183639113664,0.32824500440172877,0.03831438333398637,0.026875095950381817,0
735935,0.2159812611960865,0.3724632667720561,0.06121731203080865,0.05692217100407916,0
325299,0.1694460796546876,0.24707953602070387,0.05806058321790049,0.14244068339482757,0
336840,0.12919530254360032,0.18781484354746203,0.02592242107575717,0.13755577223571072,0
2047366,0.052013708494413634,0.07774922645283111,0.019069964433583657,0.03709052968961491,0
882090,0.03842214666748435,0.047578046374780913,0.021937618323764157,0.04025918991482323,0
475723,0.24198961813018616,0.4115218195440987,0.043520243378891536,0.11586317672234676,0
1524408,0.052313402831764014,0.05040397854975476,0.05528591291258141,0.052628198415561045,0
1204705,0.06612241201403012,0.08744601117202733,0.0218577794869162,0.07921036290970794,0
1691122,0.14445339931453183,0.2415029712649105,0.03824101032755949,0.0611480529190437,0
2378446,0.048783863552733266,0.06740095208254526,0.025811592930975312,0.03669954816084019,0
2145359,0.0978213244965957,0.16924556153956571,0.020746154400283445,0.03487348703363901,0
2208560,0.049826586675163376,0.05975426277106077,0.034471654880467544,0.04803979412746365,0
628212,0.16828842896691762,0.27576167870561386,0.029794973609357824,0.10734548765651679,0
2062821,0.053954745778068185,0.06442767227391089,0.03352254202724634,0.0584207351646942,0
770737,0.038604048120953964,0.03306641242772401,0.027231474486634887,0.06950699780550745,0
611965,0.1754857057149099,0.28709655647953014,0.034894540562553054,0.10734532653189452,0
680119,0.10031469054833016,0.16594558230694367,0.02872998834595773,0.043614514455355004,0
781591,0.04410329707000481,0.03769358869136674,0.028605775037350796,0.083373851065581,0
71098,0.1453584411509457,0.20394095856974725,0.05137617725884295,0.13987554344209596,0
226131,0.1591270884465874,0.22621651638035378,0.03193244858698414,0.18219547840157632,0
1959720,0.20666189042800961,0.36922060898992515,0.02383622883302503,0.07450358641569761,0
1487887,0.13559103852413484,0.23321400724523267,0.05509337377327935,0.012280113847673604,0
374742,0.12463392872360984,0.18408736965787598,0.020213893045380227,0.13263037990528892,0
1757611,0.09310326257303786,0.1556690185421986,0.0277789400346559,0.034675356457708924,0
819744,0.05963849238074786,0.057487835730848036,0.03562523923970257,0.10103501371706534,0
812315,0.15892260860774235,0.2645604380237897,0.024751621702526188,0.09608451542544813,0
1486463,0.19666281869333654,0.33917064930638086,0.038122266251308136,0.07820407082376848,0
473932,0.27016583857075605,0.4758590094013355,0.02418588587237544,0.12490284054187835,0
2612971,0.29252758709714727,0.5055088782770356,0.05997619221826039,0.10890145146575692,1
518215,0.05454444890058966,0.06621731775171025,0.027229851097273522,0.0663341734777624,0
201292,0.18581530514096065,0.292356055564051,0.02285471209350562,0.16390431865441743,0
27459,0.1679736283363842,0.2592471975134809,0.030678521463821582,0.14573236570248638,0
1609203,0.14115599220442046,0.2535187263831068,0.029555937361509053,0.027649239022071732,0
2020508,0.12876902850878463,0.22057342189087392,0.02389572030651917,0.056568007356959556,0
1296225,0.0489593608511325,0.06300964851641455,0.033023030734448164,0.03773813686295386,0
2179371,0.04856669015748929,0.0691262558567004,0.023528954334636896,0.034724379643740096,0
2080321,0.0987348125685123,0.13535710815219038,0.05114055164557692,0.07857046499372018,0
1286482,0.08208627848091817,0.13119231740780368,0.02760853054819618,0.0410378030627873,0
1011210,0.14552180907105003,0.2440437534348222,0.019617750675583353,0.0880730357548195,0
1133087,0.0346161564091438,0.036587750708076294,0.024481466526841522,0.044889205485265954,0
481276,0.0707601795792418,0.09500759844396489,0.0307517457569345,0.07015428315089499,0
679181,0.06910844091062512,0.09731070772981387,0.03261293743856107,0.05334602907074933,0
310961,0.13285569699304095,0.2051971343220037,0.009885436930091113,0.13645749376505875,0
682711,0.07190359868124505,0.10654346993905417,0.02743018266373595,0.05201404456298585,0
2450321,0.0626682617305544,0.10636864495623599,0.012289576286322093,0.028985331832698875,0
1153633,0.03465422555719909,0.0427328740233186,0.009395805930285796,0.05234523383227025,0
582659,0.059905280428737315,0.07490505158751015,0.023542260721575878,0.0769503820925474,0
473484,0.12989736964457127,0.20578180004025282,0.03328097406291072,0.08511088702785823,0
446506,0.46771468051460785,0.7525451442024085,0.12561512706266217,0.26878785147302486,1
1115744,0.06592516676929011,0.09249641674795994,0.03347802296188523,0.048167757533722856,0
241738,0.18800975411222853,0.279874843693955,0.03163479748462152,0.19290946509932297,0
430248,0.156741827635407,0.2207192341103711,0.03443808757754196,0.1802539215347943,0
232902,0.1734782009545239,0.23753413750902808,0.050499115080172935,0.19780698837978988,0
1503592,0.0319393203980523,0.031688110778556045,0.028483243658794875,0.03775145955567907,0
830258,0.057543596105546976,0.0587510850113131,0.026923229658648608,0.1004554235114792,0
2087539,0.1651625912206482,0.21617386870180366,0.12271888762610449,0.10129995290957504,0
2198884,0.11161162644569408,0.19476544860181966,0.011369518875822516,0.05409023241018751,0
379368,0.10906367956234991,0.1470201519621841,0.018687318097851607,0.14973704075951197,0
2214005,0.12058755041017398,0.21620298499377133,0.00993878551922905,0.04752211128759803,0
310047,0.2193722284012578,0.3654186848440094,0.034050729478918296,0.13223833567788806,0
1964242,0.1596222547008957,0.2767505805507168,0.030533082892140746,0.06043519778947545,0
2570269,0.05935538956973156,0.06593306615342209,0.05341722659233501,0.051818442576600045,0
2646960,0.20695813034288554,0.33790189485075284,0.08122817898304906,0.06819364611297207,0
231767,0.15233443207275227,0.2069183846355136,0.03951970835156672,0.1850966362476273,0
721564,0.09993368043568215,0.16278921114289302,0.038634816008336854,0.03474315030867291,0
2063083,0.14479361917040517,0.2495048240094101,0.027782423523128656,0.0585324005438076,0
1517155,0.022885850503192147,0.013373460959612005,0.02674938771867617,0.04087151853891647,0
195393,0.16196720579273852,0.2459587434359316,0.025320986281173328,0.15695769095210346,0
1252561,0.059225823095801225,0.0917404826768109,0.022521123565812148,0.032996223438260676,0
802447,0.12361510006323301,0.19976329839161222,0.034142061486999095,0.06745416210663586,0
475010,0.1762410020622649,0.27398952817934896,0.06766268933122943,0.09473715586610802,0
2087114,0.1423076357565167,0.21789312453616017,0.04890964452313191,0.09344090065748524,0
803097,0.11041895982722338,0.18783152995288366,0.01034583876169906,0.06699721611135921,0
1824003,0.09253241307451025,0.167039507747766,0.02509288171694453,0.007423973427719452,0
1204469,0.07386931867161217,0.09016752856284493,0.0445224524551229,0.07714409326826416,0
493027,0.07446678732304092,0.11425897501954485,0.009708679859734918,0.07212347927674008,0
1880203,0.028587175703045385,0.023488869744152874,0.021120267013716148,0.052533303634270515,0
2414910,0.06538210424630204,0.08857890613720987,0.030511646880646587,0.0596957855675157,0
153028,0.12430621982955734,0.16471788042084357,0.02858749808498996,0.16685515096819278,0
2168833,0.03537686863508924,0.04251974575147577,0.031112935253663845,0.023915575916260996,0
460670,0.35126466165194603,0.5409731834824467,0.144769134988626,0.18673664707067425,1
825794,0.07253967653537358,0.08217748485673293,0.03306671034725795,0.10765460501414865,0
1608469,0.030666882607506805,0.04582721662023581,0.015650505969819015,0.015290612532215959,0
287679,0.124974024019586,0.1858660772354277,0.024680287889646036,0.12318449517489169,0
947928,0.037089356771001905,0.03888785666362082,0.02571173080968003,0.049659545981437445,0
361269,0.10634610305216635,0.14119477700938787,0.028465211080892595,0.1360457561160232,0
1698029,0.03251595106467661,0.02821007467453096,0.02863154636576281,0.04910724908841142,0
25876,0.24870239376172476,0.4296430428028638,0.0185048030035846,0.14164715729608737,0
1977669,0.03227894203807196,0.043594516787798354,0.022690205610426215,0.018373109805224608,0
695946,0.04646089727369468,0.05850323186386319,0.02089833683148699,0.054698901461584945,0
1120959,0.03074359980942036,0.030867834114892467,0.02467731879423384,0.03953243556851986,0
2703682,0.28309073437522775,0.48334543128415375,0.057960722534445015,0.12014900986408703,0
2006219,0.1403469138266702,0.23962948756648206,0.03283194166763221,0.053412937715697544,0
1074028,0.14712840138249356,0.2593086116701976,0.042245762398896436,0.024001834138629222,0
2333449,0.14258663003943584,0.25287230294370877,0.03526694558612336,0.027851974458722232,0
612624,0.1156684898653572,0.16630490522129904,0.03184901710871579,0.11480666061046473,0
99956,0.10870448350737896,0.14345657982817617,0.02178389895385269,0.15220511953567537,0
1702558,0.025254164814536406,0.018865850865970035,0.01422579634859963,0.057767502384857485,0
1741426,0.05462209448673594,0.08280082674815759,0.02560839432210893,0.027695814080122335,0
1205726,0.07752259800287134,0.11121447056627998,0.026491940411499354,0.06983890298140774,0
879904,0.08453434556927256,0.14060982394204835,0.027255273114190764,0.030264258319955748,0
1206681,0.057428095974485005,0.07088021611820461,0.01629309690611017,0.08550029421774825,0
2431864,0.2761490341851844,0.48440369639274705,0.08062074059362491,0.048804819053617006,0
797615,0.09959629545804205,0.1388614572329845,0.054900873684996764,0.06847652368025388,0
140115,0.2285993738850128,0.3799896008025645,0.016544922271451483,0.1682054840114755,0
900943,0.04088730059313038,0.055187568839590195,0.01825631433963322,0.039083109357226566,0
130266,0.21934944945177745,0.35599680364991304,0.021863474228863138,0.17396002679080988,0
1853265,0.02456527262577097,0.012400197300416638,0.03163380648903623,0.04437516014425889,0
1113611,0.14312069013341405,0.2587424443643278,0.029311803196398707,0.02477963496165277,0
585516,0.22634243406443866,0.39113916304126173,0.042855908679884314,0.08958039969921253,0
2126382,0.038806357088341896,0.06013658161814028,0.018472995480396128,0.015980838175764595,0
403982,0.23973188126503708,0.33653917043331494,0.11666593722185105,0.1823125744091216,0
2382984,0.03985644994687313,0.0448136433076729,0.023310934297389767,0.05228174001909875,0
2274682,0.09236418071951621,0.14698157541629941,0.03920189283823773,0.03556412579947595,0
2347377,0.3039466005499551,0.3923787017281961,0.24252484143477787,0.1749989862771183,1
311039,0.10585342930405368,0.1481747961314649,0.020382806771343093,0.12825594603459153,0
2524685,0.055729414113292304,0.08112519101061766,0.026544842546325616,0.03601682922042894,0
1789312,0.06553737398264141,0.09746552443146972,0.0364594475014236,0.029333887582397352,0
1034425,0.11487136073085592,0.1472048354701434,0.06394895349277564,0.11042128473975768,0
1591501,0.05125074946458143,0.05919766790646186,0.05485707059401933,0.025973971665723492,0
829257,0.058535119501187644,0.06412219676916664,0.019184235993835903,0.10359375159226772,0
2595551,0.11236077797892019,0.19182604004690074,0.02235774599814974,0.04870217078012448,0
2028610,0.1294376825899925,0.22273822483925942,0.02484810386521988,0.05307069505398408,0
2503331,0.05379538002851037,0.08152083389979803,0.022611411217430304,0.03125769856691131,0
9412,0.3626075248623526,0.6194766334923413,0.033531329536286625,0.21404904627647986,1
876837,0.05210295599944377,0.07631026537762131,0.019974122764067306,0.03977793240706463,0
2298445,0.03979695392255092,0.060458057707508894,0.01778558313690877,0.021161250638619213,0
2482943,0.21258140988965413,0.37917057993202075,0.02373402057056798,0.07937956876236671,0
576610,0.0684349329485755,0.08052838231191273,0.038867771032541173,0.08255205241428393,0
502298,0.21692875141378876,0.3574324875849897,0.06569050753765354,0.09252677679998922,0
249709,0.24852271761363084,0.3595361192727011,0.07810429300793528,0.2266168503744985,0
296038,0.11008513612329625,0.15325567468501144,0.025512517517777042,0.12901771762728703,0
1350192,0.042045801957216744,0.03873882299065967,0.030357599371157,0.06784555325269903,0
2032709,0.04447691251674479,0.06560247791961848,0.01955886268796944,0.029040073752723574,0
858192,0.06027779206437445,0.08554536139394198,0.024292514799904824,0.05108678463716005,0
1156456,0.13525402028956948,0.2437022947815598,0.005258669651001549,0.059126360017445485,0
2575193,0.09555708815210791,0.15924747254912974,0.028136209756430403,0.03746244475306959,0
1743119,0.08496101997310736,0.1381269258409673,0.030889859394294037,0.03315299617167751,0
2667092,0.29792880204352273,0.5047581329936939,0.06873632700902328,0.12464418721984381,1
899433,0.05022055475353275,0.065501753973914,0.03368272612526786,0.036824299644976966,0
55702,0.16147311970696238,0.25273580405438,0.026669650069635585,0.13552161329440843,0
1677385,0.027799868147733678,0.020237199695056107,0.0323615511858285,0.03986401472228538,0
2357746,0.040524972334226896,0.05341877446115684,0.021494385790230316,0.036836346832896896,0
1129911,0.060537861705321445,0.10004978794339614,0.0166497089756806,0.027590275204595973,0
900965,0.22937875536233723,0.41088313564903445,0.01864267889034829,0.09172191935357754,0
2252731,0.2392998956033839,0.40509297242702547,0.055652876115288366,0.10028773277642333,0
221386,0.15136786656511966,0.209894105316056,0.024519605050069712,0.19532466196035372,0
2204294,0.04717994324746803,0.053216658410763285,0.03847215490477086,0.04514983785327564,0
1777980,0.038287936576327064,0.04570996810237804,0.037826594161510754,0.020424871383424092,0
860751,0.06950240094683148,0.08569616259141144,0.0562334107237803,0.04892148216995836,0
1014424,0.05712023360597209,0.07442184756767123,0.004802267081975174,0.09234314848771963,0
1885719,0.03387056375340879,0.03955607902992031,0.01866187479567402,0.04246980899873216,0
309784,0.1184370126218249,0.15901281473520712,0.04202705214859008,0.13161244804822164,0
2392280,0.15321904561769054,0.2671529787289385,0.026787384125991378,0.05803170507711939,0
507440,0.20433795147126446,0.3338068155551537,0.06193559259823905,0.09426932957107943,0
2324010,0.06867139364450565,0.10695233281321803,0.030013762297338452,0.030955492743475494,0
2502071,0.18586314010743057,0.31471918812165744,0.05288609601985068,0.06318858620323313,0
218796,0.1305005581331285,0.17759101212755968,0.015454872065410756,0.18534295224862715,0
2433135,0.1969139727539027,0.3142738423367981,0.11204081827137341,0.030824030520458182,0
1241843,0.07424382093567558,0.12139326523051586,0.02584565622687378,0.028967457261777626,0
96361,0.2328914669396429,0.3880260703027354,0.025526878269899685,0.15610184153652656,0
89364,0.11287988259275009,0.15315158755242808,0.023396597276024618,0.14642554816864328,0
1040993,0.24458223028763804,0.4058302140032438,0.057185975096961925,0.12255665378463766,0
2170612,0.04636700572592792,0.05373206716268775,0.04796628788424296,0.025555428896555803,0
861975,0.08403681820189184,0.1423480334131768,0.020001660684847013,0.03431151644924661,0
1374280,0.08514067130245806,0.13826423023757517,0.01640126785080156,0.05544087914215004,0
1557236,0.07535579816941898,0.10935643182763422,0.03361586826611871,0.05296410887883131,0
2594205,0.07811211485208272,0.11175739012756714,0.028459283089560663,0.06847817430715475,0
325013,0.23722733841832516,0.4033473852743694,0.02698776880897182,0.13728657569224456,0
558451,0.15232768763155097,0.2577844419640506,0.026820091997191115,0.07694719525184168,0
914946,0.14177127771923928,0.2446522573328611,0.03066453132094016,0.051228948282633344,0
2500059,0.16078683293201546,0.2747333992234037,0.044671974982966,0.05009270412711906,0
496111,0.06873728072392682,0.09726694452214335,0.020726362608633395,0.06942949840132566,0
2695235,0.25042862858611226,0.45139043740464857,0.028327224418633463,0.08117621279098979,0
1170982,0.21989022832633182,0.3906603843849642,0.011401308749063274,0.10569821754565357,0
1435887,0.03867395762221095,0.056429734261010056,0.018128142111225928,0.025103239291690744,0
1460720,0.034507461046663565,0.041163405500504124,0.034478264172062206,0.01791139522396421,0
1663024,0.14037345768851425,0.2521101395392643,0.010910871349616554,0.05522563256998572,0
879500,0.0444864136273107,0.059435234500684,0.019174786965540126,0.04508180143653328,0
2660915,0.1763950321721135,0.28909931819958756,0.057716870061802726,0.07265156026889448,0
94681,0.10910456576431138,0.14305739316838584,0.023908134485170793,0.15201714417283604,0
33214,0.2872549805372854,0.4780069247279325,0.031799256023517325,0.19355870683131962,0
2508524,0.04013075938863517,0.052912450774661335,0.027842570393933546,0.02660881441562218,0
2700006,0.28789749165677725,0.5203449930026258,0.016395084544270962,0.11403234896091516,0
1128336,0.02980493358089199,0.029386948744801744,0.024165340386145834,0.03930928546323682,0
656771,0.1525389343527443,0.22112341208319986,0.048188673356284434,0.13760313152129514,0
1014259,0.10556319724513946,0.16920971342270463,0.023324074170831485,0.06980559141268847,0
581354,0.17897029348167365,0.30345493116430156,0.032697584309926586,0.08716776303272446,0
2278046,0.4423060731013522,0.6848906833757724,0.10267473753042362,0.34529155077169477,1
1301886,0.08935334661143042,0.15574284189170873,0.028857251320458185,0.014123751347193013,0
313484,0.1420494608564918,0.2087382724190041,0.03517442117745876,0.13563999146876057,0
2213674,0.18120403878647032,0.3198530914040145,0.0093382200701115,0.09238013531714798,0
1723713,0.22858961497655775,0.38020709784371864,0.062269796860980706,0.09902563498202112,0
2311544,0.10590473464596517,0.174551854498196,0.03737368130974398,0.0370835150197199,0
374056,0.169066538523743,0.2513022716192065,0.03780208441842855,0.16037388694305596,0
1873108,0.20013936972684646,0.2698893255614786,0.16087154031320955,0.08466622426072143,0
29446,0.16670928638195784,0.26533335372541444,0.020810200383373816,0.13899774702119236,0
1650206,0.12033177043033785,0.21035252858607734,0.023890389744264776,0.03994194607009883,0
2074684,0.05431155225088266,0.06495381087168517,0.03008559151092217,0.06404484680881713,0
2230589,0.041596669745405344,0.052299593068019234,0.0186769927425169,0.04921887694320331,0
1531286,0.03676699066665426,0.04124957054715206,0.024617381661313862,0.04378495447342033,0
162080,0.12399909206814813,0.1661846067499021,0.030520315618075677,0.15875347003887189,0
2593272,0.12407202114530298,0.1666843311626266,0.0859384596909387,0.07474158828354037,0
1225203,0.30090454857300786,0.48068569578277964,0.10356565204705923,0.14746002533750138,1
2745310,0.2773620172259081,0.4530224037764844,0.05500022628072059,0.17175373726724866,0
1724060,0.1725155141929765,0.2636820560343398,0.06575505153099184,0.10473985358254534,0
1774055,0.06174541978969422,0.09886389183813815,0.02243603028606528,0.02791332392402782,0
214430,0.11722411151769857,0.1517861096597234,0.017586298388598053,0.18027583585628731,0
1500183,0.06536084677160565,0.10432998428647988,0.03334831898046654,0.015956794671128746,0
2327919,0.03068734782622183,0.033775247628712535,0.032272731470904495,0.02058952285297107,0
573552,0.06339033455143368,0.07621017333862867,0.029614661151580627,0.08200424768322578,0
754424,0.03709937715810399,0.031881874171844626,0.026106568837692593,0.0666323471043695,0
2433604,0.1876693585759296,0.30808009822751037,0.09309128112752481,0.028509625619584752,0
1531963,0.17108835568552294,0.30433982286996086,0.029198804740055512,0.05079401414262922,0
1535377,0.16693324713844002,0.27983126938453806,0.03599894037602997,0.08108965166681002,0
1805383,0.023095949835847722,0.021647336202532452,0.029052317614916966,0.017782932250532027,0
2482708,0.05744836719853399,0.09410192559366248,0.022797138944245305,0.017791313592145787,0
2091359,0.08878271102272313,0.1366929164731877,0.04963050791939489,0.027735502051554076,0
2757761,0.35570430464511793,0.6197485269117131,0.028555986721882563,0.18631622586348282,1
240337,0.21072691585802128,0.28852676557136303,0.08179286365236457,0.20962836988315198,0
1594889,0.046129833506157444,0.06719276055937451,0.024455257697405985,0.025984379586241942,0
1394811,0.11777214235357589,0.17630460786092328,0.03729520759333945,0.09215638072556209,0
600426,0.0677205894279308,0.07895555279030508,0.030100957005191588,0.09606262965610392,0
423093,0.13055782605135524,0.17690888057539733,0.024555678109947673,0.1736834116533614,0
959024,0.04737328406776357,0.04845021087109169,0.041435390737576065,0.05358780705472452,0
2755491,0.2553040439264939,0.43032127957419875,0.0195211160298754,0.1714353466521597,0
2737737,0.5558940988614104,0.8316699670264589,0.21673634351773233,0.3751910614643061,1
444342,0.16698722883402936,0.2417542578467985,0.029723551944816486,0.18596517163592585,0
2627870,0.28027127776944644,0.3640783774111451,0.2699198461619999,0.08628067607636958,0
2356708,0.03663521613688429,0.04813801692062736,0.017757168717183847,0.03619528530707725,0
1788119,0.02717242666980824,0.03399382573092524,0.02494082753452026,0.0134663277199477,0
1579413,0.1474950135134993,0.2126586002239308,0.06809133223414192,0.10369156865645664,0
2697540,0.19903334578655976,0.3491112241034692,0.018263479630610913,0.09499344922820949,0
1315867,0.11750754559723477,0.20055654051306115,0.045230583387537646,0.018300501622214516,0
1843036,0.024816135338378495,0.015768826915055878,0.03717679277459965,0.028893420242353324,0
389883,0.12685874538281924,0.18732743456607048,0.01676703001470827,0.14082459547685758,0
2181425,0.09276028805692077,0.1544404216369366,0.022265947049277566,0.04430146561834595,0
2056115,0.034438279755243946,0.03380085346979844,0.025253594936672764,0.04980887269671447,0
2406296,0.2327323821238698,0.3945956430720515,0.04281134320898973,0.11295578812573549,0
448642,0.32325549457970304,0.5493692436740362,0.026550123829396612,0.20302917796933,1
2285908,0.07084461690852667,0.1148278073397524,0.024097570916086455,0.031007209819122715,0
1432558,0.050589504709011426,0.06926019775342285,0.03329682319899215,0.029851794363011785,0
2689461,0.19903421910006708,0.328481108561852,0.056283862069475096,0.08954253099149284,0
178676,0.2314089030399452,0.3742316957844276,0.029259247559767148,0.17757640439900638,0
867448,0.07446622117734543,0.11263639502813849,0.02342922585365517,0.05559627953589814,0
929492,0.16037046795603455,0.2676314862299277,0.04056097629010638,0.07193215977019385,0
217517,0.12678605778772378,0.16149734830746176,0.03121304372709188,0.1833673525793266,0
1416304,0.08700505555334428,0.15223288299586069,0.026943431074466128,0.014027923665370505,0
2350179,0.04107641903200006,0.05608809763430611,0.025630857998328066,0.02671556407674292,0
2156458,0.03423370956420386,0.042696519559348056,0.027458427647024056,0.023239607452113068,0
2248047,0.0893040521820284,0.13015874548475426,0.04877513438808868,0.04796069561612332,0
2132246,0.03721978691984996,0.056269901926981,0.019721321038548702,0.015842198223974233,0
1578438,0.26017811573428523,0.4070576626787432,0.10889310763347068,0.11990676052436224,0
1164991,0.05374236742626977,0.07965608034740301,0.019823039907448367,0.03983707640166878,0
2085100,0.36035526361232306,0.6107056132180946,0.06001690573857674,0.18498692640851397,1
1183867,0.09105759871780478,0.14862782318907397,0.02363018888021975,0.04827315229600937,0
264616,0.16717641898468497,0.250537189393486,0.04679851172036287,0.13934135385916552,0
2485812,0.06913792701433603,0.11806397178647854,0.02339839170529893,0.015432118047535427,0
2201772,0.22407101556531964,0.3969317589331658,0.0208896842028326,0.09669115418943482,0
163116,0.11644519792362668,0.15350715251681912,0.02482623662833672,0.16121875338358055,0
98487,0.1205368344796383,0.1645423643182794,0.025665033303388186,0.15283071164741072,0
2161539,0.06160451656611461,0.10155121178447679,0.028365885795048073,0.011595724676809001,0
1811732,0.03292325418742568,0.036268050156219145,0.031060358497215668,0.027355607800757045,0
1135422,0.03922081129336537,0.044426684559450536,0.032419551594062915,0.036408017677106115,0
25353,0.24312880869409179,0.41133639136376476,0.032000768545923854,0.13930191224216126,0
1897337,0.05656330732096126,0.06877779911845239,0.03872330283037376,0.05278708456311467,0
1001076,0.045871587480942375,0.03827468413246682,0.0346099847334515,0.08175624997336756,0
905716,0.054750102047040956,0.06955662675471419,0.03266208851472162,0.05086581057633688,0
1363254,0.16127193389235736,0.2685901538429356,0.03667360998051574,0.0798738698836741,0
1104432,0.15846116899828244,0.288842488489066,0.022584408000546823,0.03632301176792692,0
295375,0.13115627197910995,0.1936111831223304,0.0243669914410073,0.13520291492821276,0
1137633,0.033166162405613986,0.036315334142744016,0.023370792186585443,0.03998628839133174,0
924926,0.04151723191873758,0.044596927973400535,0.02815441695588318,0.05386221422636179,0
1842735,0.08681595218410479,0.14951699403070362,0.03123651479091547,0.013432503657391688,0
2317622,0.04500511532217295,0.0634555342065829,0.030622974794000165,0.0204522789034073,0
933479,0.09361220606817429,0.16030030298481757,0.024792494774595088,0.030121530716934894,0
1981878,0.08695186882333411,0.13700152875436522,0.03953915130412692,0.032946795274567155,0
1067771,0.05311761655954239,0.07170496242379076,0.03132035486108378,0.039345144446609345,0
821965,0.0736599332039851,0.06221536166531627,0.07759484845419966,0.09636898917533532,0
1306257,0.23548388744063375,0.35448770849074407,0.1413452846813315,0.07918223895431135,0
582098,0.20017742507781336,0.3218483470267026,0.08085565229104426,0.07498277938574388,0
2523061,0.08437242274321957,0.11878180046003983,0.05608558771429861,0.04077923099455038,0
1227151,0.3637498879872303,0.5094722200785152,0.27061535432990536,0.13914585824500522,1
1893614,0.17881572400067963,0.3110780715498357,0.02141330290664575,0.08426348676884031,0
2686262,0.4610558554165238,0.6656300431095326,0.2976887570880824,0.1946710336766638,1
2255671,0.1513259585791374,0.24316178561115553,0.06275506050250494,0.05459273811404067,0
1930881,0.05292043555075551,0.08017362543770135,0.024613317663557753,0.02724813766418759,0
311959,0.11118699581481677,0.1589503303405313,0.02420558181731644,0.12225078049678093,0
1043076,0.3775277212433729,0.639768092464251,0.07393412668321994,0.17731718503140695,1
1254644,0.06789971651032706,0.11329223953851353,0.022931691014972843,0.021870447182892182,0
1503799,0.12215184475070347,0.2056118378690721,0.036810552205857085,0.041513800772051405,0
2607342,0.11245959695673857,0.1659783910022844,0.04664751475994629,0.07738073513806241,0
434229,0.19957798877308067,0.31256608160358057,0.041350710061139835,0.15444867476474217,0
979731,0.12677317273253028,0.21532605290690243,0.01278983159448631,0.07636598400366584,0
1177201,0.0398441472626663,0.03950261008998923,0.02522174068619487,0.06263160005906611,0
191689,0.2703054141533046,0.4397222864344278,0.05367893224513717,0.17170295631274787,0
2276063,0.21225869000089903,0.381982104537701,0.0146512444206381,0.08436132202928542,0
1337494,0.058028614829222405,0.03387494159387183,0.10174568950507291,0.052837185903823074,0
1967605,0.02968339211188322,0.03878016089242242,0.020792995973496164,0.020277064368115806,0
2742670,0.3655264589742158,0.5811912634963521,0.12333132418993532,0.18965714984529597,1
2275320,0.21223269167620762,0.381982104537701,0.014577803804577226,0.08434149132991979,0
2643065,0.1732450278628418,0.2672894959650789,0.09475960744410976,0.05586198823534711,0
960232,0.033166971969251176,0.02225926546398871,0.03173414096974936,0.06258548473166006,0
954916,0.07447709243799559,0.10805150621491055,0.038867113926569,0.04395602576284811,0
2606824,0.1445693663051786,0.1968829028458864,0.10788776853484046,0.06880792160891641,0
1064142,0.07056320913639888,0.09128524392117465,0.05509336990315389,0.04196288102432693,0
1782141,0.027139485661055684,0.0319359083558689,0.02406257263384742,0.01976379846483503,0
266907,0.13255164040933037,0.19316877386326015,0.03196771321736859,0.13188469756244853,0
1070913,0.1762832199715732,0.3065216660028539,0.039757122329778356,0.0554762513560637,0
1704895,0.036109713438518695,0.03293077497272867,0.022249389999661816,0.06484754476127905,0
643102,0.1410796393667584,0.22579547945629075,0.0329332134393451,0.09150967803404758,0
557251,0.07201000418344361,0.10689306010365895,0.01997562578401351,0.06285393198205037,0
303999,0.11502905542789149,0.1592578641443646,0.029356978265805484,0.13296514937983772,0
306657,0.1682023500110396,0.2541761668542112,0.04374163433601761,0.13995888141564355,0
915792,0.038983756042734075,0.05144226561574483,0.015935968437126455,0.04240916351861861,0
1532939,0.08662137009436717,0.1322908700906702,0.026639383671563543,0.062420599737815,0
2400718,0.18483743199152475,0.3205557754536842,0.03319990520557498,0.0729978635150508,0
1642214,0.02571008662494853,0.018485576533762593,0.04209538565398303,0.01919341330936161,0
101760,0.1591098716418978,0.24789044632363455,0.027643873196185966,0.13435743260612362,0
2627442,0.20061155295762073,0.23795469185155893,0.22886879773092497,0.06486783856281891,0
1792597,0.02786148507806079,0.0360718488676296,0.018049876537241376,0.022052988415367895,0
708828,0.03927555024552939,0.0431061251334266,0.02449900152971985,0.05186393609950067,0
708766,0.03979742998080939,0.04162589045608778,0.025872578531564987,0.05611355596648002,0
2655665,0.15686493834099233,0.2692895445729915,0.021794201877895155,0.07840952745564021,0
236798,0.163495877579602,0.2341849880578306,0.02186749659547127,0.19921567286022648,0
2003660,0.04337784244686178,0.05261368767561636,0.035816228528172706,0.031630650253008936,0
926442,0.1233760235732573,0.21396488310704864,0.017425037076372635,0.05583035448410592,0
1677422,0.12056892114179027,0.20424259476529405,0.027083601340028702,0.051612716785673154,0
1979892,0.03627567228284123,0.04760586972363745,0.03203373009103668,0.014313091968557535,0
792394,0.10505084450050152,0.1736644713433756,0.022715770564695113,0.057019388297025964,0
415711,0.24164251287282737,0.4089251578857418,0.013658789503079248,0.1654114853951635,0
2517054,0.05312715113519272,0.07039133944606435,0.03692907146685454,0.0342637998605209,0
2361092,0.14788695746030223,0.2604001455692162,0.028927664523518675,0.04504292659319262,0
2167707,0.05064112028531858,0.07779754717148524,0.019651235639964324,0.029234880037933314,0
1403747,0.0753371503261376,0.11227260879391965,0.044724840246515976,0.02891696927611486,0
2716120,0.32127898534476895,0.5790483654479868,0.025792522187828095,0.12008522982213594,1
148985,0.1451519866810971,0.2040218730638359,0.04647310220266033,0.14599559744190524,0
2319391,0.13289472734172791,0.22903528728892697,0.032407220820112125,0.04327458725615391,0
2273709,0.060543472217802805,0.08900730747458063,0.03396601651372358,0.02925006763197707,0
1596922,0.20901912896335018,0.3691372164659501,0.043936478577298786,0.05634788578592742,0
1546936,0.07147338273497403,0.10912018658957756,0.030445819659304083,0.038897717711970085,0
1426710,0.06354836147515654,0.10692418061123454,0.022903352533252434,0.016076327047817713,0
2516675,0.07724605444695215,0.11320548897076821,0.0414682164899381,0.04101422507293313,0
2523924,0.1157787349448717,0.18541367220630423,0.06649934539040649,0.015610476122988215,0
652494,0.3421180513849271,0.5777051947133068,0.07058196231057075,0.1604543266755122,1
2324376,0.0401863621472244,0.051603856381533086,0.03355411694051479,0.021590994371517125,0
365101,0.17783082917123333,0.28846512207407893,0.028044740953136773,0.12592422924126426,0
191654,0.1406821773242824,0.18724395086846257,0.039196285847264034,0.17650658067935954,0
1460824,0.225406405914873,0.4081527600330386,0.021332125143635333,0.07465194177631554,0
196515,0.12431438130368368,0.15971917739294195,0.02613379435501756,0.1830732715035372,0
1179311,0.04098838637740673,0.04057903673047902,0.029299146845727046,0.059545619792245506,0
600301,0.2025342432413304,0.3358847043575546,0.03710272427398571,0.11730536890178699,0
2063985,0.061443132832943434,0.07748215017760329,0.03763587481440959,0.05705647649909452,0
2202734,0.06717434977007139,0.09853138850623777,0.024905479798501978,0.05218505788700954,0
1187011,0.05954989495391211,0.06894158897773017,0.030021416043322827,0.08036337826025086,0
1778069,0.04711457617376414,0.07205861782660383,0.030929964618360825,0.00903138937476988,0
2500017,0.04634387589388116,0.06640939723162598,0.029746075511497345,0.021076773123094868,0
1706630,0.05012815398653816,0.06049201602622867,0.026759054197157708,0.059272148571382556,0
149660,0.3213527743755033,0.4611252470669083,0.1948118831405735,0.16173292949938556,1
2195838,0.033058124065975206,0.04042244296817987,0.019465425855588234,0.035036374126043976,0
1720254,0.0898115181413303,0.1228679646619123,0.03764125708945677,0.08542579341768557,0
2165743,0.1210751852764369,0.20946549729978403,0.026195593201618274,0.04241879333029703,0
2253894,0.0870257153487102,0.12448708980907808,0.031436793323878616,0.07675566223503794,0
1857720,0.07315344896188121,0.11025302314599172,0.02317864713228451,0.05536671624599997,0
1544727,0.03353945286344674,0.03191852198360079,0.02182199200628553,0.05516797134880344,0
2720728,0.2100477252975185,0.3489024790349041,0.03911770583339684,0.11930587015023698,0
1927749,0.1181971444331319,0.1963771536526785,0.041727116128630955,0.03745216384101687,0
1400536,0.1213808699879718,0.19523766373483276,0.04813886239057351,0.04660189701691687,0
317513,0.26256474941229707,0.4297399999406776,0.04932469373562592,0.16448670660635262,0
2639291,0.16775361220470072,0.29552919619176266,0.03215262785934529,0.05171612875507913,0
2296172,0.04434885378904048,0.06873997939109211,0.020455167466985065,0.019211569266994525,0
2601894,0.23505192342463657,0.41525212938233813,0.03671989408263644,0.08204945254338293,0
2702945,0.27666452386419915,0.4366302243871437,0.11776683214072976,0.11509681014204194,0
1409991,0.05673375531028012,0.08079652085095079,0.032245375091291786,0.033309411787085914,0
1249920,0.06263504010584986,0.1037708600376871,0.0195770678138853,0.02438244871420359,0
2050404,0.04417204248701057,0.04467909758229771,0.0362941116719686,0.054721300971355684,0
1285156,0.15894616216661855,0.2748892131849948,0.03217553315185821,0.05924447814281836,0
1293106,0.027037696704603705,0.03446743629772808,0.011027343454915009,0.032478877596325804,0
2359903,0.22771282461311182,0.4112532858025222,0.011730660917414122,0.09283491718313243,0
1354892,0.04259313872530866,0.04148497081015401,0.03331999763026588,0.05927327015575944,0
1064348,0.09234267965303306,0.1402222429226524,0.054722870884389645,0.029073484631949854,0
711421,0.04613935026767948,0.0527934726087379,0.026991867605993352,0.058225268407562605,0
1256074,0.05841608462835592,0.0975959654126336,0.014938433769854735,0.025682858955413494,0
530190,0.06385939338592357,0.08138328647879911,0.03058098290448206,0.06996727637589698,0
1330117,0.04770203725791267,0.05721241905182184,0.028316984916841908,0.0530036612847459,0
1558335,0.08125916359661246,0.10653866297172454,0.03962476873217483,0.08051200745548873,0
2309995,0.044163097423208605,0.07075945098162173,0.013718857915229678,0.023338572789144186,0
652876,0.11515980322982132,0.14658527050634584,0.0550831441224888,0.12671112369950882,0
1986089,0.1795596043959715,0.3115233459683697,0.03172687610645443,0.07139934289925155,0
633519,0.18811080468321065,0.29732400813793236,0.05235270383903009,0.11871494731267725,0
304431,0.14147713220166558,0.21718008905688524,0.018106649622331748,0.13727546393261716,0
809650,0.06386171752535845,0.08771959410594676,0.016463827954883208,0.07531386042960055,0
1454396,0.028886128294334828,0.03267500427838199,0.026058140632874666,0.023655919826407173,0
1223672,0.1796005567707818,0.24190501789452346,0.12008709239030102,0.11310960053214893,0
63447,0.1300921225064034,0.18410955386596606,0.025377452786612093,0.15212054868718372,0
1225430,0.23842344364853285,0.4059958172065168,0.015125614248521466,0.15443925385359,0
1374719,0.05945353827912208,0.05314102440300983,0.060171332034517674,0.0741581323363093,0
1883235,0.031832130577585285,0.020812160273068758,0.03585590394633237,0.05334639628575596,0
871294,0.22849642289387076,0.40437377419790954,0.024583201667361845,0.09467287647353721,0
1003728,0.3626267895098554,0.5353812990037743,0.18993009411863662,0.18978555886188625,1
684361,0.06456407707885474,0.08931944042484063,0.02475946307836672,0.062382589714622017,0
1777289,0.029850844251962712,0.037928180325267014,0.021777531591278813,0.02176747305972782,0
2264698,0.3926547341977181,0.5413027092090503,0.29881505776257067,0.16179431132210867,1
2440246,0.06162136257711142,0.09302972716502766,0.028950238837794184,0.03210713671629665,0
1395872,0.2782477014690754,0.4622074591563713,0.05309423875413727,0.15607850132324277,0
1335414,0.06376456720405359,0.07524431105545293,0.044800206863112715,0.06351174808696658,0
361570,0.12378532714520918,0.18101108586102288,0.013062745939596008,0.1468048021640947,0
2111593,0.05587183468000926,0.0837029732374528,0.033983531193965084,0.019126443515466687,0
404618,0.19367252789498865,0.2881443933636989,0.0475034939624239,0.17674641512206019,0
383285,0.10979882909562089,0.14666360711896165,0.021910954788956112,0.1494686954972661,0
2318501,0.04499585652031257,0.06602367399405396,0.026609828156612697,0.02000535538150892,0
712655,0.08386348120075668,0.13822085924850414,0.02407316871387867,0.037655504811705064,0
1981734,0.025898959669491274,0.02328684402986614,0.03425662158332637,0.019892755897801463,0
491235,0.08338809820127897,0.112561691469241,0.050751266468176404,0.059409362631027744,0
2001179,0.08946971914576243,0.16804494301027018,0.016007141606089903,0.0032255257940018494,0
2762958,0.35611086223133787,0.5666915869350939,0.1079445808195423,0.20190847258964106,1
1728564,0.24705999877853352,0.39743544260150676,0.07983819641098559,0.12195409277242238,0
2091685,0.09134366452979324,0.11751014560806161,0.08796939755783069,0.030988862292066162,0
455044,0.24847524856695272,0.3108293240646779,0.21793970137295263,0.1383933806136399,0
2166392,0.035163552748624094,0.04116563568970055,0.03430492999999697,0.02144627951887363,0
1864262,0.0711958522835324,0.11671144459997018,0.02751237691591686,0.022932084543861208,0
2435083,0.12718709785523818,0.2205960509538254,0.0254711195574421,0.04623868255546432,0
1221031,0.17675272646889736,0.26597870442967275,0.08707732962202575,0.08820087683726631,0
1834276,0.07204936469911646,0.12484762020174756,0.022372770417974593,0.014568617364251536,0
730749,0.08394563625680913,0.1364177312506376,0.026974846351067745,0.03822158363085006,0
223943,0.1441311961975785,0.19861473170067834,0.023986262693010314,0.18813975769668118,0
593835,0.11426250945183485,0.1662893117808587,0.060498093597428644,0.0648421274108845,0
105502,0.14158485751708777,0.20111688611252287,0.030459634519527472,0.15944262052484037,0
1965246,0.0350879229398791,0.05208106068878682,0.02227045500872915,0.011831280464334737,0
1475452,0.03385326440765894,0.03541880342233483,0.03407195473066951,0.029611381386453386,0
998517,0.1543524649942185,0.26203724183213273,0.020723020489244192,0.08558468965689446,0
151880,0.11474123047948484,0.1552196324536459,0.020543928195509834,0.1548411789700447,0
2356778,0.053765315651507925,0.06259482047380716,0.049239753369642696,0.03847989701855772,0
1297177,0.038308608692582735,0.04191022740808503,0.03793392290099872,0.02986659059120303,0
661819,0.22303686814854468,0.37705165868316837,0.012367951678849801,0.15400326651652782,0
845220,0.16011004752374752,0.2283287157686139,0.05744745366015289,0.14355726770697352,0
1619223,0.041037470727346266,0.06212846517496151,0.02536154061737385,0.011823879773266764,0
1834788,0.027402176291838762,0.020189365624395883,0.038839338478548,0.028278459680382118,0
43324,0.24812387751792164,0.4033231586051712,0.053879719745786224,0.1514919114580009,0
58146,0.13795677968715928,0.20059928102169122,0.023911777793369993,0.1524180291915133,0
2010620,0.030415085855202962,0.034776776784313235,0.026664453889260066,0.025136806481341638,0
367079,0.24397993787922934,0.41144901532533495,0.012615937026232002,0.1723532455434613,0
1746429,0.8197325220060212,0.8051706634412056,0.7505221176493005,0.9599527749531412,1
724763,0.032567311936276155,0.025413479136931816,0.02943278774614605,0.055153680219832156,0
2283581,0.07218492133549252,0.12478878120998571,0.022197212259629135,0.01565683526305466,0
571453,0.06337306146394713,0.07473899742536394,0.032468019652016934,0.08131578427830037,0
1739495,0.051810951144832335,0.06782002992650482,0.04261064329205026,0.025588715969824212,0
1844702,0.02311419189504952,0.021320654598155353,0.015144989588833745,0.039551838596608595,0
1109160,0.043756670666113565,0.0638867293848353,0.018866917656734452,0.030766153383377914,0
732470,0.05493669542095749,0.06963986323863969,0.02350585924734337,0.06532503013717318,0
563770,0.0714001438832957,0.09815814642319975,0.031528310707011994,0.06431288729796111,0
1176569,0.1785359494469314,0.29851389932631867,0.03153376816126514,0.0990943466769626,0
2261229,0.14478087386617358,0.20574196652016075,0.08506818603978997,0.08194717397078115,0
1522947,0.14022539342583726,0.24762659571045909,0.029282508393057165,0.03813671526345273,0
941564,0.1411624136847516,0.24784283511237648,0.017147093767577046,0.060484339991451135,0
2349495,0.15914327002074397,0.2890204735983004,0.033703197031399554,0.02261037056086942,0
1284547,0.06348609350046365,0.09849775096828262,0.022515013093631724,0.0374135704411641,0
2603853,0.13682415146989563,0.1937489827901976,0.08781669167741903,0.06802326285785558,0
2196896,0.03085104610634569,0.03306816910385413,0.026049945390343218,0.032509889686578315,0
1584997,0.06336710181400343,0.10379395445621342,0.025741613053358054,0.018738203349446498,0
2550433,0.04711135304893143,0.05777311316413525,0.029922190417628024,0.04624069670787701,0
1766647,0.08730269725191485,0.1465740292494745,0.025127366384328418,0.032387363559395387,0
543631,0.05124162857011405,0.056396873595707,0.03167491119723236,0.06770359206545422,0
1382638,0.05035734395658953,0.05662521096513384,0.020384369174007124,0.07964713860910232,0
2590992,0.11038792154100582,0.13942932831781296,0.0873320323885382,0.07236823832768938,0
1947845,0.04262359702922958,0.06362460156875294,0.020540068414572416,0.023246378602406952,0
2149499,0.2104494637284096,0.37377265033096074,0.027606228618916158,0.07640634988627205,0
2547807,0.316067718590071,0.5417650022584297,0.06133342336721264,0.1339259522534616,1
2569372,0.06003366443313388,0.08524556651004167,0.020046050111740505,0.0569853307229545,0
1934271,0.06096552280445531,0.09489106044453777,0.03344651019698732,0.01743019761545113,0
332848,0.12446192034431063,0.15168125434867707,0.0733713897648708,0.13304938120255427,0
1980679,0.029414158160792563,0.031424088026386965,0.03215903820648972,0.020272013428260825,0
1204053,0.06133052791301637,0.08156675098935606,0.015288181556196554,0.07980348975739684,0
1881910,0.030705437010149324,0.026433594762206414,0.022299011312776118,0.0539946811760664,0
867662,0.04708772100787001,0.06307566738036241,0.020069016232560483,0.047645912239603294,0
2618599,0.13077320925365324,0.1672922876668529,0.1358107919233234,0.031919139216148876,0
1958466,0.0946375580719641,0.1804879940851577,0.013284806320816338,0.0020405956657017195,0
422412,0.19094443294926527,0.2532588820908872,0.09251078356848874,0.1828087841663753,0
796352,0.044031900909920055,0.04935174421841482,0.007374014205519763,0.08571912269528358,0
388380,0.24336872945769308,0.4053168400310182,0.015524947974060337,0.18026412524982932,0
2284014,0.16960015554926197,0.2952690669143002,0.05135934605060774,0.03278909138464781,0
2431050,0.11348558906120412,0.18034840824669174,0.0498478545001935,0.041785142939001034,0
1216942,0.10924063144581166,0.13470781904246343,0.07847066825089313,0.09172760724656003,0
1702794,0.14833830047257798,0.25595444592650907,0.02759917153353332,0.06040663024631725,0
1213736,0.06724351600329255,0.09712611754392375,0.01504648460409464,0.0708325592505114,0
2483133,0.05196124906673121,0.07830277986635181,0.025045134575202636,0.0264815938049726,0
1551998,0.033716543383812164,0.03381024027633672,0.01738899045539173,0.05797363054513144,0
2330691,0.0477066863604049,0.07125331933962886,0.029828700498118522,0.015657082705774563,0
707141,0.09053734711282965,0.14903163383747997,0.029330627367743466,0.03611170991883313,0
770391,0.06394171281173475,0.07949711012617278,0.025388013122952052,0.0828837690588137,0
2055735,0.044846100905956324,0.052597239366862225,0.034383880284443114,0.04116158568596137,0
433295,0.2483866351512861,0.41167669145287633,0.02278657388840502,0.17856158629163207,0
2539398,0.1475406679249486,0.25563127134372543,0.03666277434236278,0.04363099975188529,0
609333,0.062290997733241635,0.07699137395235645,0.02233944137913718,0.08546739171661127,0
424861,0.25928653840744303,0.4330109363176401,0.02479829743338811,0.1767079050930326,0
2673189,0.29331294730937674,0.5282444523329073,0.03450323938759175,0.09419874663322779,1
47495,0.1359889677025683,0.1969312617312612,0.025834917862510194,0.1488643073909232,0
582975,0.05864516514473227,0.07015820669802442,0.026978051015192683,0.0773632324558113,0
909353,0.05596274040135955,0.08360888059646354,0.0251239060160615,0.03310564149154662,0
2563207,0.056115800805018566,0.05147112093624451,0.07148484618946478,0.04467393240028439,0
2574037,0.061577202416987116,0.08964808030394422,0.01724138909942459,0.057903727675938134,0
2052732,0.0356171559951695,0.03859645955126989,0.020243079489495882,0.051230011863428924,0
837394,0.1376283388807266,0.18547944618734247,0.06702057516678822,0.12391221618509443,0
1973939,0.16056320801529833,0.27823071317354997,0.03280282649683023,0.058035017397371345,0
1346371,0.09855875951368381,0.15144226857343057,0.02824601219392835,0.07181910784395017,0
847199,0.3744308162330314,0.5747159062117126,0.18065700509770674,0.16437880798931545,1
2385886,0.07358118666134372,0.10133471045420972,0.03552246311985836,0.0612854624914068,0
169636,0.12466252642434475,0.1736254343681226,0.022676713545152917,0.1552339758836878,0
2587597,0.10192388537213125,0.13459016859701056,0.0684857769302812,0.07041533997270803,0
1719043,0.08752117143760034,0.12257333371391688,0.03125785032955395,0.0842857474088786,0
826261,0.11046194170578444,0.16554952763845365,0.03845571453056947,0.08075231763693388,0
1381438,0.053773013534779014,0.054437906220561216,0.03835391343834442,0.07523943196497541,0
1245926,0.1302572349197432,0.22417392072143527,0.02896799898576135,0.047399374316485825,0
947654,0.20098865966594742,0.35339894856840104,0.015004567822883117,0.09893907517440984,0
2240896,0.0663080137267002,0.0809265831083461,0.04667667392976663,0.05920859996798579,0
2052757,0.12999710661701003,0.22760269393768995,0.015854743846794618,0.057196682470633364,0
413931,0.13093508629673756,0.17231547900580002,0.0476137479298322,0.15246611207443947,0
300752,0.116383826133039,0.15432571527051242,0.04518549601482695,0.12832659846667355,0
1695228,0.04570508800315046,0.06474997163305063,0.016599211745232514,0.04175169331527693,0
1664538,0.026709169370023184,0.021835903765883624,0.025365708944157555,0.04090752401917053,0
2071514,0.0638575840742738,0.07471064652122739,0.052170864825613575,0.05425500682988018,0
1129218,0.03405963432396451,0.04143176968695417,0.018227766592650064,0.039377097513462044,0
1969681,0.030127477300641987,0.040324503930732836,0.01998666063648958,0.019846135721643482,0
1068427,0.1905363568235003,0.3262741949694792,0.043313008072841115,0.07202678458454197,0
1614753,0.11513764714154376,0.21037396125957586,0.030267570518540336,0.004351976780968639,0
2263681,0.17809194147599147,0.2631952346348815,0.08096581074033175,0.11102290468225595,0
2691505,0.1970458093577626,0.3466995048465381,0.020968620456461053,0.08702735398777627,0
1963897,0.038680080604476315,0.044942443069178384,0.044391799463426654,0.014456596154295644,0
1539395,0.03294690566841669,0.03044861832435708,0.02186056905618208,0.05582212894691762,0
1005924,0.04891547177614744,0.04553171128362943,0.029810280647390715,0.08603265970057757,0
2054858,0.16020794426993643,0.2754930336269725,0.023194562732981212,0.07751529318277903,0
185267,0.12642351987211872,0.14383915906590727,0.06751125907033033,0.17125281309032997,0
763944,0.04991977237589605,0.053299595121556465,0.024568935438712865,0.07949647091751975,0
1646942,0.12170813585991581,0.21470884737565843,0.02648615532055967,0.0320393278795935,0
1061357,0.06838094194676488,0.10349791319281432,0.024434582012147998,0.04650805373356657,0
988485,0.046363014668415706,0.04006521991244283,0.03819639321423678,0.07435743373961629,0
1780340,0.02699750192983475,0.030923719911354453,0.02572284193851826,0.019093946963010228,0
350825,0.2382913406720762,0.4074062550563913,0.02109581953789735,0.1412973364125568,0
1853009,0.04092403721334947,0.03940080052802064,0.03744722668860274,0.04994734471379166,0
1259116,0.06019013578912828,0.09614742367252371,0.02243841950177583,0.02692449051166837,0
736893,0.11332930318244408,0.16104447600550686,0.05820435288420255,0.07672879657214943,0
1637209,0.0965542761840563,0.1533839190720908,0.038940920859478256,0.04090020195083711,0
390349,0.11574344383304265,0.15538173217565443,0.022512526700769576,0.1564940986749228,0
2179290,0.03739452937696391,0.049284964213774485,0.023552957555303202,0.028430800017428544,0
1148362,0.03571062843130477,0.03723305322270909,0.029469521166272026,0.0412662273503431,0
2551610,0.14429931264284607,0.25777321779617524,0.01747982435487294,0.05084378219148286,0
586500,0.1614694599259248,0.2474943062073811,0.05397128293429287,0.10765460970973185,0
1697816,0.027698597125525755,0.02315158872244505,0.016954435698448733,0.05518236027384306,0
1304735,0.09798819262189158,0.17212798072607138,0.03075232839172465,0.013492518706692505,0
511138,0.05358006414538398,0.07391888179820516,0.015276439608151091,0.06018845681918038,0
523141,0.056065205356385456,0.07562093541276016,0.020525890113106328,0.060484853080367364,0
2217550,0.04952078679002116,0.06349530851483987,0.02676205694035291,0.04872257725247677,0
1318738,0.06900814574162319,0.10737801303199268,0.03543516573930977,0.023442947519169543,0
2204722,0.15173725316341152,0.26492650866856626,0.026947252524369834,0.055949115359087094,0
437517,0.15987468947359304,0.22667239866714717,0.034115522613853165,0.1815191667793175,0
336221,0.2186056602288443,0.3654821868656696,0.02990205102832415,0.13446975743756143,0
2216312,0.15783225189298863,0.2752632485552182,0.02701649620910523,0.06047839376323976,0
635042,0.18364242773190118,0.30360818680289325,0.026872517370640378,0.11888289559631215,0
895333,0.1355343806701695,0.23796739277556178,0.02186955345327417,0.04994909123203193,0
2172339,0.04536669631528504,0.0564648207426206,0.03926317507396563,0.026776667108925227,0
2093113,0.22317357390969603,0.3815648537285955,0.06284751943857315,0.0676844560691317,0
335336,0.26435205122726585,0.4457259468877157,0.025324681443061898,0.16945836675244713,0
1555301,0.20894721450361434,0.35859662034954576,0.040949174373563935,0.08682076008386133,0
874999,0.0552753516983212,0.08055903968814337,0.02117678017509769,0.04321398900860101,0
2421522,0.1649899460762368,0.2531590912157612,0.06448359207363336,0.09532661423133097,0
2575990,0.04986802426263098,0.07063397343927735,0.012496895262454299,0.05400984482128007,0
341383,0.2452710265722789,0.4116230501262551,0.04015748299429429,0.1370612830543153,0
1282455,0.04485109352631075,0.05539024667925907,0.03821342773113223,0.02845970933670773,0
1901044,0.04289072088612703,0.04348293992796348,0.027577730292821345,0.06437965917149444,0
2339114,0.058485986536411225,0.08455825938813821,0.03443537486507624,0.029381221914096235,0
1935275,0.03805410580667548,0.054716148651743346,0.019287640190383832,0.024548697118443295,0
1216449,0.15740948904081137,0.2441802413505314,0.06969572686697394,0.07205325152726742,0
1634569,0.204654014340175,0.34868801921449166,0.08604196715946469,0.02248707292544877,0
854685,0.090732936136451,0.11006725520939431,0.08288407914018348,0.05417042394849401,0
1025265,0.16018718049683728,0.25254813930269815,0.06573419644070852,0.0709642595663783,0
1744000,0.06248145829147742,0.09717194043760702,0.026026986561830587,0.030436960520623703,0
439047,0.28821976248456904,0.4832774260280922,0.028321849977973074,0.19042247238565502,0
12138,0.17714043837501867,0.27249853229007515,0.03154551051022778,0.15713759538456387,0
368642,0.1598277798150533,0.25305145016203834,0.025985676014874826,0.12753175964785837,0
233072,0.23351263441865316,0.34761399067918475,0.06177397617795462,0.20586723112837202,0
808090,0.0637347021364996,0.08613818261761153,0.0181561659766474,0.07609380517349804,0
224790,0.13991994996239043,0.18878735190727514,0.025907008024140237,0.18877085800755397,0
1840716,0.022456350538643425,0.014130836557269655,0.026423927309064833,0.037318770336445733,0
1191769,0.10707732977242443,0.1784825528151538,0.02730585336271288,0.04822148678016837,0
2448106,0.07416649066004517,0.11890539509416742,0.026687486223349325,0.03353773622978333,0
330037,0.19999242119789665,0.3274369125781119,0.020034409140482965,0.15131821083347902,0
644320,0.09103305681524615,0.11948909793818219,0.03323797538006096,0.10658557616068384,0
2742293,0.32908323988998756,0.522504783610204,0.10049976415370908,0.1884045941938641,1
2223968,0.05432736608394313,0.07596165382257203,0.028158732665607984,0.03949459686487361,0
1349988,0.135353964393441,0.2222147758633689,0.03232189020965258,0.07275004699430385,0
291910,0.11319723606246522,0.168495178899976,0.01603269259466143,0.12069919417039392,0
590726,0.07301880469680805,0.09055879584336879,0.0309866718139126,0.09221702615474939,0
2507766,0.13209289006922334,0.23302842290562353,0.04131060964471949,0.015927478614978643,0
761139,0.11833204396966494,0.20293935612166147,0.027486819901008264,0.0430815996926586,0
600694,0.0664506010955688,0.07731887330905918,0.027817338683990264,0.09722981417921069,0
754389,0.04458888948971172,0.04096055966845791,0.039917805596491225,0.06066633988267698,0
2756886,0.26827357536014124,0.4501358774467039,0.023144102249397273,0.18131202980985042,0
692377,0.04626647902253119,0.05988894275413481,0.018732381976757338,0.053511465262182915,0
600001,0.18192443739520517,0.30399358693215583,0.030871572487399364,0.10333086091453725,0
819412,0.05616057959501695,0.058165873889446384,0.024370875406910773,0.0988319001411026,0
1169260,0.040114193950156835,0.03546264103833707,0.031225503532895955,0.06507611185559754,0
2740420,0.26030301331517836,0.43122094292912105,0.04716650971284143,0.152712944683827,0
2384203,0.040845137756800425,0.04737893432947271,0.024304083716877336,0.04932222738500433,0
501785,0.09949098048753266,0.16528774665090717,0.02025149650568206,0.0538582910518723,0
1550418,0.03533461094914311,0.0345114347907558,0.020671654648884017,0.0593869857955,0
547309,0.05588365947812519,0.06697402515308992,0.026625317281445154,0.07204525858573341,0
1380122,0.05991403615973795,0.07067427629964418,0.027074602800137133,0.08227258584937361,0
2609299,0.25893861149294295,0.4295203024930897,0.08166783627175736,0.09839054682435451,0
357142,0.16358633213825802,0.24754727071891447,0.030609218358823735,0.15314965635576833,0
1490543,0.14563930234845962,0.2394444884296003,0.051861755434016193,0.05179265751727301,0
2181967,0.044023476456088825,0.05560844465738812,0.033249985247905456,0.031221292765115653,0
2311573,0.05596493378884345,0.07574652980821295,0.04867985711204421,0.017438558755618574,0
115103,0.13643138236236763,0.19426891834593452,0.023214510577108355,0.16166285008133938,0
953749,0.03417389260606899,0.028678252505812907,0.02232034326338915,0.06569331687072896,0
852961,0.1082244965171475,0.1609832954914482,0.06458923090894393,0.041780397493701084,0
193745,0.1452054138614144,0.2117224055366721,0.02530420585040503,0.15876474668978416,0
504611,0.11670108072279356,0.18659667339284802,0.024517770721107827,0.080237064050186,0
305932,0.2193395548050211,0.36004253774690154,0.027127611483369757,0.15590001243279686,0
646802,0.16608439847087852,0.26120361368787093,0.05814475311089835,0.0901958284683678,0
2615206,0.27169934357593195,0.45471753019165284,0.036266980060482616,0.16730242230980377,0
1565970,0.05076537805452213,0.053612806789183565,0.033362652442763166,0.06975089463550699,0
1112900,0.13362683888501256,0.23559525862318853,0.023288245449685812,0.044213679692562693,0
1557659,0.07144812556294602,0.09032530013654683,0.04948377557166479,0.0572017141158659,0
1903995,0.07142144376675905,0.10319474575581844,0.03375895495890066,0.04848192200589814,0
629479,0.06934684029697963,0.07781944433057209,0.03149390270102222,0.10494473660693461,0
1986676,0.023907234262458384,0.027535583177279666,0.02185201385532217,0.017919192586109495,0
399163,0.10926041178803098,0.14131739928097498,0.024690744766016907,0.15597244358869206,0
2507311,0.11355193312437172,0.1949259852955304,0.045563614495946585,0.012099280639112683,0
238366,0.19684548682262823,0.2660424102561756,0.07513270942198866,0.20642234433971918,0
1508697,0.18024839200641027,0.29539210716869846,0.05226672069371923,0.08436161106972638,0
2562934,0.06026037648508273,0.05105641426815455,0.08581597643340985,0.0449368821049125,0
555225,0.15873957896835122,0.27550901123817884,0.036013286074319806,0.05090543763482937,0
2677630,0.18900501367899736,0.32688673324139306,0.03759945031608417,0.07140905981737795,0
2023545,0.03313735153798905,0.0370018597004701,0.02963172338925136,0.028734523354892967,0
1007404,0.045491648385191534,0.04056857398340086,0.029334963186166445,0.08203436218820585,0
899279,0.06084914060587272,0.08548800401779966,0.024776330281136485,0.05336119756315975,0
2493768,0.08167184542055037,0.12472617780564277,0.041613628393555306,0.03412333999831197,0
346473,0.28049296618575903,0.41792135369801153,0.14885146419816708,0.1343842503865155,0
1455943,0.06708890573614391,0.0952805973139087,0.042252997674289465,0.03386353888451365,0
30853,0.2573424475810108,0.42113908077862117,0.049986644959204046,0.15888456851969515,0
1790785,0.04832760237322666,0.07906047345036504,0.024234652571225663,0.007634849383382205,0
908531,0.05887066866332219,0.09084906668831694,0.022382863110495862,0.0336563819300748,0
169553,0.21792455526007676,0.34403564893243266,0.054531088503277196,0.14773702121438637,0
976432,0.14180992801758918,0.24286296509101712,0.017876371485678316,0.07507767013188554,0
2000512,0.2383474900877155,0.3282294777328484,0.2076782869354351,0.059646325703303894,0
2154508,0.019799991057230043,0.017810957001626604,0.023750128886790903,0.018847369451897352,0
1733085,0.07832045996628018,0.12527116299219954,0.02997782108561309,0.033457660722482456,0
992930,0.272171203764407,0.47593071922874275,0.03447640813904027,0.11931460854161777,0
1663885,0.03175598657542464,0.03870528715314492,0.02277153465098161,0.027859413017788468,0
1443378,0.040514242650210974,0.05610098537192787,0.020855965954918492,0.031034800888857437,0
468377,0.2725466880918593,0.47391064718236253,0.03595787673944066,0.12402000739422915,0
796321,0.0459710685559589,0.04140734899655085,0.0229211691747469,0.09195521652629701,0
1573920,0.3024241371961582,0.505264101211088,0.07119594695907917,0.14216651251445225,1
837412,0.09996003841714925,0.11893284526665082,0.0568500189181877,0.11719305054183758,0
141187,0.12888664497008429,0.17794015432989096,0.0253597247508515,0.16154325189941676,0
239973,0.17945916221992983,0.25767504436256217,0.03648200562442163,0.19838519175661118,0
2111849,0.04257157290199144,0.05707513273387288,0.03145902386874283,0.02298149687216075,0
798565,0.04466100254424727,0.039482940305372805,0.021315605159405556,0.09262425421869601,0
2643316,0.3199489777955021,0.521022081677889,0.1366741559227966,0.09217845089859286,1
42744,0.2512384528886584,0.4174387796797573,0.039366203938808186,0.1535460093356867,0
1607164,0.045244807534921765,0.07217769175672895,0.023024678693420755,0.011242790242655322,0
1425550,0.0751691623491267,0.12646907443258737,0.01561136487863782,0.03625607834620836,0
1712816,0.13234625380883672,0.19936534263258776,0.05292109431114574,0.0839362709959956,0
1087499,0.05785680647665201,0.08432471651728324,0.035662708321807055,0.0249781786073414,0
390921,0.11064536564376423,0.14293076426718698,0.032007738669612734,0.14788830954643456,0
1499327,0.023412196014693874,0.021551819849163767,0.021518361123073867,0.030903888765949156,0
1350575,0.04224104953961448,0.043436828251149806,0.02269650250957272,0.06856842330583882,0
118846,0.12205237746086808,0.16323181164931533,0.02987421245137796,0.1573710395039851,0
258667,0.1491867086004534,0.22637598590810204,0.03206012766169847,0.13190338673946428,0
1218447,0.15702381081798472,0.24385949727250122,0.06892046549053292,0.07208961267287117,0
549702,0.10088720512954684,0.1580727508314561,0.01777124585119223,0.0825972797923056,0
233091,0.1653693756233417,0.23814415831167934,0.021481990376565265,0.19926349677266217,0
1044185,0.39565268700091594,0.525184020387091,0.3364674449712125,0.16060221658003365,1
34344,0.14928084764624747,0.21852186705110133,0.03073061640045537,0.15400364600280095,0
325794,0.2635250404658978,0.43578932604962994,0.04317961685604989,0.16338246192133934,0
1384758,0.16008996555948,0.2665165492716157,0.03264393559164804,0.08519255123088858,0
315107,0.1195339037874357,0.15682897276225904,0.051180701104447224,0.12882603537486004,0
626380,0.06650977687212876,0.08099835493954488,0.022243956471983253,0.09668706230380673,0
203881,0.1384106909665645,0.17193324013647637,0.05056172479700847,0.1863777672961189,0
733226,0.049448410780231655,0.05086622534089413,0.037875692693051376,0.06326295150934587,0
2556477,0.0506240423377279,0.06898215860967294,0.02262670760640206,0.04672475375485408,0
1450527,0.03986864871237841,0.048359411135946884,0.03375324913995233,0.027814842012096344,0
991095,0.27069470665129447,0.47054463608455,0.038591137101777036,0.11922523739243195,0
1093478,0.08519348803767267,0.14398969033689601,0.03267423857079646,0.01698185648992862,0
1175930,0.041398824309696956,0.04902193994184845,0.01898171196302177,0.05596670374933102,0
981316,0.053056591002776564,0.05694144787355948,0.030068248808428157,0.07782696211734187,0
1095798,0.04183223814420183,0.06261248306800116,0.015300212825674571,0.029679663812494404,0
1456357,0.1262933376978862,0.2229043926577512,0.029005699014263604,0.03069715832365757,0
2215878,0.10122718472273538,0.17731337000707825,0.026389200327695032,0.02326869810443871,0
2560305,0.15208338904249638,0.2613643317500709,0.03498064524195983,0.05453514797436483,0
2179214,0.0440224768298369,0.053972641854910575,0.04076797320765332,0.024028819700428073,0
635973,0.09799188004547599,0.10381972075611245,0.07485987142497656,0.11812029119963394,0
2299382,0.05132544772940492,0.07234696472578162,0.03451312125715935,0.023990144946831538,0
1114674,0.03473667489205466,0.04657594182417679,0.012577252840748059,0.03837764063870924,0
1365784,0.16439605365543747,0.27421074483393115,0.03083126663364384,0.09020650624189372,0
1290740,0.1833405796415731,0.30717926110542826,0.049532445310485465,0.07445607747856677,0
1956208,0.12102706018267362,0.22116634336160035,0.03001732027726367,0.00719346209347171,0
2677613,0.16070255238104225,0.2623132125087051,0.04843624569226367,0.07507536209505293,0
1557107,0.05038481475284794,0.06102265790322059,0.016200177590167997,0.0750671626209362,0
1710347,0.10889405980933743,0.18526160003875924,0.02510411579830141,0.043660125252336895,0
2503256,0.06137472760397137,0.09202748108432723,0.029194653331841135,0.03301295531127708,0
2231941,0.07536634102802808,0.12776473217691764,0.016645692088429618,0.0324513365652019,0
2269011,0.11770602757434365,0.20233830382189366,0.02673668561437286,0.04257934989542482,0
846297,0.15905447778264567,0.22725328096814923,0.05609971018114232,0.14298962122114173,0
663220,0.10507652077826576,0.1442922938858695,0.06957937777479808,0.060282802514457924,0
1728792,0.221209489056168,0.3703941272972633,0.02031429417660491,0.14959068577277437,0
1623330,0.06275988728920578,0.08474744798086886,0.04826679935781722,0.029530617457130946,0
76408,0.1177041953345571,0.15710415245928444,0.03132056416355454,0.1487797492792426,0
2693493,0.3014257848255801,0.5429719640443527,0.03507470443161924,0.09708695736958992,1
479932,0.07340463741903629,0.10450058940402285,0.022805136625847072,0.07156400864635368,0
650779,0.15196130508516112,0.2445106517124045,0.028029730409145675,0.10648530053107591,0
334585,0.23791290189211883,0.40427921181134463,0.027655223041717057,0.1373836453696569,0
276537,0.1307335269229852,0.20285523295756025,0.017561537860221983,0.12018724543069248,0
1704212,0.08347129870051909,0.12094350038591561,0.04425833681891267,0.048610237309437414,0
2756289,0.35531170649459926,0.6193168870992249,0.028555986721882563,0.18543233464210984,1
435124,0.13506680881647498,0.18875066171607613,0.022879819856869994,0.16913766000687958,0
1834902,0.023604191242473472,0.012460582900411854,0.03664335699608666,0.03190446346720775,0
412825,0.2307546325146443,0.3872934753254056,0.01208001008215581,0.16741945913647366,0
21323,0.20814101718150885,0.32944852357864707,0.03483134787496739,0.16483675514847546,0
1407198,0.17941181155799216,0.3078453578496241,0.05756180738956294,0.041102952081556225,0
827015,0.10331541783577004,0.15430647067620273,0.032663518130455656,0.08181563529265988,0
1366886,0.04417092350714629,0.04469369643820431,0.03331999763026588,0.05914037999482186,0
890624,0.19920458662561374,0.34378238894411717,0.030930523725574262,0.09017117517941448,0
286783,0.19850792401581274,0.32098582770723216,0.029388861529032292,0.14599175851743487,0
1279426,0.05322586190878576,0.07000991973876969,0.03991157555710822,0.031237146861342265,0
751492,0.04656467638545585,0.04948768610391996,0.03352864026951499,0.058811206263206864,0
2541712,0.2010240996482942,0.36576374046946813,0.0334146985575875,0.04058909923141953,0
864295,0.06247405732696939,0.0950890500457432,0.02096037628242013,0.043207097096858736,0
106457,0.11075893015403823,0.147157678280466,0.027152627811617227,0.1451715133516003,0
2244621,0.08713435031161401,0.12761658297096712,0.04556583788863143,0.04828153729770506,0
1951940,0.059487502720941006,0.10551595895500132,0.01823318804880199,0.006297834143998737,0
740433,0.14726600130268477,0.25579532727741194,0.021094544227172368,0.06519987197913546,0
2079485,0.10236912487125797,0.14056568510101797,0.05375505359859875,0.0797988312058468,0
1977230,0.028148254789911373,0.03404806995459675,0.026026071049582458,0.016581992488691313,0
404135,0.26406912563367774,0.4299059802810985,0.043730632066239714,0.1799847293662829,0
1701536,0.022559585226046557,0.012462269587983799,0.02031754781969662,0.051165930430728354,0
934452,0.06892333534290047,0.1009359578996537,0.021348894747322242,0.06025343984438474,0
2393674,0.15764492766924534,0.28003776690820315,0.020301408627909686,0.05767810813385428,0
893026,0.043938724223779174,0.05570720181882838,0.0196836752043029,0.050900103765370554,0
866755,0.11708154222945175,0.19785826789454675,0.04048914475427504,0.03002832427947931,0
2541635,0.03481307280698348,0.04167046302967614,0.02285792232808247,0.03560232296860334,0
2726320,0.33363839361969255,0.4818620789958874,0.20607227372883877,0.1544283600154861,1
205816,0.12715433285851305,0.16515452024022637,0.03233942398363534,0.17437622771654632,0
1953512,0.07338307370534007,0.11274465850386584,0.03767349340961046,0.028543482152620113,0
1848397,0.021141039196222122,0.012474543681652572,0.02380655223049294,0.03880900843123978,0
1013216,0.04217151241544186,0.031065613405165893,0.033436724732080106,0.08303844146617441,0
812008,0.04571397934748266,0.04390091187039857,0.022550577830460626,0.08499175031572595,0
2032543,0.02884023728087305,0.02867298523690376,0.01970570916630203,0.04296015956265282,0
604096,0.057128204633731916,0.06531260631297608,0.01882067024767988,0.09412850201469955,0
1826095,0.18689616115163607,0.3331392031309607,0.014672023532136454,0.07962476263257394,0
1855359,0.11527221163240434,0.19969321778532023,0.018702873647795874,0.049073703227027275,0
1633559,0.2752375872519895,0.48573119155858413,0.020588038254699032,0.13097789998143866,0
533697,0.11111148531521924,0.181099212062385,0.0353426442185175,0.04979543009235744,0
603837,0.06287025509433804,0.07950859618565576,0.019667678417375063,0.08607826738148816,0
768388,0.032922387916935615,0.023504439763078366,0.023100850089618482,0.07119956504255444,0
1789867,0.02488018490647268,0.03281872879961201,0.015968117889129184,0.01840192569963963,0
2107904,0.05373075908291353,0.0802157622433054,0.027394991564683422,0.027021902459279042,0
1763723,0.09216177188596487,0.15490348775050367,0.026662465513082698,0.033556441783941175,0
2651736,0.4039929230537559,0.6188698190082046,0.21981980060004433,0.1430603668482017,1
11309,0.3815351685864961,0.6491774824352652,0.04421649022630892,0.2184074015048542,1
787468,0.04318856577643408,0.03769358869136674,0.02560651635970179,0.08329908261420088,0
1468366,0.03301866413161249,0.04219692277054654,0.02001226245451687,0.029582620049920766,0
54913,0.18258932493151073,0.2895534535165415,0.0187765712534622,0.16089813398600664,0
2530205,0.17429092059247211,0.29340655784747427,0.049721616811787196,0.06335578312599419,0
516031,0.08044226807246355,0.10757424427881279,0.039591631661388856,0.07388828217320247,0
1703551,0.028697512510172052,0.01830266021432181,0.027526040787990688,0.05644185083306971,0
2453196,0.056250465343855735,0.0880030454313574,0.02242073185321504,0.027613615361062636,0
1058286,0.15945806702088836,0.28059718377003084,0.03196805133275333,0.04784529868023467,0
134272,0.14089680743684543,0.193593093268149,0.03586448432265414,0.1667045775298735,0
99140,0.1322180377895622,0.1940285277772189,0.01174134391283348,0.15840685363551352,0
2742862,0.3505933318727162,0.5990784361439183,0.038391384872560566,0.19768349169494437,1
2386243,0.039407873051944084,0.043621454735288556,0.023181218518986968,0.053213900643018563,0
1465497,0.16132471773239118,0.27334384348767704,0.04550055045592267,0.05501315425887924,0
379286,0.17932844035261727,0.29404203861477274,0.023764387706163393,0.12589052366690942,0
1278602,0.1464954533825144,0.2569933219313656,0.03645413933936867,0.03531275307510508,0
2752754,0.4022634752707192,0.6615233404015847,0.09274142120743244,0.21839689353848582,1
2136159,0.03891933720381108,0.05375162963122415,0.02656795501223058,0.020365679422649156,0
1768302,0.05969470378164052,0.09735793255847791,0.032158321069264945,0.006841205908110389,0
2182644,0.1357334440235255,0.23888455995688973,0.030129213683484833,0.03626199970017587,0
2358337,0.14125068368049498,0.24860997427505116,0.029059667894314814,0.041138980873374725,0
2721113,0.3344983792894263,0.5988742745262341,0.03145650820738927,0.1281214478204624,1
1688639,0.044874299357987715,0.061273402445839675,0.020089238283027736,0.04105413325079778,0
34045,0.2788930004878779,0.4453021186695848,0.0852669386349407,0.15330929781301655,0
1259436,0.11032134118062471,0.18769996147006895,0.0244848345486327,0.04562955040500213,0
2508684,0.06414086752660593,0.10632883788229763,0.024652441341050532,0.01790358091570978,0
1430909,0.03916995145866525,0.052206163155712026,0.025728686815798218,0.02674131918034887,0
1090124,0.21190478669727794,0.3786968403194484,0.019079503253033446,0.0841625778082186,0
1930633,0.03766779225278825,0.054716148651743346,0.018022867023397556,0.024514289099486518,0
20843,0.22302221041181125,0.34592461496824733,0.05446796502298529,0.16859756710396,0
1634245,0.031572572828380954,0.02789201594843882,0.041567252962007285,0.025781944827796787,0
2562553,0.06424058371547206,0.10776508457293321,0.013836868796872877,0.03103490394971798,0
1737949,0.25378686292111385,0.44409033390696007,0.04675345345730851,0.08857829965220648,0
1989266,0.021806201961176944,0.021957352395051144,0.023627968698301322,0.018695675770804887,0
874169,0.04607029120985083,0.0596517516070012,0.023921911575264892,0.045339209668853825,0
1905723,0.05647580940757083,0.06826456513770318,0.02823667543815251,0.06936262103636742,0
320646,0.1137880682966087,0.15923599524031085,0.03108101144341014,0.1242288362171512,0
1997204,0.028950566557736066,0.030675852777782064,0.03170438998457197,0.020506615867367215,0
1156329,0.03227234942088253,0.025635618158229234,0.027235821659279673,0.056418969219920054,0
369830,0.1441370455292767,0.218200142422444,0.030581334189092705,0.12931287030663446,0
462318,0.47978321895174025,0.6574065123170115,0.3594591583774071,0.21621107640006199,1
1817458,0.03542670128137583,0.041496917335379524,0.029841942273038165,0.02862829965887308,0
2541145,0.13995815057508088,0.22865995888098278,0.04638796965037412,0.05855890119738627,0
1071825,0.09965591358304315,0.17284226746342868,0.03085334648238355,0.019893879533068762,0
2316131,0.055449370535873635,0.08784706408289222,0.028615436998731536,0.014706036974040318,0
1693950,0.1426543388791125,0.24610941578408474,0.03657702361087157,0.043132619519043305,0
388282,0.15904613452443292,0.2481787887323379,0.026108982012749235,0.13562022777219596,0
2175847,0.03370856930360484,0.04167895947313138,0.02336652159511507,0.02929566544252315,0
2167895,0.05406621438616548,0.08000846731707312,0.03781424597256467,0.013588534679297614,0
24144,0.32614755842922677,0.5273518092051885,0.07545362145713258,0.19917783694746372,1
789371,0.03789657932751294,0.030720155558314644,0.019943093768391866,0.08276786708919029,0
730919,0.23367433475274202,0.41425737491095593,0.020745494408325446,0.10160999487383206,0
1743977,0.17341644548627938,0.30564819913339714,0.030772767306599287,0.056802578638005065,0
14874,0.35446351329598713,0.5930042192544988,0.05279373128551122,0.21061642141542175,1
2037090,0.029866275476913937,0.031793014927334884,0.017662614294329547,0.043354918624738156,0
2292869,0.041368683785046004,0.06116715220150948,0.02054003639945171,0.023115483822278786,0
1497293,0.21239002892691392,0.3511651992784097,0.10077690314203372,0.0328717917254946,0
2563536,0.07386999556029522,0.10822748986027697,0.030313530348976717,0.0533109576273186,0
121503,0.15958353024048041,0.2316692545984902,0.03632673516693608,0.1642544119557725,0
2584911,0.07533740943684261,0.10000654595150116,0.0437904307495953,0.06098503618106721,0
109546,0.11147020262244828,0.1489051359958411,0.025618969644668508,0.14665971865563582,0
808104,0.053260945265815415,0.06033963047847479,0.020636079132533527,0.08450153143408981,0
768811,0.03065458364486065,0.02026271475754282,0.021574790800616674,0.07025394512952118,0
806612,0.06279172589664253,0.0693844192090145,0.03950145820954781,0.08124539414635468,0
2039395,0.049468542560994096,0.07680807132742773,0.01784198197444461,0.028559561524734225,0
114065,0.23272521208163785,0.38323662418945936,0.03157881062139525,0.15816628400244795,0
644715,0.08729859996061741,0.09404506388219391,0.05591869059031455,0.11750230421213043,0
1742863,0.05362524377858024,0.06830176353969264,0.04797167538679339,0.025414296963479518,0
1017372,0.191061273215736,0.3212837491293309,0.032189507780472415,0.103812731584644,0
547230,0.15016916385862805,0.26433297872449346,0.02888437922180208,0.046686803649203475,0
1977694,0.12758824737737276,0.21265298196031956,0.04457871214559357,0.039440713767674454,0
685035,0.10837990542087136,0.18196975435544005,0.03306567632461623,0.03737662672883237,0
1225908,0.34811056053651535,0.47177953831289465,0.2786134436183571,0.14318379147280472,1
1659242,0.03202129627726632,0.03492035319567133,0.02552530291606692,0.0345176440230529,0
2055084,0.03828891785917335,0.03831741722055082,0.03272674237385405,0.04656093268370863,0
1036530,0.1441423026083284,0.18987830239704773,0.10684128738122628,0.08575382597718327,0
260201,0.14829776371644252,0.22637598590810204,0.029033456208104345,0.131998669499801,0
1375061,0.052043419523466125,0.05356324969063497,0.03396341007461633,0.07536385827881871,0
1933281,0.04448063510550498,0.06541152192634003,0.023567386860768803,0.023523290420521606,0
749749,0.09397031930416677,0.13368188110489387,0.05963294064793176,0.04619748278670159,0
2083001,0.10653039250975713,0.16110859791944565,0.032351245029078185,0.08135360020655422,0
2421961,0.3013587470032388,0.47510521053993815,0.1342851850960297,0.11760293102230387,1
173757,0.23303644245148686,0.39069588742632166,0.021015489796650837,0.15691925899665393,0
643151,0.18664335467775256,0.29386200145639785,0.05313052787043925,0.11886597794210925,0
515167,0.0551364924177109,0.07109843644418279,0.023336094259141564,0.0629322295893852,0
2744973,0.2843963255357191,0.4676625555391295,0.05028597825493997,0.17739627144836173,0
1433472,0.14216076227640614,0.23701533370303596,0.046124350599986534,0.04907895122446099,0
1549815,0.03953315678415267,0.05173609673493251,0.01330710748612532,0.04836488085424409,0
1039711,0.1845178823515108,0.24332557997426218,0.12434373331189155,0.12775986185406105,0
822485,0.05866300728562554,0.06407752689229906,0.02088500084966292,0.10179371792288565,0
1699744,0.025800269457632266,0.016322016918427606,0.02368012863984954,0.05267611203231799,0
1086062,0.09121537081109353,0.1432805217794253,0.030576736646098897,0.05201044463775612,0
133973,0.23421271229523824,0.3927384429704186,0.012212526882823354,0.17089866372590962,0
690844,0.24192082320005845,0.4278728957080069,0.023622321449512488,0.1044883945560063,0
995130,0.08136416579653151,0.13058851815385875,0.014668024941751087,0.05834749618538406,0
2669161,0.18941284923128957,0.3239574656239821,0.036864081218208444,0.08187446026917994,0
2527350,0.04066814339003449,0.05314014521930133,0.02705727078239432,0.029904447728327635,0
1182512,0.0336980678759609,0.03139174190170435,0.017886349288934136,0.06318146069214242,0
742545,0.038309297412942166,0.03636393109474034,0.026021611433274458,0.06160424217794828,0
230090,0.1882888688180494,0.2828102480549357,0.03851382644012383,0.17664798429272188,0
255063,0.2901290145258761,0.48683519333820513,0.044087298716545806,0.16742614120904878,0
1049983,0.17410905524544767,0.30936681426030055,0.030661951051179342,0.05113531399971798,0
2106843,0.18935951956417013,0.34366607832335105,0.028962077394304182,0.04418928592101674,0
2392576,0.04475178315372835,0.0566978155601624,0.017069183194534498,0.05641060207643403,0
1311092,0.1587513897047361,0.2748380575418705,0.029799628818218574,0.06196236144167624,0
1322917,0.15717515455724296,0.2781935307533573,0.03273855583853801,0.04128411214501459,0
242032,0.29689073792791815,0.49326182553348197,0.028095964858257157,0.20915517851849996,1
1499919,0.031483808384581494,0.028792128980699383,0.03185550950031572,0.03765545522068541,0
108361,0.12447920705479086,0.17276286545816966,0.0313452818348584,0.14347094887624257,0
539842,0.2557439929789957,0.3876681749362151,0.13256672503456718,0.11069944000259005,0
2085479,0.25920976409500834,0.4397472261538008,0.04468382847357425,0.12965501238017824,0
1463139,0.12775314523984965,0.2288066960199997,0.021623538012633215,0.03431367913029917,0
933071,0.037572326902279456,0.042982749249495744,0.01910876554833784,0.05174161306515114,0
1671512,0.016179272251308704,0.007909962590549546,0.015979459445066273,0.03715226561257025,0
1742492,0.04989272632567672,0.07190545310043561,0.028546746347183835,0.026879879356518796,0
1051292,0.09392504142279584,0.14785499216560127,0.039091659038852054,0.04135023814169798,0
1303227,0.09937636480294358,0.15948247461952514,0.03083258051095911,0.051926766699466394,0
2532755,0.05646690325586139,0.08100455265424622,0.025029586173523743,0.042278755383405794,0
488477,0.08225382986237821,0.11124954494943506,0.04441431307645176,0.06652381732362579,0
1146606,0.03438517173324125,0.03277015228520852,0.026619804499449125,0.05007077120401126,0
2673271,0.2612838220126479,0.4763429330441892,0.024562384015177352,0.07871820143000041,0
1671248,0.02664118192648028,0.021835903765883624,0.02512832507982968,0.04092366259794783,0
387762,0.21568259511305682,0.35583753436421106,0.020386996257122345,0.1582386452690729,0
526401,0.11222258660224904,0.17833122028647108,0.023801517642931754,0.07958260583066987,0
1650153,0.05789701987855281,0.09501279874794255,0.024603690944022948,0.015047566106873245,0
528657,0.0998641206815012,0.16060670024448764,0.03024469345402849,0.05243681261524419,0
297502,0.23552733202447718,0.396882789231659,0.03276354581405387,0.13628436832215768,0
218529,0.1490694667031583,0.205333500784866,0.027978814247863387,0.19004536018183138,0
1223384,0.1558395596855087,0.2245814630448585,0.05944029633350228,0.12858369631514394,0
1145010,0.03345989610549589,0.031820144122420735,0.02643814572933294,0.048091901627428206,0
1746546,0.06065133406594665,0.102992027919379,0.01874449885121383,0.017659852254464994,0
1059473,0.09006097832300132,0.15038213076638185,0.031440071718196905,0.027189457121756574,0
2656230,0.20811837852749432,0.3753212877893327,0.022663969378930556,0.06829271909574396,0
1368195,0.09166862818373783,0.14824850648104226,0.03091958870833413,0.04134249165358235,0
1997966,0.49484101514683676,0.7310441816758082,0.021659983479702386,0.6141046463251096,1
2482462,0.06009694945860394,0.09259990144963293,0.027725319426449083,0.027397014529263783,0
2410566,0.06643396622350456,0.09086548824479068,0.030196846547930135,0.05971084068365089,0
1825525,0.019926286436807075,0.01572331574729513,0.02214150505178053,0.027110885238126752,0
1804081,0.015848522086585038,0.009147980303186753,0.025346957997997972,0.018352222677961345,0
498811,0.2584857714486022,0.45715715581983807,0.02238281653802992,0.11596174288637098,0
291094,0.18287065736285849,0.29588388052038617,0.04336952980215456,0.10958929081009508,0
487403,0.08483914246939656,0.1255500608514013,0.023716366536839666,0.07474601041322003,0
1649920,0.0543779971045929,0.05476451582281028,0.06467129801681298,0.03797174894071934,0
33708,0.18522629833913182,0.2939699453216099,0.01989041341335592,0.16137100827160036,0
1634400,0.04200115939589471,0.06770715254119264,0.019943015717108954,0.010823392050828518,0
2468114,0.0574490094327037,0.08526952860658288,0.031846444182662914,0.026301559373066906,0
2159738,0.2442778303189568,0.4379666449323356,0.032538523467615536,0.07766475406252164,0
21861,0.18223944046584173,0.26575197909937176,0.058986878179127955,0.15833693731208728,0
170981,0.26327716985794347,0.4388634032864356,0.016491771527684267,0.19448968378210196,0
2696345,0.1902930871670646,0.32428693311633905,0.03596435216293355,0.08680157480007511,0
1512443,0.16331494642789046,0.25903915665559196,0.06663612902070197,0.06902264696941939,0
390389,0.23054191709399888,0.3835370837164688,0.024306827436585944,0.15740663502394345,0
2563998,0.06043733787035812,0.09005932575574038,0.027716933581286983,0.035462974590509164,0
2140739,0.07895731255079468,0.12349316848554193,0.038093127910745116,0.028913949674000895,0
437345,0.1409102230579384,0.189488651007922,0.04326520284262189,0.16593168350595416,0
1708880,0.040103056049338004,0.03265563539120009,0.03441272099867066,0.06725711027068379,0
2051363,0.038225390381485855,0.04143662089336109,0.024796199206478853,0.05034110086430826,0
1314009,0.15905709158548878,0.28304449758092465,0.033925335683435844,0.03678621044997846,0
1567996,0.08195889096208606,0.11011549066504456,0.035547058995326786,0.08118513965482867,0
2646230,0.30608842083514015,0.47450602103566897,0.1440899110394674,0.12804218502732725,1
2050955,0.19896732792568156,0.36565484893205025,0.020186579715255466,0.05041964772539905,0
462609,0.2815078038599038,0.473420408696123,0.02637440196408959,0.18442639461307714,0
2723059,0.3359960360257017,0.6053909336990194,0.020387889278525122,0.13592101196317238,1
701141,0.1735354669954081,0.3048269235859906,0.02192609515141765,0.07272088328493743,0
406438,0.13687549056847334,0.1675865420644962,0.0671971803667977,0.16461532713092966,0
2474247,0.04830776524437175,0.0719752710670204,0.025225065202069293,0.023763050751203794,0
495823,0.08398712383011361,0.1400068258170829,0.009475974817977255,0.05570459238089496,0
784211,0.055849131073427365,0.051934115248710944,0.050305761636371404,0.07395172479080235,0
2501521,0.17844891509895117,0.3177891564318598,0.035197014378835136,0.04497616284685369,0
1139500,0.041293894880187115,0.04640111065806485,0.0364407805780761,0.035805526888659296,0
833153,0.24569531159094488,0.4246880940579446,0.017004777742592136,0.14124915619597475,0
2585017,0.1543437668294763,0.2705553732208643,0.023346484097548418,0.06031067494889794,0
554662,0.05312402519966567,0.06273695152935044,0.02517565972986168,0.07101425758015975,0
1721208,0.28009870675778453,0.49353920424674236,0.0290523431914405,0.1230670083849061,0
126636,0.11488880878563036,0.15198146631709064,0.027091667596246777,0.15385287674105505,0
1635067,0.027335417854413874,0.01572781563734349,0.04842350575378647,0.024722291548030927,0
2352927,0.042095821395421576,0.057687816216398846,0.02645771265486888,0.026572997453807465,0
349337,0.12842113905849695,0.18303538827903598,0.025468454720098253,0.1463145425147474,0
199309,0.12805923089650786,0.16685040612258017,0.02568344916594624,0.18464496542716954,0
615080,0.18521855654853206,0.3088831476880368,0.027387260679127987,0.11280402250387626,0
1955212,0.02829565194937611,0.031116510874951264,0.029687738473409143,0.019155374849388677,0
2400704,0.07262262101753522,0.09820387840546563,0.03397051142596473,0.06664764193506498,0
793033,0.05486656131002485,0.06387942624848808,0.028314679300363223,0.0721622219783592,0
770192,0.05601896533329846,0.06368673382237477,0.027192408351719585,0.08008937958297602,0
951826,0.11140303571826751,0.20380133430361969,0.00957116385786069,0.033155097045497316,0
2436118,0.11648191896338159,0.18261386159774262,0.05620022935408102,0.0415745967914299,0
1903702,0.12306970552332464,0.2148615398703545,0.023001540633042224,0.043692366991173605,0
2403499,0.08160162656222772,0.12322935985448435,0.032025668865549035,0.05189622987660414,0
606154,0.0560973414790764,0.0627890310813547,0.019533259519381094,0.09421424041292362,0
406504,0.11494801449467162,0.15231316814237883,0.02060467659781696,0.16305013722068554,0
943334,0.03442258964163986,0.03725532676318122,0.020080505212097262,0.04885387348210037,0
374875,0.1119345976014768,0.1439944287795213,0.03366908750767851,0.14918328479706294,0
604077,0.07536711040930898,0.09548147172251065,0.025216331618175485,0.10030737531300506,0
81593,0.12601102184597035,0.17688568090951495,0.024730230845517353,0.15074556068778827,0
1936469,0.05425361697151545,0.08253990783306209,0.030312967713699783,0.019448863704372363,0
178176,0.14691104741084843,0.2176140614152584,0.0217628409483439,0.15787582209358028,0
135783,0.1845647804655777,0.2968831725727261,0.026460042694221055,0.14092590685474163,0
1375413,0.055626458613910655,0.06500985959129335,0.023336871727201954,0.08060233650051696,0
1303803,0.14530562045274248,0.2529664195192822,0.023123599123502894,0.059426654780252386,0
1310383,0.035707059669273476,0.047285774646178,0.018362331340870425,0.03277736471961675,0
818456,0.3801830290863913,0.6358831618656311,0.0355654782608081,0.25785902337666633,1
976249,0.04180278639033448,0.03986812426759856,0.027621061171644406,0.06791202952520942,0
551591,0.07183572806883044,0.09687398742102582,0.027047475553116252,0.07642245846191327,0
1593479,0.03597046972269479,0.04561119897840882,0.028515681060328237,0.02305082957695953,0
284492,0.15865745916297763,0.25745688649814935,0.02392794735312658,0.11375315853982498,0
1439821,0.13958121058193151,0.25321979333807987,0.02288018133840043,0.030536297556857293,0
2060477,0.1345040467300428,0.2269482479396836,0.032147776858394914,0.05692794851341257,0
1669199,0.1054472273429886,0.17848549597737862,0.04380954740493273,0.015308075664097353,0
2290095,0.05232144148508045,0.07808192611302134,0.029374857177282804,0.022340106376924684,0
2717763,0.20579835354322432,0.3448642974262579,0.03677182937215493,0.1116732800922444,0
1980089,0.0346080193584779,0.049391995340192785,0.02387545250188888,0.013746929689074212,0
462435,0.3304203014696692,0.5415660678125065,0.06503100015291491,0.2006398375877074,1
592914,0.07466845308461285,0.10711826159956894,0.021670893774801647,0.07304027076193943,0
2672158,0.3029120892238278,0.5075146181224914,0.09722172857721557,0.09994130794708711,1
1409875,0.043071754568159815,0.059585806612142855,0.02388747923501113,0.030563037457925237,0
866143,0.2105713581896445,0.35842813647499283,0.04154643310245682,0.09446680010705526,0
2543529,0.04114125455787392,0.05134030848088056,0.028437580996710402,0.03469913009210261,0
2423474,0.32090715618222504,0.5595837157901756,0.0406419637830836,0.14461354576106067,1
1295255,0.07408802668385539,0.1275180899077929,0.02521962203586597,0.013815475595995693,0
532435,0.16666842045196686,0.29564868663135213,0.015000295305914924,0.07171994272258157,0
2454496,0.05541180508939041,0.08244794397905642,0.02921591213764033,0.027115297292850535,0
1361961,0.1311456580908435,0.22224826731011416,0.019331594089191478,0.07111023104514491,0
865698,0.07174310490754565,0.09568202517195235,0.04996209020942377,0.04456732629371172,0
1334701,0.05092504751881546,0.06357988424603611,0.024294268367574152,0.05923412442762575,0
511767,0.1580002861669994,0.2842490706008183,0.020968218934224986,0.04792642593161385,0
1389004,0.08323842865094065,0.11126979846875862,0.03921342194903469,0.07919751415925468,0
2352534,0.04848638558277507,0.07022621888065139,0.02828032236437369,0.024445897165686337,0
2567480,0.0616947438936033,0.08964808030394422,0.017612526434529843,0.05793472905636118,0
2475535,0.04836242514974476,0.07384508957628388,0.022227616413185675,0.023857977188235593,0
489501,0.15234835828429277,0.24487335045095815,0.04001075105138976,0.08954228871698394,0
2122489,0.040353349822079075,0.04989259820213565,0.03789897566049724,0.02018679011431039,0
2709753,0.28327522121892423,0.48811623988969766,0.06266786503204329,0.10208370882231195,0
225593,0.15831471888367832,0.22994158434633538,0.024608582488100765,0.17980675982040195,0
813692,0.07293530504787482,0.0938025025782977,0.020227035501309668,0.09982971554166535,0
1415608,0.06155911445244726,0.09177491061055842,0.028223924153949736,0.03602240950491563,0
188887,0.11800679214214027,0.1520518045780237,0.02784862554468983,0.16813151094860737,0
4930,0.24993820164126146,0.3553838052557783,0.13137037256098646,0.16417593622538193,0
2375803,0.10198275315715223,0.1736700978909156,0.03412524022097066,0.024550660727016227,0
2203413,0.036701862078994146,0.04372107720078422,0.021865227467802558,0.04140877619130637,0
378898,0.11052151466286397,0.14994301463964466,0.018696400756791298,0.14970543558002122,0
645401,0.12744928379006265,0.17630407333778608,0.04765116557836614,0.12500948723829886,0
2096349,0.2110879077259058,0.37316749631077495,0.03255586221883766,0.07368700452433506,0
738803,0.21019049566355175,0.35446952099560214,0.04209274155331282,0.10163956349878422,0
2233496,0.04130610972504628,0.0481698776109063,0.023691726206354725,0.050568265288433584,0
930039,0.03400814702145935,0.03267623204814185,0.02446461896640683,0.05165322653733188,0
1688377,0.03720790206860215,0.04045770483198097,0.016848099689647775,0.059623098728586656,0
1304229,0.047981499863247366,0.047214442269738255,0.05801808253654792,0.03484426983706931,0
2432217,0.15552907026906762,0.2876357157593401,0.021255500134805243,0.026672811744779954,0
970849,0.13574387012227637,0.2214571703497792,0.03238202169427531,0.07650339219552092,0
175904,0.1393109162400717,0.18330024492427288,0.040345514584375325,0.17778569701311323,0
263184,0.13097193530336024,0.19111627988372326,0.035253314484717295,0.12418900508041712,0
2426497,0.21263598977238152,0.30206957934388123,0.14371735990690232,0.092429960641851,0
1316645,0.09139395403145065,0.1588265970781516,0.028174205850058042,0.017641968686787156,0
765537,0.17542821191109692,0.29706678349019544,0.03190151938576725,0.08662182175134503,0
1866119,0.03120685737437965,0.03274889072172982,0.027002593226262774,0.03365817022817953,0
2756770,0.29343185269933925,0.4822485207841851,0.049960778621065224,0.18659679360463569,1
184847,0.13354912770589225,0.17605023838308487,0.03368349562741962,0.17709479913061965,0
2729147,0.22012798865276983,0.3674940932906581,0.045878055384356076,0.11308762696066987,0
985920,0.1534990826930556,0.2454719619826743,0.038529225005701745,0.09602167100003962,0
815589,0.2252801554020855,0.3895657371924899,0.014858728456368129,0.13019834134465066,0
271324,0.12322480832821775,0.1864167207601991,0.015451223632880765,0.1269054042912698,0
2534701,0.06565931589917585,0.10914433038341309,0.020255574461415328,0.025052391845223537,0
1345226,0.0779032356449142,0.10727188548470179,0.0364220539531342,0.06670338358311523,0
2371351,0.1387798613667652,0.2530058075640187,0.007885945500644075,0.049555869672813266,0
1347030,0.042981211160845544,0.04317638318986805,0.030792397842666432,0.06077650106555794,0
1272355,0.04559312609826001,0.06584557662955415,0.019087361768868435,0.034720646264112004,0
2061575,0.047800000974263956,0.05174863172864974,0.03673275772703332,0.05452928895914546,0
1166065,0.08013874515209568,0.11661682771135673,0.02736317068485239,0.06810690045480804,0
2228522,0.04468248205611517,0.056539913977030176,0.021134204888856725,0.05036131800471532,0
2192981,0.027368597985579984,0.02865130185166076,0.020277786677461104,0.034798055282556355,0
1494805,0.03518150111592232,0.04196830299612442,0.02366511998462447,0.035489068112363846,0
1890719,0.1834009837217471,0.3129370348905198,0.03648814226113696,0.07993011799073052,0
1962920,0.02270056933942005,0.02806534252783699,0.017215047586050965,0.01751691899843134,0
1427310,0.17836024532329522,0.3100312703056125,0.035451326125157966,0.0635460616647079,0
2131964,0.053644638213934184,0.08751559074822668,0.025687398568941578,0.010903116345691865,0
2273965,0.35003162845341335,0.611065449504264,0.016968991782673533,0.1970410308323963,1
2073064,0.06215244429029696,0.07660220305130128,0.04183211275356958,0.05650854469287723,0
2456727,0.06717815948755367,0.1098821164499566,0.023846089700898253,0.025416371761529433,0
1856068,0.02108113056255675,0.012474543681652572,0.02359969915146543,0.038819744881454184,0
226718,0.1938153960036001,0.30257911386226155,0.024592752660014046,0.17574006637232553,0
2642556,0.20828834496766319,0.37324620967758926,0.04313940462377647,0.04361709370867816,0
2274896,0.11067581302474416,0.19797255099995525,0.02892384138778786,0.015061925542150878,0
1560836,0.054886849206723265,0.07245397350561278,0.01849434390304531,0.06555779641501641,0
1373775,0.05313305277135114,0.064376236157348,0.022079324158142358,0.07160568722617218,0
1793398,0.022615742413948054,0.022832180907958688,0.025865882077356645,0.017199436683808574,0
2190201,0.032824824436610035,0.033473996575729914,0.031298148192332495,0.03349190845522664,0
502834,0.15735463843428946,0.27078296624276643,0.041057546057359603,0.04822945747849183,0
1178365,0.13378750772533818,0.23575654055306283,0.008131208821855704,0.06734937401125021,0
231654,0.15174430371577236,0.21026138302612551,0.031402950824681274,0.18596363477652614,0
2446565,0.11965002995250862,0.214020635367145,0.028353814947582354,0.020667838923307078,0
1678262,0.02618811686686976,0.01546623441852446,0.03448254996799878,0.04055117333603949,0
83250,0.2489842248875388,0.4192327396916492,0.02925099933944361,0.15296277619940557,0
1302310,0.035699348789997476,0.047285774646178,0.01833562744483781,0.03277886616728566,0
678057,0.17051484812362835,0.2905931503978685,0.04202863492366245,0.0630484122379769,0
2487107,0.07266117034290519,0.11735472275773717,0.026054102711635392,0.030837890752729934,0
896414,0.04342804844944794,0.05430737479591485,0.027075429025185793,0.04075866171967389,0
1143289,0.23196060055174259,0.4163537176303257,0.018816436906017604,0.09069405332387233,0
857103,0.058132795766341644,0.08396318355770505,0.022603851376973027,0.046850242871986095,0
2562686,0.04863390358769351,0.06053899092858073,0.03074738321749332,0.04570096579077575,0
550464,0.049805768178705453,0.05269589411075448,0.03347214408883485,0.06708088948338879,0
2707493,0.23130734935482158,0.3728142657680372,0.08192157302364378,0.10161872281854917,0
1404596,0.18884396158365865,0.3188515331737668,0.06754945152284765,0.0457667976996048,0
786647,0.08775034671525216,0.1183677521545834,0.05424523478847575,0.06146450100708865,0
469300,0.10107146116601906,0.13105118117084225,0.06957399723213453,0.07336835705478786,0
386303,0.12095152938749093,0.15760840519027608,0.043311491179055056,0.14576939719318185,0
2139173,0.03851981660252108,0.05882028665160821,0.016266404885790123,0.02114875905489969,0
1278295,0.051168046629028706,0.0758285975445041,0.02715036694336627,0.025543188868833867,0
2579983,0.21759490729271844,0.38466101129922525,0.046147769180515344,0.057100354444756,0
436760,0.15216383221882615,0.21222671283995953,0.03372263964316305,0.1796684195294874,0
636561,0.07882408288329525,0.08990036936691714,0.03772253370214779,0.11278569044596168,0
15451,0.16036146288162154,0.2456146186494531,0.022684143996825997,0.15374455178923588,0
59142,0.17398924616363695,0.2704743579833784,0.023007566639489583,0.15924898590050443,0
420125,0.11506150053406547,0.15161925294380718,0.023450913779656034,0.16108299964132541,0
495808,0.22582711236518102,0.3600814663685362,0.08443077039819774,0.10228574030726799,0
149497,0.11080797056227316,0.146930584644689,0.02151587746096572,0.15443957500819477,0
2294273,0.1776122352850879,0.3127398067116548,0.04206966577573669,0.0431071609826974,0
2038587,0.13748786989879833,0.23597299791013215,0.021331325630895886,0.06550986627231736,0
2623910,0.42045609750724994,0.43470467860550865,0.6059930006353131,0.10652929006950843,1
2440987,0.13069308950659947,0.23561474918576597,0.029629514393323977,0.01998430297859656,0
1238357,0.07150552936067786,0.11834282243667571,0.0219062015748677,0.02881128834939849,0
2322638,0.03832846090662569,0.04538264891323984,0.03849103086539443,0.0204491359519372,0
695352,0.0640233958149932,0.08637910749414046,0.03629794348991464,0.04972229510474282,0
1922388,0.07239836827826414,0.1082664504729497,0.03994893514546851,0.031402312490743746,0
1546910,0.03279632360583007,0.028240684922554382,0.021796374492392967,0.060685343984174925,0
2664431,0.21010489875899543,0.35149070028843754,0.043082940362743606,0.10717333252976782,0
1637092,0.0421587040667231,0.06770715254119264,0.02049344971100424,0.010785464414127538,0
990207,0.12451407476689808,0.20891683591661492,0.01586020781860865,0.07648797231504005,0
1004997,0.06810498462445555,0.10451654273387434,0.011999900847093438,0.06123371501695172,0
423485,0.33217490840645625,0.49011062861528176,0.15315328769762473,0.20586803894763983,1
1497673,0.12831765160058023,0.2079049480832812,0.053749732710685796,0.04120128872866953,0
1746655,0.10760837046497251,0.19170007071412165,0.013255501287499374,0.03890842360830943,0
2282552,0.09381044156233012,0.1657262209398167,0.028737888624699198,0.011629822525059988,0
1238215,0.29563232666732087,0.5228642905111922,0.01883213902511486,0.14275269852095165,1
1167055,0.07771662096998407,0.10407030715849341,0.06201637214065822,0.035382778742699496,0
1688391,0.09421151519446241,0.1656569508358936,0.016271768764967155,0.032507545735127284,0
993243,0.0572905691739173,0.04284219094859443,0.06606875872899103,0.08024423040461386,0
2589788,0.07675776158124964,0.11024470262301345,0.02679895022214556,0.06797862601549623,0
385725,0.2777573833393787,0.45186997552490293,0.045395758211121365,0.191018340567954,0
1380156,0.04956849062805871,0.047867868353272836,0.033065281207901365,0.07857486044525941,0
2151276,0.025272586371323003,0.03262312604660367,0.016905680013287475,0.019446596720174635,0
1735478,0.1597208435286261,0.2552216527065553,0.07526750952330744,0.04764882159178118,0
1862240,0.12202110332165197,0.20973390849280837,0.02098022143410387,0.05430041322508315,0
2577502,0.05730492928649083,0.07647474523091458,0.027882457768448103,0.053514096702495545,0
1128720,0.07711733105862562,0.11302534307313994,0.03314876065916143,0.05330015662153607,0
1653905,0.1879657809475991,0.32743633014182405,0.027292311392150825,0.08029961229520924,0
2588223,0.18318757885557327,0.31319060650392816,0.04153606720166969,0.07065727721554149,0
880100,0.05310826981813709,0.07331079021385456,0.02105880428668979,0.05067616712601436,0
1519245,0.02501365998403928,0.01685809371968139,0.028853833498469917,0.03964231537328804,0
2546086,0.050239713628988686,0.06864680115324351,0.025057762159770246,0.04199492202217927,0
1411822,0.155356624598778,0.26501781043846273,0.05210181482315886,0.036085874662994864,0
799864,0.05191856720285015,0.044554845031476,0.040226525991300915,0.0878659344486094,0
2565357,0.05170476369094729,0.06692450897171653,0.025327337129664222,0.05322154033094879,0
71633,0.20565829449534972,0.3325621830648229,0.02024666772698816,0.16651601322420911,0
2441364,0.14310993728637217,0.25082835157367256,0.045580980570255246,0.02010733664229658,0
2011117,0.1354601144865743,0.21601074676006804,0.0692124072828028,0.03345509460849719,0
374790,0.11173942972238404,0.146276085836607,0.029478710290695403,0.1487888685843596,0
1770173,0.054076787732104885,0.08955871023413642,0.025714656304256022,0.007915178618799328,0
24137,0.1602425545686779,0.24901334473577186,0.015588281718799802,0.15529698842576012,0
2000999,0.05367379973866552,0.07896550228906052,0.02812261373235685,0.028771322372141035,0
466271,0.1133940067387955,0.17684145400662477,0.04094107014042651,0.06345479346677585,0
2618025,0.21355100252639364,0.3481893220291019,0.11198926244643628,0.029297813889559043,0
1078476,0.05074180647495436,0.07148641581894255,0.02501853188450793,0.03746519500065354,0
1032022,0.18780643354734666,0.3003463233982342,0.042438783092431376,0.12450818460250074,0
2376320,0.04765383976418653,0.0611951921094217,0.033533832124854536,0.03498047036009656,0
2229908,0.04532501196217603,0.05546944039120971,0.024808949840477646,0.05073803407213943,0
1831234,0.02607705058011103,0.027105185135015142,0.026748609438283354,0.022499375905592246,0
2455774,0.06767082274885722,0.10759460171601831,0.026370788222953336,0.029811427119810302,0
2748940,0.38271805947759774,0.6478148904966267,0.0765001515080237,0.17930284388438666,1
2158251,0.15917419168730346,0.28282203637843617,0.024047408787615354,0.052744754309003855,0
741828,0.07192741796515789,0.09937383604675964,0.02785252041911409,0.0694237190802192,0
1302401,0.1786176695475504,0.3221190304832454,0.03266178217309524,0.03879809826999561,0
2149090,0.24377504384268972,0.4379666449323356,0.03068861566963776,0.07792568337815288,0
2152608,0.06400228970038914,0.09259179889933633,0.03970171802504926,0.028979374216031015,0
2619052,0.13844491404217787,0.2015278568486455,0.10869960078379085,0.0253555269135894,0
2089118,0.25509823299199996,0.4073620005390599,0.09760817613459975,0.11067389941045032,0
649928,0.11835568571207684,0.1566239030356782,0.04828400266344713,0.12779266697601807,0
1985999,0.025344006028840745,0.024929129581353626,0.03006225423240313,0.019303824842214965,0
694566,0.08090091956947858,0.12765918059218506,0.028305781604092427,0.042897973960791605,0
2086512,0.26226999718160265,0.4431209982498179,0.04875739236569808,0.13041140173492144,0
921110,0.030205371976967134,0.028448522584060942,0.020762197190836558,0.048762257638428466,0
1289665,0.0270879045220049,0.03404268643060426,0.013052747126446768,0.0307536858438437,0
1502269,0.128280098692375,0.2251871748106824,0.01825248569035787,0.0510538278996322,0
1950447,0.034360651493094,0.04198109386210169,0.03081136671127832,0.0206334727432983,0
1046906,0.20663356824861548,0.36833418539265783,0.027213671194166403,0.07151187097018329,0
129360,0.22738179918788132,0.36463505532752016,0.0323566528118229,0.17678637840287176,0
1086275,0.07499461524712304,0.1097508582128025,0.03611376612108131,0.04642528152198696,0
177549,0.2363723427849223,0.38948865022523904,0.020833532330400684,0.1768897898659129,0
93785,0.12657892803394338,0.1719645227202763,0.03153008162222424,0.15568821093568974,0
1384601,0.05709853577917156,0.05790866253319582,0.04475256735077358,0.0735921715367079,0
137877,0.11862625142498273,0.15787787372813056,0.02510213832560872,0.1607833653161741,0
2530556,0.061262656060710075,0.10412604537718517,0.014282181811779612,0.024574894142918035,0
1375222,0.049571907901080285,0.047867868353272836,0.03307699120042916,0.07857438182157561,0
1882384,0.04536665942440385,0.0416943363294362,0.043900161260854,0.05674721440714773,0
2002068,0.24159620897398024,0.4313508928909997,0.024137713397773115,0.09339724254574228,0
2529369,0.04547520102368198,0.06149650480956881,0.02739968270067593,0.032535219043473965,0
2514451,0.14865845984919257,0.26738564681266197,0.027488496706179977,0.033595437155038065,0
1921644,0.12733673059551795,0.2007874723671813,0.0627146005378637,0.04064307125284086,0
1146425,0.044083049431296525,0.04824072249282685,0.0321340654927397,0.05161234268530594,0
2455677,0.06964247915420622,0.11188704062265509,0.025917862743554277,0.02961800009906203,0
1859813,0.025206569135907915,0.02595271865791482,0.0173542159108143,0.035119725168531075,0
1312010,0.1293320270496113,0.2243042720088172,0.021914297315374996,0.053028009252951064,0
53212,0.17034170839280147,0.26547267905021765,0.019776646053745833,0.15836187525784445,0
337257,0.17991317880240898,0.28539646094916016,0.02518947283556091,0.1482905323858031,0
364104,0.1173560806476323,0.1605127436341225,0.028231917587884858,0.14315066777102797,0
893067,0.029290459491204186,0.029673728448483483,0.019847516489879046,0.042496701599993636,0
1140454,0.14018851616278338,0.24525589846200146,0.027647030230569088,0.0463322893130597,0
2536586,0.029806874123875983,0.030494909273858006,0.02432983375928962,0.03630234679580047,0
2647506,0.19340307225388,0.33139786890409684,0.044069097912556206,0.07241704214032367,0
145519,0.11357248957117294,0.15254305025679438,0.017731982340883898,0.15990684870255287,0
964778,0.028148630875402522,0.016930170300541558,0.023431464118018174,0.06327053244863146,0
157304,0.24690484231007975,0.41364829605598863,0.021740601746087673,0.16779256879129564,0
227940,0.13898169084286005,0.1900881059421874,0.021381356750559202,0.18761615423299297,0
43255,0.13620259587411188,0.19836431852399172,0.021891526313855644,0.15226489358979653,0
705024,0.041625119591867786,0.04288966731101229,0.028426449762751167,0.05826175503768145,0
1417633,0.06053225830170877,0.08687671804681463,0.033138919010423755,0.03576111787587165,0
1090607,0.10084945887228514,0.15817863586625658,0.03566261943353695,0.055306775545478734,0
267251,0.13010923526583495,0.1985985550931657,0.020550959702754914,0.1232233490421281,0
25705,0.16911098625217522,0.2566790735568931,0.03573489750006571,0.15025490111854473,0
876410,0.05505981154062953,0.07991273800973353,0.021445196853174576,0.043349417399051945,0
2141198,0.14968329802277872,0.27636876463504667,0.015120389147016895,0.03481399480575156,0
1214311,0.07705379212081237,0.09067350578415778,0.054865684411327324,0.07628666952667643,0
2124375,0.042347874973763105,0.0615060831377251,0.027260501331794824,0.01708341502681057,0
2068900,0.12241582082078,0.21419450346172186,0.0234378130732637,0.041436125839699765,0
1702418,0.0544505066091233,0.07568249287464279,0.029672708044313836,0.038537238792538765,0
2419841,0.21088963233485092,0.3643744027611635,0.04152997152275844,0.08121719748720825,0
2733350,0.26404598259380757,0.42549408282510315,0.08408313803987444,0.13036999884646844,0
906196,0.04951527174837466,0.06324601231036586,0.02681923212683367,0.04923247977570815,0
2411916,0.07799159008408557,0.10918352896335093,0.03135857390568147,0.06996126715352832,0
1981594,0.08573497274486269,0.1490196135367895,0.03591468478817017,0.002253802700084404,0
1394367,0.25524039824510164,0.41235679428944794,0.08380355403867502,0.11960467444387592,0
2550493,0.06149095238057548,0.08523050659059228,0.038171598659975554,0.03712109743643336,0
445408,0.17648196439532424,0.2546823250338339,0.04423526308654537,0.17935111476221824,0
1212943,0.06132862208087714,0.08156675098935606,0.015282847028001322,0.07980196238899355,0
72902,0.1274136500890401,0.177632377090572,0.027410160775526934,0.15187206655548008,0
796176,0.05121343000183656,0.05085999264051244,0.023628426503451264,0.09347452865272479,0
792704,0.10862593641858499,0.17967639647599976,0.02465143234179804,0.05696154239022851,0
2103797,0.06375669355599868,0.09483472959514327,0.03562597290924484,0.02825768442826796,0
700873,0.15817056346078617,0.26986940438465223,0.04514335809365819,0.04846426920181303,0
2740210,0.2589558050196743,0.429305567398492,0.04625187110899262,0.15213729993865244,0
958634,0.03744998944341475,0.03370979746601521,0.02426424431101018,0.06657908708552046,0
1322176,0.11005943780443166,0.1792063577693398,0.02769602197131743,0.06073726164183263,0
2365408,0.04503845223895231,0.05950249841304012,0.026570864730997103,0.03657971806566558,0
2420574,0.10154933364009221,0.14951574847741766,0.04058345746948698,0.07308211080268641,0
1906819,0.09363851994758797,0.13983436227413326,0.023992066702018273,0.08261859399957928,0
986930,0.04193513090001371,0.03995780100799273,0.027870096823787837,0.06797600674440496,0
1390821,0.09643357923237361,0.13201555989756975,0.038188879965857375,0.0948456764691576,0
1334916,0.11945177696644016,0.2179764893950611,0.011462537491004553,0.0351238551080412,0
275736,0.12984067423911733,0.18698360193973518,0.033284814205431,0.1318171450381022,0
1972725,0.08860442261429952,0.14421767008248054,0.034907847943232796,0.03011616595044702,0
981961,0.061577002638766726,0.07149899833841122,0.046853005710783095,0.058858008781630944,0
2177267,0.04154705800711638,0.05556536258216738,0.030451990464305693,0.023143897883704925,0
1309260,0.043651776836369685,0.048148532839218716,0.041093262933844715,0.036247657683034576,0
588981,0.1709491931321188,0.2870538350624341,0.031324478502466266,0.09012466025080933,0
1139916,0.052559082145102506,0.07172908537749678,0.03350697888469561,0.03321222895472717,0
598771,0.08591213249234973,0.13171753261684915,0.0147545505856106,0.07813500504120989,0
2261923,0.15790110608538133,0.2376589829642477,0.060540548557628415,0.10454725017984477,0
320978,0.10622763323180305,0.15184695504619328,0.018722940502773577,0.12343636778937171,0
2469568,0.10987951909512665,0.1958619917073996,0.032073791803420584,0.011631928502003378,0
1091503,0.14292622181481704,0.24004340087769394,0.0598317924877609,0.02477491814820901,0
501289,0.31968304643076145,0.5352114155346228,0.07516555366626083,0.147638362817859,1
2050998,0.13358395131006293,0.22693291859879094,0.029044628561925488,0.05702051721044901,0
2105148,0.13358723614020507,0.24525835687088926,0.0272214859552921,0.013958059590864007,0
2700489,0.24727654929735193,0.4053686671919836,0.06450542577889512,0.12620293983845796,0
383230,0.10806954516792526,0.13510099744325288,0.03271705538599088,0.1535196491525078,0
2455541,0.06374312894627363,0.10425876337811701,0.019258522762080576,0.029180952142954738,0
2370140,0.044237408206386455,0.05928963950214494,0.02403256677534005,0.03691409211355983,0
818243,0.17779199738604964,0.2989480469475716,0.02055520741303719,0.11075705844176349,0
1789150,0.08531868727448307,0.15322689990201677,0.02892411522106531,0.00014001378577544742,0
715671,0.06293414702712828,0.087968309987986,0.02141517275877182,0.0626272010275187,0
574669,0.15892485941002127,0.26856492662923825,0.027327278286113324,0.08222106304784067,0
2162701,0.1396380661794993,0.2490747054534863,0.03009731035186806,0.0303576017359787,0
247938,0.21415724316796028,0.31019221743104086,0.054594378525932706,0.21341410447330028,0
2341305,0.04686723408289076,0.062055562046028356,0.04027137091409235,0.018790208928244394,0
830032,0.18280258030141194,0.30640621596438,0.02361181615849843,0.11257963735836199,0
1803714,0.13015244502436688,0.2261896109561683,0.05339760665665757,0.005191787746427295,0
2693089,0.1939569053389932,0.3422228523093732,0.01877820938252601,0.08606008184774405,0
2625762,0.17727525986636322,0.1764163370488674,0.2657691558123287,0.04668172299115447,0
934629,0.2128697725818605,0.361424719678075,0.05519559467789387,0.07799367169727417,0
1498947,0.06558630451353184,0.10397841519338635,0.034902151719573164,0.015632257004833602,0
837855,0.10657184205893051,0.1529976611310554,0.03249970029069993,0.10161550703096421,0
1127325,0.02951284448282461,0.02855223445122168,0.024755257559001546,0.03905074994756653,0
1576096,0.273308746321429,0.4366472639753255,0.105558714250191,0.11658750029354487,0
1165152,0.034095327052265825,0.026644959160696424,0.03268439040163222,0.054837651757139706,0
662048,0.390955183429222,0.5024803661730797,0.3754654039724999,0.13537689575466072,1
1741033,0.16741545054774068,0.2967806591166333,0.029391027108524037,0.05103906428433409,0
1909426,0.09090658136875177,0.12396987628454925,0.052076260112318556,0.06649382596390788,0
2099436,0.12525619038630809,0.21296342667053614,0.036701378611829184,0.038820317337456264,0
2754465,0.26409620125550914,0.4413750765012304,0.03073412363207875,0.17094212957635135,0
768870,0.04243293592390025,0.04162368684699891,0.028725882540599403,0.0650166386911049,0
1173323,0.040136285727712294,0.041146519868713316,0.02254888632374771,0.06399179948115662,0
2661325,0.4030809458697991,0.6716939719689706,0.11183843098655041,0.16841215294674342,1
43618,0.2608576256672149,0.430716590289267,0.05077470531206308,0.15133459464481225,0
363801,0.15339753047558358,0.23829411477201035,0.032370633471467625,0.12269641524069064,0
188743,0.12302845044953331,0.16585722988544072,0.02262403467002689,0.1665631255290245,0
254585,0.1561196285258863,0.2376333365442197,0.03329508394440811,0.13657217535227004,0
366013,0.1090582032078985,0.1470201519621841,0.018651019491425086,0.14976410689689462,0
2421174,0.11857538885666363,0.18175320942897977,0.04870371924658952,0.06543834184098443,0
1675020,0.056274777393046815,0.07194775133520126,0.03088424799303635,0.055178136637676393,0
2059165,0.1452868340106974,0.24822886000122535,0.029063455983792473,0.06226683607473489,0
2090579,0.22626327719052747,0.3742647394056876,0.028659383915290985,0.15266546156548189,0
1469129,0.024192282455929345,0.02374654722681513,0.02418941724635688,0.02531091834307358,0
2675470,0.16282842597713426,0.28172527088524657,0.02122459923437057,0.07799205382099891,0
2144711,0.06600813363045825,0.11591944580526181,0.02138727932471005,0.008161134652071644,0
481932,0.0767660460127561,0.09572921441367754,0.05051171175330638,0.06873962639962708,0
1696,0.2701895341105868,0.3670858500816788,0.17909336498522613,0.1645929978708979,0
2056952,0.13021200480147743,0.2284375737960811,0.015175391734207658,0.05720300191587286,0
1979299,0.04077542027153565,0.044402936347581634,0.046136892975667095,0.023664421025223502,0
65676,0.3039666763188004,0.5166410289508665,0.022000353806324424,0.19523027850734923,1
1058888,0.1997735735552601,0.3449279660379011,0.05760041388719478,0.05014733185075555,0
737704,0.08538370600169763,0.1345534347280053,0.0314068079262961,0.04342473129903082,0
2322028,0.05632801423373095,0.08351616501240644,0.02989181483134478,0.028011936390621488,0
2251715,0.06084350681786461,0.071876998497036,0.04012868705187846,0.06433200726891537,0
1067490,0.17436194214738746,0.31871861329141504,0.023492799585272037,0.039773978130491626,0
769287,0.03168329906187562,0.02002638872953899,0.023624552468175557,0.0729136947832673,0
2328009,0.06717453958931108,0.1047940232379807,0.029519209399991295,0.02960882575161666,0
1269942,0.2522057161368997,0.45431643170343483,0.02260071728812651,0.0913364254937217,0
54961,0.14112062804042885,0.20298900526790575,0.031879429828143006,0.1503114822901654,0
764687,0.10879567431867321,0.17866975444451028,0.03227477050730695,0.048891829721129904,0
1000079,0.04452251183583086,0.048331407836748386,0.017398859705449462,0.07568575002910913,0
1005094,0.1480720758515118,0.2351520838854282,0.06106904255279024,0.060876605714803196,0
379254,0.13440033548470925,0.18461352387447383,0.03732665911274457,0.15447787906824487,0
2317444,0.04557833620340436,0.06568195015540912,0.028937681677592527,0.02028028311211024,0
71157,0.16807716130025233,0.26040459250922954,0.020962031764019222,0.1579312775821589,0
1326959,0.14932635461467747,0.2654648819134864,0.029881565689210934,0.03814721975585498,0
1277919,0.17460375320808152,0.2991347366783784,0.036449413243118726,0.07050780447978348,0
719408,0.05011738429722029,0.0636610388673089,0.021604511056970845,0.059027557732372955,0
1538101,0.16905448588690813,0.29827077770277,0.025261761109553315,0.061702843513285685,0
6571,0.21376775422926791,0.31972241583450167,0.0727162235946029,0.16045839616818094,0
2258846,0.1994326758616121,0.30501407705963046,0.11094290247935969,0.06821383293994483,0
1058754,0.14855386154453445,0.2597411575268632,0.03131504108910453,0.04644385227185743,0
2103436,0.08527214913707717,0.15009951645941677,0.02328141555222181,0.01618983120851126,0
542781,0.1666101426590153,0.2666606691172887,0.0484674818358391,0.09369781774809616,0
1672528,0.017357970483709417,0.000890793678130386,0.031182383780300003,0.037789292552771116,0
31687,0.1958593439909688,0.3119967689212102,0.04251420010907608,0.13553349748820445,0
1536010,0.04363012045599232,0.056310829837544873,0.019611418144106,0.04795640046994043,0
2115691,0.11736385058430196,0.1986589281083595,0.03456514084569594,0.03832422138206712,0
912033,0.15607651576634982,0.27386801815083406,0.022805360014005894,0.061504493433655064,0
1969737,0.02982353043504326,0.040324503930732836,0.0189389307073856,0.01989799628730579,0
2693829,0.22212676363722436,0.38603358816385647,0.04318022331463032,0.08077951280453524,0
544247,0.053831716143809674,0.058122409081319715,0.03661635491615174,0.06892802564152146,0
1107908,0.04365188201445787,0.05550387897746256,0.027728507246797165,0.037906951758437196,0
2316970,0.05401345627670211,0.07883653408065094,0.03807259508367262,0.015867053556374217,0
1932165,0.11623198706614918,0.2158947471406958,0.021091908608281806,0.00978520456658376,0
266469,0.1613275315142066,0.26253937408790273,0.022349959299701693,0.11676428340172355,0
1115920,0.04133507644613819,0.0420044403339912,0.039534733208203526,0.04236218158340764,0
2468586,0.15958135531477433,0.287285275765103,0.03176173557141266,0.03205098380399525,0
2641225,0.17440836204591514,0.2976056266163729,0.05014458954076071,0.05281085937750243,0
1743122,0.06147531221410805,0.10263902468087571,0.02191219730019677,0.017910703418055788,0
2402356,0.1707875344517205,0.2970323181177248,0.027913773381048654,0.06948621689271767,0
2297328,0.042878340740798014,0.06467985667747,0.021690946530684024,0.020155642214289043,0
608411,0.06543320828139532,0.07277911093773448,0.032911408096560936,0.09585115191779892,0
2611380,0.21594752971035827,0.3306704065497883,0.11930907661623467,0.0740980172529686,0
2122520,0.29460998725618026,0.3838721213285138,0.1957260552370874,0.21978055010398578,1
357329,0.12304002898937973,0.17898659803621464,0.013878587124599447,0.1469157691694629,0
328647,0.12075948882275815,0.13494579404369178,0.09203618925385898,0.1283786751237728,0
1689950,0.032263889832537654,0.03201482815395307,0.02354224457206715,0.045969011919704886,0
1432091,0.038702740574555236,0.056429734261010056,0.018145157835240934,0.025221630467389653,0
217359,0.1323112988502849,0.18021298123944418,0.016885107177929085,0.18569638038592037,0
1483650,0.023580153405399967,0.024745862671908037,0.01939593321457272,0.02694221052537066,0
2390591,0.07060802849366363,0.11057868655818603,0.027342036778020377,0.035580370905822487,0
902456,0.04477744440652838,0.05833785669145419,0.025459228166470862,0.0398537380543001,0
2069265,0.062262260577442094,0.0841535259020394,0.021664895329487066,0.06843014513788137,0
1270926,0.15243615559700283,0.27657126844780977,0.024719739866836725,0.03367299706523461,0
2219658,0.25158121429072466,0.45308832312165337,0.014171879522791518,0.10392744436530274,0
373126,0.1536147378841536,0.22868487316061892,0.025005516877414195,0.15885323120309947,0
267166,0.13151956363107428,0.20027705734502232,0.015917703250830743,0.13302861991656945,0
2474622,0.16902939227719252,0.300314276968651,0.035919290285143235,0.040482333536620306,0
988789,0.1307127380737044,0.22241516507728487,0.014112829253328527,0.076356533795317,0
205305,0.1232543864068284,0.15528526487057792,0.030986786906437327,0.1815785894980412,0
601011,0.0587602202465938,0.051628829995361114,0.04787029281922292,0.09292358701573186,0
605457,0.060793730584546415,0.07100084975906362,0.021700134249499774,0.09391632715082336,0
2147648,0.14242546608530188,0.25215449035873505,0.038098422584656594,0.024593470652686782,0
231025,0.26273275679429436,0.43489194388530494,0.01960352508879195,0.19702863662502157,0
1216036,0.2674972953003603,0.41597790965615855,0.11381452160538341,0.1268199199533301,0
2105553,0.09177354590695529,0.15915627616900352,0.03031165042345751,0.015509563477081385,0
1971141,0.061990219862680586,0.10744620560044926,0.024432347786779073,0.0046870636321111716,0
669525,0.09288670663689744,0.1412425777226488,0.03661346017226921,0.0564068986194614,0
2490845,0.046365756778967156,0.066362328165115,0.02980213659224872,0.02121975859367521,0
2383704,0.14941016790779726,0.2513492060517196,0.05022480209759621,0.04334062126329289,0
1883179,0.0562638040395316,0.07397969755829015,0.023132067432951917,0.06167167515250477,0
2023655,0.0324258449671701,0.030071101017392743,0.03439159266611186,0.03536408329320084,0
572697,0.051917315860762744,0.06009872380510173,0.0230325938332147,0.07479087904123737,0
899608,0.04154872231850149,0.043783676194058874,0.03639908919017361,0.04368578732209988,0
816801,0.04885899026747474,0.05057401195574096,0.02209172490376092,0.0847223340923799,0
579605,0.1942756304950299,0.3395568482561445,0.019604292272761545,0.09307959342564597,0
1750244,0.13009660619965957,0.2130779482078602,0.05069908726481639,0.04173952958142281,0
1200457,0.07096885820780793,0.07945477414607327,0.04464844245439833,0.08923469199225903,0
1035874,0.21112293207122498,0.3459302363123984,0.05336061282812159,0.11074815033294658,0
1373750,0.05958321127611711,0.07485307450921042,0.01884983843295418,0.08250861245812824,0
2346146,0.04446170273076547,0.05587438767544639,0.03503797488163588,0.030065582142757525,0
2649775,0.1744917262229493,0.3127077955572094,0.01329992785777123,0.07073925043506628,0
2313178,0.04721737828113077,0.07263893869881977,0.01996859550324996,0.024536651403729487,0
1320368,0.11874734044223369,0.20830991956939449,0.017825566723171513,0.04622355320292493,0
312482,0.13161375656777372,0.18720965256677402,0.03697378752957442,0.13458397012757184,0
72509,0.12435061795489041,0.17436510738346667,0.023105575917910293,0.15118195743892,0
415029,0.1337779144267382,0.1793871830743594,0.044663561883649644,0.15342627162231803,0
375448,0.09678620918445183,0.12281526558206834,0.020323336208275602,0.1464078776546748,0
95226,0.10292154810497645,0.13285789592350117,0.022608295792032752,0.14855055702808018,0
1613445,0.028915776837366174,0.039274600416720706,0.015723294085558896,0.02280744201669075,0
632945,0.08692219164885463,0.1131653767027857,0.02989712800646695,0.1068518244776085,0
2247260,0.07289365644572576,0.08871764897838796,0.060615808861249364,0.05175044649078492,0
709291,0.07884384847093186,0.11116967967483227,0.033990895902301414,0.06530869931412651,0
1016010,0.1747507562826724,0.29317206081004965,0.02713985853793892,0.10011384158132945,0
2457412,0.08579169530159311,0.13626886023919038,0.03589907449351013,0.034437714169724444,0
1568614,0.08417160608977148,0.11460232390449476,0.037845775736863624,0.07758355708232505,0
1605275,0.043023686835256425,0.04705092096305996,0.04765947554369742,0.02600191845308608,0
663766,0.09459684879502714,0.14366325828637339,0.03667777090789068,0.05880944189736619,0
2215160,0.03362971429156511,0.040330330941852566,0.018971655356308792,0.03886526106873093,0
2469852,0.1971348372548795,0.34926120869432775,0.031225684364629618,0.06568263799163378,0
523252,0.16530985403407525,0.29538178806930016,0.026390611533346382,0.048508882697106306,0
396240,0.22496364053794876,0.37599458916125217,0.027601263689449717,0.14342983425243877,0
2717245,0.2078671105073251,0.3593060170043163,0.020860279121356837,0.10978009134379955,0
1306803,0.03893957492479298,0.054298569756994985,0.017555060772903544,0.03261885907212214,0
242931,0.2981813003580156,0.4978846685075543,0.02451900576374318,0.20941632187557743,1
752274,0.0447411248015622,0.044058164019542656,0.028387341511502136,0.07097920169170116,0
71425,0.12374104879858451,0.1736200814163108,0.022412096632937167,0.15103689550273983,0
1784664,0.02568417694838617,0.0331566343731845,0.018023903053477085,0.01849344422875398,0
1113728,0.04511512845382338,0.06128718967444213,0.023619996567520573,0.036927673231730705,0
1412315,0.0561653027417509,0.0776421219259813,0.035225860669681315,0.03388241788927925,0
2699994,0.316018870775321,0.5716595529067348,0.023037353296786713,0.1163894416645881,1
2740555,0.2610142681317791,0.4284687983541071,0.04174430727565614,0.17128288386014323,0
1561361,0.05459633469251714,0.06521709783805218,0.02237655098109747,0.076374102395809,0
649806,0.23981177991904704,0.39905770247719985,0.043239630114935826,0.13655519822983186,0
2141203,0.05372652127270375,0.08693895200694446,0.017319744503051186,0.025305609591580812,0
65084,0.1492357683585364,0.21861251403437254,0.02942405923676434,0.1555114678516042,0
2369714,0.09594612027523584,0.15913968277123713,0.0383416501725349,0.02436891918928402,0
531061,0.2637056872146791,0.4654903892497204,0.028108875877751197,0.11263914913246753,0
1579008,0.16389035204711955,0.22557588238565796,0.10543071453969785,0.09736598246190602,0
360145,0.12138034884035472,0.16777553263635114,0.02801076461312876,0.14544676569120255,0
424530,0.2773699990011901,0.3833226263253521,0.15589116650907564,0.19470667942895675,0
1131715,0.07382509662557153,0.12450520820423094,0.02239006650823452,0.024277362854928503,0
593904,0.09488332633158819,0.13714810150619838,0.04080718139166433,0.07033560580494844,0
1025859,0.06718166137970333,0.07649515650838212,0.034186561563413924,0.09339057328244042,0
1118283,0.0742543265819881,0.10653008962872224,0.036591812071943466,0.050058690730219714,0
1081923,0.07295490483432918,0.11383233646757429,0.035040132574170095,0.027633484141455025,0
1827685,0.4646930463234733,0.6754310290634915,0.06699288968482871,0.5343983244313947,1
1679529,0.02968995614883091,0.024179612971706677,0.025604610539692273,0.04959383250534944,0
2590055,0.07372486700561856,0.09871303773495976,0.03913976377174371,0.06313209503307783,0
2279441,0.06700088195749887,0.11381654011644993,0.01850864610206507,0.022700090343271948,0
1899388,0.24683630443585333,0.4276084101474057,0.03606745522263724,0.11105931397679654,0
1490394,0.07636776671180269,0.12339410298585707,0.043021974725390835,0.008820614006284486,0
1038500,0.1445560453821965,0.19786716632547596,0.0788746882616385,0.10980027870483478,0
1137835,0.03903024583101185,0.04509417623675904,0.02407731908503232,0.04629980993561316,0
1649493,0.029683335557439718,0.03493330085088886,0.025617734873771985,0.022656823349318466,0
1443570,0.02555945441532103,0.02715115422411052,0.022882651083618005,0.025595409890901828,0
1547109,0.10884344218591877,0.17137245588169636,0.025473497040968816,0.07757582566389969,0
957013,0.2171720920000956,0.3354821552526256,0.09842616384828869,0.09951582609648094,0
2162492,0.032766492544878165,0.04317468436568428,0.022207813324168733,0.02258403182392703,0
280048,0.1543009871532538,0.22861529448575912,0.042502671861599305,0.1362126917594722,0
523454,0.13778301551888084,0.2283959537679795,0.020508111188923074,0.08716302639107075,0
492470,0.08696498359380397,0.13068042315888195,0.02204358123018974,0.07505848822653041,0
1907029,0.1915473119837636,0.3153294365948023,0.0578451428081725,0.08264525421955354,0
1927077,0.1332922360183243,0.22430705160113196,0.04254444605986965,0.04187688199898713,0
2232812,0.16763820355678594,0.2852272780591042,0.045834462576817885,0.05637112877094226,0
1538587,0.04488398611099209,0.04908838417354011,0.02502142801500654,0.06416682809860037,0
1283177,0.04743192345944574,0.06842014629184456,0.020898676337986807,0.03476123706063709,0
1988212,0.057444177119914314,0.10349004331878353,0.014592855035057781,0.006606494750026043,0
2484780,0.24608627924617774,0.42951538207826234,0.04696492569240537,0.08619555249662471,0
1939544,0.060035815342679585,0.09569848429997951,0.022235482196403623,0.027579642668843708,0
1883892,0.03046193988305229,0.028004475612076196,0.02009493073843792,0.05215611427741408,0
1137204,0.07171316030852265,0.12212183527027021,0.01920904395701602,0.02444764743141371,0
1636131,0.028536602526692906,0.02526499227905432,0.03690249712163489,0.024166786253376402,0
778365,0.05162994102480509,0.044411633082032775,0.04159891235101065,0.08472225389242753,0
2454960,0.06946314878081944,0.11413240051245499,0.02444861128052676,0.025311825702169544,0
698000,0.2418556499938117,0.4279422211160896,0.024896266609248763,0.10207829726496137,0
1559121,0.06533457290254358,0.08701295328586567,0.03597622978148407,0.05517613662582763,0
1378075,0.055617487623541496,0.06500985959129335,0.023336871727201954,0.08055748154867116,0
227655,0.14436103869255282,0.19218912348061823,0.03412831672303767,0.19013990967666197,0
861834,0.06977457965309812,0.09876198223862342,0.03996419293977856,0.042021653259264206,0
1117577,0.10830544812491436,0.2000792953528251,0.015961416909110418,0.017386876878843414,0
2300112,0.06850012577913267,0.11989092535523704,0.008502526757058006,0.03001952537198374,0
1470330,0.05017441094770244,0.08589053744330633,0.016087614903834042,0.012014288774495304,0
1122261,0.030687391490035805,0.02541946675965412,0.03460008819197318,0.03798815826308396,0
2085309,0.12571984972763392,0.18278898558297385,0.05340017769493693,0.09152651813832957,0
1617468,0.023689262004567495,0.024571071583300852,0.02485646794385335,0.01973392914880531,0
3769,0.23069190664832098,0.3436928301530261,0.0941203921202204,0.153046869678709,0
34869,0.2790573521367859,0.45396792448663015,0.07646906491195372,0.14566335209942366,0
1683983,0.09245362760733646,0.14316714837433153,0.028235419118865478,0.06199713842255524,0
2487179,0.2456924846593864,0.44099317873310306,0.025590295229205626,0.087594033620366,0
293323,0.14431596734222626,0.21625589485971064,0.04414306688878817,0.11472549922867249,0
585868,0.1006070229280361,0.1427216593747841,0.03295638545126372,0.09679638802632462,0
251615,0.2033274434673631,0.31751918789364453,0.050960371805587344,0.14639868989432317,0
2325450,0.050241687476342015,0.053840114736888656,0.06258472035033065,0.022731070013992445,0
1154081,0.12905382792758235,0.21306111912261894,0.039207488402332215,0.05380510922786613,0
2606101,0.11761209125196138,0.17158274387210415,0.05618638221817779,0.07482402325227991,0
2442579,0.14307900244055977,0.25082835157367256,0.045479764240008796,0.020104486908604266,0
448954,0.2147543863290896,0.3223680101488937,0.04785988354696647,0.19606208095276417,0
2156559,0.0687306121188227,0.116299202209312,0.03132317737762352,0.005920289004398229,0
509249,0.06078294140616568,0.08547565705070037,0.020581194821327465,0.05935377217208626,0
788381,0.042582646255721404,0.03908523468277447,0.026229028257369297,0.07585660218561689,0
2660356,0.25038738657184945,0.4553481146934042,0.020064117237898832,0.08347047026888858,0
2676407,0.19470086217385854,0.34543855126623846,0.017428370917214945,0.08376537632787412,0
2207517,0.03821707890177556,0.047565424924818744,0.024378609433814515,0.03560391804610917,0
1941794,0.1806253429430792,0.32092410663705406,0.02047503913970866,0.07010388941319774,0
2259190,0.2129257562152492,0.3393327496943559,0.09686793014569335,0.07099501162181629,0
807075,0.04595783795361797,0.042876618672366806,0.020939523125160647,0.09118835839943186,0
1912738,0.13422420235785798,0.19148034168926564,0.065594549106854,0.09402833390584481,0
2589534,0.09159867083260839,0.14002285612612264,0.036199779755517365,0.05363654421445927,0
2101136,0.10527281100417278,0.17475987967686724,0.03596767969600724,0.035512836284684976,0
843914,0.21003317988082482,0.28681196122970953,0.12818366780506946,0.140860494622246,0
1119030,0.1258328554743201,0.21420444249188375,0.03292357379767755,0.044267810445374804,0
2503940,0.045990104407071394,0.06717767810731379,0.024799315212686298,0.02480735394804307,0
894192,0.053821685806870245,0.07971842230873183,0.024212660536411815,0.03349338245790395,0
284159,0.12717443661039046,0.18991720229738274,0.020114513769616718,0.13090740665407033,0
210710,0.14309385483494746,0.20576333090167032,0.02240279702450902,0.1674567513837981,0
1814247,0.023059068157213484,0.0258119199248108,0.02226498088162024,0.017368069651610047,0
1717365,0.060199996266860165,0.0844358880380155,0.02435198291433906,0.053382286867753474,0
1330304,0.03817474378438708,0.039343963761896306,0.029200306615614555,0.04871334959377281,0
1034154,0.1171391898228612,0.15487229766936605,0.0583028858916546,0.11106087610340899,0
1309425,0.0425313317773871,0.055312594248071334,0.02473375853114622,0.037274535470037846,0
726049,0.05577265742993815,0.07525147057946302,0.028836132664413632,0.04748041170441277,0
1706654,0.04476032390163187,0.04452142394638359,0.030881550952870065,0.06617573321289533,0
2134396,0.03852771712617406,0.05746649191471964,0.022477022627145158,0.015256821903353457,0
869506,0.25173203259931737,0.4458455988128194,0.030587144699641165,0.09816544891507674,0
1877978,0.08635789526678346,0.14998599242015165,0.017547946230395125,0.030502575937945486,0
1494732,0.020537088673670732,0.011619921543263856,0.02998951368882542,0.028651368976955905,0
345222,0.27058836777103135,0.44895656293988995,0.042963150101881994,0.16610570635260896,0
510444,0.09068513738930506,0.14739649530339782,0.02121149745472286,0.05311720250594645,0
2640726,0.3550154643501592,0.5488936243102975,0.19525384550442038,0.10996249271842143,1
1099101,0.04130890926454146,0.059230591363281127,0.018965202616789183,0.03002026398932072,0
2646300,0.28560619533150067,0.47086980253070543,0.08561986911578734,0.12242666665705863,0
2485010,0.12393990953640613,0.21394655482941471,0.049190777846579714,0.011046993838624295,0
2687871,0.25773474085640746,0.4317702253625034,0.053504965176635465,0.12899069311082567,0
543330,0.07200887891569116,0.08473309634877768,0.0493537184237303,0.07418107607091616,0
1750116,0.054754022063203595,0.07960464511891596,0.03675915735776612,0.019619761482078887,0
724186,0.05244937083830034,0.0697009602824934,0.027750274041048784,0.04636904242369502,0
1400275,0.07557978706094215,0.11341344282674826,0.03775670345062434,0.037730273061903644,0
2558810,0.05188834484439342,0.06946303368295315,0.030001179587416542,0.04078237063345942,0
2029884,0.08003455974519336,0.1327380017548493,0.031015523882941983,0.02180450851443059,0
2278006,0.05810032207397427,0.08873339207240571,0.02611029512496119,0.029502687501415263,0
143028,0.22732220424716754,0.37716323246140426,0.017897865147898723,0.1668561423604789,0
1938007,0.04269777883004887,0.05943230859137383,0.027758566639394827,0.02327027271271753,0
2118529,0.04559733014569757,0.06098104202868937,0.035773348968633885,0.021874022203813608,0
2132656,0.03734880990433936,0.04634071582261168,0.035538150651434244,0.017585033988016203,0
1080512,0.22273820462517163,0.4030346871511671,0.012300586793676228,0.08765342505742606,0
107426,0.11707311000773582,0.16173443558892464,0.018326550707625355,0.1535396350049294,0
503052,0.07806245662291122,0.11159030877863618,0.025375511397487494,0.07327324407173443,0
995192,0.05755157922605114,0.06285875921530637,0.041686874188534735,0.06808068680918768,0
2521249,0.09458651484736103,0.15393796780127944,0.029233062470704133,0.044238061027550256,0
2413430,0.07214633735704254,0.09892944972647832,0.03893965736268172,0.05499857642499429,0
1500515,0.024854840375948182,0.018711654720108384,0.027239434503159708,0.03663591332473038,0
2154521,0.0743647365950897,0.11595967755330894,0.033751697519805744,0.031296942812467574,0
1935716,0.07484763939334071,0.12458181092699894,0.032229406128833925,0.014439560455955344,0
180830,0.23835016602064812,0.39560040802615715,0.012188502646477058,0.1844670560681321,0
2220090,0.06065870703443796,0.08401218797773846,0.022282363597679086,0.059839519831325017,0
1611265,0.13368598682918637,0.2386931400532024,0.029681906502464443,0.0271742242592292,0
1246009,0.08137471685094151,0.13228784365677293,0.029710088614379945,0.03158884219120533,0
2431009,0.37584147682636476,0.6573060686264531,0.028060837015584244,0.1938509570423147,1
2243544,0.15991224817744618,0.27381505869576506,0.03153770943882506,0.06771702998958061,0
373215,0.12254429277355648,0.15764852088593184,0.0450746870555785,0.15098813106958509,0
2694435,0.18110697372547502,0.3175033564032055,0.017843627487223204,0.08501103638852661,0
1836990,0.13316889217932537,0.22222807321388727,0.04641812884486679,0.04064708459460846,0
1565517,0.05384700685744226,0.06873535249008367,0.013856397741798789,0.07661205644930394,0
904400,0.12953766857372961,0.22347583057696652,0.025851911231219438,0.050220899579402595,0
2478571,0.06798480324500294,0.11462226151891286,0.015865363750666467,0.02957031680173288,0
1558260,0.16220253167941925,0.27793442833589965,0.026146659752647097,0.07695659792837647,0
2439811,0.1041035102056387,0.17812908912035874,0.022901772775931424,0.0408421690633995,0
2661630,0.17134940043131436,0.2954220537350948,0.030830320843912094,0.07194638655296669,0
1409260,0.18245887970968377,0.33217191821800585,0.03234480771347041,0.03334739143319866,0
758893,0.036790991896196376,0.029189053429310885,0.030108894002204265,0.06581898490439825,0
1676927,0.02981195789623333,0.024107700123002673,0.03306292771052632,0.0391961476078705,0
2406095,0.08910924802596269,0.13027695249756155,0.04708914599067723,0.049220139899893794,0
1565856,0.06734899350507315,0.08145945489853534,0.04930244692955213,0.0591426598846992,0
1822647,0.47111148442795636,0.7580886544417937,0.023667098125001753,0.4248351388477947,1
1093483,0.043294239971525685,0.05939595979804124,0.0250986476534675,0.03033332888232408,0
1848821,0.057200481963887204,0.08856306583630003,0.02588040610874636,0.025774136065566434,0
1585971,0.16474402807721097,0.3023628170131948,0.024064524784015297,0.03171631067704503,0
2168220,0.041675558597175644,0.057165964180865725,0.02560476067462974,0.027055741521769275,0
1822928,0.025200834998061687,0.024329330357105383,0.024526049305322584,0.028391775139561096,0
1912582,0.22126582086352345,0.3813933754785783,0.03923286589226306,0.09399636678277691,0
1842189,0.016013867670634747,0.008455383134289729,0.01634615996302422,0.034411640572913085,0
559455,0.16022348388697707,0.2685974338130698,0.03507371473522289,0.07701326279937663,0
1111994,0.06032080398520538,0.08869362553214177,0.03664387830729042,0.024904138634736835,0
1375804,0.053384677662970906,0.061164901767425506,0.028047267845632495,0.071940232127842,0
540490,0.049344350236364326,0.05269589411075448,0.03190392462507686,0.06712612896732016,0
2464602,0.059350801014540586,0.09373108187808343,0.023169876327360818,0.02767148588645308,0
462177,0.40961119881238445,0.6623255375855361,0.13516417195056757,0.1894958921722306,1
771942,0.0313396945682995,0.021997960062747457,0.020755293846835624,0.0705706319143754,0
1674243,0.040728127647281835,0.042217732874514136,0.042525307561176756,0.03430834470835871,0
430558,0.3486222442826771,0.5096923156221305,0.16810338366118371,0.21672535686628358,1
681208,0.11915422797934531,0.19389636415854872,0.024937566901969153,0.07362387914740108,0
1146109,0.1403997444352953,0.24023393211326993,0.03307750156751656,0.05179763954202672,0
1215879,0.19167808447714993,0.28926105186899487,0.1075923937438083,0.0738492020975501,0
1236451,0.08821040341449658,0.1409262593831504,0.04154087727365563,0.0264250527041235,0
1115864,0.1566654483271658,0.28147975713662465,0.02629949315656462,0.04017860905942039,0
2187731,0.1564034764971855,0.2715732237446762,0.04544858820638954,0.03491144081465262,0
2003378,0.03397248029323353,0.03666835448749117,0.03454998150630355,0.026366542987984402,0
1520186,0.034659422417415285,0.034485817608927105,0.034834337702993094,0.03483106151026901,0
1435174,0.07653223799672877,0.12888214852854962,0.015987513323023565,0.03647454867773445,0
1504042,0.173668222512135,0.26043470284581216,0.0989325882527314,0.06885547306704755,0
218517,0.23364676312968327,0.3898105233848521,0.017599371255043208,0.16730845030372127,0
616271,0.06573803764866451,0.07149002105572644,0.03454982579454739,0.0981403969121854,0
457596,0.3201238752869943,0.4537259247595955,0.21426386070114722,0.14490877348426223,1
1602658,0.03877971171052866,0.04680361645692055,0.03706791465158223,0.021287645432968568,0
308246,0.13855417244138038,0.15073183754106145,0.12442359119439565,0.12930588156265474,0
2453626,0.0608664285374085,0.09508604992332359,0.027217856217276803,0.025790233552818318,0
1228076,0.264831534123696,0.4799984310161389,0.05497456847628726,0.041699740363701804,0
111119,0.19415481079147193,0.30646099126990456,0.02344833728000576,0.16944906986258962,0
392396,0.1028283138964273,0.12822987402455088,0.0267625139996064,0.15342311342134968,0
1985442,0.03089231052211608,0.034498925398702585,0.03172085185254627,0.020632961335004522,0
461287,0.2622092468441665,0.39960001683189594,0.09272387908951397,0.17296037350682172,0
1521296,0.06001593239900782,0.06511906833994396,0.06712899370228906,0.0365885005917456,0
1650354,0.053750667914826106,0.08793046158394624,0.022914339658095216,0.014555676127122118,0
11302,0.3333771237121937,0.5600280895384295,0.05000135881656218,0.19181335649005155,1
1235741,0.10955226344452029,0.19920269155804926,0.020049621096621936,0.019680156682545396,0
515424,0.20947187760089273,0.3543732150642247,0.03788785187350847,0.10459457253363913,0
1211408,0.07923871317165539,0.11129452392169714,0.03325521176019085,0.0680744384137478,0
2671315,0.4015566660492718,0.6713779421504438,0.10728912361252879,0.1684047894514566,1
82408,0.11783020924985277,0.1547520916965588,0.03513001277506548,0.14957579784526862,0
2415279,0.1798634530715886,0.3127746663920371,0.02858513763273552,0.07450289292874691,0
2733798,0.31250052160400443,0.5456436701900365,0.03308102937971185,0.14877188847536335,1
727740,0.0411547348791743,0.04429507802684085,0.02849251142210644,0.05229721219560972,0
1047096,0.11530563910445525,0.1872964592723737,0.035864849855813716,0.05448977255762142,0
2100151,0.06763003799772242,0.11047262079387787,0.02801070146685057,0.019952585803641603,0
973734,0.04884784678834697,0.050919338682245185,0.026146797516068274,0.07772069096201949,0
492837,0.06645684341955159,0.09113026862059448,0.023577630238522638,0.06909210018848781,0
2351545,0.04310092493843737,0.06635422816602299,0.01567537595534447,0.02610599034411267,0
798747,0.04532943204990423,0.037075408330773385,0.03156133464828624,0.08661663745015834,0
1985345,0.08717981757582373,0.15754210638449184,0.02696607422772887,0.0015947105762957588,0
2297022,0.06319806750985894,0.09790162912654554,0.028823593694375715,0.028000874191367275,0
2580771,0.05826976447484619,0.07516279226599465,0.03185865569388366,0.05565385816841884,0
2510160,0.06729297291299002,0.10239123174166376,0.030597515312642227,0.034590512241827374,0
2216439,0.040575232412254324,0.048838618724017624,0.025616235323056367,0.042355262266643004,0
1383049,0.05576519413969851,0.06930527259327124,0.026945487135714003,0.06514455851174342,0
359147,0.1110919974069601,0.14773872526960208,0.02952156860800269,0.1418308209487913,0
691106,0.071235430062904,0.10001090233162979,0.02805085324792304,0.06407361461356101,0
757580,0.149846347104613,0.26119017450344506,0.03401252431595051,0.04523751279052659,0
2003918,0.175379449503585,0.2872319058493057,0.053461826452349794,0.07862474321613609,0
333828,0.13779177489075256,0.20690926954887046,0.021640001332330613,0.13922569858309067,0
2047047,0.03175961390809921,0.030773926707927446,0.020375490176302292,0.05130001750622402,0
1393397,0.11939727964210582,0.17611016397352897,0.04361113481312866,0.09129428605701372,0
368173,0.10302901699712204,0.1258366897491363,0.0403271313308169,0.1400626636165441,0
1518825,0.05141810554721894,0.05952401764198023,0.0531107789059329,0.028614315272244763,0
1833465,0.45874797583084637,0.7520343874104372,0.023709063474321314,0.37809031541665694,1
2430728,0.22648325008061568,0.39896046192173573,0.0468411174356322,0.0647534194452907,0
1393057,0.15715560202178436,0.24581731279333807,0.05853725377137964,0.08342884746850715,0
1545025,0.04594622275642766,0.04758318095271008,0.03195340342644134,0.0628430562607011,0
2483586,0.05855158259528847,0.09522190739417946,0.024533451140128722,0.017902967780800628,0
2534242,0.1966804577477554,0.3430214199185101,0.05636966539276344,0.04129424085335655,0
1986096,0.0989722488470888,0.17036619610117032,0.021386210507986753,0.03686643822053809,0
2267273,0.09305020792126276,0.13974664929513658,0.0556964656745441,0.032339717856656215,0
716023,0.041601996656303854,0.04908675040399757,0.019211319697543434,0.056476127725210185,0
1066716,0.06884534757769697,0.11026493533286652,0.027089815027242812,0.027929677015454336,0
2653405,0.17046752962990014,0.2922443705389328,0.03515325059996169,0.06899684590222606,0
384740,0.130433006879326,0.14362765133677735,0.09249258421844082,0.15435702972702536,0
2507268,0.1173035620847028,0.19755006541731135,0.03169217571618177,0.045104383305962975,0
1897706,0.20871480643093784,0.34868143285495456,0.041662138732029654,0.10937724191925831,0
1543521,0.04064042943400914,0.0448725759973595,0.01760904142566638,0.06460714503814738,0
2030708,0.029241956651794375,0.02908571022862705,0.02187285015508555,0.04068623245477593,0
1881282,0.06975112702122173,0.10033217586767973,0.022462020299368782,0.06423216498785617,0
351425,0.23753122123757847,0.39819127711515967,0.030995888117136744,0.1456840812242881,0
2300439,0.09671833089562859,0.17046688605950655,0.03385062148576604,0.006648507100727521,0
1717414,0.1536006895660065,0.24979641892333948,0.062276522172868505,0.05009761726238116,0
2073084,0.2462363771866859,0.4279111245539521,0.03310236458393503,0.11175052767264668,0
958581,0.13228723015256547,0.22389727661888514,0.022479828467440663,0.06797321651445354,0
2630854,0.17169565787639715,0.29807874145309987,0.049617125648616874,0.03885574727631079,0
856941,0.18983778117604833,0.32482292065273066,0.03371111467089267,0.086564932242076,0
265656,0.25799837781618584,0.4413733474377004,0.02439063768714821,0.14997256395595596,0
343421,0.1579846145651782,0.24898905409937122,0.03322290769871461,0.11761607602939105,0
1108621,0.05125612860153805,0.06249140926307373,0.038605245533801215,0.04214425154930409,0
857691,0.08596578912485486,0.13060129360237582,0.03095236863348549,0.05689715866810649,0
1782248,0.02715863659189457,0.027660351632825986,0.030470449282448984,0.02093662995373441,0
2214132,0.22384633342257093,0.37120008127085913,0.06355516331389417,0.09589871896486549,0
1576489,0.13480116760379063,0.17927492217530594,0.08434438293692853,0.09930195817529552,0
708784,0.04006750090411501,0.041616418726003856,0.028196540501820327,0.054001646952834936,0
103220,0.16114494437510357,0.25170196710230086,0.028116048042433735,0.13429573205611506,0
11462,0.31619642227148603,0.5423599233391556,0.04184812464038245,0.16231011604896725,1
464782,0.26993672929439183,0.3842260442080798,0.1586964042376339,0.15107392959530883,0
1950608,0.05923427853899295,0.09413616660930268,0.022235482196403623,0.027477752877102576,0
1104511,0.05464328770804476,0.07677966088777366,0.035256408751192896,0.028382673194000334,0
35809,0.2614588097420228,0.4396280713536844,0.027293352416289784,0.16728384170146826,0
801266,0.04968973707382043,0.041745303726069105,0.038140762540358,0.08687428224339235,0
1421883,0.05493081212525655,0.0761963193182229,0.033827802751109456,0.03342155820406129,0
1599235,0.045743566378753736,0.06105626271249953,0.03713527922505056,0.020374256274943995,0
82957,0.11715109335759236,0.1621535973363577,0.023537394089749527,0.1450653823124432,0
366126,0.2689707216553542,0.4303840013819379,0.059433804886388254,0.17974289749234398,0
963153,0.1256443778571367,0.19630305449981567,0.03566927262855792,0.08396034409330741,0
1870850,0.034563327845353445,0.040710352440272324,0.018461017167062065,0.0433492323754933,0
1173251,0.042166955573812066,0.043034988753979375,0.030559555946903346,0.05740797206375687,0
1356998,0.05040348594772108,0.05666429525863703,0.025882917424335707,0.07153231545550928,0
1269438,0.1683452677552419,0.2937904580240486,0.027493263955503024,0.06601029778283345,0
2573477,0.24313835343398427,0.41264344142461196,0.04996346569588762,0.10913796506456012,0
1827359,0.026637654153532295,0.023096541105725787,0.03168849664373312,0.027914173037747313,0
1149800,0.05935456499107892,0.08946603818505627,0.0263294434063301,0.03361356438325875,0
1252306,0.08997807448031502,0.14606410733946518,0.029615425690617574,0.04030696551698577,0
54333,0.135610980688668,0.19723757891697968,0.025985132962226504,0.14598325670755102,0
39516,0.1528520296261114,0.22011590637046408,0.040243299864784435,0.1536054324072202,0
939598,0.12164137613527326,0.21793479554791262,0.019846558312949708,0.03360005433716021,0
720590,0.09789861897238146,0.16458196721589724,0.0283674876227904,0.035486945387978586,0
736929,0.0361353380409918,0.036244262226930224,0.021118345851713446,0.0583885158600633,0
2479990,0.04356943472484121,0.06580487520653322,0.019887885106994355,0.0235031579473815,0
1493401,0.021397846369252776,0.020694553831825058,0.01909052038712531,0.026617066686013262,0
919947,0.054334168062338886,0.06877140941754045,0.040913897843164466,0.038371470003096625,0
718684,0.11241500076882992,0.19641657553679182,0.025179808520218918,0.03326385222184166,0
29915,0.14464099115916276,0.20886630606151346,0.03480263318896403,0.14883524085858416,0
570047,0.055863830851256145,0.06178792193856042,0.03185047456262469,0.07707363756594264,0
2154190,0.0233626185409695,0.02898974670207788,0.016834674374867683,0.019086714387351288,0
772435,0.04258514946908526,0.03714733192499098,0.027612630174012755,0.07863847227192972,0
1259117,0.054294353008122506,0.08362711119313004,0.021611854639915586,0.029986205097914023,0
712774,0.04224866787020003,0.044636093730916926,0.029868804638232202,0.05484989806635951,0
439746,0.16747899911881092,0.2286849081143354,0.0543761809785946,0.18411845384032427,0
2480152,0.1594908813651559,0.2964449933740738,0.016895381904881206,0.030998850533273125,0
2398100,0.05104743286005598,0.06531286079269905,0.022881368604269727,0.05763295941212769,0
2451971,0.22769918719064328,0.4092297544509227,0.020524650325015322,0.08463457433838671,0
889793,0.0299543845184876,0.031082503504052283,0.0197724690997529,0.04240696018267795,0
1370050,0.05306573015605713,0.0639920609553074,0.02664905727817869,0.0653749124747491,0
1888663,0.08057606989373782,0.12170309298345594,0.022282312491917842,0.06519914827217246,0
2549529,0.07044827668456677,0.11095125972225794,0.027841722996902726,0.033100649621834836,0
1133516,0.12018996734073853,0.21008180361054052,0.018765259387220398,0.04759743859651076,0
1026157,0.08272879372035905,0.10416097648666367,0.048276273816752445,0.08082711666000737,0
2503229,0.044462338642366685,0.06746985158943697,0.019731284162575972,0.02404013799437702,0
533908,0.08592221242788181,0.13296723394812626,0.027766296129749353,0.05554353307446942,0
2538428,0.15276724268706465,0.26506051496805516,0.03617905722087362,0.046916340183875,0
1878843,0.049184995646699405,0.07362005704094343,0.016754528563792594,0.036743042785449535,0
405572,0.11477034927377813,0.15876598104428508,0.013036946822387355,0.1573813735245969,0
1577224,0.3342151861429216,0.5537134302565674,0.1216526420034949,0.10431339206794724,1
2656618,0.14855952395546582,0.2583607352971725,0.013157837254879392,0.07715902565207863,0
678640,0.09133257783852192,0.13324196439836367,0.037733823128978654,0.06695724350323246,0
2379329,0.04347449858817243,0.0557035666302218,0.026395525369067904,0.03852028831170575,0
159032,0.1284540889571985,0.17636175908678398,0.022043069703564584,0.16830144251368573,0
1037586,0.14822736991309293,0.21110755407731485,0.06185215087711992,0.12058973805649771,0
2282590,0.044834012980648076,0.06858706206066367,0.019665197817805468,0.023204613024873,0
597138,0.06617119237909151,0.05980908617368785,0.05908164668295046,0.09271077643681223,0
79831,0.23867472307486648,0.39763624259880526,0.03173063876925374,0.15168705072343855,0
2703478,0.2805629233899606,0.44329092347223786,0.11967328317377388,0.11507738350854746,0
1416564,0.07685581521905334,0.12032994035722977,0.03047537405570841,0.03774116411862971,0
2147168,0.12870869639889868,0.2395161418886469,0.012875147366418276,0.02544040622324875,0
1508100,0.02222237046937696,0.017311689130533603,0.024339022329790842,0.03132409602586452,0
2584796,0.06553165563808608,0.101977393413349,0.019695277979281903,0.043171877688135046,0
2752788,0.294908759343276,0.48861167995565724,0.049727394891011904,0.17842350449071903,1
323632,0.14188559383000976,0.20756927289122207,0.05071070389498714,0.11443873107951301,0
593526,0.06093191835854819,0.0702190042855868,0.02708291155917543,0.08848771374001083,0
1541089,0.07472953428360596,0.11781480433692992,0.027114118862178224,0.03843948228243766,0
1929820,0.1133359109202793,0.2088129399768358,0.023544327962803296,0.009330712715102045,0
1842216,0.060275115120331374,0.08620453351519419,0.045139541603610764,0.018154929408255235,0
381540,0.11822949824680701,0.14634959536687486,0.057573802412676005,0.1389127991978339,0
1148345,0.07169800902139173,0.10204678316199933,0.03015503379933841,0.058140536502952714,0
740751,0.13677722585187435,0.2258726197175367,0.035737758958344044,0.06559794152801394,0
2351395,0.09134544345940751,0.1493169438406784,0.02713890511873298,0.0427265000172421,0
501819,0.17798877852459172,0.3023359831639788,0.041170830745220266,0.07234768859518105,0
773527,0.0290585507569996,0.013716117826057195,0.026266968142870856,0.07160200700554874,0
820232,0.05777719177347284,0.061051645426011936,0.02471657928480649,0.09918197637512462,0
531111,0.18887784785113576,0.3334462471430816,0.017908110504206588,0.08391145564166495,0
1668676,0.035275599285484606,0.04635650821067039,0.02255029649761978,0.0266612811543174,0
837937,0.36998537315798835,0.623923595777844,0.07507107438843194,0.177511264762684,1
1527622,0.17356795789150048,0.308402143831801,0.030882889329983076,0.050510095883025345,0
1688838,0.022311658264116685,0.013711461817444315,0.013319364417221062,0.05730059015114105,0
1214340,0.06378788247694442,0.07859217314062439,0.024912170028777526,0.08509072448999484,0
701394,0.07279987946565042,0.07094133552670201,0.09432147509477058,0.04516384586934121,0
1847147,0.023337459207680704,0.017044957854703613,0.023990724472304045,0.03808881469318842,0
1305993,0.03669336014457493,0.049110355543071305,0.01862629010736937,0.03275147670414232,0
2415168,0.1074473741326473,0.18194017501270088,0.02492943600545529,0.04499227912330135,0
1128929,0.165849252286732,0.2837402978986352,0.034265243971895454,0.06849765072922881,0
412796,0.13991273181597522,0.1688572374878673,0.07389170797824694,0.16658300339283738,0
2200940,0.22538768255717048,0.3721127441013544,0.06691933315414714,0.09627755280124559,0
1834367,0.07330388243995176,0.12210571331858511,0.03055314208238583,0.015425415779717263,0
1320492,0.05002889437652956,0.06749574897979305,0.033218668805609836,0.03157709622475046,0
2191540,0.031512143613696524,0.03575461518620071,0.021857594497856615,0.035387788356195916,0
2388939,0.07032875108553485,0.1091784524113254,0.028319787720855992,0.036217942818076755,0
2332054,0.06799953009159705,0.10707479514467,0.028425283988880883,0.029672736612988915,0
326058,0.18243541475066133,0.27059848108477536,0.06047422751911101,0.14496952976270175,0
1809809,0.057754724303494265,0.05750833453986948,0.08719157138149197,0.01421542809555967,0
2377676,0.06367699579845686,0.10190836014173799,0.0222715836978517,0.030206703091161736,0
627989,0.17493401893195246,0.29480789908068894,0.018930632241582406,0.10925439859566637,0
981257,0.04574309687248272,0.044746088346427015,0.026434447573342124,0.07719859213633287,0
1701161,0.1643177825184819,0.2890259780235307,0.027842966431183502,0.05725951788680755,0
2387685,0.141935757064283,0.2536153716551097,0.011830796333811833,0.057894161682922905,0
879104,0.04342074956486951,0.05703335733101156,0.01783966742008711,0.04776085336668796,0
2322208,0.03558130334279409,0.04432751236747601,0.03044682297634874,0.02141750133075737,0
727445,0.1388393348064451,0.23767385507369765,0.02497898267411851,0.06254356233680372,0
2739625,0.348968541735092,0.6008529631931889,0.04628333954928968,0.17328529136855322,1
1720817,0.11415964830957682,0.165626285813683,0.04526396363279569,0.08883658156448308,0
1751819,0.17922589973956818,0.30657652668717406,0.06528592303532041,0.03175929742692514,0
1790078,0.2039964241558077,0.36720108043322963,0.02000936208061567,0.07196537657504093,0
356081,0.12599779051297755,0.18443385089914344,0.014781999277341728,0.1467313264010165,0
768241,0.04422487775114994,0.04346742807311865,0.031325418766876556,0.06546769042263821,0
1782343,0.04434870753766479,0.059477382177924865,0.042530793781873355,0.009253891570701752,0
2627260,0.21481421111971166,0.23798444539240937,0.2749861944144052,0.06663065049592719,0
426724,0.134620828948308,0.1818399781621638,0.0320012282122746,0.1705023570177186,0
1438052,0.06470674543939635,0.10427801381556867,0.03151847813260736,0.015560975459149015,0
51594,0.22157453902614843,0.37640229709314454,0.022418869655200686,0.13323864791507972,0
760887,0.06261644720069792,0.07802501961378838,0.02812819881413107,0.075827388747822,0
694596,0.08929463279967217,0.12858362130091416,0.03881567616394765,0.06679059650015393,0
2078107,0.07202473139374324,0.10757250376117578,0.029881189762903153,0.04637061292142205,0
2167639,0.037743492778431906,0.049048742214677477,0.03187774861986201,0.01827898542567279,0
2115799,0.05271640060469151,0.07985887383589219,0.03006160038724875,0.01884241785285398,0
1808322,0.0265619737906514,0.02557408063506983,0.034696041466617374,0.016830605165656373,0
913817,0.123708098601353,0.21954758228577542,0.02997181542348046,0.024713814157105714,0
550226,0.1599546961964668,0.2632866422570572,0.04551020455295144,0.07329156851026383,0
2409414,0.06800066625866251,0.09855765887479839,0.016613283765346053,0.06868925845829749,0
2250452,0.058195743242308154,0.07785823865939356,0.02185187411060803,0.06355530839714478,0
2197801,0.0339674415624414,0.03708019101878479,0.029239624959426308,0.03327729282610556,0
488723,0.06987930308829633,0.09915925579308826,0.02068298385275778,0.07047390017962434,0
990792,0.0862457584430662,0.13954244215743783,0.022442883938109056,0.04870836091457284,0
2733088,0.24446799222925267,0.4134769695390025,0.03721990978579,0.1328176726200721,0
1639629,0.03964747112088308,0.038583396288717764,0.04749442177094214,0.030537232226207762,0
1025164,0.1693059885081551,0.28273730022564036,0.02726383767139057,0.09879093546958866,0
824886,0.06393673874588948,0.07147589036022639,0.029046316030224922,0.09742449378354406,0
2212512,0.15661870518736382,0.276255394943947,0.0314577084033435,0.045268475971936305,0
780268,0.05556579647186927,0.06570569145334171,0.02792132351079815,0.07168276845979486,0
915379,0.07129091371714433,0.10124336454608285,0.04717297018688561,0.0325867019401861,0
1926298,0.22353436332846022,0.3847453907402759,0.04801566905487139,0.08378483620930426,0
508346,0.12455031784986767,0.2173017401841859,0.02283968846443539,0.0452377060922205,0
64853,0.12533323985185466,0.1746410120980142,0.027538533367392627,0.14875586896314885,0
996495,0.04404765150263727,0.039724404857428786,0.02482980061045482,0.0836825444539322,0
734321,0.03433356005541391,0.02447770167759511,0.03652303562780564,0.055688992641373315,0
418303,0.12081575378038434,0.1613421279375008,0.02484412604877766,0.16345725998500327,0
1776726,0.02398716562463735,0.027553164968295407,0.02204362189253961,0.017987482863638812,0
682478,0.08636763000786594,0.1007593009722555,0.07845225372902309,0.06226151701515637,0
1439396,0.040247273491804895,0.0662006004851382,0.013283543419632768,0.01580955111672982,0
1024437,0.06430843669679986,0.07714672474874318,0.024777373492744337,0.09150931137302483,0
1230079,0.121940307974448,0.20707418015442014,0.029218430830557165,0.0481884432403539,0
1513546,0.0362623357603269,0.03630714729617013,0.028562635736896543,0.04769985695586435,0
2453559,0.06710383725116209,0.10687460142501792,0.02900212277764289,0.024829498526801323,0
635438,0.07364445404244428,0.08758569168330399,0.021962038843936937,0.11631498273805603,0
454059,0.30886273434303335,0.5177182557977256,0.03377463116124824,0.1993560854789806,1
694834,0.05083183540607002,0.06405712326314061,0.024941129860549322,0.05660467408167457,0
2011041,0.042622420328493754,0.05020919733042095,0.03970029023937371,0.028038672957355827,0
1059991,0.0693109833662212,0.10498503506422419,0.030597617219945673,0.03819590334062703,0
922843,0.1254449058587768,0.22621882589705122,0.0238086315045753,0.025964517294392978,0
1905575,0.04094616120002227,0.041202854871242534,0.024021527051162683,0.06569137824526099,0
1640358,0.04322068287395134,0.06324745808481747,0.029309385290523304,0.014020691221928058,0
313674,0.24878186164037389,0.42273622185012405,0.022233379335471096,0.15371868457335264,0
1654845,0.023805707049220783,0.021703281566003207,0.02651488462958531,0.024998004386717933,0
372560,0.11639735022450184,0.15111457630980962,0.035771056342856454,0.1505437258337005,0
550683,0.050827030296970666,0.05899972492392469,0.02419407686061869,0.07034472388411357,0
1012317,0.0629803802371308,0.08446368181428965,0.02679572718380061,0.06354910587422899,0
1625185,0.05280762506496143,0.08143486090099028,0.03359594316442729,0.010057058325690513,0
2445702,0.07145323966745176,0.10996793820677808,0.03281974810110938,0.0331167306686495,0
1055019,0.06746687568731899,0.09013323174219079,0.047476216620956024,0.040786974149683915,0
319346,0.12068049795805583,0.1788793734734423,0.02370979671829994,0.12063936102922347,0
1787981,0.02772946349779059,0.036064378260360686,0.023189568072824813,0.013702019728814028,0
1936394,0.062396462133583346,0.0980779027380374,0.033136446808600686,0.017082883609922214,0
1126490,0.06127134406294603,0.10299954424571034,0.016964815935158077,0.023410635797717187,0
1957996,0.038990027393266,0.05168870424329741,0.0351712220415457,0.012971543295767923,0
1681995,0.027685584449617433,0.02273767160802853,0.022160720424732144,0.04834266259091763,0
824289,0.054879323387096154,0.0568017888658896,0.022226647544371956,0.09905217345419884,0
872466,0.050382972370973875,0.07205086293248375,0.015284835638717917,0.048860451065583135,0
1082192,0.048439947831871694,0.07258340267727581,0.015973638069640642,0.03678077536170796,0
1575875,0.24704948900615561,0.39654369599352934,0.09314879491723348,0.10416501267110452,0
597403,0.09362894854809761,0.13333368418253222,0.021291310957896114,0.10287356584731339,0
1751666,0.05839741875861699,0.0831036228885016,0.03656964177187576,0.02937357391401731,0
1759620,0.04220535635651391,0.051938273631633725,0.03926899065336306,0.022277611723440654,0
300253,0.25648775777104343,0.4247043945208855,0.0369551852592411,0.16524502466414184,0
935698,0.09807131147583399,0.16126536582536088,0.03835154135009866,0.029665830790619747,0
547353,0.07429350272665272,0.10689483569253055,0.03064211374149879,0.05826725378968902,0
1798578,0.0865507570395832,0.1592608108207244,0.022599158595030942,0.0007030202535585866,0
202184,0.13320619424103627,0.17610480426331943,0.0252940531908397,0.18782788076062323,0
517432,0.08720341005421897,0.13927673496878368,0.022735917384586603,0.05372133677225576,0
2053859,0.03347765688751834,0.03453058343421511,0.021256148366462602,0.04917760330235999,0
1230499,0.12521673322960405,0.2136208688104071,0.029175976128829887,0.04826752992875769,0
1429001,0.06705106046367947,0.10627549828093019,0.023527065834626375,0.03427595786413226,0
116979,0.14275951132447423,0.21442542347303173,0.023891778605219648,0.14189633003196242,0
965093,0.05618289931721707,0.06376230755202761,0.04731834035502469,0.050531217173479276,0
2529203,0.04376299917902699,0.05741339706667925,0.028363346861032063,0.03273648293688872,0
2044888,0.039367093300216774,0.03988363478139334,0.035187062484320436,0.04434578582111987,0
1538716,0.046532381323355285,0.0503838798160674,0.028875897917013713,0.06338836020108733,0
530667,0.12890826565080088,0.20355549144052543,0.033480679118948496,0.08543158097426813,0
2188339,0.16084916791483211,0.2793975531003694,0.01941136764685635,0.07663490535295264,0
1988959,0.2234549955354595,0.3982719006621097,0.030998629867433094,0.07509728122087368,0
1591382,0.05250602342935722,0.08290669832244624,0.022281340957332557,0.021841359904671658,0
184748,0.26260421229814046,0.4162794198190727,0.05218085378858236,0.19405123126014692,0
1735476,0.07061809166331301,0.0976576710529613,0.05205218231522181,0.03086800721132904,0
1930137,0.09395043522881542,0.16617465017992983,0.02934626125485558,0.010296158811969196,0
700620,0.15015550654703425,0.26199185514348433,0.02400522156247532,0.05979006253274743,0
1146480,0.3005924031957788,0.5094192998889862,0.043091721524221624,0.1647761839700963,1
2479885,0.09267051232067036,0.16042248726489183,0.03391784323211273,0.011419578592953127,0
1589574,0.05605875945491475,0.08055125539810093,0.03759831735968412,0.022518182739795268,0
2654355,0.2630370290320999,0.4823640365909473,0.016197446640712054,0.08497888372206328,0
155344,0.12161997310840864,0.1609816801489391,0.031140152812594045,0.1589354359508044,0
2152198,0.29366202104174227,0.5215683726744508,0.023151834766609473,0.12966142137267012,1
1156396,0.03783391177620598,0.03575157367750492,0.027108961642052985,0.05912718222418812,0
2078990,0.2833966667894114,0.5073759123940949,0.016896411989511407,0.12319893497755267,0
441732,0.17284686331021926,0.25148041547792466,0.035695094921343734,0.18199063547426889,0
2629705,0.2154127434239101,0.389632566108048,0.046975596747544424,0.032518906728113875,0
976964,0.032789169034835614,0.028474541198694636,0.017421079864318345,0.06662787238096395,0
85471,0.11731060449303832,0.159804784034283,0.02761542316020244,0.1456179276391804,0
855824,0.08402007578598619,0.1423480334131768,0.019951740481154338,0.03430268467525739,0
1541316,0.03360110727366342,0.030648040724907455,0.02090330395818544,0.06003047861877032,0
2654513,0.1554077026590491,0.26770335708285764,0.020903752436986608,0.07642449193262155,0
552742,0.05339980674179627,0.06506822115352662,0.021909490761674467,0.07146424468265311,0
779586,0.062120435365168515,0.07988382470982114,0.027892168557643447,0.06905436221482456,0
138623,0.33243475795294514,0.5495527741988252,0.05776347677273615,0.20164663910855832,1
2107953,0.06676530737745791,0.10913944468181758,0.02729489183303716,0.020035587433189863,0
127503,0.11411614350357638,0.15328164700265878,0.02202992596641446,0.15433171106161328,0
2043211,0.023475068142893178,0.01668933314971055,0.023554778315503136,0.04031984036693482,0
1652432,0.029594655993577357,0.030957481196332348,0.024309256809974884,0.034115691762093586,0
1933819,0.0472437302671668,0.06783429781548023,0.02681579584043223,0.026409213036485094,0
2604885,0.1389435510168665,0.19132747756999524,0.09854100176184549,0.06858755851657627,0
1637193,0.06207092915706305,0.098928562417965,0.03840468291313676,0.005426215370697602,0
191179,0.1829971651743548,0.2981288643685851,0.010109305275910611,0.15449970703644533,0
507784,0.06540916866496208,0.0886123663635342,0.031128881767263257,0.05882160476507994,0
2559654,0.055580287247806996,0.07840406602328942,0.022585846705128008,0.04801250112311942,0
2201315,0.04048135901103726,0.05287370784822343,0.020316922223531556,0.039747142099330404,0
1819571,0.04961844379698291,0.05600269122380086,0.05987809642203353,0.018268346292362105,0
127861,0.13390316324046464,0.19006800653870193,0.022064587557386182,0.16124891851948908,0
1569708,0.08576471423341989,0.12216365930408213,0.023928150733797157,0.08752219680619838,0
656118,0.14916192545791196,0.2107829387079322,0.05471692004844731,0.13677690044705834,0
107513,0.1049404744785431,0.1353818298804046,0.02441493763405387,0.14962539124062316,0
1047110,0.1665766717410924,0.2836942457974031,0.0630228381037123,0.02911348705638565,0
641346,0.07022741770800214,0.08595295393534996,0.013605925251601425,0.11584581582423369,0
600443,0.1063130976869962,0.15857433850517588,0.01972650628779709,0.10553988274034562,0
1622459,0.17942612439086356,0.3163182258306352,0.04601724687985081,0.03730918705795363,0
485251,0.08024324933330088,0.10897625099806663,0.037381201601530765,0.07270381676904165,0
2208788,0.0761157836908016,0.12816186619350234,0.02469084209419463,0.023137989828960193,0
1994341,0.024533998281117426,0.027880241746154333,0.020082332802606198,0.022845887836292003,0
1873645,0.03592688817934618,0.042144511923851935,0.02169031877554304,0.04173768292378649,0
1544753,0.03840203748957946,0.04235597393142532,0.02484812829659868,0.048848060174436,0
4576,0.32737010560841595,0.5524575086550231,0.04767380420788424,0.1841960500926957,1
1118345,0.05377933783961948,0.06952454397612173,0.03286645850146581,0.04578564150559438,0
1990495,0.05415794847254531,0.08639371675217855,0.016654820175417286,0.02982322021915427,0
54711,0.14680482216096674,0.2232765646984285,0.0244949561208398,0.13909026487750273,0
396585,0.10987554263259064,0.14610153194016673,0.02277265224207744,0.14996490494942016,0
2551719,0.06349589047307036,0.09488138942010593,0.02999853370588462,0.03527817825626005,0
215446,0.20018216433803848,0.3167835917270915,0.030441811586769747,0.16328912499230908,0
980328,0.10736367265673462,0.17789923502007177,0.030174345058232604,0.046808758146144734,0
1060959,0.07271724410844908,0.11156150566378986,0.02507118709186005,0.04707567574498072,0
868692,0.05931124644467433,0.08065958409240948,0.02979674755152649,0.05021215066505825,0
1242033,0.07635805609775886,0.12252360264416617,0.02508578612469076,0.037852594691342736,0
1323182,0.15717293406028032,0.2781935307533573,0.03273855583853801,0.04127300966020137,0
252875,0.1614435096988362,0.2533004724658898,0.024377704026872962,0.13739981128914694,0
2140110,0.1574432526880713,0.28135136731912136,0.02598900763556532,0.04485433368920518,0
2120376,0.09996210050949662,0.17971334873578726,0.02908023729371057,0.006906774767449121,0
1718419,0.08166782349275101,0.10110853688184951,0.049515339367380486,0.08129476620806059,0
890834,0.04087682753286706,0.05655491234368892,0.017441317276809344,0.03683488088989897,0
306467,0.14098019147569502,0.21528471863457666,0.01951909116240583,0.13741052404842466,0
1751317,0.17597222849425795,0.27264003218895827,0.09952108383548575,0.04897943624566539,0
367480,0.09334511465503736,0.11573847896370082,0.021783727306630196,0.1447037849059895,0
2191067,0.17787954983289783,0.3190942187073391,0.0050517906446206195,0.08408451642921048,0
1097954,0.03587793558630503,0.04306308638146361,0.022574065002930254,0.037870864473470746,0
1811190,0.020748009705160563,0.01837529647745939,0.025713995875831903,0.01923081351840649,0
299978,0.10615244367111049,0.1468886489870036,0.026130293677380123,0.1243451553719732,0
147571,0.12556714020861853,0.17979877357372243,0.019525435251355264,0.14905061423175364,0
450158,0.2398424881471628,0.3778037107357807,0.0327084437271556,0.20564049830562892,0
926272,0.04065262583626485,0.0454738580439944,0.02973002513983958,0.04498344636157886,0
1177473,0.04084896728899029,0.047641657081222144,0.020059830824629213,0.055050947504952284,0
239066,0.21551679061075923,0.3242769173422039,0.05214069038064015,0.18868062412732628,0
2353182,0.04514049876564408,0.06712598182602736,0.021880855006536432,0.025066256753347334,0
626036,0.06644178788995148,0.08099835493954488,0.021943246262452275,0.09679818270721674,0
231244,0.38400130127077037,0.5368908911972088,0.22334263526787768,0.24276532545901344,1
1163252,0.05386496562799965,0.06399543165900501,0.03174618915252862,0.06171696526369282,0
2508207,0.10939896391769471,0.1861131369076391,0.04653543745145222,0.011908821142197476,0
2376091,0.04422943588903361,0.044422714556044185,0.04591986941208738,0.04121058893692651,0
208923,0.2730396147827786,0.4435155329759588,0.03247654618784991,0.20769442219222123,0
665211,0.20255682727954447,0.33571148994198097,0.06814583130678939,0.07128666458258588,0
1881720,0.1324091773352523,0.22917367822229007,0.020094671294912048,0.05896968417816812,0
610317,0.08875002286194444,0.13702919178511952,0.015564696595710357,0.0778300899533579,0
756454,0.036268950221112546,0.028391335668704776,0.029589204364122636,0.06598260538761683,0
793137,0.08108488987108127,0.11270035762494435,0.020485100261274005,0.09294590490113445,0
1120117,0.037142924821663766,0.04425502528290026,0.02671035583535523,0.03501152714803533,0
334944,0.15206195462086314,0.1397311245741718,0.18687554322534936,0.13066864683086205,0
2679870,0.1629852616773167,0.28362045071858677,0.012341873081819877,0.08736237196738673,0
582889,0.05568859110016543,0.06625452537428578,0.02243391703449225,0.07915576651337432,0
2066660,0.08937302020823103,0.11811149919515962,0.05314495680651121,0.07186891784348926,0
929907,0.041288263910806755,0.045935156146725054,0.032349188919144796,0.04307964580850392,0
1737887,0.19272713972341626,0.3303273627369584,0.06365261034885093,0.04233837625140881,0
1079694,0.055029386083822324,0.06921901938485797,0.04048606877982334,0.04137027878723167,0
83623,0.1750799576636683,0.28418190122642206,0.022308395435289403,0.13148244209935217,0
1010979,0.08688697161084227,0.12015524296098234,0.027707941312294388,0.09248483868331395,0
1723976,0.13067641754360299,0.15943979941490793,0.10719259071324025,0.09399370311088474,0
2191642,0.03379923045450798,0.04005513986990161,0.026012050633462253,0.029840226647592477,0
223281,0.14338509459939053,0.19711656951114254,0.023988855783520904,0.18815076554381496,0
1560073,0.051326883347118615,0.06505297640871699,0.019360839290839968,0.06496071677754062,0
1103634,0.04134409504688251,0.0515950376937242,0.02770645092132658,0.03617320461811219,0
635305,0.14752490461071385,0.23967263009240647,0.03197326837690302,0.09048304525719854,0
155865,0.13091270286167112,0.1797368068595887,0.024361606717068263,0.16867908708378138,0
504834,0.12515275278904123,0.20948140841434737,0.01191797309906842,0.08418328326073517,0
1390319,0.09847947700400016,0.14295972266851764,0.026290368324617366,0.09556252586178066,0
2518062,0.17387985282898222,0.31146550003672235,0.035988510253347455,0.03675274867308398,0
361462,0.3182433226367686,0.5439914982876529,0.06111071529401476,0.13957179452368854,1
2728317,0.2582660134543556,0.4456628670339581,0.03743321387815623,0.12102307886964868,0
656587,0.14889430360264977,0.2099663907839553,0.05528116133376031,0.13663379905272005,0
1647486,0.15078344115655976,0.2703097696247049,0.033424771317210035,0.028005624745221506,0
172259,0.1904328099559298,0.30871324412980705,0.022614128677487102,0.1464597464389007,0
1681229,0.10343790480809656,0.16135516932803085,0.032682334332501096,0.06477809922165402,0
1843197,0.035937355453993125,0.03448335232180977,0.04529718034989955,0.025532625940591875,0
669176,0.13600905082778877,0.2201242334442418,0.055317291928460015,0.04675873263564931,0
1892277,0.04566465900685242,0.051604052626771146,0.024126672656186503,0.06312315448305446,0
524348,0.063494918177615,0.083335875508601,0.02621944544040591,0.06980573395596365,0
1187685,0.04072310548055355,0.034022139155040376,0.02929999726289603,0.07461018362082276,0
400948,0.13322333429932925,0.15531293415932668,0.0749836598683578,0.16535884629579298,0
906079,0.0789966332919548,0.13853749596392395,0.014907655346041647,0.02627794353090172,0
2270297,0.1270899898621721,0.20675573351724075,0.06356960603065549,0.02320620647177533,0
2715082,0.2004318903715244,0.3322856757528475,0.046136431420141615,0.10224061534529084,0
1606530,0.0430873291403988,0.04747515481459241,0.04679801953537527,0.02655172936245007,0
889655,0.11149553321168997,0.20535184387237404,0.012545038282493924,0.025280498953773784,0
517811,0.059483472655514034,0.0751251732242677,0.02625984090732808,0.07021466885590878,0
464921,0.2259392691614843,0.3366634340790876,0.08672633782937436,0.15794825386564082,0
1311610,0.13396316573184397,0.23520281939798793,0.016549409349604752,0.056984666139842925,0
265446,0.18209341238660035,0.29785736650116046,0.03375965406440568,0.1151841645834921,0
2006658,0.05030358590519331,0.07217152408537109,0.03519522087371261,0.01829628800196993,0
2524192,0.15491700482184645,0.2626075477681721,0.05153737190876856,0.04076009682564931,0
1470653,0.02044250757250317,0.010946304663399187,0.03303992215508573,0.025286892971389283,0
459107,0.34784574864883755,0.5679251248108332,0.10234079100164949,0.16590474471463046,1
614193,0.0720450907760519,0.08147766184436323,0.03425642049821471,0.10514666852202932,0
637328,0.08042902699464279,0.09317976377210846,0.03772253370214779,0.1126119249897211,0
1871908,0.03340840041368636,0.029687498266195544,0.0306252287520089,0.046885413274929594,0
1184208,0.14723143221344642,0.24383394940223635,0.029360905959991072,0.0825309286216546,0
707390,0.1993437909105316,0.3429874330092464,0.02966724754041137,0.09474950071892482,0
2310762,0.07110607750581266,0.11819280294564216,0.032402033099988944,0.011445330514974468,0
1829832,0.12827246616328536,0.22040770829703316,0.03742553036820858,0.03420476452153109,0
2246274,0.4308488299598361,0.673116237819685,0.10388192023432234,0.31563067489848434,1
1820575,0.024251177147607023,0.024861260340449998,0.02159968753560742,0.026703203583498977,0
821038,0.07090486805383836,0.09378135240549279,0.020428453546758988,0.08942827893532135,0
2739988,0.25002086575781857,0.42340605571852363,0.02751044055690378,0.1503235286574281,0
2378422,0.07408718225931933,0.11994450111919663,0.02986714023032086,0.025773948153123796,0
1807139,0.09657028885975871,0.17957617656576408,0.022091568600873135,0.0007736499830736076,0
1123083,0.030725712539166103,0.030867834114892467,0.0246190228566262,0.039530443123660025,0
2407151,0.06797737718694552,0.08969043720219694,0.03556336439860207,0.062315746331332196,0
503310,0.07822299934485036,0.10593023739621688,0.04298214968379357,0.06181617870801924,0
2477884,0.2746103992943444,0.39784255835992366,0.17591568206178163,0.11457207747924016,0
928800,0.07467525776583171,0.12043001115254481,0.025786414753577583,0.03362163881743011,0
1312747,0.09274338607384741,0.16078646631945448,0.02916657801402004,0.01800089754957084,0
2386208,0.04942716406921431,0.06942515683189587,0.02031472610711066,0.04310083910566588,0
2521230,0.05356688073300693,0.07521841485098002,0.030233607543033898,0.03443795522303374,0
29231,0.14289031122717838,0.21261339829981485,0.02530923392099737,0.14495420950485877,0
2349979,0.056377890373625596,0.06796316359843413,0.052580371579033384,0.033110985503492577,0
2650651,0.2057057480039434,0.35327962347568154,0.051210866628040225,0.06851338138845285,0
1140291,0.0405387544588173,0.046110936524349944,0.02715262237725638,0.046687497417327056,0
1834814,0.03289368847936044,0.028851081476439333,0.03429463916777817,0.04089877995403662,0
2152467,0.04928024575020054,0.0707999071998392,0.028338420323951185,0.026893830265477932,0
2563394,0.05026565692943496,0.06594996864384595,0.030512684439731742,0.04068433637796232,0
1486219,0.05845906745314093,0.06219123956073058,0.06633754818391387,0.03731091608800736,0
54047,0.13497393353922535,0.20240132897694452,0.015854285792296193,0.14508491656532121,0
2038236,0.03117302710977339,0.03497603023456741,0.02076226533562353,0.03728166195901311,0
1906649,0.09563183852175577,0.10639690924468481,0.09260713903641297,0.07325621094244741,0
789926,0.18205444398298673,0.29430471151014426,0.04656138806163402,0.10466835904712206,0
836259,0.10958592159811323,0.1326375039615625,0.07257537370004821,0.1074727875365876,0
2461576,0.04300985355787642,0.06481601032839313,0.019317910175869164,0.02403237670459556,0
1750890,0.07610820330821381,0.1216785781752886,0.029460806133636823,0.03215336190239231,0
208530,0.12962312325334452,0.18065355071526623,0.018467039115977312,0.16878118080459098,0
1499272,0.03793614635947488,0.0330422096070524,0.04587460875199279,0.038263294651754196,0
1061171,0.07271635896624865,0.11156150566378986,0.02508394124985874,0.0470521187969804,0
2672075,0.16954063093626784,0.29341987619695487,0.030404957760617645,0.06854602754802554,0
213609,0.27947870991368473,0.44862108095319153,0.06313457980290244,0.18113897748109126,0
14678,0.17343321049263122,0.2778742389196561,0.018736803555018545,0.14437524983148797,0
1631950,0.13840191216574188,0.2457906879160543,0.026502989042239675,0.0377783574752142,0
1822558,0.050558865173088066,0.06207043165785742,0.05410576225039195,0.016459603345208847,0
1304044,0.1258021671157371,0.22545143884347496,0.03467426620856411,0.013370839157151983,0
1268441,0.15443391270577284,0.28463087077576066,0.02496778202658612,0.023140713549583376,0
1584992,0.06131745410592124,0.08468487834631133,0.04317695890849164,0.03010963630109039,0
1677320,0.02731659780913743,0.021247185612035424,0.03023950587996806,0.038105766195646484,0
973536,0.2603743450552661,0.45194421410913377,0.040699755008838275,0.11096155749023863,0
1977312,0.0761450091387327,0.11945557852689359,0.035590569858207105,0.028700244589118892,0
2441620,0.11214303447306122,0.19274082787684166,0.024824213463825174,0.04162678247746415,0
242036,0.3372179546629055,0.5333500990818668,0.08442551509930467,0.22607625296090345,1
1474232,0.020351809513044765,0.0152619603498646,0.0246560544149788,0.026620065068094112,0
304937,0.24809659060109368,0.40640958230080715,0.0549998019003267,0.1419592944029605,0
399143,0.12101261508715865,0.14343544769040628,0.060888263111963624,0.1551420615418321,0
1026771,0.07607381102109954,0.08495617940187594,0.046904963514982315,0.09762116132833437,0
230938,0.28790006922073225,0.421552698706118,0.1136405058109382,0.215157840621959,0
808597,0.04873676950755927,0.04517173522614237,0.025054302372942393,0.09317305591302685,0
2244202,0.06236186732938245,0.08123277698534892,0.0338812203056352,0.05790556372508715,0
1285261,0.052317561635707326,0.06975387627359086,0.042810907517463886,0.022986756218363626,0
785725,0.068417916725941,0.08678494646061874,0.02265651985332199,0.09114243769817515,0
109154,0.1233739155475912,0.17380655544941226,0.026994339719965177,0.1418616795344776,0
2468261,0.05421361441236919,0.08888555692056321,0.014322778907084503,0.027370011399811153,0
1811533,0.017616278674970214,0.01549441592998424,0.01737114977167267,0.023288628892381473,0
1824333,0.14486202354116604,0.2548487132124455,0.04704514190187307,0.01662062182190686,0
2579602,0.07385882071363108,0.07340105557173937,0.08713025244882365,0.055096085965571494,0
1326966,0.03815205942183522,0.03707898046626634,0.03807715186738433,0.04094711814243374,0
2220255,0.18157978800521796,0.3170430637886833,0.01583936502877577,0.0915322330112178,0
116516,0.11547623871981294,0.15605791209945707,0.02202992596641446,0.15419152440080036,0
800375,0.05265950397828384,0.05845932581326729,0.021629647107395254,0.08470473469715806,0
744540,0.035242091666222636,0.033715390911395304,0.022544468861832586,0.05810527775987602,0
2573209,0.1615819175509473,0.2858319020003922,0.022100251516326882,0.060179455479265634,0
142803,0.2011277533381293,0.328852842069137,0.028886732309943618,0.1401765630528885,0
200276,0.13403494795763568,0.17836033547912988,0.024063485255558376,0.1881786732070161,0
329852,0.1272166625296386,0.15717460438986164,0.07328129685398477,0.1332248563925617,0
1464377,0.0785766600374163,0.11834553955414207,0.04012371124506779,0.03683388443412464,0
711640,0.04763858349625436,0.05484193887282074,0.03334106130903197,0.05107647833567202,0
141979,0.19309368014935716,0.3181937652826681,0.01983103510693189,0.14023743487971774,0
261014,0.15385610291070964,0.23625273444025985,0.02854903840257025,0.13582512084904327,0
59358,0.2681604975108141,0.4494708305643317,0.0227998698676173,0.18292560634181532,0
346898,0.11879579192884117,0.16520415685751622,0.028618343450489636,0.13804105232468084,0
1696694,0.03673802654503698,0.035342232936671714,0.02342865283812705,0.060191571126315034,0
2019809,0.034907942701658326,0.03978775985778804,0.030969655384945564,0.02861583078640318,0
2156338,0.1561237267185423,0.2785489295549043,0.022796869706269148,0.050051005146047094,0
922013,0.10316233119957434,0.17043339902537324,0.043161379655192796,0.02498608895164942,0
1434539,0.09590555571260756,0.15898557510862188,0.02885344302891679,0.03878367624810796,0
2328784,0.15764296867010114,0.28563551445728463,0.02383139804661985,0.03837896013736437,0
1271433,0.0673497405018446,0.10457344114647127,0.03809726833543695,0.018169197139889355,0
1106862,0.21619143350117112,0.3863347863888221,0.020921052025179708,0.08373862349603083,0
1338696,0.12615105646829758,0.21014935530582335,0.027268026552159912,0.06447985424868959,0
835032,0.0934890988963472,0.11562726121806921,0.04482869793710704,0.11113429453090241,0
596018,0.05861221510279067,0.07015820669802442,0.026890542338097068,0.07732974526174669,0
131872,0.225543315893651,0.3546836726571134,0.06943642433904429,0.13685276131690496,0
1731380,0.07749741656172748,0.11965050039995295,0.041820843159709194,0.025629567069191266,0
1566861,0.05043450784305585,0.055109580885643994,0.03039207029589008,0.06881048155733412,0
466892,0.12946541508910483,0.20321046495070505,0.0371335449467268,0.08360059564867135,0
84909,0.11534178614880275,0.1560960693343586,0.025564583102909648,0.14812188275375276,0
1864821,0.13519286974657962,0.23342421747877606,0.019458937134693623,0.06321539933391748,0
971057,0.04678830268685353,0.04518195846620687,0.030823816006706445,0.07475089325869079,0
1903682,0.1952263814792624,0.3248214412648013,0.039122572075609464,0.10539444612089474,0
269805,0.20373897420495904,0.32689288210780176,0.05836217466669981,0.11391940375524112,0
416751,0.13036481880196393,0.17639800783446835,0.02795812187121586,0.16889189161682497,0
851176,0.1885919289835351,0.2835727467691316,0.1044159868869415,0.07740379766443427,0
55256,0.13720194777538433,0.20641672466537353,0.017191856723788614,0.14418014212780494,0
1004673,0.14221298467374827,0.2296989270528813,0.033566645697764165,0.0864676371898918,0
95510,0.10044858446606743,0.12784180537228995,0.022783391293866664,0.14846332195881223,0
2263911,0.21776309819083084,0.32988426942868887,0.12004431316895646,0.08403834762899749,0
1376478,0.05883092282856457,0.05795079999230057,0.050509556822111404,0.07351327892890434,0
2531037,0.04767744504132467,0.05681966355786838,0.03825403680726444,0.038957011101055754,0
293517,0.11210501456158717,0.15629050151745316,0.03105956808414061,0.12320946688809199,0
1261042,0.13460140754797736,0.22690506722236747,0.036410131141773106,0.051129172971308444,0
447535,0.22415944708517047,0.34361545375072045,0.049392869374115494,0.18766929698787796,0
536332,0.18545284913352844,0.3232699650272045,0.0261096274794725,0.07992489188042205,0
2660271,0.1677140345589886,0.2871808591945628,0.026770309239215483,0.08046256094971262,0
1334884,0.046908309451934305,0.04021463982908968,0.052585448060886296,0.05512677559561784,0
665865,0.12631187124403634,0.19983850713477758,0.038085729766080316,0.07483449373411727,0
1282867,0.04695212004527964,0.0688701282901244,0.02449055091893164,0.02584945312268976,0
1725766,0.13224610086141916,0.18840658824848333,0.061792942083600935,0.09752462056048608,0
2302083,0.15954354231644094,0.29386796600642995,0.02304565522357507,0.028479313730767144,0
1940735,0.06218400524289361,0.09926587958587729,0.023827741502935353,0.02701371499537177,0
558280,0.07536334738015255,0.10617811249259745,0.032121102169725094,0.06318980241468142,0
459332,0.27893029679362047,0.3935826555701195,0.15979690438059874,0.17099948847190552,0
1014042,0.060001990741405095,0.07254013815830185,0.01728582985960924,0.092730863521857,0
2600733,0.0831835708303461,0.12069102572490287,0.03012016512238771,0.06901004215589171,0
2114722,0.044469377132729415,0.06132102015822538,0.032520377506878174,0.020263769007766382,0
255438,0.3049029745205083,0.50332776983838,0.062042864191461974,0.17313115171939827,1
163698,0.11239618416799005,0.1441902587870314,0.02764858486697139,0.1600323965719146,0
2335241,0.05201898120486672,0.057209169802900584,0.06110305913515374,0.025417392814351538,0
1472573,0.02034248844681968,0.02330761616754884,0.01400669602610675,0.022433357776066185,0
531898,0.062265879242352926,0.08063944981711624,0.029214842279812185,0.06590850824925576,0
1712021,0.05048614235325694,0.06334134417950965,0.02187643022448553,0.06126270598078229,0
1061844,0.16075144052180174,0.27754006993652847,0.04242762216224893,0.04626559452431421,0
2010859,0.03639081059354873,0.04524283609222546,0.030167209946516695,0.023596147817404958,0
1966703,0.036744597824536124,0.04926339809664937,0.026265933265613252,0.02116559398263731,0
67963,0.1479210321533591,0.22527468306177678,0.027272435042183168,0.13550980054907893,0
45490,0.13504789705883208,0.20240132897694452,0.01612600258005473,0.1450471589817169,0
879782,0.05929275162763009,0.08193922767404904,0.033812471167916386,0.040896982201153294,0
1764171,0.0389046742587164,0.054105235481850866,0.023688906557353874,0.023726922752924023,0
466385,0.1302973431145306,0.2056494800322891,0.03590585523684091,0.0835042326366688,0
2704954,0.41395098926172813,0.6437141771826156,0.1920146023150467,0.1724475998795315,1
1194131,0.042709195805127005,0.03700418585464704,0.031059089232355664,0.07444688054048391,0
151736,0.111807320822274,0.14032705021558967,0.03424295437688974,0.15685454700706125,0
2324180,0.05699489737919203,0.09138898683070651,0.028902892983202307,0.013147680344390442,0
264328,0.12829717125961196,0.18447788295753742,0.03637712396976743,0.12572546294956502,0
1740715,0.10986622141311236,0.18969888263754686,0.04411377428194311,0.008913239048779971,0
1995580,0.12270231546747556,0.21082297738168387,0.054860894613236046,0.00416279196331407,0
525560,0.05614515473494114,0.07423638032633817,0.01894829252121458,0.06671238407703838,0
1510323,0.022871717619797092,0.013373460959612005,0.02674938771867617,0.0408008541219412,0
433049,0.15773183655274786,0.22714229197776248,0.02675591111464879,0.1806695861473599,0
2380047,0.05374071070188001,0.07259836733274838,0.019596444707358867,0.05781296811649078,0
1340970,0.04899781888653537,0.05723664686345009,0.027398139274581904,0.06080026836217879,0
1191603,0.0457346532419032,0.04337279380487713,0.030966028025237523,0.07379223965946688,0
1632876,0.036427376930171694,0.025200321402347514,0.06715205299758346,0.018408001648614513,0
201470,0.11875838932429295,0.15478347759439082,0.020326235244885082,0.17634389976816,0
1063376,0.14864750219493544,0.26032966711664174,0.03067203162719876,0.04640529574227476,0
2136495,0.08491908642133734,0.1563648358535995,0.020397462097274572,0.0030871493267761183,0
2475527,0.07559720929949865,0.13134225111116837,0.02315941342401684,0.014891298583547026,0
822389,0.06377141189768168,0.06095833477514445,0.04107455244104963,0.10484939388897278,0
2332258,0.18383658828887328,0.33664427240938544,0.02337556896080258,0.042508906979698904,0
1144252,0.03270342716569202,0.03074540605552123,0.025656194549479722,0.04816932886543744,0
2002464,0.049373178247340666,0.07163033702994215,0.03333331093906944,0.01779008225324379,0
186697,0.11374714207994471,0.14617815048378546,0.02301085990079137,0.16877404433907287,0
2008264,0.30006536524520344,0.5165643480317743,0.023541303247872028,0.17360400127477343,1
559590,0.05555050620190184,0.06905186175138511,0.023828359941781438,0.0693803367183743,0
165014,0.1256771780123908,0.1673861991657003,0.02865555596676851,0.16693705819755045,0
1775110,0.03258715665689328,0.042020504380386514,0.028871509134389694,0.014577258631915562,0
1066981,0.05163826320943049,0.07335564639833914,0.024699591645826562,0.03775281258256478,0
1900160,0.0527074381957068,0.06649510614293663,0.027908932580595132,0.055436026750299704,0
324647,0.2614639675032753,0.453453361988292,0.029753366247441026,0.1290563831744849,0
1310142,0.2229129318726371,0.4028494211439483,0.017380471601517948,0.08137039910103804,0
1891288,0.045111988548420634,0.049067174684437664,0.029228597185888567,0.05904911025217614,0
1791255,0.053267058942247154,0.09209143598075609,0.01959124088220381,0.006719843436039809,0
2002945,0.03285512233389101,0.031221009631221097,0.03914315323059994,0.02750835774550238,0
835696,0.2145583184445001,0.36486047482438044,0.0249527631046964,0.12321126050450483,0
1090025,0.03527456033016757,0.04145675528482562,0.02500563373287076,0.03522246283946768,0
484217,0.08265696852215727,0.12144121918290307,0.02306520157040276,0.07508399229792456,0
2004415,0.03499308132276364,0.041062015152376063,0.03187724867490591,0.024494495720519142,0
1938489,0.058669690182020964,0.07854685681038565,0.04831270563573038,0.024512250430545106,0
2624111,0.35198225205008327,0.38578292976016315,0.486304803984848,0.06599672987273662,1
846940,0.4518078312697407,0.5703850976911274,0.4345106311859031,0.18131046534203016,1
1019909,0.10641386651955145,0.1707509199746855,0.02352556343312689,0.06990368751135313,0
1157203,0.05833174885246731,0.0792055354591209,0.0369431837978777,0.03823012991771773,0
2216130,0.043795994790354634,0.05128563692470545,0.031189030945518486,0.04398233522173181,0
1802386,0.09358476589997258,0.15336140724659697,0.031392132630987946,0.03743211243688858,0
1731797,0.07830677885090645,0.12322377111959637,0.03347676836788309,0.033259313903716704,0
1672675,0.029701605561273377,0.03481090422544042,0.022279777392868478,0.028061101153463115,0
647202,0.07390737685398449,0.09005150842406007,0.01919645355528839,0.11561343287683964,0
319107,0.1933680207417542,0.3194500009616338,0.03801193109577536,0.11119720466102356,0
1864212,0.0202719696831849,0.012702037491189921,0.021209387765581404,0.03779067303957758,0
2544633,0.05494848912114966,0.06068673294833982,0.060853537600586496,0.03174530683401904,0
1247534,0.10813616974669539,0.19054100023908804,0.034601382601444526,0.012426274233590006,0
991514,0.09517049482927692,0.13329518014570918,0.03321386519868931,0.0927937259840777,0
1858988,0.048754896845869776,0.070128342622641,0.02807043477300212,0.026347975513243162,0
2174304,0.03898216602963927,0.05612349870457978,0.022179081866020103,0.021333460587716777,0
2258664,0.12818812700857932,0.19365882433755865,0.04443928383306005,0.0901346484494099,0
874355,0.13960733382865276,0.25569420147685706,0.004578450550802893,0.05193348962491678,0
2722299,0.412964071801263,0.677048210106043,0.11875167697912466,0.19407231827252036,1
684569,0.054842890761490425,0.07313711300223191,0.025815289213499223,0.05264873748162352,0
517815,0.05216797722816868,0.06778223094060787,0.01932867747895216,0.0623912925708955,0
2360313,0.046678676374806,0.04858542425357404,0.051422845292978366,0.03479555330062735,0
195001,0.25043057161413523,0.4060821968917063,0.0333698142158634,0.18689264451761523,0
2408456,0.06704738342161273,0.08646247377106797,0.036457672405686446,0.06439422407186408,0
1784698,0.15409408623712673,0.268700967194057,0.029779878675072743,0.05404819518788196,0
615179,0.13374162570515638,0.21308612842542074,0.03781559982883744,0.07926940771897385,0
200632,0.29281800923165435,0.4939808518880512,0.03304530783331649,0.17956995468816891,1
134597,0.1253232372054358,0.16834270417011332,0.028836645937430887,0.1625044566957493,0
1250975,0.05604860538207194,0.08733127268388863,0.01889091061582854,0.03357847927689531,0
2669580,0.2491190496579655,0.4119021164067369,0.0841534622831508,0.089609763848259,0
2433862,0.13919983357680388,0.23138625375731614,0.058708756410563126,0.02947039887488427,0
1674680,0.02073111820438657,0.011526095268807324,0.01887970699338962,0.046520792359830115,0
1264036,0.04705624904560237,0.07410388120793432,0.016837964614149912,0.024764595286951185,0
97975,0.1115624678884158,0.14183495891443154,0.03436245366741772,0.15168126165487356,0
155652,0.13735701545400683,0.18274774791397674,0.03860586944162818,0.1720069033226501,0
1530821,0.10489325707908059,0.1791863626710486,0.03332427169178213,0.02651397118010829,0
866315,0.16964805177839998,0.28917055669953196,0.043619808269686935,0.05988415473863952,0
2685433,0.19172875490235966,0.32183715204117536,0.03193195280937345,0.10615296519479973,0
644449,0.251813672366912,0.4109075042403305,0.05571946046368673,0.1482204105382035,0
1936931,0.06694262049207376,0.11222444564427092,0.026007729762941217,0.015140393705279724,0
261580,0.1541988502260407,0.23331526666587576,0.03415263433948864,0.13647713295628122,0
921991,0.1389131271307414,0.22854641376305662,0.04733995619532217,0.05218966695308212,0
1237386,0.11330180727338927,0.20871598343540854,0.01781744926637234,0.01799290387886658,0
909023,0.1688943443648725,0.29857722642729156,0.011277564750848668,0.08111230862986053,0
2551925,0.0643822608251886,0.08904475114404387,0.03276415488738959,0.050153193934748895,0
944833,0.26069195219298547,0.4635950296761454,0.023127067042285183,0.10978158621113604,0
1115608,0.04998727205450654,0.06451917221197734,0.04038017953228392,0.02806816044416347,0
941009,0.03249212903325557,0.024198960034820804,0.03134967734325867,0.054938729064337874,0
1793889,0.09693552446169486,0.16023973783392154,0.03191325537344934,0.036208394663496485,0
1328572,0.12598967866662764,0.21622074329223862,0.024267926056692903,0.05299464601750225,0
488213,0.07409271321883462,0.10750827067270952,0.02068298385275778,0.07066841363326266,0
1090133,0.04239541677951585,0.05664472216498273,0.026222777696056875,0.03103111194103714,0
1222584,0.3130968261656082,0.5352428476816488,0.05055371293282551,0.15154644222468075,1
1088296,0.12596522092287443,0.22635958285251356,0.014687277625747201,0.04189623104446751,0
1779511,0.06564532955708977,0.0995947056300911,0.03334421680482637,0.02922355850298155,0
563251,0.05840307540037276,0.07228027388006497,0.024180144008426607,0.07504447628906147,0
2306310,0.039109413892456396,0.05877878327304553,0.01935724138084783,0.019564249208396382,0
1915298,0.19218514074625587,0.24618376003155074,0.15453426560822178,0.11366490524006978,0
1006051,0.2445448493867627,0.42174540920023085,0.030909685941351222,0.12199619502120967,0
1754032,0.14343222985646378,0.25376649658670947,0.037123011437222034,0.02706039065971225,0
1559847,0.05308728178463051,0.06257708130214312,0.03003032527141204,0.06394821776067672,0
1016324,0.06458401407743819,0.08328626331236444,0.015134965790705264,0.09200196342022196,0
1015911,0.1078979145288265,0.17468414749713235,0.02137108821520901,0.07072257157848807,0
2564275,0.10364315044514562,0.16458912037442697,0.05229147559455836,0.028305737897823098,0
541169,0.06747141378024919,0.088601016850125,0.027183071693729754,0.07507991923533885,0
1649884,0.020138418382597306,0.009007439704823983,0.031906152612374214,0.03031426373236526,0
1933227,0.05588614460348478,0.08421498108077463,0.031928019740041606,0.02100124070542493,0
2030727,0.1432629042110257,0.24435636753201972,0.01842705635370012,0.07778301769452893,0
2471486,0.044396606821267205,0.06774159495014453,0.019035183726741234,0.024076271140862852,0
1193394,0.040786137876240205,0.043812690450571457,0.016435594888896878,0.06974557092142708,0
979894,0.037848042708438584,0.030962100707914608,0.02903302711706907,0.06828542109680277,0
1586599,0.05778243152354528,0.08130456152490284,0.03825376362199916,0.028270108372470567,0
1743722,0.17504153970816858,0.30321398400046884,0.04931232191590108,0.043204255665819286,0
235941,0.3422148592372274,0.525596482304469,0.12621093437082462,0.20776668886872768,1
88478,0.11943136683437448,0.16245035132549346,0.026277690421165265,0.15161442022639088,0
1027651,0.06136856743137843,0.07506197262641634,0.020678041682346028,0.08817084306733224,0
1742930,0.05357254235091926,0.07949216618299892,0.027064861359354212,0.028535004258067674,0
2273230,0.06689690851119598,0.087300878465425,0.05993896112960862,0.02632390469800449,0
2643107,0.20329150775308827,0.3692263742645694,0.031200481479812893,0.0465908808842985,0
152347,0.12851004571541258,0.17592105355429177,0.026166211671959875,0.16349827718339371,0
851557,0.14857726531344878,0.24931053508430656,0.05624224527054147,0.03524662095066541,0
1184305,0.054103913955641805,0.060384182959819066,0.03816436619571737,0.0623125630850853,0
1418824,0.05169339059281232,0.08463190029740886,0.014309493057155735,0.025422962634805823,0
1861672,0.02117140274692402,0.012474543681652572,0.023890536683705752,0.03883484950493004,0
712057,0.044334185682862216,0.056134578828104686,0.014445441266714015,0.05966631944397834,0
106823,0.12732541362255045,0.17524609025256865,0.028604508354897317,0.15560507994898468,0
2732942,0.30481467695504794,0.49982023942338194,0.0963438070887919,0.130007075583597,1
939839,0.2223854569611759,0.34760631610467563,0.09619511375395515,0.09861882391325759,0
2419008,0.10369108780171737,0.15235971907755141,0.04280600449712274,0.07334713456902425,0
2653635,0.16290523057427528,0.28028714814697475,0.031002403983437586,0.06730467652878314,0
2051863,0.1625766701370382,0.2794366173253302,0.017373176458345133,0.08823204268434783,0
1538361,0.041762241335206673,0.04340396246795586,0.023524948304340414,0.06501387804963311,0
669652,0.1935743494825084,0.3310076621378365,0.04844014729738911,0.06769237112186717,0
2037638,0.05078656860964305,0.07813380491617261,0.02159142597031971,0.026211191802304135,0
812452,0.1090917577279519,0.18702865571122218,0.00733505288182357,0.06688457003896867,0
2761543,0.28528842931973697,0.47185047746057374,0.0332976860894047,0.19686942381314346,0
610404,0.07724090853286089,0.09108111252750817,0.040243979848674276,0.09813579157252263,0
164360,0.18974716459778854,0.2928826968980135,0.0238690613706859,0.1807254886878801,0
2685920,0.32506805249947296,0.5742926924674424,0.051585829383869984,0.11222978725295374,1
2054385,0.03724138548886892,0.04008018568715499,0.022778175546872982,0.051839199906147646,0
1462277,0.0284156331991431,0.03198165296290156,0.026424219119650424,0.02248770490898597,0
782147,0.07393807931540636,0.09597609120320993,0.043011550698385276,0.06523284252142904,0
279412,0.1581503018434932,0.2590216699798522,0.019394674768975287,0.11410532211437253,0
1747883,0.09549346711640276,0.15348051822423148,0.03907801634914624,0.03514901549771574,0
946054,0.1632917509873292,0.26661975718708675,0.050815387020982275,0.07368628143745568,0
1771587,0.025327804629515917,0.031376800317991504,0.020104062063802865,0.018040929256896533,0
2093328,0.0823545487325256,0.122660695993274,0.04805505005453687,0.033038428597637684,0
1766314,0.04770858665809024,0.07126062206923789,0.030511132255833698,0.01462467973360592,0
1569980,0.09564514181349364,0.13191566012515432,0.03916332105781153,0.08969157716786508,0
2241379,0.05882624269192169,0.08604554471083459,0.015868885528151504,0.05521402339029473,0
1162172,0.029970317345670905,0.022978687218634386,0.02393048605505468,0.05650913959918654,0
685194,0.2581211710380453,0.4547719164420143,0.03141203576092457,0.10655801044380384,0
225313,0.15065938656928457,0.20651512165564612,0.028773166395115752,0.19384937911463393,0
2269572,0.08409614900411806,0.1282009883435572,0.0430699328440707,0.03537337489559126,0
1189382,0.056404006043649535,0.07504692012485792,0.02415066882913953,0.05817672666239356,0
2454584,0.08412927934346691,0.1381433238562686,0.02814230538848765,0.03307462899393162,0
1153250,0.05887775250479455,0.08856370779425393,0.02658642735155634,0.03309985201100341,0
2083091,0.2166334873493219,0.3611800034551146,0.06268311048329529,0.08619276238388,0
2674467,0.186777477637156,0.3253420971895128,0.0255121817586721,0.08226387257398982,0
1394351,0.21414482112711203,0.33477525493916094,0.07348901637438651,0.12355244372607807,0
2091002,0.22532784193732946,0.37852577309291646,0.032329606979164864,0.13183036648560875,0
1220616,0.14587101674518504,0.1956208124601968,0.08939578053358935,0.10620938177504921,0
363128,0.22342897040118004,0.3774432010411569,0.0200183411372424,0.1435093376971442,0
1703690,0.13390561990519664,0.2274388859631996,0.026374494427270766,0.061369142977077996,0
480305,0.12751615800064545,0.20627447590788917,0.02592756359398822,0.083003254842522,0
2256748,0.09911746262817552,0.14603214246184426,0.04110223249333707,0.06885360824626131,0
483949,0.07308814120743208,0.1015443689916623,0.029272998713425917,0.06767028548786577,0
618484,0.1571517235595784,0.2589530165403291,0.039272886727722486,0.07946674635548556,0
2596920,0.17696165164694916,0.31297457225536374,0.020773099656100236,0.07121217811218608,0
447103,0.3100154989843706,0.4676811670795501,0.13425455478452059,0.17949274504619678,1
1568511,0.30139650663952994,0.5368791433508115,0.02691954310097987,0.12440536016915098,1
1355246,0.05071178249235459,0.061929000594696526,0.01833926762815803,0.07122750953279458,0
701125,0.15049155848522527,0.2478031049406929,0.049112006686197786,0.0592820200450974,0
2204234,0.04191360251741098,0.04286801219495706,0.03782205797181584,0.0456648951419385,0
2762417,0.4150961176272632,0.6365961559034667,0.153143564196809,0.25427485208243555,1
60190,0.14115012874262878,0.19715233276493238,0.04817139182279997,0.14061272406661293,0
1024568,0.08147193828152229,0.09102731469234371,0.05446752475681088,0.09809011754153585,0
2513325,0.03917714528658931,0.053750309825888465,0.023963634818294024,0.02556449964078436,0
1714808,0.1796156769663978,0.31361282358569587,0.029516737177317832,0.06977122010177252,0
153816,0.12067613714073988,0.1570255424767597,0.029511487313582996,0.16654959854142565,0
2424686,0.2573339309384452,0.42753341861370153,0.08103564131447387,0.09628264618626144,0
2125400,0.16209653337389768,0.28921629500379986,0.02480226565203982,0.05023853088192912,0
1086506,0.035688787119951534,0.04122104538119875,0.02738243952099449,0.03431766286526904,0
1729879,0.22255840178390648,0.3832238441229494,0.013961988264586564,0.13378941621527898,0
915321,0.03174019730947264,0.03481115384724898,0.015198424894660193,0.04887546458725045,0
1654102,0.022348520994230583,0.01660109214075789,0.02551790669834566,0.0319630145717397,0
2674298,0.1659910970657994,0.2725879338216931,0.048387794580499174,0.07590395890401537,0
1703644,0.033581601164902074,0.029653870337830956,0.022965108036331658,0.05932566792543547,0
1113207,0.16971789549692085,0.30483969569017777,0.008973826542645101,0.0730294984451922,0
228773,0.26063022332572106,0.42649985729450457,0.026407966328088693,0.19728952390021065,0
2156306,0.03943251737201317,0.048898599231315565,0.0383793315334241,0.01734709148164079,0
1241456,0.3607678635230677,0.6100945018845674,0.035581378149287954,0.22523099567998825,1
1163959,0.03944495425208156,0.04927705272137417,0.018865358833235143,0.04573410120711966,0
2650351,0.15557575619269423,0.2668806563163033,0.034284230506305864,0.05925079441325408,0
834716,0.15736976087189172,0.24786085625509435,0.051075806267494334,0.09058295432048132,0
1323515,0.0399766562465095,0.046645185352811036,0.026753542772906418,0.04314000369116028,0
1587892,0.06561780250806538,0.10602507271990513,0.03018135334471589,0.01775430072349025,0
649310,0.11272512030151566,0.14286785153659842,0.052059976670503424,0.12836600766032713,0
2134023,0.03489160797170314,0.04983332913527516,0.019111211247365822,0.021207900149279087,0
949589,0.04707404347581404,0.034862437627709464,0.06351645436584825,0.052939441761024116,0
760859,0.05997563367263736,0.07352963205606577,0.039454685814096675,0.05687205950187733,0
531978,0.11380518078702459,0.18188095587358644,0.02241003849295537,0.08070845651172377,0
459488,0.26518852866603027,0.38996837300142795,0.11315547140428428,0.18128850372015506,0
1511598,0.030373017802500058,0.030845029389655942,0.025309734702324053,0.03678791348487436,0
19591,0.16473946295228034,0.24605875653216658,0.0368519718716173,0.15327246562355926,0
416467,0.14243417582151952,0.20320727468758648,0.022472585395003436,0.17044381429612612,0
1704457,0.036819080725460425,0.03529359623933748,0.018880550983740675,0.06754058655334741,0
2396168,0.10201490528646225,0.17318387407317726,0.029005579376703824,0.033606472184312335,0
924245,0.04153592070007353,0.04789571824839434,0.03141236982692413,0.04082175313899561,0
250557,0.4737552195397058,0.6829515862913783,0.2854771142834214,0.23318146054495123,1
122236,0.11162188203498831,0.14823434984058426,0.02470657822689243,0.15046366823314225,0
1083401,0.07667681992429957,0.11128547063029914,0.03906370964655716,0.04657485857591422,0
451233,0.2554880081814801,0.39134317985413514,0.05597935973429426,0.21511305167062134,0
2019856,0.04261699417398991,0.046956276530297436,0.0468575540718661,0.02540794843640682,0
643268,0.14447775111820305,0.21512613932619662,0.03773463516630183,0.1279714545260709,0
2627794,0.3172782234742726,0.5108197286353706,0.14353875030470467,0.09403367032587931,1
1304867,0.12508434713598876,0.21710669325219178,0.02784540497590479,0.04088689508560707,0
1621778,0.0615431079679641,0.10172521735562678,0.02974933704019422,0.008778490890462216,0
991546,0.09733797277506889,0.16179708526356107,0.01711302306682543,0.05652761611620364,0
484791,0.09278269772911807,0.14573037170470238,0.015277330601878362,0.07667156348101684,0
1181603,0.04657928987854599,0.05078976270155666,0.026484061678552596,0.06619595012100941,0
2497093,0.0669624176899896,0.1134663711814966,0.02348848648248367,0.015913430772480957,0
2667911,0.3815395988432969,0.5917826771106873,0.15428215855627314,0.19681806360535642,1
2664819,0.21682167605914748,0.35358843705734877,0.061466602171792326,0.10793738439467698,0
1253741,0.06755912418089075,0.10712029370404486,0.022141560675247727,0.03678254563146999,0
2144723,0.18610979085762863,0.32984863497485084,0.024142623015908495,0.06971343232715345,0
1474737,0.019143370888060368,0.013999003481591998,0.02220152702141795,0.027417055204194917,0
1683224,0.030037535247181835,0.02773127320044,0.030188025424673783,0.03557745509779851,0
1016838,0.0757747203388905,0.09592176525463392,0.03808500121576116,0.08194168673422597,0
1293677,0.041983975412056174,0.046887910159204016,0.03944073762982983,0.03353899521752606,0
1799877,0.20630236302700927,0.35440081237776555,0.06041621102603803,0.054885467651575384,0
259966,0.30825197756872463,0.50332776983838,0.07432212983631077,0.17145726849320708,1
362511,0.09937641458007092,0.1300646365623107,0.02304705343770441,0.13714990133802119,0
729390,0.05389393552436271,0.07282327359319396,0.027010046742375435,0.04689642352526551,0
2456808,0.0694580253533623,0.11922741442162832,0.012434203362570853,0.030570285668884426,0
2508021,0.04377654301827204,0.06746985158943697,0.0174857025523985,0.02397953228916999,0
388523,0.17678333144982797,0.27127795642948893,0.025326056336463194,0.16773268167072264,0
145451,0.1702210575038736,0.25622919927960686,0.02552409255845307,0.17224615048267125,0
660554,0.3102421854309627,0.4657441649501659,0.14639733392303064,0.16725451389485294,1
2334031,0.06104093137486774,0.09246735059484912,0.028050997608831927,0.03195978397396802,0
1590573,0.055714377865867346,0.06330454829066912,0.062488964973852326,0.02657707114188542,0
1159528,0.03661102258639587,0.03197525110634958,0.03507803838329932,0.0504999275911564,0
1545761,0.14900955247067615,0.25460151985526813,0.027126052068885634,0.06785488461188209,0
1478849,0.22551990569164765,0.41858914767383604,0.033035569581714566,0.03157330490107639,0
1815247,0.08638849662838069,0.15622856761739046,0.025455540471838983,0.0031877533906688287,0
727976,0.04083666825076436,0.042708061539994624,0.023796665985207875,0.06171818842602341,0
2685941,0.23829910788210776,0.4204200206161959,0.02851760869557905,0.09766907482668052,0
2110823,0.17570109833536424,0.3202610777106556,0.019649139202773103,0.04837908859602256,0
2482301,0.054656447147197355,0.08298086824451822,0.026553980799302324,0.025999093925737727,0
761103,0.13869007009615636,0.24077265137134785,0.013849386095242718,0.07074464290954814,0
180115,0.14089673792849775,0.19270629097686565,0.028229829705762297,0.1803732176416811,0
2049255,0.13282832102877964,0.23192039909823292,0.018088780607684138,0.05720743648678974,0
1689947,0.13670616143415415,0.23046732558029526,0.030585718914144515,0.061483914848815865,0
2722380,0.48666417386392385,0.7800555386826549,0.15885967734597947,0.24489250659401293,1
2145509,0.07128967213999604,0.12889712660895125,0.018634520345564308,0.006253763659255631,0
834312,0.0762085092908405,0.07663947363478185,0.06253754986262706,0.09563753757330727,0
1986673,0.033657118865243925,0.04923011328340832,0.021602282697061236,0.012806887072106985,0
1448438,0.03491987056148758,0.0399428315694923,0.03540226222538843,0.021638880545624507,0
1271200,0.04149633672375236,0.05250965759262016,0.03130347080405479,0.029252333431129207,0
84767,0.29111042852538854,0.5034646837566978,0.03445502132176347,0.14520790125255278,1
748734,0.037125006006045805,0.03553055869429811,0.022544385047886275,0.06298205572265432,0
1091055,0.034185409028058555,0.0397683141252706,0.0246573602203766,0.03452021949655137,0
1753988,0.15685163440511596,0.2823191985572163,0.034233583622412675,0.0271098001989199,0
1578205,0.25598303529291955,0.4000106999202244,0.10609606216665927,0.1207443334140477,0
131055,0.18119318842390858,0.29307252837748377,0.02427224321692482,0.13687625635044623,0
2157125,0.03480875452849019,0.04296836763040568,0.029511675158145734,0.022355340829218157,0
916801,0.04202151196776558,0.04869274235599863,0.02473845671810353,0.05126801887167603,0
224761,0.3542258290253226,0.5817265093363175,0.05965896952482414,0.22732441749858315,1
308724,0.3847431430053708,0.6220936622890055,0.1000669408685859,0.21838114800146124,1
242295,0.18434334648784187,0.265900911267854,0.039274834153950444,0.1980522030386488,0
1749493,0.058079823264158933,0.09643317389254946,0.02072334551127082,0.01823116332251479,0
201351,0.15535087204714204,0.21502121404331964,0.03246302371457447,0.1905067895555494,0
1724686,0.11872532669508735,0.15975942225937312,0.07377613650340929,0.08356387307189003,0
1444564,0.026849978947686183,0.030967229131539264,0.022690923796066777,0.02279543621548259,0
2741063,0.5277470747185106,0.7791092334167001,0.24371678555766788,0.32538711171430046,1
31161,0.15254126670577695,0.23497859835321355,0.02296228406834132,0.14081641154333882,0
2697027,0.2956248659600048,0.5382610645196476,0.020398261319428807,0.1018742765217618,1
2070489,0.2214887277712444,0.3974114073969047,0.035102614307635116,0.06126119890250744,0
2095616,0.21578646402670557,0.3744819199097663,0.06989722106359059,0.037881688763726204,0
410700,0.13055397488689727,0.17213047717331664,0.04656612406624847,0.152594495401822,0
2763992,0.43423437811023036,0.7238477410464663,0.09181022997097203,0.22383719297852808,1
1725144,0.1538739927424173,0.16861718962041716,0.17015016351815526,0.0926017443838107,0
1675463,0.017380120500182672,0.003925546689330539,0.02058325670929142,0.04621185071364988,0
1721754,0.08880157319726739,0.13533895659021267,0.026318478466008755,0.06618275681179218,0
1718580,0.07851960007631245,0.08922305924100005,0.06238072640742027,0.07596926266793175,0
110073,0.12320210093404436,0.17766774369111682,0.021090987115695466,0.14020466476888657,0
417683,0.14056905966464814,0.20402598642344738,0.029429362009194233,0.14863628925083094,0
514513,0.05380791131006937,0.06571190766650736,0.02342962945250163,0.06961534320532602,0
1133929,0.039680281105328355,0.046232165482952614,0.024203350619388258,0.04651596589017784,0
2025032,0.022779300629767286,0.017158491846110846,0.024859534933645285,0.03371097113309138,0
2569627,0.06018159056420203,0.0648074568815945,0.05560596384157747,0.055480364854657675,0
842840,0.2134428217369796,0.2908410735505218,0.13228690828819573,0.14168106237629988,0
1400767,0.06948266684841545,0.1147985297358326,0.019063428191701686,0.03182186761494323,0
1533229,0.040003761438186625,0.04578608622897218,0.02958524574917592,0.04117572299473879,0
368096,0.09292613171041553,0.11314335281389498,0.025262896385377175,0.1438779319392744,0
2117334,0.04206678908134351,0.06892820529149468,0.00940440303747838,0.023906827621763257,0
1816440,0.021921715619481127,0.015687475387488825,0.03204756730023747,0.022318538678327365,0
2579300,0.05908941597379608,0.0686989977786091,0.04723238550975862,0.05285100715781969,0
2753923,0.3986974834676731,0.6195139574819495,0.16148928882534025,0.2024685903954815,1
1649750,0.1276615787876449,0.21162491703064146,0.04834798498740016,0.03672362388052056,0
517615,0.05977579801003375,0.0871268873031551,0.014168615733417825,0.05980884819215427,0
1712830,0.10624388747405437,0.15338636828717778,0.04545327609747284,0.07957360250611817,0
1192295,0.06042766247415836,0.0657839232879327,0.03856950774425494,0.07982424253457761,0
1280497,0.0439974096204035,0.06087823846545182,0.023621515952094507,0.032359178010246195,0
2523767,0.04998159523391319,0.06492682159683372,0.03612074964969156,0.033409797702944326,0
2480293,0.06872295320152519,0.11672832423187374,0.024178915375875323,0.015525582364128652,0
2076854,0.16814405290783,0.28915324174605994,0.02937108630630788,0.07378053071453824,0
714391,0.04698219170121695,0.053516326340811826,0.02861275201695506,0.058201014628622594,0
2123200,0.04826438998282911,0.07107106350346137,0.025942932900577878,0.024729891804625287,0
1592038,0.05403552181696293,0.07198564482889536,0.04170223288948276,0.027660147678352117,0
82074,0.18471586172629134,0.26484816216748375,0.06688072943209815,0.16113780906460015,0
781438,0.038980710965506246,0.029686615533346283,0.02587621328552465,0.08187269606587855,0
808341,0.06480938859112598,0.08007043591078877,0.01706046783995094,0.09828015141873157,0
1629307,0.024195083260518096,0.0022749414240083032,0.06322326460690654,0.02045316583220991,0
204759,0.2292923606609429,0.3755251557931363,0.014066380788925192,0.1865493426384861,0
306279,0.18961976730779262,0.31359084294023243,0.03601104269016817,0.11010516515312962,0
822488,0.1060686513838067,0.15885706416475331,0.03531684535912015,0.08022532846846991,0
1370744,0.053676508843109594,0.06098087861004997,0.025046573039209753,0.07836048813160842,0
1742380,0.16998404181719287,0.30234908570337604,0.042514373338123815,0.030275934820338492,0
2530086,0.03397072441385819,0.039507941702404126,0.02404976341062911,0.035009122697337,0
1743608,0.06018917533717487,0.09386694085704284,0.025055377190521037,0.028695458757485724,0
1507499,0.035467216984014234,0.037211282358015074,0.038334399021103624,0.026806280493378045,0
217572,0.11698801308158026,0.15146842110537606,0.016661552676300925,0.18127668363000976,0
1592825,0.1505583708962369,0.26568787333441124,0.039192750093170456,0.029783046005400604,0
2316908,0.04754077395508279,0.0728964413158768,0.021604727803413347,0.023055674780601942,0
1394180,0.1513642537297372,0.2316424869710514,0.0624705033535273,0.08400929619076651,0
1981,0.25894020945705815,0.36740151890337647,0.14209191333438972,0.16305938002526488,0
1569593,0.09958523853621559,0.13750381322006433,0.0563747977696667,0.0696044629764171,0
639687,0.07808620165109012,0.09495718411226395,0.026097722113739383,0.11389146480418166,0
486800,0.15066328671543083,0.2419002466497845,0.03973344340583605,0.08896565184393879,0
2299492,0.08758775280898486,0.16289314142182199,0.01563468850931922,0.007253877726390485,0
2066489,0.07425051300797386,0.11191596079384947,0.02973496300698443,0.04686021854476896,0
1277250,0.047198437384951934,0.06111531320226882,0.03373616590600829,0.03259965506007521,0
1702646,0.025281376405368802,0.018865850865970035,0.01432647608417277,0.057752540735659774,0
1062959,0.07302367659723885,0.11341383187031961,0.02926283077689726,0.037689557145049284,0
690558,0.20616751648580206,0.35090343620597153,0.037889683456844625,0.0967444667288145,0
2654628,0.18836711459458438,0.3412071366746028,0.013150725848689504,0.06909164251338067,0
616770,0.10453437680752747,0.15249999111436474,0.018310390712676698,0.11395632018271043,0
884855,0.09885428658075851,0.15732684760569782,0.025174827885104827,0.06319207206189083,0
1062176,0.06957480847579176,0.10561082338019245,0.030999500746491566,0.037347732808740285,0
2360951,0.0649482348197342,0.09634323461636995,0.04026290206749767,0.023488734456499606,0
1506782,0.01279675711547337,0.002175949332688165,0.01547708044915773,0.03532829157190983,0
285355,0.12586198466261478,0.18697686163680005,0.021530603936806184,0.1295718633158644,0
2302906,0.0835966867273574,0.1360786758930419,0.030425553551160035,0.032148413577442185,0
1136075,0.04572403097727682,0.0612404424290911,0.018412818298657513,0.047899821365670094,0
2339793,0.04648653096400575,0.061440406518703305,0.034430896270928206,0.027185294116878166,0
2616709,0.28933666759697474,0.45767928793183343,0.16239417278881293,0.0588938589720708,0
2158341,0.02848206602742156,0.03364510288662592,0.025672477072783112,0.01978885731136831,0
306842,0.13286112474419226,0.1935769129492988,0.04239385722534499,0.11677255550969684,0
1924752,0.33599972466962447,0.5836793619324792,0.01698124203300637,0.1953283554674147,1
2678115,0.1646746306650449,0.28010811699109117,0.02681149028981127,0.08288562541277962,0
636485,0.09501691662572147,0.11767467904829532,0.050353641342187096,0.10536742349458837,0
2004881,0.03612817662720567,0.044721472694231656,0.02673440416142781,0.02873559515830747,0
2640400,0.20772149338527734,0.3760588471757236,0.035062616591900596,0.04586642409922697,0
1117808,0.06256085603420676,0.10103264017512226,0.025115853651270247,0.02254889925632276,0
752883,0.17182948239224644,0.2957728702226602,0.016779543826841485,0.09454592066431933,0
378240,0.22488413949772323,0.3788699979462994,0.018063090433104355,0.1501510669732111,0
185697,0.12360915963159011,0.16245187101224978,0.025021011770552316,0.1743846029714976,0
1377875,0.06891914608834185,0.08431348037967756,0.03330858158178581,0.08384915711983665,0
491108,0.29010891820432455,0.49412173302313733,0.06283194611674922,0.12099233928865558,0
219623,0.13764311132459364,0.18093969065188686,0.032552747511360135,0.1870372087262109,0
1080334,0.05052012782992134,0.07498245650685031,0.019180173293591223,0.03637423794209405,0
1435435,0.1778416554618883,0.3084618960869513,0.03691102920356052,0.06268699328672245,0
2620812,0.1329514233476413,0.19727009352069935,0.087847472716891,0.03981067386112161,0
597975,0.06661210953285239,0.08310708526583754,0.026871344475398778,0.0849858177865699,0
1245644,0.08713814213219663,0.1362284857920436,0.03624242293877405,0.04075586177271306,0
2125049,0.04024155201013328,0.06233946444257066,0.01989929581801935,0.01551015521721074,0
202212,0.12659830424504895,0.161302214639918,0.030810444170639106,0.18352031836949106,0
2332470,0.04422004452139762,0.06549952100121059,0.02144818464784881,0.025179143132188407,0
2335173,0.038485756674197416,0.051291313022927776,0.027734323844296974,0.02259901504722217,0
1979538,0.16103630543390052,0.2813417753833015,0.028301032509742603,0.05937553994663484,0
692179,0.11631286103590674,0.19054934219540154,0.020231634164133382,0.07484349844482979,0
381504,0.09914074848001289,0.1392968739604883,0.0,0.14746155749884374,0
1538675,0.043222973852170485,0.049393304506263336,0.030337085836580954,0.047125979240322656,0
1844790,0.06311635811176745,0.09893994740457479,0.03442693158206661,0.016591524674300365,0
1351749,0.20289560767342174,0.3475848035041941,0.02433874640497973,0.10900790999915388,0
1221201,0.27975705915736304,0.4582462189833294,0.09586775147113785,0.10936812112178504,0
1593710,0.09359045465738641,0.14246418159578988,0.051977825868984806,0.03382508049398011,0
2072480,0.05197775758976123,0.06843926265222,0.017983970377261047,0.06181467575236457,0
2034728,0.12132439231953941,0.21294190073338015,0.01773876925125785,0.04765905588735991,0
650947,0.42803772827832065,0.6196922760662353,0.20863228979296772,0.2780095165365635,1
384280,0.1054648211656801,0.13616252402580842,0.023707905876297713,0.15135593694943283,0
2573704,0.15703311587838675,0.27438820434225675,0.02588271273260278,0.06037099943738774,0
2199266,0.4638617577925147,0.6651598541597659,0.06809560802835286,0.5542657415206296,1
2272432,0.09294474550137544,0.15196876910315382,0.032498101184494185,0.03605465297225136,0
2016161,0.03473771473832775,0.034947443860254945,0.0332854296614887,0.036391819548768314,0
1577610,0.26576859502218114,0.4116455860196814,0.11990788976536484,0.119867175413655,0
2463639,0.06776154067624365,0.11505392411645565,0.022099389046391797,0.018023809520491457,0
1855058,0.021469384065649286,0.014607135198828058,0.021752617763862944,0.03820015568538186,0
2425558,0.33425899726768254,0.5281692062664294,0.12959608199775247,0.1564778476757107,1
1042862,0.2890730040363492,0.4656960099118955,0.09657533806970882,0.13626198829744415,0
368800,0.09727203495748113,0.12370452029890044,0.020323336208275637,0.1466138697277411,0
2240166,0.06064069086439985,0.08514420216427432,0.02306136957398131,0.05575089455034148,0
990361,0.13947202648880258,0.22648895386728596,0.05403052394789836,0.05009196185395046,0
2078952,0.1338243262036996,0.20575040106866727,0.04599044426687803,0.08575996194651282,0
2034221,0.031079485906871606,0.0356484112334392,0.01880027343314768,0.03807599130103849,0
1422899,0.045632874121127535,0.06968548642163108,0.015166484758801578,0.031200927413357615,0
755611,0.1095806680611625,0.17147667220008844,0.05062396445022216,0.04327571313025816,0
2376376,0.03748942846773054,0.04205504955465933,0.02648481900121922,0.04258228995017554,0
2447980,0.07545928481431043,0.12978419628709414,0.012609083803030332,0.03392230764927122,0
1722727,0.1545318290936266,0.25330100156580104,0.055166133180485716,0.056657441782901725,0
514102,0.08375077746159862,0.13387608447625787,0.020003677394265222,0.054058160025950555,0
1466894,0.025849529946590757,0.027814008325699358,0.02262232355463958,0.025779143586746024,0
790727,0.05483185996714743,0.06262645963043711,0.030793521713508454,0.07140286818938166,0
2534461,0.11336549120082469,0.18837594482388365,0.026597770570871582,0.05599093808810699,0
2155802,0.020324225522093523,0.019559878825318067,0.022549323834219426,0.018897444795843318,0
699847,0.039904446814742894,0.04442171835780584,0.025102824561176382,0.0508137013374353,0
2274106,0.09721768144972828,0.16247390272675755,0.04098313260439531,0.018428951525154523,0
2053291,0.04187609317503105,0.04237414037698217,0.03239356460587282,0.054854768023890575,0
1522005,0.02939164023426913,0.018489888189421433,0.03461502997698793,0.048810935732310164,0
467897,0.1418938016758646,0.2294411265028331,0.0329322736780954,0.08646778160509717,0
2745538,0.300779942191799,0.5100639423479355,0.03421648947332265,0.17741512087917216,1
1370982,0.05577231987547036,0.06930527259327124,0.026945487135714076,0.06518018719060255,0
2470275,0.13562553559978066,0.23466813484589433,0.05076613014509367,0.015308145666526971,0
947231,0.0413145044905768,0.03846074345528161,0.03291945247261045,0.06104148510576433,0
602651,0.06385305467659352,0.062452319881162954,0.04948840269442101,0.08890186963842871,0
2371965,0.05972552532041918,0.09256039971755425,0.026274199908514307,0.02781532744543881,0
1467265,0.1307169511883092,0.23345506214232747,0.026085081188303546,0.03081947880327204,0
2194495,0.043863803697131665,0.0536300188662312,0.030981676729485104,0.03877145622585266,0
1240136,0.07729224827509386,0.12278046268685627,0.027613950733100176,0.03808915855867838,0
446729,0.2265178092677207,0.3477671774334262,0.05086262187760227,0.1868771699386346,0
2077897,0.050090674173757906,0.06454204146625142,0.017362655490335874,0.06305428396765715,0
2443315,0.2102368450217128,0.36838984983962186,0.03604004088755858,0.07614953917817142,0
2420380,0.164753330985648,0.2632333349618413,0.07273157898306205,0.05658594904904374,0
2404123,0.06715769427708998,0.08854607064730835,0.035019626999401976,0.061893854268076066,0
1569619,0.08437863706261413,0.10623437239733846,0.049233854033637975,0.0824564732692675,0
1218747,0.10278244221134289,0.1363359286167518,0.05785238084084878,0.08629381825356178,0
890536,0.04870765862384622,0.0728294080797599,0.01825244739013451,0.03408610183462955,0
1115347,0.03439506913113543,0.031771543330003205,0.03501851093667038,0.04001872092566357,0
1010660,0.14685972042836168,0.24546434197506561,0.022145932698939417,0.08741884815573518,0
897082,0.23583810432983454,0.4234023319524447,0.05095098742883188,0.04425821062481302,0
2306520,0.04326908401357749,0.06452498979316146,0.02136161962388268,0.022990516149159795,0
1383192,0.1696574805244146,0.2875664570168921,0.03251189004058357,0.0806034250189674,0
2264517,0.22663558148414198,0.37835319043814597,0.021138963158332604,0.155586486587846,0
2513399,0.06077180017856145,0.0934012066993759,0.025040939474463782,0.03279457493267183,0
2418543,0.132791678658624,0.18051498385911147,0.08893232086049883,0.07927245235459325,0
1542243,0.028979009199303463,0.02140087850478367,0.020652216619782462,0.060414524804884434,0
2034758,0.1675949179377775,0.2984596302392919,0.03284406223367407,0.04255942074014664,0
2686609,0.3859898319281467,0.6256806018764483,0.1410086272137788,0.1542347141289447,1
817341,0.06379388659495489,0.06210980646028186,0.04484075678001553,0.09643378165404645,0
596568,0.07181002242510076,0.09130416230526606,0.025624554471327905,0.09235287465534682,0
2321232,0.04918302187619218,0.06635017441627156,0.04070397280448732,0.01898371413355102,0
1985413,0.04421865875286046,0.0557279789948637,0.03783559542199348,0.025019953144152857,0
794742,0.05648034925426504,0.06572938683394447,0.031133017456485595,0.07137875300173563,0
797331,0.1014440519036112,0.14478049159252682,0.026889900272612233,0.10493418012782056,0
1365700,0.04626824374452716,0.03877730113569,0.046969409356903725,0.0639438518480552,0
152296,0.2317808227354655,0.3894514036322192,0.015030357874202956,0.1627300677854749,0
573628,0.05309666035345654,0.06499926458069805,0.019276438310962086,0.07407048284909447,0
940078,0.030370237167776808,0.0229465472492425,0.025579803267575786,0.056115112814414114,0
2046422,0.05316748111977709,0.06717694181146971,0.02655068248239164,0.058069027346623676,0
164850,0.13573924989054825,0.18077499363367144,0.03704451243261271,0.17119199671964366,0
2279387,0.2202143779276209,0.40332048465642,0.0393854804603511,0.03369245730652792,0
293263,0.172968353300317,0.2671652082195568,0.05772730531990306,0.11033778797283846,0
89114,0.11284687664892366,0.15315158755242808,0.02335585860836046,0.1463216264510074,0
459980,0.3635581079666654,0.5854255978027225,0.11411264277463234,0.183057581164572,1
2699023,0.194370775015262,0.33500502615982597,0.01817626131060003,0.10707691771084506,0
1219211,0.10351277836335006,0.11766448642453853,0.08538667491883524,0.09532266337715108,0
890572,0.03830627399211357,0.04225295338624069,0.029771461611870453,0.04124179407716044,0
1858888,0.021553342380641567,0.014053981484367872,0.018266459875420454,0.04523206837915747,0
2452418,0.08172913262865712,0.1292558183371083,0.03507935675830939,0.032887082163050786,0
2426908,0.20791064448433877,0.2788694203314831,0.16222331196562392,0.09904470364455026,0
1243511,0.0724821856033763,0.11516262993653636,0.025184559000080764,0.03672751467541944,0
2190754,0.14563386922975646,0.2481695095423847,0.03193369207542278,0.05984503417968637,0
2644956,0.3048404502496863,0.5091762979133418,0.10635078381505275,0.09173533074249783,1
2367241,0.04198417305425736,0.047465449139221016,0.034001792750237014,0.04025455329787875,0
462735,0.28958156004312985,0.48906445538333365,0.027476269951039495,0.18403225683075605,0
881011,0.05080373651113468,0.07401209060575331,0.01329766156635163,0.04904196369176264,0
1412685,0.29540261809181256,0.5234354647603623,0.017180013630267266,0.14265440811275634,1
1587880,0.22400132647221546,0.39983767327860975,0.061371716053810275,0.028354875083837463,0
2744390,0.27897001096877017,0.4628420372365395,0.04104610034866917,0.17617581122949835,0
2020406,0.03700460779548423,0.04308414352288292,0.027004171618091672,0.03680642274307635,0
1239861,0.08194120001521339,0.1315072630268187,0.02835492098824483,0.03840546102665302,0
1565435,0.04793424548596114,0.05136845250725619,0.026599291822186764,0.07135115842838508,0
2308596,0.1411197151149008,0.2521842974331179,0.019091452037852643,0.04650065393493024,0
2587068,0.11910269521606232,0.20321713780067363,0.026177870510389965,0.048203825813042514,0
1300305,0.07764748515470116,0.11125257797347177,0.04363211938761543,0.04465780175840326,0
1054843,0.08904996269094924,0.13250496240154463,0.04292135681610226,0.049605372226731254,0
2138085,0.040263873786588626,0.050704422455299936,0.03828311745749943,0.017133636608444126,0
754305,0.08202252588512962,0.11429896157607566,0.03089079961521121,0.0780290260626421,0
289836,0.10459768054618106,0.14408992670405418,0.025334780676746743,0.12476141495564975,0
2142172,0.04310063457400428,0.05981347359734057,0.02864234838026964,0.023005966306265505,0
229123,0.15085766115559274,0.20253066144615872,0.03526962640369487,0.19505721255702452,0
10328,0.30889246303258366,0.4484049851013908,0.16296628278728922,0.17900042822850734,1
1988101,0.020073742565927415,0.020202993950717008,0.021139195221123352,0.01815243512115953,0
1575451,0.24906429289993853,0.40646204888120097,0.08166505392532475,0.10666876140870311,0
859333,0.09440013755103194,0.1630334567856434,0.020424820413434606,0.03377981517089929,0
1508740,0.05679994001544082,0.06547799097766016,0.047319367267585254,0.04932567173167582,0
2178805,0.03271170144510509,0.040476062525096945,0.02312480958730778,0.027681136531821405,0
1137284,0.049730830731416084,0.06854147388790377,0.029639569614016873,0.032841114516295705,0
2390356,0.06699623451307506,0.09978237979911919,0.030542901039865195,0.03971087150777951,0
2298659,0.0623326455307459,0.09717621232428764,0.03638789535189505,0.014140853815167826,0
2259759,0.24523991881891657,0.4264354985803259,0.0456972181635244,0.09156502039848151,0
1235967,0.06959553230046557,0.11128692037080501,0.02215195866204154,0.03653242258225301,0
2129288,0.039207415169967244,0.06080398536054066,0.018671674270810495,0.016019601042268846,0
1302562,0.11770741309333868,0.20033547458017187,0.02129882226376869,0.0557501456206107,0
1640387,0.06752124659447138,0.1020028818655686,0.03031053839627967,0.03713322071401594,0
1075449,0.1439987350596571,0.2524716551162668,0.028965809233497956,0.045365823657371546,0
385612,0.10961407847794949,0.1402888430836322,0.027533005333206205,0.1560487766808576,0
2377617,0.05140264001421174,0.06989483496041948,0.022639885185411702,0.04831628489189245,0
1711495,0.06794381141937485,0.10561001279519489,0.01622994171404259,0.05134911253782312,0
1595645,0.0497107400879417,0.06203406301095382,0.048356372069793485,0.020933984807633713,0
1716991,0.16673609151722568,0.2937869950248374,0.019470136514095734,0.07000776525289129,0
59020,0.13936832320835746,0.20257502331568178,0.02620702401950858,0.15109352172332,0
1497320,0.019902908793414123,0.013643366733849471,0.02175424188121254,0.032774764310628125,0
980492,0.13730698193079677,0.22632767374910845,0.02949605646152769,0.07647164058892122,0
1791477,0.1699354663436655,0.2973048653640177,0.027167802317167835,0.06566346483253152,0
1871036,0.036151991933616956,0.037645573136018795,0.028291998630339207,0.04420802888252898,0
217665,0.128180311988335,0.17279333702678612,0.015518850546107183,0.1856399415555489,0
1314703,0.03820877187411346,0.042278213375153806,0.031190777329343233,0.03856215993866792,0
2490082,0.03566673860671166,0.04753766626456346,0.023988266635945048,0.023507127418232097,0
548331,0.06372688654577287,0.08277184598543386,0.033449310561836816,0.06153085192252447,0
758182,0.13960963052856357,0.24298618740857425,0.013171170126958027,0.07082592893094519,0
1046663,0.18409108531718357,0.31276694024055196,0.05749164147578915,0.05230061377085421,0
1712444,0.05164043076508636,0.06465138010395255,0.023442463015756313,0.06141000904191597,0
623966,0.17284385818755518,0.2905094682009801,0.01956399335077619,0.10859963040916129,0
1281577,0.05075972180819899,0.06635836266194595,0.03678322583128605,0.03272786363920098,0
2030153,0.02759289570351728,0.03223113599932281,0.009240672560769766,0.043525629678124726,0
360879,0.32157361798191886,0.4746179951436077,0.16929460373896393,0.16738119644212912,1
733779,0.040685961025995934,0.042976505714482416,0.025067842104746663,0.05838677768665363,0
1069016,0.059744421154062616,0.09482822777231481,0.018208344562488706,0.03433901949579299,0
725382,0.04335696151315353,0.04174860293152416,0.034820420954398225,0.060182668805359926,0
2653582,0.2013446431380599,0.367765481640036,0.020068104603271658,0.057207354685302005,0
904381,0.13238588461641443,0.24070792095628035,0.00620435857277875,0.05085308283220316,0
496456,0.07554442360260606,0.09936905868125523,0.04445689129183083,0.06261413437214598,0
612727,0.09511030273458354,0.11921949608734439,0.057601542735380665,0.09110045935148575,0
1332879,0.14843595100982274,0.25147925495681933,0.028432655716469704,0.07083263408236078,0
1613771,0.02153449272749952,0.025948951662938757,0.014718836915348232,0.02072182910712838,0
161884,0.16893208491482364,0.2279633141078793,0.06655012123580252,0.17492695745071624,0
2097156,0.25237124627358704,0.45362746826157174,0.024375962550364495,0.09122361688845913,0
1892728,0.06781042129115494,0.10421370211301062,0.020598018844012706,0.04762082290722913,0
344784,0.11399974419859886,0.14403497852772773,0.05065854243252948,0.1339234610248807,0
849357,0.1335262278002193,0.22018447605278035,0.05421200779324796,0.035851937179273714,0
2060181,0.04702903720414192,0.05732790283721745,0.02328036585400619,0.056904880146656706,0
28590,0.1685527577034447,0.26392855502922197,0.029695637295461166,0.13839894500097677,0
1734566,0.1943446779937257,0.2986611800204759,0.11486342287588043,0.05277530560361803,0
1001212,0.036044568054504095,0.03372027003066336,0.011741260977914498,0.07831027372899034,0
2630033,0.17671358859630482,0.3096474507032726,0.04804091197094503,0.037387948266925035,0
939116,0.13163590355438415,0.2222085928518467,0.026787142082079118,0.062477322519185266,0
386154,0.1126977627750327,0.14936249470313323,0.022512526700769645,0.1563137870661759,0
1411049,0.08108931188115585,0.13757896796239077,0.014968479238292769,0.039046420642363196,0
1467865,0.12806599371047012,0.22793048223823698,0.025544917576162725,0.03218638659251409,0
2295413,0.03998718174490363,0.060458057707508894,0.01843663773409997,0.021135807854595935,0
1320807,0.0426398294738767,0.05258449086016248,0.024069628042291357,0.04563347815554026,0
437835,0.1450230540997876,0.19484695368194227,0.047666118100528995,0.1664987091432888,0
217065,0.30552618271403537,0.5101235121965928,0.048594397252243696,0.17943053720032945,1
833184,0.0653264876239446,0.07027401149408685,0.02920326630518091,0.10714250992673453,0
2553742,0.05829631596931707,0.08073377108265556,0.02600489238947736,0.05063981355573043,0
1130971,0.13903600954652834,0.24241110444018976,0.0289539727520812,0.045721327504045554,0
1199117,0.04614558023961425,0.04573307304019503,0.02826221087481985,0.07400190228535393,0
130707,0.1461382698661639,0.2193522197846609,0.012542116752628878,0.16349762474022386,0
2444357,0.06699424392092726,0.10561823734514442,0.02571154569799421,0.032358307694783955,0
1150905,0.052100834642769746,0.061472881108842636,0.034341220331032984,0.05531013994519266,0
1403034,0.13908100116015432,0.20918074552222699,0.10257704927545475,0.018587568082022006,0
224669,0.26181086241108975,0.43631756293298385,0.014146312383355612,0.1970409361479555,0
1479101,0.10509800154424682,0.19192312677650192,0.02676636526278916,0.005532642885795587,0
868141,0.11592939236554553,0.2023740775306414,0.031852955335686974,0.025932334997593676,0
1768946,0.03278365496005485,0.04243814602893603,0.02394205536144475,0.02190982668576705,0
192188,0.12133570075350558,0.15666978291812106,0.027664685343011055,0.17350701845770866,0
1858748,0.022975638504719422,0.010430123691808846,0.029478364562532736,0.04458533645027589,0
2550978,0.11183685180430811,0.19452150810437163,0.028500111165020423,0.030130322013080763,0
1285095,0.06377830024145847,0.0997114707531569,0.02151521917971183,0.037339995554832396,0
2547084,0.047528891236603775,0.05398865645131512,0.038191902362704075,0.04538496151067498,0
1844834,0.03568250981275569,0.038000041115576866,0.038118201721958386,0.0262351436918987,0
699492,0.04786936264053202,0.05493385982775023,0.027665806017546615,0.06051345460696463,0
1938163,0.21701232957954425,0.38780255087225823,0.02221003418317202,0.08224021944231764,0
2208501,0.06124302224803161,0.07963753933247042,0.05181445782186627,0.029399576176182593,0
498011,0.1985317627863074,0.34405794544885093,0.03389536248807911,0.08167090657729115,0
1048632,0.09320104513065505,0.14946160005515674,0.0330184074859025,0.04282361428652967,0
518337,0.05266158756884036,0.0650265272642645,0.024615245281629228,0.06381875176109672,0
1492347,0.02151834631660671,0.01292196991230199,0.030612915545454217,0.029367433484097247,0
480510,0.08489728147751628,0.1292126877346822,0.017302486019307582,0.07550095902191455,0
1944421,0.04528194080826997,0.05964048349800666,0.0399994496939926,0.01730932075534429,0
703116,0.17587071246157432,0.30635420556619364,0.028080990439561415,0.0713465627330453,0
1258514,0.08094165024017635,0.12365699414495823,0.03724538149617458,0.03969769359422435,0
2291943,0.05267731932057684,0.08407120897750575,0.01798368516394974,0.02623304641319521,0
842034,0.12784167273579955,0.1733411196347846,0.05369303623234457,0.12531601024351943,0
1321197,0.039761143665628884,0.04723236697507327,0.031711363443579645,0.03315775572509179,0
484480,0.30010787425924,0.5188284099297772,0.042874239377216586,0.13915698740593221,1
1713607,0.04988810535594954,0.05217227592106077,0.03787536616709236,0.06219678772645723,0
1838534,0.03290303541243704,0.028851081476439333,0.03432815443246757,0.0408952417223855,0
547888,0.055488541915146745,0.07303516799133614,0.016657253429979195,0.0698689094524246,0
117547,0.13226903030671172,0.18261494442533577,0.02960448691889509,0.16040106009187663,0
1671563,0.04848621423008591,0.0538235925314442,0.04165164758281444,0.04539461844759738,0
2429929,0.09603923949430167,0.16085433283571204,0.02580811870409072,0.039348187326092174,0
1597239,0.05952418506808506,0.0851372067551357,0.03698800475368266,0.02929590132206206,0
2729931,0.2368445434442932,0.3879177902346438,0.0614297221567482,0.12228365839973425,0
1419589,0.053990398116317354,0.08385557704971291,0.022775479451632035,0.026149828779856447,0
933124,0.13336407919338478,0.22584458915585892,0.030213969701456896,0.05688796852509115,0
283338,0.1551651794529942,0.24148634120603119,0.03740002334125367,0.11601000923801262,0
805357,0.04411659793762814,0.035723659651175854,0.02818114624770563,0.08900212118864263,0
2231147,0.03973142300347661,0.04930539585514837,0.020220450185749642,0.04506295010088767,0
154935,0.15188748270914337,0.22749528217451365,0.026968291959149692,0.1502467701707083,0
347364,0.14169628893251848,0.20986780711022357,0.02736716883892456,0.14276117362864663,0
2396404,0.05181279214870315,0.06673935842342682,0.03172577854216869,0.04462689687169565,0
2577195,0.07189478831796689,0.10576758149939292,0.03609869818405648,0.04090694056526745,0
1249509,0.10518989120001887,0.19311086315169157,0.019727932839441825,0.013580398861702698,0
2198217,0.039442126893680554,0.05102804652216497,0.020206875985720293,0.039330204184409884,0
1833421,0.019440889091159534,0.007303669841077554,0.027886726861821618,0.03711518056037136,0
271108,0.27078701088780377,0.4589609460345315,0.02332975978214358,0.17153804967947464,0
2414379,0.06754838176182078,0.09286345021355158,0.03178785129969651,0.05790150632568021,0
1707197,0.04534257489217472,0.04688920060293289,0.030524668536408377,0.06370287014892882,0
932681,0.12923327562726816,0.23200761663654546,0.0245929031723754,0.029257981786414106,0
536077,0.06224973440928322,0.08063944981711624,0.029157727690054043,0.06591345596854441,0
2330144,0.1387902952135167,0.24872862905196136,0.029116125236301447,0.028455715583227948,0
750188,0.0530653245899311,0.06220103891670736,0.034564626589892615,0.05797708577304818,0
1067021,0.14516416702603074,0.25713573820287006,0.025623164475382133,0.04454674290990549,0
1051022,0.09477984845777357,0.1487593416049915,0.0404905938309043,0.04126499753003268,0
2184376,0.06241642245173529,0.08848634246731557,0.04959444460720942,0.016474589179573406,0
164450,0.1990203089151762,0.3283849415558454,0.018363359976010588,0.14659415072225151,0
285799,0.12340129140187046,0.18312695132169754,0.023481852324975235,0.12396630021764558,0
1079668,0.18294655612155608,0.3219237616655004,0.021102820692962942,0.07826914540458504,0
2061778,0.07877818746240123,0.12001712866690473,0.020644322213022696,0.0628816323252103,0
2528797,0.035844283075917256,0.048864268369392616,0.017388198945145327,0.030978446038386745,0
2429854,0.13892291253987651,0.22890126674611377,0.06177451822985162,0.02969961848932064,0
1020108,0.08046349030556063,0.10022277001631497,0.035173130860151315,0.09900083019678876,0
1971730,0.08917620783558569,0.152694644375035,0.02190023869029695,0.03129407020489555,0
298687,0.14317955907212476,0.21543608633136124,0.041795373496173675,0.11461451928796021,0
1626426,0.02504461544017958,0.02964841543857044,0.02009935631693406,0.020953004129070717,0
370436,0.11295285205302123,0.12847452496979017,0.06370461870695504,0.14802101978019813,0
1750544,0.040799059334765006,0.06410482687083541,0.013077285940214806,0.0241173005864143,0
99528,0.12731688242446407,0.18311602105742109,0.013791062696664285,0.15810776543377114,0
1367145,0.044470902990783406,0.04927413283955984,0.019943392691063194,0.06925409381842265,0
2270206,0.09700137094848205,0.14599414033252,0.0596399239041165,0.030561618054935513,0
1442030,0.18002195185461833,0.3103153437949234,0.037488184492693366,0.06808912304674304,0
2757877,0.36897443729325063,0.6407033600645768,0.03565295597769631,0.18963435233826662,1
1310669,0.04765341435924415,0.0682993780918999,0.024542507244189514,0.03070486570018675,0
1699357,0.026976602211473563,0.021949064102956495,0.01664687634044276,0.05504003628931244,0
1284556,0.051190947028776766,0.06788504847310795,0.034981293439890114,0.0337701738012788,0
1773739,0.1419560042331713,0.24970479376303634,0.0399653310300386,0.025570040213207752,0
2263228,0.22809351171302286,0.35173480902200394,0.11785160341657572,0.08435313088524085,0
674966,0.06633864911555291,0.08472328796424455,0.041771186569248483,0.05722824581328047,0
759528,0.23981354837701097,0.3622154091275388,0.11555012661520948,0.12020402914339366,0
2545098,0.21558348243539552,0.36935829546790433,0.042175201940876976,0.09125887059590122,0
311733,0.12064262249607788,0.17836549251328138,0.024375633352217246,0.12073593116886011,0
1085201,0.14292830279919522,0.25306943236242163,0.026145184362594626,0.042750156546030045,0
2467045,0.053632871812499885,0.08888555692056321,0.01237766903922554,0.02738396320225307,0
1383179,0.2061922890017738,0.33755808131408815,0.07447978134780221,0.07534656970194538,0
716003,0.0769602653753501,0.1237589972264671,0.023793779104378666,0.039713165154014726,0
1594874,0.05879285869468018,0.09114324968092646,0.03451429371785236,0.014334728694306197,0
1099253,0.14411970490455026,0.2620065855294603,0.023992975670229767,0.029592597193755798,0
2103886,0.24571304412862965,0.4408706700589029,0.027123783469076464,0.08570287029227627,0
2224135,0.08141753429272612,0.1383205843323546,0.019936355903550536,0.03138167677741825,0
1478347,0.02323920205557423,0.02706948730448666,0.01728742653583909,0.022591152212895857,0
2149471,0.04494500686059413,0.0518495114919868,0.0520036792310502,0.017095736726428362,0
706891,0.09979709922985287,0.1590423815869101,0.019794147322415613,0.0716883211983657,0
1147666,0.140021704593216,0.23937453739257908,0.033280766550707094,0.05175102965857174,0
1752133,0.167249067835025,0.28065697951281077,0.069212429107114,0.030784246732427103,0
533007,0.11624825372949521,0.18952189941031772,0.016476991514554947,0.08272103284984934,0
594213,0.19207783221399805,0.3304779705803008,0.025031916405728338,0.0966463600106457,0
934388,0.08849896837031701,0.15239768493147887,0.020555009579697983,0.030668115153340874,0
117811,0.13541837873888363,0.19394587083953774,0.020767337411612758,0.16107621047815454,0
2168860,0.1575622683467823,0.27782578938191715,0.0320242108912723,0.04521055194221012,0
270133,0.14550700704843414,0.2102966719715409,0.044937537700777096,0.13438704876215285,0
256951,0.23092282034088207,0.36515045701672755,0.060399593247070546,0.15113856929198574,0
2323395,0.05639558518896681,0.08610338084996283,0.025892328306924495,0.027880981359540254,0
19174,0.17336136882348335,0.2771201567191178,0.01989590121845992,0.14416260049193227,0
59175,0.13581167939667377,0.1983605452244177,0.02278090620407225,0.14898567461621617,0
2384579,0.046174349625971375,0.05696443330427159,0.02213220525621688,0.05526235698485258,0
510347,0.08030804256855831,0.10956492327094003,0.035695487289948744,0.07408467373051832,0
142032,0.14985424934203237,0.20932986151549482,0.03915129314106269,0.16721965320983076,0
2059777,0.09507326394491127,0.15187497323883525,0.043722615592576335,0.0300949632386037,0
1483970,0.11554143061853075,0.20406645814799096,0.03802734761902555,0.010499986294138102,0
1951395,0.1400655549707361,0.2571164484146392,0.02682560779681256,0.017298242121863688,0
1020554,0.06588317339441019,0.0848554533727478,0.019715498238063518,0.08770398618308618,0
2015351,0.04886852581129462,0.06539525125255696,0.026185583912196803,0.04157612505678549,0
741408,0.052257573828275554,0.05691548256005108,0.034954815799890605,0.06656693904141416,0
2077903,0.05580097006190311,0.06836495135554588,0.027425838716348697,0.06695371384612783,0
51583,0.20415488483602034,0.3194552670890223,0.05990747541305092,0.13227504333796963,0
1206059,0.058784328587650675,0.07203597721053467,0.019769221545013083,0.08417786759439705,0
684686,0.04626020334041713,0.05988894275413481,0.018707783183436546,0.05351698504159383,0
1504329,0.02155583321302704,0.014774577811854539,0.023257719002612823,0.03595614303157963,0
2366059,0.05328385824918837,0.06997833937030129,0.02891633383722983,0.04809894206434386,0
1635196,0.14935751600530153,0.23543884011595884,0.07312753015395908,0.04849918450567183,0
1772550,0.029499973413260158,0.033609317249217674,0.02928043498977511,0.01955592145859394,0
1988739,0.08213343322697271,0.1345200597389632,0.028176191674912598,0.03210272927508667,0
850241,0.08144960381042951,0.12478539723575999,0.03245605077473898,0.04660044980063911,0
1356275,0.08668119560581217,0.12820126522908315,0.0470275134267644,0.04236154481620638,0
857828,0.12420900095745216,0.20333341361872292,0.03127654622518984,0.06579665140266876,0
1507549,0.02493874012482411,0.018711654720108384,0.027510587705097265,0.03664868226620369,0
2418118,0.15986624627221288,0.22485281233081067,0.1016647205468694,0.08470211971373362,0
1536317,0.03527051453618731,0.02690605658068501,0.03454355494489861,0.057272098811876115,0
1133724,0.04581666135485329,0.05886910002511525,0.03168394842966714,0.03438463406697762,0
635904,0.09874383957358822,0.10470095105961674,0.0760409020620402,0.11790546712583894,0
140386,0.11414607491331406,0.15388285468088714,0.020730906924372267,0.15492687747779404,0
130381,0.23160911563316286,0.3895359066307966,0.015001075589230759,0.16170419820497656,0
116423,0.12810963363485944,0.1867763488170281,0.01932436791607247,0.1446207442576183,0
245666,0.2114374642729972,0.31080573752197405,0.047141222443064915,0.2094611438954536,0
1214012,0.06925106345347662,0.09220429596039104,0.024828991492196462,0.07850109012811082,0
27607,0.1690130499633343,0.24514254727396556,0.053056842532663,0.15262361783276304,0
488586,0.07102740764805987,0.0982580928355613,0.027958394136177993,0.0675542149471291,0
1573140,0.21164073238147868,0.3469059671070216,0.06735484786728808,0.08990647233890724,0
790332,0.048385862312647396,0.04447835537869771,0.030988325470528336,0.08425093491070017,0
606909,0.07567197057916832,0.10124673449357613,0.016932521666359123,0.09984423416236254,0
1986810,0.06254375034676161,0.10150437458486772,0.01955233432540066,0.029629313783537788,0
1816239,0.08560280249731113,0.15440479743457236,0.025879756744436908,0.0031823837834693705,0
2117642,0.044343214905983676,0.07425327781151836,0.008001808341185667,0.024080167489344002,0
1477773,0.07520208407068786,0.11691235973308645,0.029509330141093117,0.039465525809083454,0
492384,0.06744726787217602,0.08919832982348586,0.03202229151204805,0.0662070775340934,0
105015,0.12534432685064545,0.1750541351254974,0.03054416528676835,0.14327004850933125,0
1419533,0.0686595763645772,0.10578653270671323,0.03918099088056958,0.02006006373524857,0
611654,0.06424734813320175,0.0683005345938873,0.03175781827742711,0.10284867676514983,0
2574598,0.05633970196325967,0.07395644023176184,0.030865786531044888,0.05050872944032642,0
2372946,0.19130489701678768,0.352591078972064,0.02046541233148623,0.044348669156549114,0
146737,0.2338316049920108,0.39089133343574267,0.015119501780952942,0.16925043869926798,0
1352089,0.06713418584722904,0.09256133396082611,0.03793082577011715,0.04737135567890419,0
2029333,0.19631639473360651,0.34833554605481953,0.011263865939540306,0.09384730962167322,0
2603683,0.12372447887069973,0.18274605896616025,0.054452134597258464,0.08007904504221035,0
2303057,0.0545102655129079,0.08529106757793858,0.02177715795919977,0.02665792168089337,0
510899,0.13109426760463616,0.21495748542767756,0.021086380160585956,0.08644805421310794,0
525595,0.06405289604574835,0.08039284451388895,0.03669439002181643,0.06424078391129472,0
300568,0.1158038446786262,0.1556973435143585,0.040937914312651716,0.12836899313825723,0
1607132,0.04169620988877485,0.05870045034850413,0.032270860313306615,0.013323633102654008,0
1395869,0.2833960459734671,0.46647232090684376,0.06170898347663322,0.15823595238527643,0
2760724,0.35253202845039605,0.5646350269277769,0.09997291122877439,0.2011132080893766,1
531353,0.06210622147050279,0.07896986172303477,0.03288510245970706,0.06377879935536643,0
1993316,0.06324485000823948,0.10322262019997386,0.017978131850931403,0.031200501764865673,0
2019785,0.04245000860516262,0.058089925654701835,0.02928525345501819,0.02309734870653123,0
2299748,0.04543772037521857,0.07453470285378283,0.014643118369827214,0.018887167186894947,0
2186322,0.04511374407118596,0.054190616818357906,0.04270854001215337,0.02602936829180495,0
1931606,0.06507831098598152,0.1041968356168429,0.03252289703354192,0.01611512033748746,0
2301195,0.05203532591783075,0.07556646163893088,0.036150526050719854,0.017034686415746736,0
996668,0.13126649234133264,0.20094521577299673,0.03542047469094702,0.1008387102377508,0
104509,0.11122161405852377,0.14746538456246194,0.028764600730953646,0.14429770779003348,0
2127587,0.04247336094740823,0.05776921576029603,0.03054864700683752,0.022120794826044808,0
1723005,0.33767755940181177,0.40073526054203534,0.3774662627229511,0.12035025156954385,1
2457846,0.06672400666552766,0.10937760237584937,0.024331297143712786,0.02367908167244569,0
1596127,0.16454721262364108,0.3045363214485953,0.022876793355281838,0.027080069463794387,0
719181,0.054074627596165506,0.0625811005227156,0.043859395371088294,0.04813129361740607,0
1042159,0.18061763518545726,0.24533105233003227,0.10857997386786342,0.12689058430041047,0
2303513,0.05444225795875026,0.08529106757793858,0.021652318328708904,0.026505143355841466,0
2620356,0.13816474740135706,0.16689890539260865,0.14805864620664852,0.05148850421529084,0
352950,0.11265258414493368,0.1450933278222437,0.039627460425122184,0.14108841053137577,0
2134312,0.3431805890786275,0.5924273480541327,0.03294823748333563,0.18541221903280225,1
1864791,0.027230162092151323,0.027522959816271952,0.02161871724033367,0.03491533505957622,0
1874069,0.08028343531561119,0.12093961585457269,0.02264986240574887,0.0650933433330009,0
2514289,0.3302582420040082,0.5712639342725101,0.036390564354017746,0.16854552780773918,1
1986929,0.061211758227928265,0.09589987479977446,0.025075112142229704,0.0286964359268606,0
2024210,0.030652191334159935,0.03517124814001782,0.023186781965568098,0.03055266337240297,0
464302,0.23215398926488173,0.33542631079672525,0.10200629315369904,0.16919472960204696,0
2032432,0.035111220013484865,0.045118341746488544,0.01778194267899768,0.03608733168270645,0
360449,0.12031204470477103,0.16621067474943252,0.02724696526618072,0.14516308875100276,0
2571321,0.16757218074536773,0.2943645563353683,0.027977189906973784,0.05998372802795715,0
666195,0.16715431945721665,0.26728604601494343,0.055649408437717526,0.08408236959214829,0
1109861,0.11433190084407938,0.20186435314712847,0.03412951398263527,0.015804350378622815,0
2744162,0.29810379241913554,0.49472848047082507,0.04831263300141952,0.18122881141648567,1
391715,0.14474071998225957,0.2149316601153325,0.03283456014903241,0.13712260939941806,0
2511489,0.04284741725589538,0.06098135434569052,0.024975914565456094,0.024319828567066444,0
1679716,0.021215488960960018,0.006632191671681831,0.029052341202082808,0.0459184538224713,0
264351,0.1336654741639399,0.20042478140971032,0.03029703134589978,0.12181987027657404,0
1326993,0.13297484413756677,0.2217738955189077,0.026382309201531926,0.07086601808826677,0
1559468,0.051227225185356606,0.0529369154967384,0.03345247097484151,0.07361513072267478,0
1763503,0.07255992718982315,0.12614810307804014,0.026154989444352184,0.008196894087487111,0
1724790,0.13511034608511194,0.2052530531889739,0.042518591968382854,0.09864120950055061,0
927331,0.1731043273325515,0.3041164080965937,0.03389177610280087,0.05439295226707191,0
2084534,0.20713944095138773,0.3084308027194239,0.10755647578790417,0.10328548427652257,0
2625136,0.22283307775378147,0.22045738457219244,0.344259078318481,0.04663330986070474,0
913574,0.03134436201231486,0.02804551237403985,0.027462046610069974,0.04541495921136973,0
417498,0.32524422620180377,0.4795402716063766,0.16645528661841572,0.17768752206545385,1
2018855,0.08531689232769468,0.12752994516540583,0.040499841298726885,0.047009836776868465,0
411500,0.3176270252740881,0.4735715369993434,0.13189649423133834,0.20636154252507444,1
1172411,0.1572782668562735,0.27650125692103333,0.00814941966385861,0.08291406248299617,0
917924,0.07128435841463626,0.1020395030131993,0.04606115635396842,0.03223130000923042,0
298911,0.25374271055175285,0.41393431544564263,0.06930451203064877,0.12992099609868443,0
1199836,0.05525370906041176,0.05523957716469918,0.03947872294691019,0.07895151796994553,0
2668253,0.6444639969343134,0.7553808689541344,0.7323178124052193,0.23539109367840247,1
2431804,0.09470553036221883,0.15570843067987128,0.030038630777961015,0.039198628944474435,0
1015511,0.1696625417526372,0.28896898513152547,0.018876821470207618,0.097575013729061,0
416963,0.13233406731609001,0.1766880076472469,0.03487149677928186,0.16764307229341005,0
20168,0.20061417464944323,0.3140910119724152,0.03679042429612203,0.16265770687199513,0
366945,0.11904753611049741,0.16090190654202463,0.027023767849841833,0.15244726242266274,0
1077976,0.05352609264979328,0.06843534855019429,0.03748696370100604,0.04031164632197163,0
1984137,0.047024791153045656,0.0597173114884848,0.04061815264865682,0.024903448071031065,0
588347,0.0936573603793416,0.13435904780291363,0.041680474677308864,0.06986847037346063,0
1389660,0.09266219316552382,0.12832550463579906,0.04444048356457571,0.07583647889125787,0
2208660,0.21495591455651222,0.3721127441013544,0.03197771174683947,0.09653114490891578,0
2330103,0.04228325156108211,0.05817652609170776,0.027351006242445318,0.024948433212473194,0
1038915,0.23011659646863805,0.3882443422808842,0.03632114522626999,0.12549040880157472,0
2484796,0.11171696989512996,0.19438390054329047,0.041852730692767126,0.009846002078272898,0
1107485,0.051824756340576,0.06020808939031885,0.04454054090268119,0.04179274687306109,0
633363,0.24986282762052564,0.3884118445017787,0.09224252465731346,0.13992073986221126,0
20220,0.282504919841227,0.4789481291561475,0.03830832877549039,0.15769178315253057,0
1873139,0.1520655200055385,0.26331297214294147,0.023394132662423798,0.0669539706767031,0
1108642,0.0625991136152814,0.09333835499706744,0.03630285686164017,0.025195395291278146,0
1483795,0.06874471791908005,0.10318407106090854,0.029392838640939365,0.041674153981719836,0
846480,0.1568906183725594,0.23161810133399996,0.039978525571762416,0.14544005017015343,0
2320065,0.045444048658723715,0.07183345468576596,0.018941533442822,0.01922430641497066,0
2078839,0.12685475419809736,0.19282358558163948,0.04455107396622526,0.08538819608705021,0
1240581,0.07929571351607538,0.12587741502095295,0.03371694512318657,0.03120961234321462,0
1075218,0.06176106721244781,0.09871912404912742,0.018416110838974122,0.034383359680959354,0
41377,0.2710366018821275,0.4527544742855528,0.03277116016950622,0.1741400834424962,0
1765334,0.16011966297709737,0.28622613731575086,0.022150977361171335,0.05180650555435275,0
410658,0.22599456099451892,0.3822070146860913,0.01620307122567329,0.15015066141885636,0
220553,0.1591973782631633,0.2277900685987736,0.02059860979903334,0.1956138051203324,0
21778,0.27610488501746233,0.4670833280335882,0.03692799439424477,0.15742411341197388,0
1029877,0.08245491518157137,0.11197415819676493,0.03678245694174645,0.07716549500332484,0
1168179,0.10973093889554425,0.17705308907458162,0.04472457172975393,0.03893511419663635,0
2069455,0.0525975540611092,0.06442393633432963,0.027445753378473416,0.060759299402011774,0
670262,0.15216834339571325,0.25135637394262933,0.058475777487324035,0.044737115891006915,0
2256228,0.10624640437925856,0.1577711101798619,0.03779338830534905,0.08011416398861448,0
97276,0.17458506296940432,0.27571929878948653,0.033850458876383285,0.13285137955873036,0
847924,0.21253696548564835,0.3569306747055445,0.016808456323409913,0.14514545617926558,0
793378,0.06795819782991407,0.08921277560120378,0.033421762965345644,0.06662640569854242,0
1973724,0.0628804186025473,0.10909906191949281,0.024753277641535495,0.004524521751701233,0
2603750,0.11470105171046201,0.17538137431500456,0.038063489843047985,0.07795658800022662,0
71424,0.1353537784983513,0.1973067553711969,0.030026321679558026,0.13846252154442723,0
1590262,0.08057278443439742,0.12234629763688742,0.042118518318703,0.033820400601713964,0
2736607,0.4189956174248984,0.7182982107533616,0.07878079200911979,0.18106137222740812,1
220788,0.19337891596574616,0.3017078768448951,0.024592752660014046,0.17573575872647193,0
2279932,0.16326642634082658,0.29936890121972437,0.02184783375748952,0.03513812801858762,0
559295,0.05520244706765163,0.06648244725973318,0.023385143412322788,0.07472840207044101,0
456749,0.36877536051085624,0.6274570833476534,0.04919068206712579,0.2014480710844591,1
684043,0.05349693544686405,0.06943873333615347,0.02459048828872087,0.05700211146085526,0
1144887,0.03377839691840524,0.04054904987592023,0.010171030133051776,0.052262814702647986,0
701559,0.03536928454095403,0.038517466833753566,0.016895198077873624,0.05520995850357581,0
2397810,0.042860981146673416,0.0506149409625517,0.025594203689298815,0.04937624779303961,0
2297174,0.04225576640950723,0.059517968017866796,0.02713716411524795,0.021778165829997195,0
627464,0.11543285415326669,0.16825043863753852,0.0267610320861187,0.11639662604330908,0
1907452,0.09174537133288502,0.1370974217207772,0.022414851484348793,0.08236102513595879,0
2019484,0.029846965307835205,0.030724194335208788,0.02843097718526002,0.02977787492326402,0
2111984,0.04593122707366649,0.056842582632294913,0.044000480286450885,0.021548958357918844,0
1768752,0.03093568320917815,0.03707836934610753,0.028308100452011896,0.019520342002604073,0
1806528,0.1252851269605655,0.21870406558985844,0.03536351730832984,0.026620194865686737,0
1102316,0.033972025571600256,0.04452753316418845,0.013415749740317048,0.03841767033705456,0
2102138,0.07197502768388853,0.10730614032558117,0.040937084069524086,0.03020416150120359,0
301904,0.1408893777640182,0.21161293464535724,0.025933839760858668,0.13651379256540982,0
1282456,0.06396435568464369,0.09849775096828262,0.024029282409491922,0.03753347738827401,0
2673943,0.15777275922833367,0.2642034768202234,0.038291276029492186,0.0709181900468717,0
703144,0.03895017912764259,0.03748754070970595,0.031032334971022882,0.05448354140741376,0
457895,0.33402041174480807,0.5297287258184777,0.11600723934795826,0.17176938515590845,1
519278,0.1748825712957992,0.29609672347722127,0.03937804568441548,0.07510397925931962,0
1885154,0.14470895407052745,0.2500024792224368,0.03482898768694778,0.046295090766123655,0
401975,0.11187944057939408,0.1501755351060846,0.016023799216667606,0.15992266630675744,0
2110405,0.17190293207760166,0.31314392215840015,0.025231239804548684,0.038807995285184776,0
567133,0.05998945136791654,0.07489067898072954,0.030815686212946645,0.06649703006833886,0
746022,0.1949556939167518,0.33436836757449195,0.025837055141746865,0.10010196793490878,0
1558177,0.04910775077458751,0.06132116728624104,0.011376146238509806,0.07517161629957024,0
1821354,0.02349445814870754,0.02089723026465551,0.02452604930532262,0.028440141123914988,0
2345428,0.14256012699842596,0.24738480274343333,0.03939791374987503,0.035241757508734,0
656125,0.15332402898328412,0.22280194140668153,0.05251428169970202,0.1308438688501637,0
2445626,0.13410683613492497,0.2234786392752951,0.04497734582411246,0.04437156375021847,0
1095074,0.13470468650783943,0.23990328645636405,0.019981125299816528,0.04379352844856212,0
286052,0.1282272373916611,0.19613417022178448,0.021142297119997343,0.11908731572384827,0
333717,0.25423173830080353,0.4172759727887696,0.05457192532432011,0.14611087154561356,0
1492920,0.1351957066655404,0.2393807330312635,0.03898741826979345,0.019045573344853028,0
2298322,0.06285308955479513,0.09523904783126125,0.03193692997844151,0.028262433228160248,0
1307380,0.11012395787019254,0.2006351650305256,0.02411677479484129,0.012856714582386802,0
214860,0.12685217491817313,0.1651914538604674,0.03079168963229931,0.17509470549124806,0
1736369,0.27002495213512157,0.4856268170894321,0.027742058969086433,0.09444462949839784,0
108843,0.10708442083742126,0.1411789329777593,0.022474511506932447,0.1487630044823094,0
167178,0.13418212240369803,0.18645180890988589,0.022784068993537722,0.17060498625346882,0
1900927,0.06379442217245378,0.07814007130011524,0.035200944005052366,0.07082051660440224,0
2485948,0.0846285236178852,0.1352473511391885,0.034594399292625505,0.03313264130251643,0
1715079,0.11901657773902743,0.20431722888220494,0.027009081829961448,0.04377619374468267,0
156552,0.26064917243347546,0.4318845938718262,0.018479414509346617,0.19581525572379185,0
1975784,0.14649244268895387,0.2632835009970751,0.019057206794819342,0.04566765075985259,0
2207033,0.13331899514364462,0.23413441320666506,0.0347919017115608,0.029071090134219196,0
2549033,0.04827921962391477,0.06647732013565177,0.02248531709208357,0.041474822142319075,0
436599,0.1509827125944885,0.197615208681042,0.055754572402134626,0.17724368266663565,0
1594875,0.03867023396303285,0.053920305304078986,0.023354777769453043,0.02351823990078724,0
2566887,0.06507722510640038,0.06369315966441724,0.075895545039267,0.052309908812058256,0
1297657,0.030823258880571407,0.040463045221458716,0.013482070206768601,0.032735576039057336,0
1683749,0.070493819753313,0.11651100937956926,0.024662422357238572,0.024197941781783996,0
2272716,0.09982967088755335,0.17871414180480238,0.02454233290865804,0.015549500562773677,0
618838,0.06530591843521268,0.07729443828144611,0.019892980526334984,0.10345402568294565,0
999153,0.2204479426599878,0.38746507827056875,0.037991792818165296,0.0765893283962691,0
709178,0.04735732023342064,0.044465339148068606,0.045365577891375096,0.05757488645986906,0
1612882,0.04507898921939226,0.07008337199795289,0.025838461222344584,0.011428824268562175,0
2690492,0.2553778192933699,0.4423482972734192,0.05902628956428265,0.0824789189368775,0
533787,0.061227850259046056,0.07838585958232347,0.029317448383025847,0.06619842976488284,0
2137102,0.048107144417229596,0.07768416130124778,0.014525911482565419,0.024536451609180387,0
240620,0.1868345470606663,0.2564244381852008,0.05891670113726473,0.20473658813443243,0
270349,0.2739259994063,0.4601829949596058,0.030083759316806586,0.17404687065727592,0
1266127,0.05539999927313488,0.08250307384128419,0.0229966093269497,0.0362473977720394,0
1972570,0.03495200340319283,0.043799264613636146,0.02952385677458062,0.02097607032000286,0
1337945,0.0500937532026893,0.06188960950179989,0.024401640838269942,0.05914228100154188,0
947256,0.2278548336183631,0.36394622093365614,0.08262248139702352,0.10547489366213977,0
1504345,0.13058076786402084,0.22695523394575168,0.022148875515323536,0.052292441182739687,0
1338103,0.044046417763481234,0.0449547450953548,0.03331625028574313,0.057870850650404496,0
1880400,0.05462977098086358,0.08849776654383568,0.01182133608646699,0.03417243441502822,0
788801,0.16752646892777562,0.28261231985956814,0.024641477883069297,0.09413932816535377,0
599272,0.07729800323796147,0.09108111252750817,0.04042894375725757,0.0981438192351506,0
1297655,0.1578375014414211,0.2886604325340274,0.029035004033405264,0.023983919821929125,0
1318147,0.04041397886586378,0.04677099104902094,0.03490094491030104,0.03279099934131499,0
862140,0.34325493713027777,0.5737431467641078,0.04235769833220207,0.21838027124281612,1
2419208,0.12629134086956892,0.19513829366590196,0.05278344279555953,0.0644358059897504,0
2628581,0.19681337152128978,0.316358125140085,0.09479873264287304,0.05097344579192679,0
44244,0.305540348864246,0.5075584532675621,0.04219703665251445,0.19551005617355313,1
1407844,0.07301333189092814,0.09271136245008049,0.06422046945900188,0.03695754914093667,0
1191751,0.05062219565542807,0.052196032891748345,0.030450297659060526,0.07694544955917872,0
751963,0.04946722139446245,0.04484960587401865,0.043655214695216556,0.06972927024444078,0
1461158,0.06409642372325267,0.1104212393425924,0.02425357822022201,0.008048652929449335,0
650111,0.10864536878988132,0.1367766117843916,0.05257234424466779,0.12242679812142586,0
369579,0.10202097084704523,0.128044643777241,0.028791911013570724,0.14680537827176748,0
2740397,0.3765055350525829,0.6607671836877351,0.03673906366296343,0.1755011205491315,1
2644017,0.19640095058914925,0.32237005518107353,0.06117526027465027,0.08431672458108708,0
86221,0.11625103844280127,0.15651664962843082,0.028293792410491115,0.14752287952719265,0
2112756,0.052919400225373205,0.07196455727845852,0.039836797998240615,0.024930410933358772,0
1837107,0.4918834130786909,0.6990752648383751,0.05216492585147815,0.6334815145202994,1
1170221,0.034081671688381304,0.032471246073020765,0.01647376479163283,0.06451959607190534,0
264472,0.12369122390641676,0.17564816867542155,0.033807479011003484,0.1286244793270247,0
2095124,0.0920647491988009,0.15038040819101928,0.03259058431050949,0.03548684905069205,0
2175658,0.13256865136343132,0.22306617421069275,0.047688150272419724,0.03364559588179523,0
1353498,0.12767486104773657,0.21308232108689806,0.022944802469290575,0.07125129881750188,0
2769080,0.3755326877503502,0.6504320757882758,0.027004137228964463,0.21107704343761494,1
581200,0.1613588967636761,0.2474943062073811,0.0536484305188915,0.1075860725215905,0
1202313,0.15425967218057857,0.2581337622972494,0.024236116834889014,0.08960977990743582,0
2153162,0.04362581008724002,0.06392543494788938,0.030222355488523863,0.01298192983369083,0
1744261,0.06061319737732335,0.08810167203409769,0.03508050134961339,0.03019105477695243,0
812228,0.05828639037796732,0.07458134795337445,0.017578799838697447,0.07861038224835426,0
2434312,0.11179910441326409,0.17634223844549302,0.05083924372123714,0.04188106037073214,0
1478979,0.2826166046680399,0.48625983374288995,0.08523619749260791,0.06957914274406289,0
2280341,0.057025894708198646,0.07721041252602134,0.042693276185758744,0.028063527947301752,0
247109,0.21070402089411666,0.30660356855211646,0.04782097612207549,0.21527971890717887,0
2676534,0.31158111366562147,0.522188550477963,0.08774136416765387,0.12082214588171919,1
1228569,0.14828876087933812,0.24994667286073402,0.04153084697784604,0.054280851778086524,0
1845924,0.02370489464098537,0.017855496362333523,0.023629212585850944,0.038441913420316616,0
2159211,0.07746165144443279,0.1384496651424708,0.004726956627977074,0.03409365942402136,0
1952603,0.0868748597340559,0.1590402290297641,0.02356574685539197,0.0014251058127812593,0
692319,0.09005929381289143,0.15586966465771057,0.013643270367168205,0.040157401869428365,0
725091,0.08365652910698743,0.12137498496701249,0.030283259794925473,0.06942029342501772,0
572770,0.17080916300532767,0.289568361471639,0.029213152367928714,0.08630518279564776,0
2166721,0.2053672274809761,0.3780066852848232,0.03628986084495295,0.027384632925393164,0
1164184,0.1306273019017366,0.22658974106504048,0.018037426784000627,0.059606016670080864,0
819686,0.07783519403818973,0.09685171074731624,0.024904625484026277,0.10968975509661857,0
2099303,0.28847646481910444,0.5200508573827192,0.02441576762374365,0.1056315292031087,0
232524,0.20588774685088454,0.32893465181862314,0.02183483873141683,0.17434984661073963,0
1864299,0.02306030048936932,0.010430123691808846,0.029753989636188655,0.04459520876304152,0
1544810,0.09175142445646603,0.1310189347566365,0.038431900151258865,0.07356193516385057,0
2503289,0.05179673654477858,0.07631420603596495,0.024759409915211524,0.03105905276116325,0
2069622,0.06305540108111998,0.07802858106596433,0.04344765848396244,0.05503406501474548,0
1310553,0.19590970523959284,0.3133185933600221,0.08447726112407722,0.06953615111179305,0
422238,0.1515492109168213,0.21668611080348466,0.024600101152948955,0.17913062584597145,0
133558,0.2772547758586781,0.45423624347209324,0.03622821124936243,0.19634095373911373,0
1169072,0.23537623814467706,0.4092281267880118,0.03235300483720256,0.10528136649755196,0
1508465,0.029333605193052684,0.027873582983696576,0.025691595702739774,0.03844667495191231,0
2461888,0.04637218593871853,0.07111683170384786,0.01973786402787702,0.02446205439215748,0
451397,0.2529715658839368,0.3848921778407183,0.06743416910258233,0.20147613116401494,0
1573940,0.1394914415612235,0.1819626583000521,0.10027484416806118,0.09213829580389557,0
2362722,0.04654654314957914,0.06319700254562122,0.019862646276754794,0.04494623996871046,0
3197,0.3172735297449536,0.40890620960954593,0.2730081336804362,0.15458992418024897,1
2514125,0.04492982040351154,0.06447361577206079,0.02691398528764556,0.0230940846559374,0
987772,0.07124541958934541,0.09359310150127131,0.027641273635938886,0.08078243373964043,0
1549767,0.04228706440425223,0.04911559550839528,0.027922976780036225,0.046761868080218594,0
683317,0.0873741181038411,0.11069585490604561,0.06384060166055827,0.06437005076325408,0
1214395,0.07627481463040793,0.07740027675669825,0.06684165882210169,0.08761089302714153,0
2568128,0.057297560293169486,0.0795060191659912,0.02009962155295889,0.05757332122143107,0
1753323,0.03143918347541679,0.039131353597516516,0.02531082632616313,0.021401293894047983,0
525543,0.17857286120011817,0.31831691448110244,0.0316744475161057,0.04956034852367625,0
982379,0.04596485599607208,0.043108639534817694,0.030505537792155223,0.0762943744550833,0
1468016,0.04289232907405541,0.06196049443243146,0.029332253629244673,0.015562028845331392,0
2037278,0.03244968361009981,0.03645838799429524,0.022782539059312597,0.036928639475792065,0
670500,0.09400499018812356,0.12720344579755694,0.06075655969043375,0.06088149691107481,0
2419588,0.21025868556816543,0.3670453569824379,0.034997164512356335,0.08118428861619784,0
2403362,0.06497419137353772,0.08750055320728722,0.03073462951564022,0.06001762957601023,0
2008514,0.04613666731929294,0.06499059944026564,0.023467479444741722,0.03300561882868802,0
1649656,0.018540873692370195,0.01007066032056625,0.02557529146077988,0.029164780469265527,0
485363,0.2739190008910112,0.47856708838383044,0.0340804236829684,0.1220566479710273,0
2387777,0.04893204255456697,0.0605551202654766,0.02768589309945998,0.05174357245995338,0
1094850,0.03656784283613177,0.042717060324688694,0.02787273313425119,0.03423746366756032,0
2664591,0.3432663843720201,0.6112371816721611,0.050428093116060356,0.11259682800560711,1
318370,0.10021946422271281,0.14086860447423277,0.014203090227610233,0.12762117458656677,0
2483926,0.1747778298734802,0.31971317882466954,0.029414591349995526,0.030484315280733826,0
915594,0.031161041149634312,0.03282063787183942,0.016518499494589316,0.04897586182668902,0
2447946,0.07076829266591704,0.11648843687036481,0.021768188064698758,0.029968089056625076,0
2528502,0.06680718914463718,0.09560961489982223,0.03740678184823315,0.03890173570128063,0
183931,0.13315138345862082,0.14980695072253902,0.0795094227533649,0.17197540635670924,0
520185,0.06057068429740539,0.08532175755733107,0.02005148401336239,0.059471801573655725,0
545591,0.09913078781561123,0.15202525427850022,0.022877798762981533,0.0812741052373333,0
2605434,0.11644914026267925,0.1665016689081943,0.059328584794130924,0.07699865185171416,0
2418697,0.10874079093974855,0.16335091823350212,0.042607435889800836,0.07141550528028619,0
697537,0.09708665652955567,0.168269994012464,0.020553552724502905,0.03392796852986403,0
79501,0.22698241091779467,0.37686716061638115,0.03963991283364619,0.1332842837975512,0
2594002,0.2302182938014877,0.3798292567065712,0.06396646706175627,0.1055686266483761,0
1484387,0.06117230446018714,0.10561918609574739,0.020301546163913883,0.011361237815696422,0
243274,0.18135435250697698,0.26649721172090546,0.030963387011898314,0.19408365271477374,0
922856,0.0899264609503638,0.1308400325897261,0.04133614384473727,0.06052800751039785,0
1693729,0.03159329652448241,0.029974720336870653,0.024056634153641614,0.046944730549773,0
1933177,0.040444226255323866,0.057491923278432555,0.022901627018024753,0.024138882553500808,0
2298421,0.09372170878867607,0.1533389617714268,0.03513265708768569,0.03256215388328479,0
2657284,0.1584456076300178,0.26727069944105786,0.03252654129956027,0.07526147759810388,0
2717668,0.22584646543722717,0.39466161692214363,0.02263408178058792,0.10862716220989486,0
569491,0.06354660947138085,0.06175385001471623,0.05615196468386857,0.07912047529431084,0
1662717,0.02836202736137128,0.03270427320850999,0.020306738728278668,0.029589345693163422,0
173114,0.13311764592422054,0.15627011330526552,0.06848459115708025,0.17218605962231848,0
725661,0.04142234701573521,0.043768070975353845,0.024279826810813466,0.06127181742407124,0
276334,0.13142239782409776,0.20425314834131858,0.017561537860221983,0.12013681147685938,0
518101,0.05996691920074603,0.07563797296232933,0.02698555878746164,0.07026132541671438,0
2294185,0.42112532559432936,0.6746954783449055,0.0941251138103357,0.2777002613938795,1
845400,0.24476269216552504,0.3424984241509935,0.13888658371623233,0.15923752487579287,0
2470120,0.30497040770242617,0.5516515839408741,0.023087291437665514,0.11109214150344743,1
1040438,0.1401543815991726,0.2013208206388717,0.05402680032948825,0.11642965590445138,0
1359283,0.040514204127171986,0.048240321517673546,0.01769113867460399,0.055433508829770085,0
2342052,0.10868075126998104,0.19905447651491803,0.02516004691330115,0.008027494692658402,0
890640,0.02997334845255238,0.031082503504052283,0.019801991955293106,0.042457495569691556,0
663474,0.11892914028985434,0.19118138332310863,0.029805419456439768,0.07198411395684041,0
812135,0.2159378686652575,0.3745707727411598,0.03700661762875223,0.08775248503025973,0
1719903,0.23902623425559355,0.4023562870941372,0.0493161512903776,0.11526622660705829,0
596564,0.1314933318966375,0.19062426771055974,0.05212142282841517,0.10272385596416544,0
1114854,0.0629601271928217,0.08960031069808116,0.031088508693960664,0.04416709617796457,0
1797809,0.030448354726943933,0.031235551345375367,0.03289873319058419,0.02480479548540497,0
20994,0.30305053509071733,0.514066799659129,0.025846005803328367,0.19131666760077148,1
2706522,0.2750837110240794,0.4856071629971688,0.04129268285254451,0.0994616233486584,0
999785,0.08081558879022178,0.1278053004722789,0.01706987590897734,0.05895987890694566,0
2327792,0.05033478886490948,0.07381191934075915,0.027115080296124472,0.02647152552846282,0
2464020,0.11624826302717782,0.18340186226962674,0.05711056199283865,0.03707081647256433,0
360968,0.115367641718831,0.15875475522699012,0.024330456156957052,0.1434556362912441,0
29189,0.14491477818293383,0.20316671035491862,0.044619705594932155,0.1497275566349744,0
594352,0.06634930347229567,0.0824578132121161,0.023984505573034946,0.08962522597163569,0
605934,0.05683445651167845,0.060712204339952835,0.0251263648466127,0.0947022244385911,0
732803,0.034168641533676235,0.034187828377972074,0.018180883003119215,0.05810231221877216,0
2150586,0.032671053972030926,0.04000124724784426,0.02747214243476523,0.022143938088396136,0
2243012,0.0822159711398525,0.12111919099878654,0.04065796831338413,0.04729492573221997,0
1175113,0.17516364109184152,0.2920249764239735,0.0313611496302001,0.09871403995397364,0
99039,0.23198503241470858,0.37667494484790665,0.042704207586439565,0.15418148857411687,0
1756501,0.0743302886739171,0.13237671361763903,0.023082822693331624,0.006085425285490481,0
1799467,0.020756552407989626,0.018991595044340448,0.022669208522739043,0.022299961644988455,0
771838,0.0986599838981776,0.13139354925943802,0.05118859153811078,0.08803315903512672,0
426282,0.1238903933241363,0.1667105133516571,0.02001424753207336,0.17265431194342873,0
195467,0.1166717277052623,0.151405216050026,0.024319046373317138,0.16836702884127083,0
2010689,0.031409645180834896,0.03416045539616186,0.02985745313633141,0.02686090770927271,0
628668,0.11445146380511136,0.16630490522129904,0.027838525773450484,0.11473726731213343,0
2436556,0.09140123049145939,0.14704871077528092,0.03392252648830569,0.038500585786636135,0
1249888,0.06724349447684182,0.11459714505347118,0.018225038011928964,0.022387052732637684,0
894406,0.07778933045660008,0.12967182219661444,0.025532653971968116,0.026468115833512152,0
1993289,0.04207989619286515,0.044037615614898606,0.05615216030635634,0.01607720146754472,0
2695134,0.38152980668469466,0.615411899523598,0.15907177192645783,0.13051162672479164,1
2387847,0.05024960263490032,0.06163007358450212,0.030495820539451934,0.05142909840406837,0
1976031,0.043757630693434156,0.04748988044314095,0.05702537527500365,0.014525389446812899,0
1018948,0.1190690967388854,0.18217238069478758,0.04756989045580471,0.0685596962737509,0
685393,0.06650569650479701,0.07815261429045017,0.05057095027329715,0.061290521387913924,0
805556,0.060179906757705154,0.06885207760858758,0.03218110938675658,0.08049767568692195,0
615675,0.08063874207198243,0.10733625831041282,0.016219143169096995,0.11052434983023461,0
2761932,0.3344194236148763,0.5444457822647524,0.07558034414322023,0.19761214619767012,1
1276517,0.046043789279616186,0.06556969438268001,0.025837972336882786,0.027537751936056717,0
1364317,0.13673048513831706,0.223286012878658,0.03625899048185831,0.0710489077721528,0
2659902,0.4605856276610435,0.7559400237018377,0.07858219883513826,0.29520478079791607,1
2640720,0.20689529237806384,0.3759602282908323,0.03431154513608666,0.04310857345910845,0
275198,0.13783079904617465,0.2030540823190068,0.03199806628379472,0.13352169000766415,0
1729456,0.39646380866123904,0.47610550852572564,0.43215799533991067,0.1438182789820151,1
1765535,0.05388308198589659,0.0932423644017234,0.004891021396168151,0.02897296683092226,0
1906320,0.11922540952801872,0.17947813957788783,0.04018547192928623,0.08715349080144465,0
66382,0.1239053429802414,0.1773690480320389,0.01874218862874445,0.1479908118779931,0
885713,0.085394037302828,0.14606046386505744,0.024576982084164156,0.024953553725250183,0
586195,0.0576820765695506,0.0688279048183722,0.024652281632039173,0.07936219835376375,0
1716143,0.05940290793227733,0.08332716480856939,0.023404052030927942,0.05359054959357125,0
1815547,0.02238008374282706,0.01697302460830774,0.029496844069870028,0.0252225910885609,0
885002,0.043526253467794686,0.058673295753592924,0.01310829511029197,0.05128558528955314,0
846117,0.2158027114922772,0.28788186586824316,0.15582975746843866,0.12556425658812007,0
1149522,0.031431068237197844,0.02884231419084904,0.023955785235152783,0.049115877856137455,0
1858931,0.018901478080827615,0.009373605773471017,0.018344742155767414,0.04355626273680942,0
618451,0.06896189676917351,0.08732035177583408,0.02046219889641109,0.09581530606166573,0
761652,0.14696407604425188,0.24864790113876323,0.023704582897189623,0.07764375302856685,0
879634,0.14926207655735657,0.2515279968142399,0.04430013721603854,0.05104018492712538,0
929485,0.07391605254019631,0.12043001115254481,0.023301658594276783,0.03355274692820437,0
702200,0.1554850353374302,0.26859073649008636,0.031067154287405106,0.059347604030827394,0
1000343,0.04307969217208313,0.04745146504080977,0.014489884506533789,0.07503497149859054,0
1659098,0.02088357987300049,0.010573751021148547,0.03396246562642996,0.027039823372486144,0
1978694,0.04334435133949155,0.06559386847468196,0.027687034546646144,0.011206533690783635,0
1793783,0.023491642994916143,0.025264250939175392,0.024981680025234577,0.01682506758879036,0
538014,0.06105624008347795,0.07909741591098096,0.02588623872672043,0.06870830254985669,0
904237,0.08527255901233549,0.14925928328690463,0.01814110449142971,0.026002930107271335,0
1582544,0.21359606493455235,0.3567284851840441,0.06927382149676237,0.07224837946750805,0
1322110,0.08257153298247212,0.1299048153318335,0.021100423184465655,0.05644499180607829,0
838813,0.09602933504213898,0.11824222459663081,0.0493572961743555,0.11050516945758468,0
2134025,0.04060737888128495,0.05215414911180649,0.03327998793816727,0.02273153971965761,0
1853971,0.11319692485072723,0.19588225067706944,0.018146221589072156,0.0490596651773543,0
2599801,0.07181679920069357,0.10103961682046625,0.029236468603626862,0.06263025104686194,0
2294334,0.07198467307781459,0.12463002314053495,0.021709170737968277,0.01578455143078315,0
1460653,0.032304707471602356,0.04238361019223946,0.019674509804157535,0.02605274717117683,0
1220025,0.16949229620092726,0.26109914904541176,0.053146446566763164,0.11499393854096226,0
893964,0.09888328119855894,0.15732684760569782,0.02528315830857815,0.06317454951568288,0
1461769,0.12819200789691126,0.2260978235198724,0.02908431277451135,0.03208901152310828,0
1807426,0.08386296117367155,0.1281240260202584,0.04326618143501515,0.03410546866518899,0
1518687,0.13435682269074564,0.2391400605770867,0.0317311228544909,0.026337277729275133,0
1548630,0.041709645964482074,0.04852189784231853,0.01399590506179156,0.06624962762392672,0
529729,0.056129385801983636,0.07423638032633817,0.01886785705352373,0.06675419261378714,0
316120,0.12581693069237587,0.1491180613801506,0.08689477329260828,0.12594734007259042,0
1415236,0.060436063581613554,0.09342646389623177,0.03143921349728919,0.021455337921554563,0
691636,0.09035175266498757,0.1286975256803201,0.0419537732880071,0.0670842891921269,0
477645,0.1340769277585125,0.22258293361513593,0.04091119964028245,0.052560505294298974,0
1404200,0.07112222975580083,0.1102994927105565,0.03271315936692887,0.03079267795221964,0
1319426,0.039058378625967255,0.041061595142946494,0.03319693467183321,0.04284250326472022,0
444546,0.26160875535455186,0.3980992517800451,0.09796354028147475,0.16585033690043433,0
2663416,0.29146164190865365,0.5260473709401123,0.027125322601110006,0.10150179829132257,1
1254682,0.0665396147529475,0.10322554542384987,0.02554914637114521,0.036310490648395005,0
959193,0.1773708084716296,0.28937992598308426,0.04371895537324934,0.09782579434056328,0
1209757,0.05638317738559606,0.06735138788421913,0.01940805087281316,0.08442534090821276,0
2658958,0.21791765630320736,0.37771942966681926,0.038169472494781455,0.08803549860681646,0
2115064,0.11753135671468092,0.21860124642112755,0.022137680576987135,0.007947146655105007,0
1918094,0.3544464522334067,0.5204609705498999,0.21116606349095007,0.15433073955585858,1
1455061,0.06009127098594878,0.0827129907807449,0.04079544346231854,0.032480712784403884,0
2138991,0.1278661742262973,0.23236449741375964,0.034116006672222275,0.007245617588754008,0
1538954,0.1428227637779377,0.24309894943734356,0.02616691529239139,0.06711607235774253,0
1327092,0.04084579651832771,0.048508747385989426,0.03029002933991723,0.03752207011678914,0
1775135,0.09747491256630555,0.18095124821758313,0.022481556751681907,0.0012741071600470498,0
1364322,0.04992313528001525,0.05492517938771024,0.034972888186817305,0.059843395650574685,0
2147717,0.1616006882619106,0.2954982500637525,0.030278092452489903,0.02384067747143686,0
1516014,0.13296757384191654,0.22710798062602544,0.02905745818335018,0.0534817303694939,0
728950,0.16309094588052012,0.2729510095605817,0.032251996289893406,0.08469921106630607,0
2547148,0.06832403592605853,0.11595823902972513,0.013983878345156726,0.03074876453824471,0
469443,0.28568261517630333,0.5019637815038658,0.030835091665449624,0.12725098462367765,0
245410,0.21945392543721984,0.3340310413566182,0.036809147174035974,0.20697830303349965,0
1749271,0.164605456101083,0.27952541886804827,0.0621690690313816,0.030960129788221845,0
976124,0.08266302415325204,0.12922706535279316,0.02657577925589779,0.0503837885004306,0
1900246,0.1144042098500589,0.19273757703706296,0.032327199400144786,0.04168630755741997,0
2705430,0.29018858597979935,0.5051286854624386,0.047257581665379245,0.11723484374483152,0
1974411,0.029551092559679398,0.037689613876328854,0.02435187609434118,0.0170036139660631,0
1956340,0.02805591334861211,0.03623683641586917,0.01930133267197589,0.020735476695423794,0
2056883,0.048845725333724346,0.06782540794904324,0.023934303534531597,0.03876365149421622,0
1956116,0.08243606957183443,0.14723843496473266,0.027721528874387804,0.002501967135758799,0
837479,0.21157305483208033,0.3578603534746324,0.02856103613073184,0.12037283627772286,0
1699959,0.023805217557362666,0.011624754326862385,0.024656715407330276,0.05297912885866194,0
2362921,0.04677332495688614,0.061678260486860426,0.023271843542509878,0.04476320825351481,0
971956,0.038693490290858105,0.02759670871923159,0.03417741665113275,0.07320955467951244,0
1104329,0.038666789571216074,0.05023410430606656,0.02065825752882694,0.03676130079767355,0
12784,0.16715764983984824,0.25564889502984356,0.031225548104894196,0.14982768946729105,0
359499,0.11930478516774196,0.1669731296708964,0.02421731822092972,0.1427651243300742,0
1052446,0.12075051276547213,0.20213008885710093,0.04555259870133536,0.030098443632605283,0
841989,0.2329315042782085,0.39092655587732417,0.03456839723697187,0.1354885358422743,0
2532473,0.15210067631791374,0.2642380901512025,0.037838804671093226,0.04314994920492267,0
266836,0.16130877198910928,0.26253937408790273,0.022349959299701693,0.11667048577623695,0
1517038,0.023379358747812634,0.017073892526688783,0.021080800390224773,0.04259086183700405,0
1589770,0.05703424611185204,0.09041557389276034,0.024594376800180992,0.02224073062708786,0
2213873,0.03950877140434655,0.04614138359761932,0.026536293041349832,0.042385958465659665,0
2087523,0.18511310736182032,0.24716683237729142,0.14294215965773233,0.09323521637927468,0
1580421,0.2169681375033646,0.3383072101636132,0.06304357437893032,0.14450730053939462,0
890493,0.03471742001829478,0.03351752044144429,0.028673108924127232,0.04678363560167232,0
1124322,0.029558243611028774,0.030229741434986468,0.020869137335876763,0.04091315846386256,0
2143722,0.0917102729470504,0.15920956776141293,0.017916320147395883,0.03365296511062593,0
951536,0.040643913229655014,0.042652095052448935,0.024780032691603126,0.05941927947974803,0
2508734,0.044606198470841164,0.06108272885859678,0.028778467429436416,0.02715646906355926,0
363778,0.25448466825609567,0.412125520913168,0.05264749472765884,0.16313829690607004,0
720936,0.04298787293394592,0.041829664529091426,0.0381495352632845,0.05314090045207428,0
1841168,0.028850077431330237,0.028570381988221594,0.02271000696291105,0.03875942174173061,0
1916190,0.290056559146845,0.43275901168352715,0.1533389133866745,0.13837689644539536,0
2070038,0.07130592349928941,0.11352542826719458,0.015720690339485446,0.04913501131923237,0
2473192,0.05514991840720207,0.08304144719509365,0.03074078119284518,0.022034802259008442,0
2276367,0.12090372934243547,0.20366086268584516,0.03585742322886142,0.041580355154272344,0
863369,0.12069522942938304,0.19611128330497818,0.032022715860274935,0.06516386509405735,0
2400120,0.2263107334489436,0.4074092840123813,0.03245105264463496,0.06435387824681227,0
58959,0.17359533789010184,0.2724911692646662,0.035106159160694504,0.13408952754780198,0
1006867,0.057270803927291565,0.04284219094859443,0.06603746932026834,0.08019233828456925,0
578664,0.07207465634237091,0.09589846859140005,0.02448343177848592,0.08390196256562549,0
1468773,0.03143573483673707,0.04034418990134314,0.02405371031645221,0.020237633955649165,0
347161,0.13555018559126705,0.20375877202061754,0.018038957696730393,0.14129556135969587,0
1207875,0.061720619292720526,0.07139815099876445,0.030797801423167126,0.08391101683194079,0
1836576,0.033443369703482745,0.037875335696311296,0.020383953021934555,0.04195257974373366,0
2536681,0.06300080319821053,0.10701080310249644,0.015562621974576162,0.02413307527294732,0
1399273,0.07189494182589345,0.10538202579383305,0.041710719164759845,0.0334535658977449,0
532957,0.07152759354639592,0.09226498159861829,0.043416345777091254,0.061850995069796987,0
730487,0.03537517840707161,0.032708395383272304,0.024361600293366696,0.05856250313712725,0
2121930,0.04397508565202193,0.07304463392534055,0.008737926349866304,0.024156953921958796,0
128006,0.25392982050095536,0.4174744617644992,0.03961402267677067,0.16654191407837285,0
916687,0.13421034499963286,0.22475107536252303,0.03801160639243545,0.05215662700320348,0
1269147,0.04227829995155683,0.05667423197363197,0.026196693797014493,0.030410879128182505,0
177211,0.1251146927335855,0.16462499235861494,0.02692870509237455,0.17361792513282825,0
2613326,0.20035437810785292,0.2880831626052024,0.11520424384316047,0.108757618261518,0
1646124,0.01784278005517466,0.006760887309981922,0.03131670952937707,0.02533661770685289,0
2766863,0.29696468589919667,0.48277097140523484,0.05712329825622419,0.19221105359855992,1
491097,0.129699454703951,0.22759076159661595,0.02137355258016285,0.04746004065797091,0
1712809,0.04289779932044188,0.04101402986664249,0.028737102268259294,0.06884826853321423,0
2174312,0.04451101269412474,0.06480151475467433,0.01875464377160388,0.03241931092653203,0
2036088,0.0418027751145992,0.03861129328928414,0.05262117922623621,0.03355387351043133,0
1455128,0.029534183942862204,0.028694381512794465,0.03262923065114232,0.026991119955611365,0
1550236,0.031636006018257244,0.029403716675345803,0.017888199739444912,0.057838438793754325,0
1083370,0.05209713767745238,0.05246783993300941,0.05833446773291847,0.041814386955360675,0
1468969,0.029540646133782784,0.028563573691263944,0.03443965600266834,0.024634812436751544,0
532105,0.06333118579220728,0.08646149091455202,0.020879948552696582,0.06918227884561151,0
2086399,0.14382653598325099,0.1875467550331137,0.1096164998166203,0.08584104260854025,0
2177018,0.038866411192239936,0.058611571912693505,0.017002616030556934,0.02229920213363054,0
1650028,0.12382373090806954,0.2007025327783748,0.05352621222241099,0.037073004260794275,0
1070173,0.05985336614070613,0.09393534017880978,0.019538232524859485,0.03512113146921696,0
1445722,0.15326777924570906,0.2695921842247646,0.02623231879484752,0.0530099574743625,0
2294957,0.06623174752059482,0.11771802899978512,0.00478378133776468,0.029687993096864325,0
1597266,0.22566510173553983,0.40276023648580783,0.02945050700324316,0.07724915695831493,0
2385122,0.061521100627129635,0.09049848534908811,0.02875354228128305,0.03822897634100334,0
2116510,0.06005234043079661,0.10245153438474364,0.01954581088490863,0.01481414986476104,0
1342900,0.10486485261248576,0.17346427553065447,0.039368186119933105,0.03161129505589302,0
1183500,0.05297100285187763,0.07382295362607094,0.01548682805238855,0.05706738811562796,0
889926,0.09069430972841602,0.15511695029761186,0.02682991958651051,0.025434293518284686,0
1017883,0.09861975481362145,0.1229670196000644,0.056251141264552926,0.1013045131711169,0
2396642,0.08474342573219537,0.14514308123658848,0.01788682563319152,0.03402918711971843,0
1660747,0.028773566116944472,0.03418401497758505,0.020605563798646646,0.027499447442789763,0
533197,0.112423127150276,0.17923413223985973,0.021711509278956154,0.08146304123329648,0
2050817,0.08369944344760831,0.1330459076248891,0.03597996821973517,0.031912495846215985,0
244367,0.18317882461083465,0.2644369729780336,0.038059618538746356,0.19771226280096973,0
34354,0.190769895123002,0.30456039227310294,0.03783124952011548,0.13570162065207936,0
1895112,0.05263000416772097,0.061941374842468866,0.03407596231562778,0.05718264025899101,0
924080,0.04022395828135527,0.04677884133313226,0.026765063290341343,0.04402509313843371,0
32460,0.14884548520900856,0.22054731406087147,0.027534498657971293,0.15155739290590714,0
2018895,0.0483658338905206,0.06519623842362365,0.02492833807633776,0.041446066279037186,0
2720416,0.3169466325190804,0.5631124879766483,0.03464117056228723,0.1249901868103506,1
889874,0.037122775967652746,0.042558277722520854,0.02129126883642846,0.04728128227731892,0
1800176,0.018827003726310472,0.010782592302092109,0.030813961478018157,0.02095759565929485,0
2077184,0.06862781627522746,0.07993740846341102,0.06011866768214998,0.053117558694384746,0
318536,0.23448651017969452,0.390353575959578,0.04273521757977201,0.13244578462986956,0
2622992,0.17424634510116052,0.2442554467629583,0.11891722672438075,0.08221726851183567,0
135327,0.11477524168221609,0.14951774195508283,0.02709017777254584,0.15944658686455465,0
2060615,0.0529115017516251,0.06808015712861915,0.024306979065438303,0.057896647338420176,0
1719107,0.07527396728576048,0.08831795848841051,0.05357353236395916,0.07521464166183736,0
2696884,0.43050119307205115,0.6101129663033538,0.3080830075156863,0.16509903832834172,1
2381492,0.051406109344777046,0.07343238074882419,0.020280696443503447,0.04302855018656959,0
1138128,0.037513352462962675,0.0418283333570586,0.030059050951738275,0.037907352494559454,0
2497961,0.0350861559861508,0.04659386697879431,0.02381720135350668,0.023220310453508235,0
690703,0.04830324162854517,0.05943277014159398,0.02442591273457236,0.05629541368688236,0
231950,0.29300654532532033,0.4519787219710766,0.09041130967918584,0.19946895718013138,1
2413060,0.06649251858690328,0.08649556760867882,0.03401264028798921,0.0652047134808355,0
714712,0.18371074896680323,0.30925391362286747,0.0424420216432324,0.08175592831199881,0
2120678,0.19228828473777484,0.34432783278016954,0.01730259064657842,0.07466795576858269,0
34699,0.16080681538127184,0.22866321786095534,0.05117761142180389,0.15560961512126503,0
961498,0.03557382052946603,0.0230038471147328,0.03898577661956331,0.06188081993115319,0
549722,0.058539306198104095,0.06600205534768944,0.04170319157177029,0.06513660526364144,0
93706,0.23215030517134644,0.39252472557395823,0.014297603091891337,0.15799330728399957,0
26437,0.18409290342132467,0.2733566976056355,0.05179036350440214,0.15938722783593137,0
2321272,0.0530736353924172,0.07942943669543268,0.02673835264501352,0.026687056255984026,0
2293510,0.06980730768642007,0.11242312099250518,0.02507832780081983,0.03036124424960772,0
1616317,0.026294590323628707,0.03418612317042602,0.01639223039437712,0.021419298100512806,0
1045227,0.21047436669023542,0.3637424731112535,0.011696347777363178,0.1254711290069986,0
1972076,0.04725207265723848,0.0631226898056948,0.0367473850242263,0.023332561235615952,0
2713539,0.20383603292896516,0.34084503090275386,0.04325552804497687,0.10218429532047585,0
1219786,0.21328201737283797,0.33551312217830676,0.08342088770580824,0.10249594985971053,0
15114,0.17523410392195515,0.261443058035404,0.04406353435446854,0.1564675729895628,0
796380,0.11288417815382412,0.16079204938324432,0.03752149705136375,0.10615852173396419,0
2527545,0.07006287010240077,0.11941615544481632,0.02244126403821676,0.018112065842637897,0
554187,0.2495552703569992,0.4261092246292323,0.04660270913468206,0.1125992265098922,0
1086973,0.07162894578973647,0.10393086772907612,0.034894147485114,0.04597633839832107,0
2468431,0.06978372887381609,0.1207033128641064,0.010566701039825096,0.03131031064907682,0
140222,0.11739943094531972,0.15873412611385784,0.01993979947694403,0.16025214022653797,0
2396143,0.05377233919313158,0.07676811637915093,0.022996452968344974,0.042446725565263105,0
441226,0.29081530991920146,0.48822807857323325,0.02951259430810741,0.18923746170076303,0
702902,0.14967058610244174,0.23916384018914072,0.04668562766569312,0.08041488854081727,0
1182659,0.16487692981637014,0.2771821046930869,0.03414511275935664,0.0802117182100985,0
587780,0.058878714972508184,0.06958830507224323,0.021033144072522977,0.08887309607314836,0
599547,0.15270203144190192,0.2446158951103412,0.05538035176434871,0.06889989178713354,0
230260,0.1602136553295886,0.22007309359781901,0.03771853899687616,0.19430773415808117,0
1329305,0.03958170343240845,0.028551003515362994,0.0529079617093767,0.04716906580956971,0
1237807,0.08153127535519064,0.13086954568657216,0.028094627677557753,0.03834057104318615,0
1162444,0.047424552002873405,0.06162627529124931,0.027728614786983016,0.04146414960576925,0
2061041,0.037799480014378634,0.04240034723031372,0.021357855655612063,0.050959748512690785,0
1382606,0.14286474251115283,0.2414429096167502,0.018740775518738755,0.08260527523578066,0
434899,0.14147463042126984,0.1913186198198228,0.04160843303617067,0.16666395300253614,0
498287,0.20120978964346528,0.33050605876246586,0.05399120672848488,0.09879699121843442,0
744964,0.04786177919142166,0.0515957771519302,0.03687769678518572,0.05500290789950422,0
775927,0.03532909963635399,0.027636504709023346,0.02210686782532152,0.07439393467122932,0
564745,0.09630515727713729,0.14326749498394342,0.02708700034353268,0.08272654841052884,0
669410,0.21548961730118185,0.35305803022895277,0.0858889373200774,0.06596960495341127,0
963949,0.15364806268266026,0.2619309630459309,0.02540751506947975,0.07530163319425447,0
1324636,0.06704150838470296,0.09776414956463131,0.04153846411974322,0.0284894718323217,0
2428434,0.3771846834124827,0.5300046539635817,0.2861165594371467,0.13173694299773903,1
2613720,0.20788361117863116,0.2929672954949821,0.14112601901548041,0.09531078863247987,0
873924,0.051227358255934226,0.0728277018363358,0.02069433543574527,0.04302603353521371,0
1955799,0.07622093866101513,0.11589418129987417,0.041736970143346236,0.02876378484037086,0
832836,0.06083558010947526,0.06640430319581647,0.026977606991664013,0.0977007320703391,0
2110418,0.053539133153665396,0.08352018102856473,0.028428233632847515,0.016252862747643895,0
1543007,0.05086355804633261,0.06750377716345579,0.028430149372314712,0.042913123264551496,0
1104568,0.04034628183825243,0.049877819571874316,0.02725543241877085,0.0361537116334201,0
2280402,0.06659972126662436,0.08984221581393192,0.05476896334934565,0.026239621774273525,0
1237833,0.1083302809923676,0.1790641613329571,0.033048769006461545,0.04441784811975295,0
1808392,0.030032052310709923,0.034041355183217936,0.02540727532698252,0.026945960605030995,0
103408,0.11809327649826008,0.16061378582821872,0.023843451757537944,0.15316674028444674,0
2026206,0.09347023815716661,0.1612083005148549,0.0340707984019098,0.013224241895831091,0
816505,0.11008260697257463,0.19026206494970388,0.005287047430329039,0.06682730134311989,0
680036,0.07749075608049416,0.08966290104478847,0.06866339087752861,0.06030144147420674,0
1488611,0.02283728813143447,0.020947670006654873,0.02046451965606918,0.03112048615643142,0
556428,0.26513439681337836,0.4632044678452846,0.03521838354073507,0.11483323914257783,0
1092315,0.15728124732429216,0.2760193788148274,0.031312675906560616,0.04938877572455128,0
1270954,0.11248338157619693,0.1970829205772585,0.0400595171627605,0.009620330693697629,0
2321577,0.03334546444059836,0.042010305383633595,0.027198414614034373,0.020903936822856253,0
537933,0.11456527849623956,0.1915558182404694,0.03068036820116407,0.047916294578278174,0
2530568,0.06026350038667604,0.07494482173476902,0.05603862259633531,0.0298975137019547,0
2471293,0.09964327876744468,0.15430643056688875,0.052001521978467025,0.034448034452301,0
1731962,0.1362064614832668,0.2263276625244358,0.06672763291043132,0.015121701739597404,0
369160,0.295156793274541,0.49817291797808094,0.030270053842833593,0.18494659066325225,1
150944,0.26191995153401965,0.4314461774971464,0.027303956417967852,0.1900283793002804,0
1923847,0.0807456754370176,0.12840777097959977,0.03188635262587575,0.03487942079727499,0
1066920,0.16782359051712695,0.30245129625364,0.014372621413068621,0.06143077983193187,0
1062704,0.06834269431561071,0.09651896448486963,0.03693691541443324,0.04501068724422964,0
670408,0.21196404672482796,0.3648346107183177,0.04743184780949007,0.07658593511411052,0
993955,0.04160527373798495,0.04197213480227424,0.016933738100238526,0.07769542453388134,0
371817,0.15392407896876178,0.22798034093023756,0.02738654922604484,0.1585897186791478,0
315259,0.1078223808063152,0.14768779761273998,0.027584111016119215,0.12851624347554724,0
1740650,0.05854241326987794,0.09615912388051828,0.022625296423504016,0.018376312012837986,0
632578,0.2958803534173795,0.5044833197221839,0.04495672587036451,0.1507583789758912,1
10120,0.2326619133415274,0.34128684006308085,0.10591512034485678,0.15121978603264954,0
1657615,0.1501728205598746,0.2696413051862735,0.02900776757371968,0.03324918847310986,0
2055239,0.1741862915790427,0.3051313322004283,0.03678879203047299,0.05291993934843318,0
618151,0.09504450113111863,0.13501975148535073,0.0332358518817541,0.08781934911958522,0
77055,0.11775709470186171,0.1629416430151851,0.02430524816773209,0.14497349371974766,0
12520,0.22444794309858365,0.3474871930591642,0.07606277591160934,0.13942756897759384,0
2746030,0.28000312144109063,0.47526181717771554,0.026482450008130674,0.17213738924896846,0
1218406,0.09974973764778733,0.11717611154098773,0.0737750881970567,0.09514577709088225,0
169134,0.12342872946579073,0.16964645927526445,0.025144817371144844,0.15531027308407527,0
168902,0.23354890547573381,0.3854595500219039,0.020067757078388104,0.17399401670632714,0
1877125,0.04918809697920341,0.07362005704094343,0.016754528563792594,0.036758549447969587,0
78391,0.11689835163695131,0.15883487043739775,0.028524886925033303,0.14461725170371223,0
766008,0.03556198444981441,0.02633593438228199,0.028729687747854823,0.06887555467158485,0
1696497,0.0703208567417934,0.10266207811747641,0.03932163213269706,0.03596664021623043,0
2323517,0.085414263504909,0.13126289365903931,0.04402319782832065,0.03287928663446571,0
718683,0.06895583329785279,0.1050327226603257,0.026674427781633158,0.04218571816599998,0
883428,0.045621847975445225,0.0584770946608445,0.02060600491396183,0.051007495854172115,0
613601,0.08835189575500205,0.1328810136177907,0.01576687439505989,0.08590663313794367,0
2474429,0.21821992622255743,0.3801958639524272,0.04233245878403765,0.07711128305566266,0
21134,0.17353694001696984,0.2781544484759024,0.018717770087930196,0.14422192376319784,0
2181652,0.04535647508293857,0.06641351757255631,0.0188934103153616,0.03240846601025968,0
2362968,0.06194819757391195,0.09924068565480826,0.021522602609018653,0.029355369819011105,0
2473712,0.06516820521218743,0.10978243274168797,0.021853403574378285,0.01860483884514978,0
2600523,0.10726682936512155,0.13938553527533692,0.0766325629117263,0.07292146426967595,0
1291122,0.04240090685359489,0.05878350866823345,0.025187556767599997,0.027264427445990808,0
826674,0.05773133790691056,0.05857733131567222,0.027788990644868145,0.10052987527807002,0
456256,0.29256596527005463,0.4739463966799399,0.07983064324878009,0.1582178697772532,1
1886013,0.09283206535347183,0.16842596064741544,0.00797475645632529,0.0311332904643326,0
2516576,0.041481963508428484,0.0570553974495408,0.02229308223816967,0.031331700561035916,0
837290,0.26148032519404363,0.4581920141809054,0.03346847099966248,0.11171888401846089,0
872118,0.06838538443048275,0.09916629333646021,0.0274065219683163,0.0529014058587888,0
1008461,0.044115125710304945,0.04293610065836562,0.019577750709697708,0.08386875084106411,0
1428637,0.0504488139268798,0.0623127076969473,0.04504520667544112,0.02889449037886908,0
1548554,0.0322697175882798,0.028153900566234014,0.020673918094217095,0.05995295938448834,0
841304,0.13108783640782068,0.17790342257308067,0.053982680965025495,0.12970660415886354,0
1760526,0.03680825094596309,0.04451648562491528,0.0339333154595376,0.021850067478220846,0
1013232,0.06911999172905714,0.10657820870585066,0.011999900847093438,0.06115458561001886,0
2318364,0.08550526706130149,0.14388191771703573,0.03873089643190205,0.009725196366064991,0
2490561,0.03991210195538735,0.055890703803883945,0.024581779951887095,0.022961080339396235,0
89318,0.2328683713605147,0.38992373647696543,0.025233713519805436,0.15168194533045165,0
994214,0.045758876148372866,0.04091686697239749,0.029492464779890114,0.08226351614103541,0
2102668,0.052785828590321104,0.0802157622433054,0.024236465479290193,0.027035039124406732,0
2078241,0.10323130458090216,0.1723561579080879,0.02868908909010578,0.0422324944991324,0
652073,0.11254850731841734,0.13890179473446762,0.06161620233871363,0.12306374624784717,0
1968671,0.030063417408502352,0.039577407980608825,0.020792995973496164,0.020184073130745453,0
155921,0.19433160373096384,0.3165056701468034,0.022289553919081835,0.14695951240918778,0
810888,0.05193255241597072,0.05761672935512929,0.0206360791325336,0.08466681999322999,0
2033273,0.03195563543633344,0.03497603023456741,0.023285457202238947,0.03740991579189024,0
40667,0.13972480427305126,0.20989534911810648,0.018619337453044005,0.14595664239042405,0
990585,0.08707084559727546,0.14024649360137642,0.023217651806657958,0.04991151627294931,0
292953,0.11258441520461432,0.1558918348694065,0.027263863410655675,0.13229669373357184,0
2011251,0.055073215671659646,0.08050988336835863,0.026359509541770385,0.03455210562474608,0
74356,0.1311580589033988,0.1826291858225353,0.03292920308398476,0.14982352533467858,0
2054580,0.14525804706171624,0.25281336597726445,0.022395878946694342,0.060663001945378575,0
1519559,0.019660326765211227,0.007833016883261101,0.024389608066200434,0.04213467951860274,0
2702859,0.3767467950831595,0.6453608953797352,0.09225889127459605,0.13194340005456553,1
1977536,0.029530046156047582,0.03965350163100301,0.020638639501591928,0.017558517450342495,0
2714757,0.19797076779965042,0.3262674638846508,0.04775624489077418,0.10255081195046398,0
509896,0.17782349920481347,0.30850829922869294,0.043546199159032815,0.05252744921378572,0
514120,0.07493451460802014,0.09274667571626516,0.046943817755129465,0.0723901571167436,0
1304318,0.1249703397696969,0.21789942156500575,0.025975885710270673,0.04113931637056418,0
259441,0.19254902029611684,0.30829261343923864,0.03228972060204754,0.14357898697941626,0
26008,0.17927745809784673,0.26630711624390335,0.0558834900916622,0.14679426474198204,0
2139879,0.0433910039503051,0.06048337399852055,0.030724816420179334,0.019659360124955116,0
291911,0.11922903907049834,0.14653547400285805,0.0683362574817569,0.12730212412271127,0
1465518,0.033751409649938294,0.04581119180817228,0.023434343849865816,0.01907755295446204,0
183911,0.18084123535811225,0.2758335348879125,0.01876676774131254,0.18647218795881113,0
271846,0.12967084579289437,0.19001691894630557,0.032658435208168385,0.12432427878645533,0
2711981,0.19883989525276116,0.3310052782266273,0.045788949118179635,0.09800285701996816,0
1609597,0.03514548798260403,0.04495265466768139,0.026147701196752783,0.02412425144868749,0
2184056,0.0328670093183906,0.04038911366968323,0.023886477247810903,0.02753254654602859,0
2709502,0.20892624183408556,0.36680648557249385,0.020808545018460786,0.09640217771150207,0
2164760,0.044137192527395105,0.06241088039193876,0.024819644476438175,0.027429294942471358,0
1988939,0.051399379166001624,0.07731968219005791,0.024153316504686644,0.02746771559783337,0
877554,0.07832384685148,0.12235064119195649,0.03563613125993873,0.03228843438760062,0
234101,0.1587748700006481,0.21923994492647847,0.03261090286119201,0.19685813339525632,0
1842241,0.18930155171443266,0.336794248181557,0.012633343793991189,0.08557212242728397,0
1953122,0.03205822604615483,0.045973196883508316,0.01602946965651159,0.02131393353723597,0
2455665,0.11468981820838307,0.21506716035026063,0.013999946827883284,0.014781269924438888,0
1336971,0.05823813654558018,0.06731880198020501,0.04000845347865935,0.06288099755939938,0
2082174,0.08724667640644806,0.11331484396863012,0.052670112539867496,0.07394110330086376,0
891159,0.04401517303905437,0.03939532194253892,0.05124784535624506,0.044715792304556946,0
2260799,0.1967912706796894,0.2983698437105271,0.11311666752295584,0.06835674283769554,0
157312,0.1760535178254013,0.2781178114506918,0.024367558707212904,0.14842172243945767,0
2660866,0.15754647170748062,0.2713436318062469,0.02226436387587567,0.07597673320797241,0
1646613,0.4511639022330406,0.7346764842721464,0.023683212011181832,0.38360348246806425,1
1084879,0.07911007529704692,0.1305086835802841,0.033800144677422296,0.018578450518390854,0
1830602,0.12761436718753863,0.21509680927969943,0.042691173445947986,0.03629305256952258,0
2370194,0.05085102793519528,0.057547358980171937,0.042316107894567266,0.04691258038369567,0
1629820,0.029968265011386185,0.017553140399707234,0.053937928024886936,0.025051582020332426,0
666406,0.10862400421029177,0.15719772368189666,0.06522320031315545,0.05229091137698401,0
2158875,0.02550881129274289,0.035142428723777375,0.01357225601297054,0.019329600634815217,0
889666,0.053187023520278986,0.07596505697921496,0.028440409315351786,0.03336186118032983,0
1144173,0.09002098621968599,0.14271305951393887,0.04585936402773786,0.024533236271976004,0
2175125,0.07535991201404224,0.10398830670959536,0.05265990608864913,0.03783893416324914,0
302893,0.10928101169196247,0.15258390289419543,0.02385404329509142,0.12916423628168666,0
2477747,0.05300644437642928,0.08014504014684998,0.025571685337003106,0.026312093509516823,0
770654,0.06595889586623785,0.080995242926991,0.03039430032612061,0.0817149215245308,0
448120,0.22568986104120753,0.3242570997810835,0.07954234684359324,0.1984930354879389,0
2064254,0.32011228716157714,0.5447089676406143,0.03374606659046743,0.18816991682064882,1
2554840,0.07969485592166076,0.11611827895554105,0.0360138724109894,0.054157773602967085,0
1483935,0.03400626276022234,0.03772831391925602,0.027118582728587345,0.03503265491009065,0
2652854,0.20626261172577992,0.36604631244550057,0.025851590778226314,0.07741989134780874,0
2007633,0.11218718027669788,0.19512678851867138,0.04377409298403634,0.00745779061075645,0
2250494,0.17952578689714505,0.31921562542080295,0.019207273899699454,0.07077896008416859,0
2368515,0.06370400512671509,0.08676409128880602,0.0338714313076445,0.05080265045009367,0
366071,0.12647511424953764,0.1782058703703101,0.021977223485200877,0.15389506009411166,0
1302623,0.11955838755581956,0.21395715859403353,0.014601540692669595,0.04099673025500959,0
2628276,0.43385471286505256,0.6698891456781084,0.25661570015552687,0.10962714989670125,1
1744751,0.041369002535928644,0.0619921449705525,0.0187273451295056,0.023773632559003555,0
272497,0.15669174127068589,0.2399465839721332,0.04353281735530976,0.11829302039013186,0
1206363,0.05578129901946284,0.06492615793627066,0.020467079554900718,0.08589048092428647,0
2152104,0.04262968478095602,0.0544761703321921,0.04188175877718386,0.014135359908524072,0
1593342,0.06359798270268903,0.10455377677064548,0.029503527780917974,0.01235017991545446,0
1090173,0.03583124913807314,0.041989575626434794,0.023020927977947366,0.03965091465735765,0
2659784,0.20811377590791102,0.3753212877893327,0.02265239096878294,0.06828707361304888,0
1418804,0.16195600318521436,0.2759137066043281,0.05377881528028256,0.03932752649482764,0
1109516,0.15950163845491347,0.276982917824229,0.03446229670203067,0.053357452660948865,0
2059057,0.1341641055113535,0.2244051521003061,0.04886618169045071,0.03650837477032609,0
2601765,0.12041517910569748,0.1842092935764964,0.042248520079405265,0.07817988146813849,0
122995,0.1351231880549704,0.19228483151049425,0.022617730072622605,0.1609772663896825,0
790280,0.07688074023270879,0.10291565871099462,0.023009830939701045,0.09259980797650581,0
1967169,0.03763517344145122,0.056430677565237564,0.024153740418266807,0.010868562666761963,0
2727980,0.2434299385036484,0.41823429132819123,0.03747755445001744,0.11534763252273784,0
2036949,0.03754634844132662,0.048880462615122244,0.013161176583881681,0.045788820793004975,0
1934417,0.051340915495059675,0.0759831303081876,0.029759856975494478,0.02210696624158769,0
321488,0.10589424245227151,0.1481747961314649,0.020520879756125515,0.12825290229850705,0
1049979,0.18106681064409885,0.3097066486075165,0.053329349503224786,0.051073407446865816,0
1774172,0.03798319235178087,0.0435872828719327,0.03779071687501356,0.024261679266552233,0
1075065,0.1671766523049979,0.30245129625364,0.01259643270594361,0.06086037183197424,0
1693951,0.026929273841162574,0.01470627586549178,0.02776647795910025,0.05623096260343304,0
460531,0.2604588535954433,0.3950828675768183,0.09272720763773194,0.17549628757857283,0
350966,0.11769826964403614,0.1452624299550449,0.056355274066377095,0.14080236223300274,0
2105719,0.11328072857465141,0.200356113935251,0.03579567643314932,0.011819843385405628,0
2640926,0.17722908117881275,0.31748578061665034,0.031009550702588578,0.04591662829855498,0
1892458,0.10504318294968898,0.16269852208945446,0.050690886382526675,0.04243327995101875,0
1692209,0.02202115029745727,0.010772757967953517,0.019662269188516088,0.05368045278462843,0
2110040,0.05029375427796991,0.07174518837589039,0.03500494152177158,0.01959838816746622,0
2297011,0.11069293509461887,0.1969299137913474,0.03561701174188895,0.007714373381892501,0
736435,0.03464327446274163,0.028464242746766066,0.027256810989713158,0.06117054896222326,0
859369,0.0705749131238293,0.09867298508253164,0.036011448044614765,0.052174930845895216,0
1260555,0.09649422118879288,0.17046862915998084,0.027264955675801734,0.015402099530309667,0
1393884,0.231342092076744,0.3728539500207244,0.07628613836153283,0.11014637778960967,0
1975242,0.08930455216950281,0.152694644375035,0.022252870939660083,0.031406843500436474,0
394492,0.10971514376867364,0.14467924594596382,0.025477123114643396,0.14866191930649353,0
43394,0.1404889708856523,0.2040247084157214,0.02789354048869408,0.1505427726559168,0
1531954,0.05637460777286806,0.0556863480269878,0.05911544876763576,0.05398399564541716,0
487027,0.09865016360634868,0.15131665021849927,0.024466628321759686,0.07825925000285563,0
1015695,0.21096058252022937,0.3477569448173481,0.0498350574986276,0.11065796430983511,0
2286309,0.07210706406725262,0.12478878120998571,0.021886468834438007,0.015733664059641772,0
496808,0.12811487042329767,0.22426794988268783,0.02157965540345511,0.047534994304586,0
239535,0.3428745543621916,0.5825559577870105,0.037262781319327004,0.2020887053644413,1
572309,0.10228294051604503,0.1545661035023328,0.04182966659161339,0.062254943936973076,0
1649192,0.12695070146030543,0.2209690419036887,0.029939705914175965,0.03742134367104143,0
1196617,0.056554459379914476,0.06022529321972003,0.0436332360248074,0.0667592098130612,0
2177108,0.113162981771724,0.20242687074580457,0.03243041950144456,0.011102102741941738,0
262928,0.1309664335497121,0.19111627988372326,0.035235329301127695,0.12418847408756076,0
2690362,0.24813167414192178,0.44452661507086755,0.030917534858611533,0.08296553074452274,0
1014726,0.07255439163485616,0.06817583027512941,0.06542741416972814,0.09419126123186512,0
653498,0.12308557452453364,0.16030319436232343,0.05599220817000294,0.13068157446185524,0
318767,0.2507281225222465,0.42771271443146264,0.02185976054373538,0.15156918571697306,0
1459120,0.05327409665993197,0.0855721443811035,0.026651644034666924,0.012462656294900704,0
236015,0.1532303200373076,0.20141966725783567,0.04684261641136609,0.1923385074248997,0
2143261,0.12749481799947135,0.23192781525085215,0.021878644249213916,0.024836585496405484,0
2135751,0.042437722850312914,0.06042977286834328,0.030284038389081693,0.01568812449708383,0
685333,0.04855896412698484,0.06349924401481155,0.019024614896707363,0.055509788252834286,0
1921309,0.10256873351625667,0.15950209198389675,0.05146107435213459,0.03689682609333961,0
1025010,0.09321439209080001,0.12947095276752396,0.046069350719954875,0.0732905524552579,0
468546,0.17908884913012874,0.2849661400392065,0.0581877172959097,0.09574731960876286,0
1562839,0.04930825018825086,0.04978309773667855,0.03471801729876554,0.07000648065140959,0
947902,0.05751336550122231,0.07718849918063697,0.019822029015268177,0.06486253603161683,0
1385055,0.10154738149011679,0.14265731678251337,0.04133116712920795,0.08909686480048859,0
962229,0.2212021852448616,0.3936036340972723,0.011097419437889215,0.10535571182429342,0
1379604,0.1431331789722242,0.23884766131722135,0.023917996109490212,0.08266974740383226,0
786416,0.13429079478273,0.20111894744495107,0.044727557129744175,0.1015652696066561,0
1266204,0.09679302117063722,0.16863451040734434,0.03396608664707325,0.01142969986421535,0
1675013,0.07878443001260924,0.1379802880795099,0.01696706260894446,0.02352083595085475,0
1474039,0.044124366676021695,0.047586715410505964,0.055285330423918186,0.018727049217966276,0
2741273,0.407637520209023,0.7180615007910657,0.026006828397165154,0.20402360647170295,1
2047654,0.033725637163522615,0.03467820504225716,0.021896508759290147,0.04908791007303494,0
2065830,0.0517357190248795,0.05899326040184971,0.034155453506447365,0.05996226386010215,0
1382777,0.05488771015232981,0.06926604158419358,0.020011116649466497,0.07125677182696534,0
2299945,0.0393655425104985,0.05965591349743804,0.01883247288134798,0.01943921948687543,0
584291,0.07299873697582866,0.09057073296274376,0.03107161245964864,0.09195943378281098,0
1078450,0.22008188310893106,0.39560151979468594,0.016004463224783053,0.08739892122076591,0
638066,0.2564543409396178,0.4305245871402499,0.0373367379507554,0.14995512992133103,0
2398057,0.042157757594859756,0.05078391797000792,0.02212614430881895,0.050639776586050574,0
284224,0.12539937718505442,0.1878072725280684,0.01732455767798332,0.13149186808812613,0
2518576,0.18136950114513328,0.31681768270341004,0.029494297232318157,0.0705618531186641,0
1593684,0.08127845384084537,0.14393795073997373,0.025632111271783106,0.00809922544661783,0
1205010,0.15041823281588876,0.24807990575702832,0.028267502205772805,0.08949014637821386,0
2271020,0.10858862973077647,0.1824349184587345,0.03079614603500032,0.04066163345454567,0
683739,0.05170554229714056,0.0668348578075253,0.02298126103871889,0.05696867540881125,0
2564951,0.04969054064007778,0.07063397343927735,0.011895597485790837,0.05402437337350928,0
2448997,0.062166075560150996,0.08964698962873052,0.03698767832591936,0.031231386240049647,0
226272,0.14992475951692022,0.20650135569902395,0.02572028015757087,0.1947899881006849,0
2512346,0.0605456318627148,0.08807645264541164,0.04137539363306446,0.020473937250448212,0
1904017,0.2059265621523279,0.3598493987682929,0.04425459439835265,0.06362742224337833,0
1404688,0.08077876246037162,0.12183619318516703,0.03965218171320786,0.03982505676912873,0
869074,0.053708993829396555,0.07700829050506486,0.021743602584307437,0.04340883900785946,0
1597639,0.04519061447815857,0.06361125362683118,0.031344413214483696,0.019908318501989385,0
1495958,0.022346124717039447,0.01784673958395322,0.02394386966482641,0.031197970128074574,0
932193,0.16781346241780323,0.28871434797146145,0.025991129585655113,0.07829474778187993,0
1420593,0.3185608021635694,0.5460507755799322,0.024707271516989194,0.19061616459253278,1
2704202,0.3175076935082864,0.54093489966626,0.07118638104945792,0.1284216468015954,1
1390390,0.08556893546728403,0.10503381767563336,0.048859868032204545,0.09197033109902993,0
2517499,0.05614307823176944,0.07041478333336304,0.052604214311998784,0.025772111357441452,0
1717702,0.06641355104055674,0.10114156249548412,0.018705938963261795,0.05115494051918076,0
619370,0.06646516588273324,0.07305369684737528,0.031064789236512687,0.10309440344045893,0
134250,0.11810457970674108,0.15713471337147944,0.024592583690576333,0.16079723956914233,0
2002924,0.046228987316562754,0.07270909765867961,0.010475344591802037,0.03365917554841169,0
225141,0.30268989432909404,0.4880593663733763,0.05661367468992312,0.20838054367714462,1
2331485,0.19221488894258795,0.3458888904592504,0.03252893572472969,0.0475588149777193,0
1264119,0.09646765698902733,0.15843615799816746,0.02935483319183501,0.042215640161965495,0
1933744,0.1135381948280534,0.21044514698267747,0.021421612216184067,0.009445688359297193,0
2470069,0.16165961379666616,0.2828560944361088,0.033700328546970346,0.05060734007260331,0
37494,0.16006136518893074,0.2385422868065128,0.04051979362156929,0.1431714184960178,0
125733,0.12974662845689663,0.1892709766501972,0.020122350741136018,0.14537217454728613,0
2221884,0.20403080181267957,0.36079239489837056,0.011814780096306291,0.10045085167301213,0
100204,0.15062950162477542,0.22327281393000964,0.0393791687142757,0.13589672022743954,0
1523341,0.04552934868317485,0.04723724050873157,0.035663580452318454,0.056058271465567626,0
1394995,0.1963145749331031,0.24618603121949278,0.1600651887152295,0.12601001354393912,0
73564,0.14433329940622905,0.212214723095714,0.02431382083553922,0.15465895803855137,0
1523446,0.03211929059572219,0.03315593628616986,0.02036401909840256,0.04716058361558243,0
74338,0.34733365503060837,0.5709801430764583,0.07013061955335462,0.2040219881318642,1
2313779,0.04920078303708037,0.06831366886179868,0.03502214745580838,0.02268652184719261,0
68696,0.12523081892262797,0.17351978591739137,0.03155064139240819,0.14502866773104914,0
329885,0.11187778394962908,0.1549827513829316,0.030516585012456413,0.12615716377213176,0
2713921,0.31954277754317506,0.4863934442961966,0.17902459491913988,0.11319338459667408,1
36994,0.2630944602204766,0.44008838192570765,0.040909736262179426,0.1538867418948448,0
816650,0.06247848790573959,0.08532919569269248,0.014969201323004082,0.0766156483124606,0
870415,0.059859173985719,0.0816733495504599,0.029910901881153428,0.050246143230715114,0
286208,0.15518022905892864,0.23664020193616975,0.03144788563659284,0.13712881199932955,0
953063,0.08571407205626601,0.12343641350289059,0.03341496392759102,0.06985688063271706,0
2186053,0.03432344830218523,0.03539533611710299,0.031010694858551315,0.036612858930341684,0
262450,0.13244988154950674,0.19656892524460245,0.025760015291518085,0.13218707169875035,0
2070950,0.10392344590274065,0.174062801308405,0.028106593844409385,0.042300335476076645,0
1407347,0.0583457642301877,0.08387395914843387,0.03168518527405255,0.03451614536877498,0
1292518,0.1367362474816275,0.24670314857613496,0.014992234217605923,0.04443501464139122,0
2703556,0.364906054300337,0.637769804052909,0.07009953240462163,0.12495646276248026,1
1711063,0.043058107839582305,0.04561093384353199,0.020846803918194254,0.0699929987117902,0
2521747,0.04590451959452912,0.06101821818794795,0.029742260949540224,0.03236366107846539,0
43599,0.14915614408730504,0.22074009232889136,0.0356693836899938,0.14042641407930614,0
537016,0.1105401796848452,0.17208421648231187,0.029133402018055147,0.07879025419136362,0
1465476,0.028756731153830074,0.03500562517851191,0.02405371031645221,0.02018902734819228,0
2652346,0.2834830209718493,0.4803421373162985,0.08747191402896992,0.08535189052504537,0
1775305,0.08142666822200048,0.1402532034082492,0.0166049303531805,0.03159293705960869,0
1016680,0.06951357505351047,0.08343534526761986,0.028223060248975234,0.09664492172503984,0
198482,0.11470965684371776,0.14660558565230586,0.01718222468604867,0.18126098305875113,0
316366,0.1156817393615654,0.16835719458457155,0.023924259301128462,0.12162932139470543,0
2410546,0.1821147412450009,0.31485477121925076,0.03476745700688864,0.07128559266654469,0
2583805,0.04975408091515309,0.07063397343927735,0.01211087781489134,0.054019154255235055,0
337113,0.1312490418904239,0.17797983584809474,0.06059903387540503,0.12039706901877509,0
227065,0.1565885279575124,0.22694919342095965,0.023161978534258616,0.18082668843377495,0
290826,0.11167009531553675,0.15372717996118979,0.027891083534738306,0.1321959013726018,0
143117,0.26157332848113085,0.41446682558803316,0.08239403523451645,0.14810852558379659,0
1839778,0.12411092844569797,0.21041882886557306,0.03589040173119654,0.04067196746776242,0
2052057,0.15664120192079364,0.2700467413175629,0.020059977171660564,0.07799919055257006,0
1422923,0.05203922808730175,0.08477839123431907,0.01945715405026869,0.01906443127530802,0
218901,0.14223535727647318,0.2073772456948536,0.016415053797360798,0.16811109144919062,0
1087833,0.14439040283397583,0.253450305770463,0.027467079349273053,0.04712563071981201,0
189012,0.13398319519117152,0.17605023838308487,0.03509552604583611,0.17714709092939132,0
1151563,0.0360260201247286,0.04108031773163423,0.02467075817928999,0.04042316902562244,0
1529377,0.15347707745802314,0.2684657332543514,0.02887857871128055,0.0529031860873164,0
2156343,0.127441376386947,0.23222866581357804,0.020463998929967316,0.02593921900583897,0
179846,0.21235762670668795,0.34458633549177997,0.030161271430399286,0.1550803876583909,0
1610168,0.1485928462718618,0.25822792100732095,0.034465837727205455,0.04569567225019851,0
2182058,0.09743608041764838,0.14169079448488575,0.06039764951451814,0.04235694160425032,0
1788826,0.07988859891985645,0.14364274611938854,0.026134013257884347,0.0011351094139843527,0
593030,0.20287352727582567,0.3414785690190294,0.035955905732413966,0.1067373552329338,0
149398,0.13445470961966582,0.18712450741558673,0.026904965034319446,0.16410483200788312,0
838958,0.10798527809668766,0.15119958658290888,0.04194460533325384,0.0990105160262853,0
1213999,0.06555425535086963,0.08672579969376037,0.021140307684631002,0.07924631599300075,0
1797486,0.04218208747578919,0.05448242742737586,0.03135929867202335,0.027665420802471308,0
1554891,0.054393144228691556,0.06149059098730825,0.02930393848407403,0.07428333594907612,0
634629,0.07318486898867543,0.08888421263714741,0.0184865567047754,0.11598397829334554,0
836222,0.09164044912575578,0.11067021825294943,0.04709958104530257,0.1108773284284515,0
69418,0.14463895922315836,0.21874815541365633,0.026794015825464902,0.13613338384345358,0
2427877,0.2716844905447091,0.4549300477690609,0.037928884827520264,0.16420400605961305,0
1117007,0.02852594575598387,0.02817126406695225,0.02073789558392192,0.04109472523665583,0
489778,0.12394967438738823,0.20882941468425664,0.02921272884814049,0.05385574195408882,0
1396476,0.1896030068988039,0.24226397470743166,0.14493382763691343,0.12495435627007026,0
2069329,0.049005046238074015,0.06226019493769808,0.01769229329142987,0.06283630390898007,0
2474058,0.07104044403475827,0.10768677315783914,0.03746465056201604,0.02978831143616945,0
1687209,0.026132135073181594,0.011948519348370934,0.029987419247538397,0.05580824812367302,0
2166668,0.04263170681133899,0.05637241346049593,0.03681164714899228,0.017010029681966677,0
2762993,0.28754820335283415,0.4842632262317267,0.0217259248968029,0.19449406383964976,0
2513988,0.03908037488422797,0.04848691181198317,0.031114851973105876,0.027512316931523145,0
1245761,0.13556048088590208,0.22844070596169264,0.03722919879353099,0.050856841334982326,0
1086222,0.035957754739675836,0.04306308638146361,0.022815675716298455,0.03790754417027247,0
1984531,0.04879134046831979,0.07079453500746546,0.02726703937871826,0.02606980575485788,0
2349491,0.04431914030749057,0.06027560532277487,0.02701846973906776,0.030378983621914032,0
237347,0.16983547878168254,0.23284426878198794,0.04271745655228572,0.20299053712501422,0
269508,0.14427066500983554,0.20366115554618858,0.051804014313107945,0.1344944147140443,0
2440781,0.09846489683410269,0.1670477756463935,0.023776737737780756,0.039039938447858545,0
1604065,0.11083560330477946,0.17471155035361352,0.05176648345292798,0.03974941546047148,0
514474,0.05115584880899633,0.06142786401911515,0.02584358610056822,0.06344420484634145,0
407068,0.11286304731426569,0.15381285614136364,0.014789088928015821,0.15759946282589554,0
95762,0.1363581700872184,0.19589831974535787,0.03527475510733054,0.13913291841170147,0
1501294,0.029270762561406774,0.023326300577452774,0.033751819292856644,0.037410332424116954,0
73619,0.14516767785813572,0.21976403995918103,0.026794015825464902,0.1362372656545286,0
2412788,0.23102076633724578,0.38617449145782956,0.05003922536621884,0.11460876499232672,0
1821092,0.029523787677268327,0.026706435536355877,0.03422116980041267,0.029521094844832955,0
2207953,0.4512199126189891,0.6345075493219214,0.09290421023095699,0.5304743744437062,1
2013275,0.05442779690196611,0.07996779618791294,0.0372173781829478,0.016393426765626513,0
1070720,0.055457870451580744,0.07837188646980242,0.030423247886014283,0.03572476425437625,0
2558207,0.06401471455947164,0.05879063257414929,0.08548300794536907,0.04487247944393134,0
2754039,0.25971938339349554,0.43214855180157374,0.031138216122968694,0.1715182132790902,0
1380568,0.05154538796657996,0.06344568407799167,0.01794667288057149,0.07219272031706338,0
742818,0.32639244812013235,0.542088026751226,0.034981748204243844,0.22426955141623106,1
770862,0.03549483125086785,0.02587591405649914,0.026987015384925435,0.07230384803570325,0
920210,0.14883744311001235,0.2626385547412666,0.01884103138793175,0.05932928161499752,0
1835752,0.01616734495074438,0.008455383134289729,0.01691072120780264,0.034332185106293614,0
1194017,0.04363895715657814,0.037812235531993976,0.03304465676295588,0.07409721180847191,0
1869334,0.10803169685685401,0.16079178012073658,0.04599487787423796,0.06918671717107162,0
1038189,0.22766173895775538,0.35461580316171526,0.10266127854843479,0.09777726906183655,0
1555875,0.19759858280030676,0.32400380732850453,0.05697523356512891,0.09252054533257906,0
856194,0.05815686232739246,0.08396318355770505,0.02268094022828045,0.04685494240027897,0
2731737,0.26216731802273147,0.44665424976459545,0.04196320492654143,0.13125615831235662,0
865210,0.0584565824486665,0.07810050282508152,0.03251391746273834,0.04826077898652121,0
212466,0.13353482999346672,0.17213658592201464,0.042682336938490786,0.17330917975456084,0
2344920,0.05667191221726374,0.08374561946759496,0.029268486425026784,0.030092782779791105,0
1697280,0.02531296636217261,0.018865850865970035,0.014444080675018784,0.05773408363340979,0
2260626,0.127118711277592,0.20117957029870104,0.029555813544386793,0.08831091032462718,0
663338,0.19247651148560585,0.30592123590245235,0.09992340852466396,0.04769435488490247,0
2416525,0.11828058504242259,0.18597273967571237,0.030581216439960087,0.08059925136289182,0
2008858,0.06638937160545397,0.10778798664009026,0.03234551474141453,0.01395861931492239,0
1710971,0.055803778105612906,0.06333189960099073,0.03305136519572049,0.071112093732007,0
1998054,0.03709287157508729,0.043622955221522264,0.03803419718387499,0.019355674045818286,0
179658,0.11903321448860862,0.15643708565239656,0.02378676700917783,0.16839320779828498,0
210962,0.20720702700241733,0.32693326471344497,0.036802997741521966,0.16349747661619127,0
2294558,0.07890663907636515,0.12891999473174742,0.027068103120457817,0.03163105387177046,0
2672261,0.2362540139983932,0.42147526914897415,0.04001782639619834,0.06755515752523308,0
2173138,0.18005898650651603,0.31094224281321414,0.029533963887401142,0.0786383796684431,0
1270239,0.12824589183030385,0.21498760442822162,0.03513134832620419,0.051063425591658926,0
1531779,0.04225041982579015,0.05187273900960121,0.017411210775544247,0.05545343544163136,0
2551568,0.13915334975405244,0.24056210694155267,0.02870109650573256,0.05130983665778173,0
219812,0.1448019855610381,0.1976861148074467,0.02723374093457309,0.18894402938471414,0
2166670,0.06949243628604335,0.11875871147427375,0.02655315337565803,0.010735672681045314,0
1550727,0.15857083158422486,0.2790729677488213,0.02078594383681107,0.06399282279385453,0
1103601,0.07005227120676744,0.11343189695663214,0.030486215718916486,0.020952290063882155,0
1965612,0.06345807028754756,0.10597931004490446,0.030656818649081007,0.006356848351855133,0
1865159,0.020895604668099962,0.010434332032281834,0.024198588472841714,0.042094310550532664,0
2524042,0.15601335753581672,0.2655183585889913,0.039732008015184485,0.0566728791838286,0
2482551,0.07330001599285589,0.12012329999011817,0.023364110336020004,0.031145664484954014,0
453459,0.30120133881278915,0.5042295096511705,0.02180274771867178,0.2127287983580118,1
1012961,0.1129622801156798,0.18819358616526438,0.024667130978095097,0.057326738698095334,0
1858845,0.024257622513451073,0.02133671386998759,0.02026016116250613,0.0375560861485272,0
2167807,0.056032754936355414,0.08136883879459078,0.04227629439880918,0.013327236097086349,0
1455570,0.03622280956417054,0.04149539279579273,0.03241443282896792,0.02875391658791899,0
199339,0.13249001086435602,0.18021298123944418,0.017472545235760206,0.18570878336952934,0
424783,0.13266205396957043,0.18147124272768222,0.026811901325921476,0.16941431103976437,0
1440927,0.1445634323831794,0.2588543976433566,0.029518205846247578,0.031403859038134044,0
2677465,0.1636575557094126,0.2754245464284303,0.03676870159694083,0.07457336008057612,0
95410,0.18010428146720056,0.2688134944589866,0.04212193990129677,0.16530476133659117,0
1294211,0.04385378302612909,0.048005193385085465,0.04361647387842984,0.033831220850287044,0
995493,0.06054984182180689,0.07323379577182831,0.035822817417151445,0.0659304935537365,0
2067010,0.058123588753816874,0.06797931662198109,0.04118036215356252,0.05889910898378786,0
727935,0.1487054744985945,0.24539053069709793,0.0314127861808664,0.08293186647892806,0
1482032,0.03498946496187705,0.04078067682884612,0.034957071466530786,0.02056002553747376,0
350929,0.22233560168183994,0.3801638949847248,0.011887249556322263,0.14343739661290436,0
1068145,0.1151972188224595,0.20874385446861665,0.023715175507494995,0.018553694679513313,0
913579,0.028562320432210735,0.02582686762780817,0.02202788629025402,0.04520260365615223,0
763921,0.03816004872119042,0.033611793471135076,0.020976049578627892,0.07530668556017256,0
2711716,0.19568216992457046,0.3428117219665684,0.016441395367341745,0.0967194516554187,0
2173472,0.21051766643694414,0.3735481801917575,0.02357484399567816,0.08335561571180969,0
1471007,0.13671362631008285,0.24700984667969006,0.02254092628543341,0.03223212542303904,0
2095809,0.08779446753334821,0.14426689514067148,0.029743656896353176,0.033689614470532564,0
173900,0.1371775453498375,0.19705246134710475,0.021697042865148928,0.1607110090837023,0
662151,0.24605399657644159,0.4073964610007117,0.09306207235188417,0.0721857218526024,0
1707251,0.1397200988345968,0.2358275398898737,0.024113802810652913,0.07286094023232031,0
1374879,0.05166124119226627,0.056466471568614285,0.0248401787556047,0.0798797589063886,0
2319489,0.0640615056578431,0.10255420155460071,0.02438480098359924,0.02734482292731488,0
1799691,0.06708263039425814,0.09800752154705017,0.05686467051259002,0.005097342334780283,0
1505670,0.12526758834233445,0.21876940196449424,0.020813699278357207,0.048193887882900924,0
652829,0.10809778418832347,0.1359576408090355,0.05006705613281339,0.12549423471980853,0
1554157,0.05528335194402141,0.07252570409270476,0.013213560050421812,0.07528215941271245,0
2135551,0.09216421482363893,0.1529556040255099,0.031157540572430947,0.03169575319577349,0
1708153,0.06081711220728814,0.07739398227293326,0.037143451569029595,0.05488542800056316,0
942287,0.040167689764484926,0.041429747284292384,0.02524080358996183,0.05940287522675093,0
2661793,0.19506335916520579,0.35562738468512023,0.012006229559461245,0.06823898977403647,0
1320714,0.0801165433815412,0.12454032950993565,0.02289274003022628,0.05489278308752747,0
1616939,0.03544896543479036,0.04632245029021553,0.030738019190046487,0.01533167266334324,0
1870142,0.09344914042501253,0.16378088435649796,0.018139080221290543,0.030584870901881868,0
1487369,0.018497430119144426,0.010972505451168346,0.022814837005498717,0.030833631459553194,0
2377812,0.1404081654717934,0.2527003925462252,0.01467219895366765,0.048281547562902524,0
176780,0.14749203890071977,0.2158208947006387,0.0264291536323591,0.15826422730346348,0
2431683,0.09623752444062553,0.16085433283571204,0.026476946700527873,0.039336370063055744,0
2038607,0.03442139121014755,0.040376668527490334,0.0240266892270741,0.03512525089140076,0
340931,0.1290372535080261,0.18539076756549733,0.02734937065889845,0.1406852926380395,0
1626844,0.037576497159238234,0.05547412735383639,0.024823383524173487,0.011962092125339977,0
1882774,0.1307326134469085,0.22864049071812675,0.015371657420771892,0.05900435430806788,0
1915813,0.17858108244905613,0.21759754695579114,0.16528689343988945,0.10098120469596869,0
418419,0.12888876652175718,0.17309620891390742,0.029574917444454545,0.16734093415733547,0
1534613,0.048150586955611,0.043839508177325404,0.05378890894336222,0.05047080091969816,0
1613180,0.13452588377707408,0.23704239577101593,0.03497018813997782,0.02756814724786377,0
131373,0.11893035883055803,0.15974529753104083,0.025221197114559994,0.15745675465334807,0
375606,0.09826587533322229,0.12381947448767616,0.023170474223858484,0.1470249791111333,0
2429710,0.08940016782121628,0.14442350986817798,0.03128881587261475,0.03900884062671431,0
1638931,0.03857762373632322,0.05600301372002081,0.02521587996712792,0.015056764430872218,0
1671566,0.021081075160505437,0.01329235884281954,0.025046262602287605,0.03460508479204692,0
241003,0.2933620212774952,0.4804366011505229,0.03761641643552613,0.20929397885787965,1
632020,0.08552562317812844,0.11266129209784626,0.024218031671727057,0.10964783813843594,0
1040418,0.2376179097173339,0.3340973631404446,0.17130143095887956,0.09589399429723883,0
1364290,0.04362022854849328,0.05704417642688264,0.014740383974481398,0.05338012571353769,0
1937629,0.038374106674234076,0.05250965500494964,0.02393628621630118,0.024691966534344537,0
1546220,0.03454466421133165,0.03892511913214658,0.015518665248639766,0.05213252535333214,0
1835430,0.040544614380578194,0.043233527411974504,0.04736893077395797,0.02358585721201776,0
2490286,0.11413063927638122,0.1670853512687266,0.07658487292278228,0.03806250882591612,0
2144499,0.04281367453363059,0.05981347359734057,0.02770793832831382,0.0229727811823308,0
674305,0.24142666466749763,0.4275074313561844,0.019972820287004256,0.10840551451652068,0
187798,0.12542191560517027,0.1549591843601752,0.04463775789506191,0.17275498028282046,0
1298642,0.04281021590525117,0.05157653709090415,0.033268049383573264,0.03520766272363559,0
2736265,0.35336549667242756,0.5527799523282229,0.13890840782426103,0.17651499080518898,1
2306328,0.0656214394168096,0.10131709219144192,0.0307932917051618,0.028624529047700548,0
796007,0.046776626138631365,0.045678437670593874,0.023279627327114725,0.08476759552600004,0
1031167,0.21402288961910626,0.3608230212749607,0.0378127895009691,0.11133771065667597,0
288688,0.11310286806497523,0.168495178899976,0.01568456641109752,0.1207495434582898,0
1883952,0.04215970174648276,0.03558453334940659,0.04266032158180981,0.0578466929861826,0
1615548,0.04271942313125496,0.06640600352557202,0.023957033079726194,0.011646557222755469,0
2012958,0.04399627637954389,0.05379318304072922,0.03598029877827067,0.031527976128490384,0
2455942,0.06502491740543359,0.10592629423537092,0.024745914788427713,0.023189979256099086,0
562490,0.19757341124207545,0.3456885874668413,0.023150218442500755,0.0889202598795229,0
1257029,0.12247919441501569,0.2087003003815051,0.0524008559616741,0.012043937178804576,0
178385,0.13286219050024697,0.18587556506958514,0.024850323045943118,0.16234655525835734,0
1410836,0.0824591661449417,0.12805518945540428,0.04952420705754819,0.0178715464998755,0
1468706,0.12994823399392866,0.23343991462716918,0.023238515761032183,0.03128360976017206,0
2682844,0.170508597708115,0.28601245523517604,0.03455075707470858,0.0856857148405719,0
704705,0.1145911571556868,0.18669216531699462,0.02117602317700267,0.07446133772044343,0
1235374,0.0995963732872036,0.16526186395828502,0.028135820722292117,0.04262347545686726,0
1370849,0.048838108416571775,0.04657197372894095,0.03401345859963565,0.07674041986105301,0
1710500,0.143889302168364,0.2432500610209527,0.04324288975385392,0.04645702365865721,0
745912,0.11381968490757077,0.19420277461558444,0.030590972937980226,0.03770502859192238,0
2425123,0.2868078957857214,0.5033960512075284,0.04579802091894795,0.10685231953136413,0
2008711,0.2936163168129864,0.5053350898456439,0.021113127578684728,0.17307416808279505,1
1209843,0.19777075291316187,0.34088446763092806,0.020286171703895368,0.1062133379326462,0
797279,0.0483046575323749,0.045520517319720066,0.02379328029742644,0.09203207391643468,0
1143873,0.044474848849428775,0.05337936248352326,0.023783968401968718,0.05324988543538264,0
2166304,0.03821041106815615,0.0394929310619444,0.04759704843067061,0.02092415503991379,0
2492848,0.11427906476503105,0.18130239550360938,0.05173588476620132,0.04053550791682983,0
2000993,0.3214751655722174,0.5005853588927837,0.1640768336807934,0.10979718010793786,1
809442,0.044874059444040076,0.036609721990249144,0.029456485804079276,0.08866126353845859,0
1528931,0.12937587156870525,0.22206586502379277,0.02388633598755257,0.05588519130271552,0
2380313,0.1644458620430529,0.2889863628596083,0.026708291823525503,0.05970096533095539,0
1001092,0.04633082824328644,0.04381966196033049,0.024835158869516778,0.0848522480113308,0
196388,0.12981724881664297,0.18371829929879713,0.013718321052652518,0.16921301425724322,0
2689211,0.20485970949529472,0.3390227272288526,0.05843324441015766,0.08909186278910561,0
1336166,0.131206982721291,0.22064542890732697,0.028862654235053863,0.061127359985556705,0
2592713,0.1817326703354381,0.31038673771648795,0.04130214662060188,0.07074328745506782,0
1875326,0.0967741980021589,0.17381224527477201,0.011361227051184452,0.03229853624708781,0
1320000,0.037492249359655616,0.032211596008069554,0.04495156481789226,0.039504909551265795,0
69018,0.12380864674007727,0.1720099053953863,0.025570974958177534,0.15066200777465433,0
1693714,0.0348699695765151,0.03660411346618042,0.024220172264911785,0.04650930581975678,0
1312565,0.0856449958998988,0.13458518558171328,0.022715025080359906,0.057689477924670884,0
2378842,0.05241059462308542,0.06418444474270923,0.03664940859953291,0.04661774835935467,0
572323,0.05410089531118377,0.06273249176248319,0.025583382307273476,0.07529817368880068,0
2037239,0.029827576705534514,0.02346650059154487,0.03235635935811151,0.041937093011643126,0
465509,0.29010256255180156,0.47259682652060875,0.053777864118286986,0.18835395028005547,0
1493027,0.05823084120857441,0.08264295599761207,0.02996608715769989,0.03959768531229205,0
1284002,0.09634982501343811,0.16639621222671863,0.03718089207496439,0.009987256387947362,0
1205670,0.07618170133443534,0.0717469138897644,0.0763990921559804,0.08694258371379515,0
2029141,0.1274352278748458,0.21935894251137777,0.02646690693565682,0.04907842269229931,0
1532743,0.10574662716209732,0.16907584824019806,0.02471307009438896,0.06897391006840804,0
1205553,0.10736877775294926,0.15003409984534288,0.04409554118283394,0.0956153273771382,0
656751,0.25106021597765216,0.41706526519334686,0.04428626953715843,0.14620851259915585,0
1965243,0.19809509042823922,0.3700618475658375,0.030061101076571384,0.020229181611745306,0
2616874,0.13521719413875966,0.18440462004072766,0.12294898591721541,0.030650941716156052,0
1787163,0.05019509927091342,0.06819311190294586,0.03665743638678309,0.025506562017027806,0
398416,0.10892306883913716,0.14004124785861694,0.029148911801394874,0.15078885684705112,0
2036687,0.11414047198157155,0.2058683129606178,0.021335486903856886,0.02402834715052793,0
406682,0.11947227869205826,0.1619934897536216,0.022839954277813167,0.1581177376595175,0
2330932,0.052773065549974636,0.06317175385681895,0.05808125785777913,0.01881405632115713,0
2363652,0.04062943185179494,0.05338063974302476,0.01735745535409984,0.04365937687026303,0
2424723,0.14406776260321957,0.2180062912960793,0.058879101088292765,0.08700443314346054,0
2236870,0.04541759045307794,0.04972906691680601,0.03139380855330924,0.055674572143410817,0
128798,0.11414681905619302,0.1508205227329521,0.030409399255405138,0.14806868956547717,0
1024734,0.19875425370679908,0.3372462216311509,0.0378327236164884,0.09390662903138541,0
589097,0.09346747967278539,0.1359918796451801,0.02077906153799324,0.0961891069439868,0
2223022,0.044185845079622005,0.046276622636506226,0.033255028321298674,0.05535512632489644,0
1376691,0.069769059906134,0.057991866888670196,0.09002542247346393,0.06882749859879861,0
2497320,0.050029142951779765,0.07682992002874178,0.020248852936919623,0.027697635281664926,0
2451434,0.06432627082308795,0.1048095227089203,0.019473050855783415,0.030397971059463905,0
2070278,0.12098116329208278,0.2088794680299081,0.027567319605639132,0.04135616697718496,0
1274817,0.2496934986449288,0.4604581460259667,0.03672074441388075,0.042241011538906095,0
1972128,0.03605195485360316,0.048340701692707544,0.030833943364806497,0.013157104989037181,0
11706,0.20660352458794665,0.3109073169907336,0.07620408799220402,0.14144319847459325,0
470463,0.1454205281129906,0.23692711737722028,0.03145476408190042,0.08760270099905161,0
410337,0.1358341333819396,0.16293521399378386,0.07125201066780765,0.16495461592352678,0
1695136,0.03725904814991031,0.040737093031880556,0.01648105874895443,0.05973092004641853,0
250784,0.4949936695757982,0.7945089547434294,0.1699105621966602,0.2338301177254274,1
1784892,0.133851343686507,0.24544942594438257,0.020872874333475424,0.024323842071365332,0
1302670,0.0401647895720942,0.0511133796876414,0.023737946462269417,0.037433578947963356,0
2573127,0.07017335101530145,0.10594823586633562,0.029473406237776962,0.04178605605400274,0
1136954,0.14288449484143256,0.2464300669496442,0.029567954877371315,0.05399537451699533,0
1476580,0.024339556817430587,0.022646809706808213,0.024935241613529696,0.02767789739983785,0
234318,0.15206282165632662,0.2061701849718458,0.03468426450664183,0.19286224909205588,0
2475854,0.16431873398008853,0.28496372169990536,0.04979405334793433,0.03449328562877776,0
1634461,0.032663856043558995,0.02484274267360842,0.05594070479648149,0.017301366339051688,0
2641713,0.33914913484068604,0.49185777622634974,0.2713977545829309,0.05900460176315956,1
538721,0.11567571821868915,0.19259963842119476,0.032445119678232964,0.04821181552310938,0
1543476,0.05708532543196519,0.08073038315050418,0.02748573139006136,0.042372072198473464,0
459097,0.24096138130427297,0.35413561168733865,0.10193324661928131,0.1665680073740963,0
1378857,0.05454038178696752,0.06557847831836949,0.030028323002822085,0.06371322863468072,0
219296,0.3128641284965921,0.5076545508721438,0.051202040099241716,0.2183812051537385,1
1399398,0.07193026265713205,0.09773912376300398,0.0521617088030582,0.03706094067356304,0
2259521,0.12835436872340653,0.19816991326664424,0.03810276553312625,0.0891929121507327,0
2136067,0.04804218386296847,0.07955985727470449,0.011114970421011748,0.02463882049656348,0
1006151,0.07518521885571738,0.09322869166026104,0.03502448387120694,0.09031763932112387,0
504616,0.0687805705604545,0.09485780402700073,0.028249096102786912,0.06438469858059033,0
2351859,0.45847699386262764,0.7522836126016244,0.02366709812500172,0.3761752906215749,1
1995942,0.295271912036037,0.5149081237418874,0.013820700520185058,0.16835820004518848,1
869185,0.04795493434551499,0.06354990260685611,0.021804694256584788,0.048192873825557495,0
769180,0.07755874618170597,0.0951508998997117,0.06145283397689571,0.057737230193907016,0
2443862,0.197017554601936,0.31880924478966355,0.08688436345372295,0.057738115854936725,0
2532210,0.028975419200075212,0.028729771448168795,0.024523699711421255,0.036267117812822186,0
1802306,0.133511929160486,0.24383380907673613,0.021839933836505728,0.025215222355831044,0
470087,0.12131781650130875,0.19213296730239093,0.029469403865924913,0.0820525584516791,0
1625035,0.02607186642616704,0.030623020612591367,0.021348887271825562,0.02177844969161845,0
966873,0.0664208803107973,0.09271746744154785,0.03673482569193256,0.04520849441221804,0
1922399,0.07709221828396398,0.12332652280285661,0.03352822376958323,0.02685244875830356,0
2758507,0.2848077024230309,0.4794785921136172,0.025946011942211872,0.18642301391779353,0
538112,0.07414346799623901,0.10106009477872624,0.03972822082801191,0.058474771792361616,0
196353,0.11402200866504866,0.14225390600780186,0.02266550748308774,0.18047701708110703,0
901787,0.061229330330657306,0.0929524632820512,0.027249566879498085,0.03289114312891139,0
558571,0.057777761052530276,0.0718995781515619,0.022905194795546747,0.07478206769042654,0
2502323,0.06329665167150463,0.09660374764112156,0.028567541295969258,0.032122577310765316,0
1247304,0.28609167422308834,0.49466427059630436,0.04961971448584247,0.11936812289591701,0
2635151,0.20937456278261868,0.3017167926125077,0.1404800696013783,0.08186072797975666,0
2076799,0.07240130427393081,0.10862101051267836,0.029489880993237884,0.04621917359810127,0
473647,0.10807492756466655,0.15113806181264622,0.06261927136945644,0.06860057623753249,0
2154919,0.027023624106700905,0.029975676579846122,0.025927510673674926,0.021287663073376813,0
1684294,0.023222540102393146,0.009649410189223273,0.033207313668476006,0.04217820453619354,0
1998453,0.029987584280113447,0.03341493749921043,0.030959831176763417,0.01996083088739603,0
2141621,0.06900966746225425,0.1253007148269889,0.01639708413009328,0.007200924048659044,0
2673483,0.17736113002840442,0.30266722256003553,0.0413491605960121,0.06811385284791506,0
2161652,0.14701499780926136,0.2580124886128532,0.05293475017816572,0.010641642246925263,0
2648794,0.20485440466603305,0.33583687739032,0.0782266128121098,0.06733991063620068,0
2728942,0.25099691626569587,0.42918878065884947,0.04477322965405191,0.1148527852002778,0
2471047,0.24619276492672776,0.4270004742933442,0.05157803438115666,0.08609558732854342,0
2640952,0.1675337541061781,0.29997851047552315,0.026506834441407258,0.04796224267997171,0
2595837,0.17665849882206633,0.30916406457236545,0.026473350858071225,0.07067230639231117,0
2087285,0.2558331283257039,0.45824157828552115,0.030185956511549573,0.08828276114739214,0
362260,0.10693336595063982,0.1406779367957962,0.02767625023541667,0.14145761241058355,0
1940911,0.029763459959680355,0.038308837785145045,0.02206073547326969,0.019954102125634636,0
556019,0.07406503178044486,0.10742996812572592,0.014293406803021144,0.0803101283833778,0
256864,0.17585348842443826,0.25753001906270245,0.0640462631184616,0.13937299978774279,0
1327582,0.05760360819777841,0.07809181526283615,0.040762686975333105,0.031644472368802044,0
1096816,0.09852538941575058,0.17384796955866333,0.028112483687221492,0.015838297651262344,0
2244639,0.140665590799149,0.23789591806902866,0.04217059123343752,0.0453322719730172,0
838863,0.10511483014880296,0.13660906521320393,0.04290979638696701,0.11968679313055447,0
2023667,0.03748093911952496,0.042269660411550336,0.02891629882633001,0.038356096329253915,0
733511,0.05823958969225648,0.07977028487939852,0.030632573056179262,0.04582337667851719,0
1858329,0.08149946286828845,0.1380439066070155,0.02750906641583544,0.021123948200150396,0
806948,0.05591354993046279,0.05764187376057228,0.03439847216734409,0.08386535699986711,0
1101708,0.05714434517687547,0.08015037147919335,0.03815453652050289,0.02811399240563963,0
2127155,0.037359262093566284,0.056269901926981,0.020256921957400097,0.015736172714278743,0
1045977,0.1794756317071304,0.31362673947702613,0.04140139014331383,0.051209224628115946,0
875558,0.05403173302546403,0.08280547933168936,0.00724982884503694,0.05227022353054136,0
126523,0.1285958358517507,0.17339005187388812,0.033350349833832206,0.15947852482328484,0
1186634,0.0495772779208771,0.05126428153117557,0.03181584350847254,0.07200192051373776,0
2351006,0.04729084161858317,0.06078513147501752,0.03645305812591686,0.029811792216496796,0
2030571,0.06501722125264293,0.0987939123282956,0.016961194668846397,0.05265953343920607,0
1911877,0.15390984632415555,0.2165374671173672,0.10158808115697315,0.07582344209189998,0
2661310,0.15553975815688798,0.26763331010808933,0.021637154158738542,0.0761597842761088,0
1689922,0.14842470959749443,0.25595444592650907,0.02789757004015972,0.060391078110959874,0
686868,0.1768219578359039,0.29328851622194463,0.0435031046449021,0.08563384165730481,0
372653,0.1217836308206113,0.16823081618663915,0.023161839155465807,0.15359835490325988,0
1449381,0.141043705542682,0.253598473286052,0.02403739085046996,0.03516625822257504,0
251583,0.3375842907486428,0.5407011710318239,0.11901511240978686,0.15764585754897426,1
1734667,0.2412775813406604,0.3999169336066083,0.0818626042565582,0.0838016663019441,0
1985788,0.04376230986925039,0.0693585287099574,0.02397572560123537,0.00945163916950542,0
2232438,0.03866056638587866,0.041738323176948366,0.024098057101699197,0.052809938334473616,0
618806,0.06353385917494919,0.06639041749141394,0.03242664110215626,0.10305329049297672,0
2443978,0.1200732538071112,0.21820803839432867,0.02311509838987613,0.02017352546492008,0
1638758,0.029989314331651487,0.028877174370880998,0.03193648793695044,0.029848903825629283,0
780012,0.05346313023147413,0.04609433445936206,0.04445257855602075,0.08540094717493439,0
1889405,0.3254161070677802,0.4950474421852976,0.1881384904843526,0.1072541941491281,1
958026,0.03819226279595801,0.033536128031347534,0.025580329693470485,0.0687504993612155,0
1189981,0.291507789689446,0.36742992694805254,0.1624426897290499,0.29530009648352384,1
773184,0.18262335975377048,0.30904100196168227,0.026765054132044143,0.1003667126665806,0
955483,0.0477620279382928,0.05274018863611518,0.02500083916855003,0.06945840934835101,0
1564340,0.0572298683228318,0.05469322498825269,0.0508107772110081,0.07320011332701512,0
725421,0.14369665504096152,0.24056249973920663,0.036763941468470326,0.06193111365408554,0
435122,0.13992924516641994,0.19047131678862406,0.038136581300431,0.1662630619098931,0
280571,0.26701166140153954,0.4549392359948423,0.019256571735333426,0.16882535941759186,0
2302620,0.0513358647086104,0.07324699843467053,0.03319986400605193,0.023762031447297757,0
2140707,0.05940242120008631,0.09092644747747358,0.029288285644112462,0.02576355884057893,0
99414,0.1425027766667298,0.20081362560150018,0.03386737772509562,0.15967875274225518,0
2215173,0.037018618301086915,0.042943111059288275,0.023416958069120374,0.04260987675353333,0
636120,0.08345439829990711,0.09752599242206106,0.04080861953395117,0.11224408114345612,0
2005098,0.12072607668765116,0.2097443120473994,0.020984897394893134,0.04779225722741759,0
1719858,0.08911665507110447,0.1095190007957415,0.0677548883903799,0.07015344078059875,0
576730,0.052349983558460655,0.0613235058603121,0.022497318449075685,0.0746951754679095,0
1638807,0.04016124682229258,0.05712300647388757,0.029309385290523304,0.01403463999095902,0
2098113,0.0929913234150814,0.15652853260810018,0.026342839083652064,0.0341210269296784,0
827969,0.16732106081675585,0.27461285142572345,0.02824706896700673,0.1077025720689606,0
2447997,0.10011074530053789,0.16144628934573868,0.04772921593947504,0.025344179229130192,0
2765454,0.4297315604783563,0.705676974269736,0.11073320352397799,0.21836556143147465,1
304890,0.24454090861408045,0.41412938990503034,0.024002637585244475,0.15137711192995956,0
836457,0.11176652313121287,0.15987718103033466,0.03944095165548411,0.09997823559700152,0
1349309,0.04437953417504456,0.04499591393189151,0.03331999763026588,0.05942788960009519,0
1841324,0.02185600397433717,0.014997592027913509,0.022684008167324077,0.03776002755091596,0
1783389,0.24493921176265174,0.4482608480005509,0.015350941746465905,0.08101752619218268,0
1657432,0.21958470395958513,0.35643135459279185,0.0719486714157538,0.09892212619231532,0
107251,0.10478858894818198,0.1359670973872078,0.023886250272017934,0.14819582586486352,0
1306182,0.09193249467818483,0.15606443695048955,0.03605250163800538,0.015422628557692232,0
2142066,0.24474990861184112,0.4304179245382742,0.04722211642893565,0.0768715570701166,0
1868886,0.03351417810551917,0.028211009659310338,0.027935262216263967,0.05514047305492404,0
769774,0.12299434496945354,0.20545069420449058,0.03437922509364654,0.04977615169557144,0
1251549,0.05259484457369214,0.08136548468766758,0.01944906046596671,0.030386920450341658,0
801140,0.04721519177697166,0.04863137160519193,0.01911405213150148,0.08582645167462626,0
2242429,0.1947605460602169,0.33659254489972823,0.036488301295141204,0.077588916109052,0
2309155,0.04265240031969836,0.06559380034020645,0.01717571512020682,0.02351392806766545,0
1567104,0.05222586119290653,0.061624801266143225,0.027340687738092638,0.06605627119203564,0
904434,0.04883500931140313,0.05604313297189989,0.03693026731560931,0.04867181315385194,0
2737917,0.2717753088246712,0.43240310815808447,0.0856522239908304,0.14939043774189933,0
2088270,0.3173859507760289,0.517938269002204,0.0915145270022138,0.15481229087131368,1
681974,0.09680070452910237,0.14118160688882098,0.05615486251789727,0.046817211646613545,0
1869496,0.026931728020238112,0.018701305983205296,0.02598947190893985,0.04892116727976752,0
239883,0.1730814550952118,0.24297773351905183,0.039049410293032175,0.19938882623888107,0
1326026,0.035660830357708395,0.03340185855549416,0.030604534163476638,0.04889270415459163,0
2399256,0.06448837977740159,0.09613893805604212,0.029678563320372966,0.03757670876634319,0
1534878,0.035259981469231434,0.0345114347907558,0.020415509789543634,0.05939805568495223,0
589719,0.11602330812047942,0.16497956701243754,0.04521521607136996,0.0998447989642483,0
2438888,0.09513402338652152,0.15236406215488096,0.03789193221359388,0.037922063225014326,0
1203501,0.15425957202563648,0.2581337622972494,0.024235642113101207,0.08960999121540708,0
2429884,0.2149128867652004,0.37916751703230944,0.0453521853233627,0.05861736326018441,0
1835012,0.16578296574536974,0.28028655856104523,0.03213845729319192,0.07999074638444781,0
1531142,0.07458164559530524,0.10693459323693177,0.029965810479797784,0.06062302916450009,0
314999,0.12121504335610424,0.17910257773378857,0.02609551745476863,0.1191754962638968,0
967453,0.03624465531235554,0.030395031603930533,0.025120723182306015,0.06755461277849233,0
850989,0.1277631526692196,0.20437673101358456,0.041526798921597836,0.06558373742973982,0
481242,0.12736341985064045,0.2067735231783835,0.023528406048035102,0.08459068223519088,0
2583701,0.08509594294034817,0.13736764602520846,0.028935813964871153,0.03865687869141303,0
756385,0.05272257847845073,0.048709000440683714,0.04788619009692648,0.07001110614515466,0
1019528,0.0718745737051274,0.09192677003565286,0.028357380991791175,0.08701987194881808,0
1829191,0.030386965236438336,0.027590834556824095,0.03838581480744895,0.025379017578957993,0
2354164,0.04470228562086018,0.056339220679940905,0.03553840207111088,0.029355773297782307,0
2752426,0.3053209770639876,0.5237639217643254,0.025604145251728203,0.17878886303153219,1
1408974,0.05206878354809556,0.07602327745190218,0.030947767591310713,0.023864072723756305,0
736566,0.18535338426471387,0.31818822147669534,0.024186668299179623,0.09501636518306159,0
1020314,0.18141731644575,0.30570956668146576,0.030923413829561278,0.09642754478074364,0
2324280,0.14804434490570162,0.2629576435123433,0.03595127516015846,0.028900703007412126,0
1390827,0.1119327718868591,0.15179341874978947,0.05530235716824417,0.09722677680745552,0
1674284,0.09853594922018255,0.1545659981354699,0.028878134202994198,0.06294754945774672,0
1907474,0.09631664838692192,0.13417794775229497,0.04331822966555278,0.08116102805554293,0
2256889,0.11677706739510241,0.17637232479619713,0.0541343052728578,0.06175306707573244,0
1883487,0.0418061464664163,0.03671662164955958,0.04065806137209049,0.05625208615004678,0
2406535,0.07635347794742663,0.11103713534785631,0.034420588205146714,0.052543669059772265,0
2080632,0.08847002678159492,0.11926034297513088,0.044850969619614794,0.07692282204072519,0
465172,0.5001562699254026,0.6570179984149634,0.4135628571843346,0.23789206781310276,1
26490,0.17503256861095684,0.2671923181031006,0.033475732555140005,0.15696844896432255,0
583188,0.05278786608760073,0.05526572750607073,0.029172673769447984,0.08201600101865485,0
2199504,0.035170755869452515,0.04077625188032852,0.021382172839412673,0.041839890387322276,0
1046336,0.0953028542812402,0.1513526065383135,0.03660335420768942,0.0432277237488831,0
2073675,0.06051658277793545,0.06747147549014199,0.05037154086322086,0.05834691386949102,0
959429,0.16744721276189595,0.28341364011273995,0.024431080525358428,0.09205534273959218,0
75059,0.16996726276615126,0.2548658966915378,0.05340445725672165,0.13256488621682944,0
2066812,0.06936451271146746,0.07987829204076735,0.06247377916013603,0.0534161647152149,0
544009,0.14230372199424185,0.21273429084043938,0.060679360569650766,0.08866384201563465,0
795103,0.034751672347452245,0.02205936623245508,0.025869403977511626,0.0798058401898561,0
1066853,0.06473878437688929,0.09777214093106945,0.03264671509115153,0.030293496920045494,0
1308162,0.14425135953442758,0.251109170967867,0.022840501666228398,0.059223117753127885,0
609918,0.06323505765816248,0.07800679240822428,0.023206207778177827,0.08634899560298492,0
256517,0.23920726414934013,0.3768788868160967,0.0675600956745369,0.15249896019465337,0
903230,0.045142807016901695,0.0467312806888005,0.04331499798037511,0.043913336391944544,0
2219552,0.03785612973592553,0.04796868831475665,0.016792590260636855,0.044170042501780755,0
1502937,0.01826072990754754,0.005296046972528279,0.029493741748632462,0.03382291948346831,0
872471,0.04460115961859894,0.058486557303280895,0.021458864993898277,0.04460110734394502,0
439949,0.16751172119006727,0.23572477035767192,0.04346997861995482,0.18304171212622422,0
896251,0.09439186253853486,0.14465944868555103,0.03479097032486678,0.0581242354914966,0
1870270,0.1187434607951662,0.19996540125279583,0.04009175071496633,0.03366617477139198,0
2676877,0.2630664493924198,0.48044388006113414,0.018152373129805548,0.08699398711455542,0
2638704,0.2236197602315622,0.40336412995541726,0.04341982883692386,0.04455873301388204,0
2591394,0.0835796777668873,0.10292125730445068,0.06472430769074188,0.06350878403719704,0
2117710,0.07157387419120889,0.12370970742272758,0.0244313861775955,0.011948023132832244,0
767279,0.07356943532198139,0.0950241984965634,0.048677274639524586,0.05727076840921157,0
1478319,0.044345491107112,0.05224478259846066,0.04937490481511749,0.01705314181673209,0
1234864,0.11833564808729713,0.20054171347828254,0.028150810553341822,0.04809774091076656,0
2094024,0.08888914914071482,0.14416303899393557,0.03865567625937002,0.02605463382968015,0
284233,0.12680869008846446,0.19101039506260742,0.016984968836901274,0.13104000953045178,0
119436,0.11412553081560788,0.15160454917875432,0.02401243377269732,0.15559763047210762,0
113620,0.11518563206352041,0.15316852952516424,0.024908175685433177,0.1556445729765417,0
1688157,0.15075110306646533,0.2517804476143596,0.04072067562098208,0.0632233828649546,0
609225,0.06158201154830681,0.07018842094227717,0.02410228911893375,0.09628557170744048,0
2182026,0.1536967081407282,0.275401825381127,0.041249340464611664,0.018104966553905966,0
2045238,0.03159948441283568,0.03791664399080663,0.01820183948210075,0.03590305286401071,0
2120072,0.07020282946367239,0.10573327501618757,0.03851193746619592,0.028913053578599107,0
2566882,0.17464221422631074,0.3046765380966828,0.0344334876193789,0.05986949446077828,0
2533984,0.06420300291436569,0.08526455923997889,0.0534578467684219,0.027666846319248355,0
1110,0.3413826137101416,0.39582251468710183,0.35718654585234805,0.18157696305443152,1
1259307,0.16931453326273777,0.30187888141821273,0.023360115385284298,0.05683528969023054,0
753283,0.045531464049000894,0.047176810847558426,0.0252288524857601,0.07187201439746828,0
2597667,0.18384499997700757,0.32077300378447227,0.027127933649668298,0.0766005899493548,0
2615925,0.27689953307946574,0.4630718825745641,0.05303018060764959,0.14727268804944413,0
1221728,0.1653612494632369,0.22546248750911047,0.09774571377803817,0.11653145787635108,0
1668255,0.02794576932973678,0.02249677318143739,0.03461239757062288,0.0315683173391561,0
918204,0.20085470661925986,0.34959122197880754,0.026268022697865868,0.09089344410248172,0
1718226,0.06591495913442919,0.10107562616931587,0.01684403396379479,0.05161967930316407,0
1916418,0.16772905446398728,0.22903563514322478,0.11174118447679063,0.09844440774668854,0
1366339,0.04395218858077038,0.04684543694027443,0.022605228474846403,0.0687395078408962,0
1242221,0.1268402084023576,0.22990723715728423,0.02812977328821592,0.01723828918625355,0
2129101,0.06667735958282722,0.10043068996439242,0.036738548510985035,0.02720225023667749,0
1487497,0.04877435651742262,0.08328111771229563,0.014663743222889646,0.013673373472039565,0
466163,0.39527746175024,0.5338340631881051,0.3174334114356519,0.1656520336274592,1
2263121,0.16264160513977366,0.24216592861561925,0.06597105640903515,0.1088366195462674,0
576523,0.06020793461335855,0.07629659684560597,0.025067337945195667,0.07269717403498431,0
1155600,0.1400147260124825,0.23989768982328696,0.023288029172353068,0.06539736174566549,0
173492,0.11380667581400944,0.14771216459437042,0.021407028582184875,0.1676424247108439,0
2261158,0.2075118910694141,0.30092387092926287,0.12198204251746174,0.10227671424772065,0
941355,0.037639551223850404,0.02756287426996018,0.043491279626159264,0.05405365100511268,0
846723,0.20477791366606196,0.254133717569052,0.15842847095836693,0.15091256797012945,0
2746935,0.28554514044163676,0.48149071509405716,0.03487149493791006,0.1716916720661756,0
1600912,0.0550928391746595,0.07986550710052032,0.03142489524372515,0.028663085256408954,0
1226439,0.48515729754701603,0.7420445908707254,0.1905496246859883,0.2848505735292842,1
984964,0.06449699988599969,0.09356703061212235,0.02326812868894,0.0536652298662826,0
1075105,0.16032352347987053,0.2907990167236817,0.02686083437160046,0.03432882403274774,0
578521,0.049476694841154606,0.05492507379078826,0.022681437565589886,0.07604863338041754,0
1577475,0.2641344201059213,0.3712875333224738,0.19952050712768812,0.09317250653189008,0
1707619,0.13904785052078736,0.23440882052514367,0.024236079664625237,0.07286308179413975,0
914916,0.15096163780272723,0.2609576074929547,0.04940974963351125,0.02829954583098249,0
275823,0.12894371776924357,0.19289064069607154,0.025499995536415448,0.1242419938014158,0
915350,0.04379807822731148,0.0465512663694867,0.034741058941937034,0.05050063679993511,0
262930,0.17905239680111873,0.278122635942712,0.038554796391083286,0.1421231995621886,0
621654,0.07687169958357878,0.07288408619760889,0.06843752263062647,0.09949199847793201,0
1473712,0.06239746795546239,0.10841226100142565,0.02172711298741997,0.008366017792617881,0
422427,0.14220943417686133,0.19401114320982593,0.04170221957419568,0.16346598349844824,0
178378,0.13438159585506343,0.1926361433867878,0.01937341605958879,0.1612574967189644,0
1128092,0.03838676608203525,0.043122699779087226,0.03224781299806354,0.035755361465362866,0
1889290,0.03491547798195539,0.04087206442208713,0.020090562381554735,0.042261385282227025,0
2076413,0.16292274650910907,0.27299390103098586,0.042657532107099286,0.06814268180743166,0
733128,0.05444679963655629,0.0749752436122848,0.026113068842790573,0.045626285887883596,0
1306339,0.08625301615747247,0.1541174949316657,0.02132910496678427,0.013977686008021666,0
1547100,0.039714927715685605,0.04492880432431434,0.013552645565509683,0.06592365941937764,0
875565,0.08105971786522076,0.12523129773493058,0.02481808825590137,0.05499321260492529,0
1695222,0.10681703775200423,0.18502430883325283,0.025109040322476274,0.03386085619317465,0
1608270,0.02714122471020151,0.03607379453518922,0.015071609385753608,0.02291422313440408,0
1745544,0.15220579740780893,0.27904004257259474,0.030782426084682943,0.017255241480533402,0
826304,0.07571099497129584,0.08644118545496426,0.04600271746137817,0.09344793502700126,0
1254519,0.05883041176692548,0.09813127417759648,0.015359016748451443,0.02578534826795903,0
1366835,0.2032447703413316,0.3355746101939061,0.05678404421232735,0.09211125990340165,0
1948314,0.2519978976480535,0.4584427122162449,0.018394420959835515,0.08629107625990207,0
1085452,0.14227540435784625,0.2610339061319682,0.020220045311493334,0.02846218849207076,0
384685,0.10482329647406727,0.13940021609673103,0.015981471625886628,0.1516437346896788,0
1047568,0.17172522059749498,0.303063952336443,0.03317769648695247,0.051199677415938734,0
2037542,0.028787730310253383,0.025932085630985147,0.026048665873561173,0.04003543866346228,0
2004972,0.03839099075460343,0.04194135758208506,0.03850491737079889,0.02934418376160613,0
2628591,0.30901260556760834,0.5243496796638425,0.08906864156330484,0.10058586633347837,1
1724555,0.1239891056270418,0.15832287424888358,0.09017999385351301,0.08886835173273054,0
1320440,0.04427720103572266,0.057472261353584186,0.020834721213428768,0.04645326997450969,0
711391,0.05531225330205513,0.07321858433850426,0.021375138467902812,0.061452097962160765,0
1662913,0.02005061325766283,0.005701664929645078,0.03393629531311627,0.03509446099452706,0
1802978,0.021319741352867093,0.020397671816034912,0.025793283084860417,0.01691460259695757,0
2478091,0.07032231672831134,0.11571490596546785,0.021505515306813425,0.030066045767666957,0
584835,0.08683242542917863,0.11884506610970136,0.028363560141662043,0.09450412165914672,0
1774326,0.03258310522974101,0.04561116322299452,0.023403839713957392,0.013781858520282646,0
2610358,0.26015394403780157,0.4225464043537661,0.09841253072802213,0.09678491321255933,0
1804347,0.08398029095764692,0.13128056160231927,0.038032070781437326,0.034651944610280504,0
985007,0.03796557975793,0.032414211800785075,0.02462210315406884,0.07185921455658406,0
851475,0.09237336590547168,0.13943070928419266,0.03782360840110774,0.05655464371521516,0
552683,0.06271951338242472,0.07403717175767088,0.037382810101434405,0.07243042236579482,0
2272223,0.1468935049948562,0.2588991763254689,0.026620637894732443,0.04728862731851013,0
2519279,0.1378880040891212,0.2448487153662956,0.026587290592641165,0.0374372961409052,0
451039,0.34834095662951114,0.5941256314652107,0.02533826603669944,0.2183833054294797,1
584981,0.20200071257862612,0.34616926648897794,0.027816507508491017,0.10285563540794926,0
147208,0.23442792276867522,0.3895506343371107,0.02369639945362508,0.16271842882016171,0
2634726,0.22809972846834348,0.3862975083485033,0.071521104154485,0.06747321523873169,0
1120886,0.27895335607070215,0.4000798630293476,0.13882283052913055,0.1863328769864458,0
2725872,0.44516189681813995,0.6646781889054149,0.23912628497328978,0.20542458436722782,1
1895848,0.05204830045121966,0.06408929267960661,0.029328668045383446,0.05602526848900658,0
480222,0.3761179227801787,0.5872657086017439,0.12934046148860412,0.2184146501636275,1
837073,0.09847261907360844,0.13269856547336967,0.03718751468912534,0.10483540965092995,0
12384,0.17129229108877636,0.27113151843299177,0.022361347089087644,0.1450906387277708,0
50571,0.3622388107059336,0.5933186014494886,0.07350823545841384,0.21763519671832596,1
2426741,0.18890080763000683,0.28410504500617206,0.08316775638165459,0.10948979106212199,0
504384,0.0676268996024511,0.08813427718628464,0.03339799893734867,0.06770180664052089,0
2742375,0.3334138496895507,0.5324484177074986,0.09844011527052238,0.1882880312732231,1
2363371,0.04466380405384798,0.05196970260278111,0.034208787756060836,0.042081582128195884,0
846376,0.15912097455031687,0.22594686797759023,0.05915144241092422,0.14201053919122236,0
852913,0.08438717263110837,0.12760423249920516,0.03775392136723463,0.046294399856677014,0
1329937,0.034419452576174535,0.033273718399001506,0.02624621017931486,0.04954365161439662,0
1947463,0.03610988135360469,0.045445808146026834,0.031137231477313537,0.020229039186986063,0
2250629,0.289912999077083,0.499595191475537,0.056562785251847846,0.11573283881880093,0
2515762,0.0731234809460956,0.12018379874665852,0.030895060692359068,0.018815316825293128,0
1741097,0.0526254288982442,0.08042528432770335,0.027222556496177903,0.021230098927695777,0
2389626,0.04843844761230889,0.061270509356654124,0.022642736643064345,0.055051859705312615,0
741813,0.07924619620864055,0.11909581222004506,0.03572728811105218,0.04490051832651184,0
2109115,0.2347358247230127,0.41838971219532894,0.031381090200131426,0.08063320782654396,0
1920141,0.07922585327927216,0.12433689685672045,0.03494988833202719,0.03286219175651887,0
1618247,0.052567039067820426,0.07388069933799912,0.03358850618318432,0.027750687719327816,0
127986,0.14476241816648078,0.2096850787351131,0.024885226652062793,0.16227155401652682,0
694525,0.04986369784010327,0.06299650442705806,0.024429509825336686,0.055182963394866155,0
947988,0.13450323440250872,0.21942859035760842,0.04179203227606458,0.06125664770442565,0
2376500,0.05867350233452518,0.09282700240470643,0.020980190194121312,0.02982972036967786,0
1125607,0.06457988550399023,0.09251300715007926,0.029287153268096024,0.04768617974260898,0
1815727,0.028156191645574362,0.03447944477890119,0.018833862291294044,0.026331552843677775,0
2369392,0.05373430138497888,0.06959939449825481,0.040466301199440544,0.033973568880096554,0
1141585,0.04124756656848894,0.03306946425052315,0.0517349168885411,0.04596179688332518,0
2201962,0.13915952159488545,0.24459378414540034,0.023388895312648046,0.04922980464195441,0
1781651,0.024308826801503623,0.026956793692852643,0.02348430216902258,0.01892569652185264,0
1552269,0.09576820994027692,0.15841008178952853,0.03116901185438695,0.03606232744598282,0
683779,0.24025442932528732,0.4045318543198727,0.09109903730661835,0.05329395486682723,0
1800665,0.01351861575681585,0.0060249017650387815,0.022579802866946424,0.018661120071062662,0
1926831,0.05780325502398285,0.08874691518313782,0.0254434096471829,0.028983872691295338,0
749490,0.03578169323175344,0.02914275132620281,0.02725845573926922,0.06516390423435633,0
1404999,0.05896048554389358,0.08639465526369705,0.029594473650734796,0.03442407908412309,0
1006158,0.042858992423122425,0.03728062299894708,0.026112711582602352,0.08192433724434092,0
2295654,0.06381591630722117,0.10179190098943836,0.024808548615059402,0.027387006139920813,0
860622,0.06208626399163676,0.09092367835727766,0.021233035352027252,0.0512725710369488,0
1384073,0.061213997761195835,0.06887365932933398,0.035012438713225943,0.08136718241280531,0
2572219,0.1536356278989339,0.26978322961941825,0.022287911871580978,0.06028819763875244,0
1683639,0.04901210867527842,0.07395308842307224,0.020443934753717925,0.029511920188134592,0
2245691,0.29511875369084417,0.5055392554551281,0.06353366911925973,0.11644512613751111,1
2630869,0.18446226809230118,0.27413643113695496,0.12805729630590484,0.044884318160261234,0
1096703,0.03808962622730213,0.04799915355965645,0.02289037676420592,0.03611468209106065,0
1404706,0.07100129938654791,0.10333420879834454,0.04223391086692692,0.03332010863648782,0
966876,0.03414272807273595,0.03217626455555567,0.022441823410355024,0.05661024385925806,0
1877466,0.028852518234553766,0.024923432489058706,0.022666623023625102,0.04795407541468441,0
1790228,0.08396178933933786,0.15088304026193555,0.027816426065520112,0.0008767069435701894,0
1223631,0.1497297204953358,0.22345410493444084,0.04166998117327447,0.12750836838066523,0
1958989,0.03559463483528787,0.047209714451253326,0.025451373427805835,0.021771827906597267,0
577205,0.1571007394173994,0.23995308320796638,0.05754123390166522,0.09930913821458336,0
1244757,0.16396262497459976,0.28734027334478596,0.05443872212502756,0.019804358323492567,0
2679193,0.2947689879931053,0.5176242237995532,0.04890142399075728,0.10643224448050773,1
1999308,0.07323595545593906,0.12016661094611159,0.03983852621048343,0.006005460598691164,0
885076,0.06597378963114381,0.09569521528004166,0.03956536641834401,0.03128286032809888,0
1662133,0.09649489975369567,0.16660057682402585,0.033844043264773124,0.015206991811254093,0
425667,0.1653265805179875,0.23625419813963477,0.03623145832441345,0.1816502197542303,0
3218,0.4696163038280403,0.6915293888460818,0.1902909521026231,0.33382161887106226,1
208856,0.12669296432156182,0.1613805443947961,0.031066790124681293,0.18341327543379687,0
347961,0.13807453444190104,0.184239668946364,0.06869621332200784,0.12672917986058346,0
195010,0.13308991882286658,0.15627011330526552,0.06839859001460251,0.1721764258292653,0
1658973,0.023121746678701552,0.018265068492821612,0.029378599177179273,0.02587816339568483,0
1416674,0.15708231092156547,0.2676281119258015,0.05356685837828488,0.035990987225896394,0
2114830,0.048181435540488815,0.07824421475814092,0.017967962687977533,0.01834469677512548,0
1852476,0.21949220367950562,0.38846555173224806,0.023473833910079765,0.0910863882017883,0
331050,0.13448161406044556,0.1928767099258838,0.04721153355268351,0.11939899515849312,0
1173362,0.05663816260954872,0.06957743531176264,0.026019417440873296,0.07021809860702706,0
1302599,0.07641795278661896,0.13317655860767574,0.021620726388420972,0.016717277831273983,0
2381764,0.0504699851146139,0.06534149592438998,0.02809858593391935,0.04684830686121549,0
1263159,0.22144860962666083,0.3884864179777797,0.03766631957133232,0.07952752383185635,0
1032412,0.13313776788999396,0.1818522462043023,0.08338673446509696,0.08597812224156867,0
2719242,0.2090080436029817,0.3470255483332253,0.03877153565460951,0.11931904369993096,0
729879,0.16072215071499052,0.27988470919944264,0.029774595667592933,0.059237087074956535,0
53344,0.13169034170289906,0.19471429829487152,0.017942355616376592,0.14475242935275154,0
1606340,0.17446363112402374,0.29617411440062436,0.06430865333451288,0.035419889616788484,0
463658,0.2296055342180477,0.33185052138946936,0.10343650015207498,0.16324661738845253,0
666293,0.21602826624752547,0.3615804429559839,0.07325161878460171,0.06631279567076503,0
2405116,0.1589474299957867,0.27321137421733777,0.039813360824486235,0.05198867319885972,0
1340085,0.03582953514750695,0.03242353009719878,0.028013716247735437,0.05606827612293464,0
1501138,0.030905272941018455,0.030199706496967904,0.03452598599290377,0.027238119473316873,0
968611,0.03551729311922575,0.029122292232145353,0.026201447190405472,0.06547856423015717,0
209583,0.14329300106439755,0.1963628825991791,0.024139344372341255,0.18934878226552804,0
890252,0.043739810965597314,0.06296255755424851,0.016601381524067066,0.0363905886562647,0
201520,0.11929079430627659,0.15474263171938196,0.022334215182099066,0.1760960694597795,0
1924603,0.07642587277669335,0.12007361397250893,0.037069311461932514,0.026341361759295617,0
1540723,0.03094911947524922,0.028614418155045618,0.016581690727239345,0.05833701589777304,0
1260906,0.06489985235660022,0.10377674800217207,0.01963506107385912,0.035604800166782205,0
1939353,0.049141393710196206,0.07472125329325563,0.028968111589165273,0.015451667934094037,0
1162789,0.08352885478632995,0.12470641661385906,0.024149683117993884,0.0696537077200112,0
605217,0.08145886612231731,0.10915460248075803,0.035412650403785835,0.08128884880401277,0
1482985,0.021009954566409188,0.01984544771747876,0.019240272452676357,0.0265757448593345,0
2398789,0.043222596713967915,0.0525802249079953,0.023671037532381315,0.04915586500127936,0
2330171,0.1497444376877271,0.26541729494621547,0.03692538226473165,0.029790877675999316,0
49137,0.25699196809547503,0.432508378582098,0.0339555897563324,0.1527555093876315,0
615516,0.0642088511121157,0.07885851429782409,0.018305021215664755,0.09644043799252118,0
1463373,0.22665359708823934,0.4188799709255341,0.03753270824607014,0.029768995758256273,0
2263888,0.2036727504391681,0.2978741589752647,0.10500516884086535,0.11617060149638084,0
1726803,0.8422840289713973,0.8586854740457602,0.7146378661300273,0.9927496605475447,1
2139299,0.050818853428980466,0.07176574561327442,0.04161624415717085,0.012255536875960028,0
252098,0.15060403161273442,0.2300720920029079,0.03127840714829429,0.13092231733396084,0
1249904,0.06290630125438201,0.09928541537112812,0.024770418190047033,0.029162340559019204,0
1190361,0.04658780963064215,0.04526246854777949,0.03106512003133811,0.07318519673675486,0
709711,0.04825162293654603,0.06031858290334702,0.020901351277835864,0.0591096305076088,0
780403,0.052725900595859576,0.052804411192729384,0.02987470456936728,0.08680641814342348,0
1383715,0.05869920094475516,0.07094280585771129,0.03526959406270116,0.06323459898544585,0
474939,0.10869571947653396,0.1493230309731297,0.062436570237792324,0.07651616459315704,0
2509198,0.15638825093091996,0.2770619899156995,0.04639006483959359,0.01970118260596062,0
360400,0.11234817189821744,0.14878243102319133,0.03189694759119564,0.14193936054631542,0
313041,0.10515014260498723,0.1515704692716331,0.01245398408422014,0.12814356371952318,0
1310721,0.05775983022645237,0.0761880514993486,0.03825503711026772,0.04094646671848877,0
743836,0.041952909971883785,0.043448473964679546,0.029695947903865632,0.056599443091921615,0
2610824,0.2678069610041486,0.4723513671785591,0.04291082608178304,0.09379014795167052,0
1235224,0.11898631843447051,0.195450989354643,0.03944999237930602,0.047129130216786046,0
1391595,0.21049753495535561,0.32985195886067675,0.09712199883408812,0.08217477937395391,0
95023,0.10642001126974204,0.13987936101012188,0.022070071951282254,0.14929654589648214,0
1036009,0.10894135298224995,0.13232096581622055,0.07063217509611605,0.10795608772652435,0
837173,0.09004874830670442,0.11135741039368341,0.03848499610385808,0.11412272139352647,0
22142,0.16213488997371067,0.24969665183964185,0.02136990751780727,0.15437795899273776,0
2395751,0.15739766702453092,0.2779986365020284,0.022267474269777997,0.05859053246291668,0
829951,0.06830561991314991,0.07701862902711576,0.02699995429237221,0.10848159555940183,0
844871,0.2706090704528081,0.42119908584813714,0.09993536588154882,0.15014458882137427,0
1202645,0.08848886993807784,0.120718158451662,0.03137598793573008,0.09358497165763904,0
2176104,0.04898919261557923,0.06708719560790777,0.029110069994031335,0.033562869067079726,0
2175239,0.03854552461415557,0.05246198549508452,0.022314076817249236,0.028101544107192695,0
344533,0.1116461613819689,0.13853715333393657,0.052121480796438135,0.13370570238034585,0
399268,0.10435161940388277,0.1404849115984511,0.01427550890427451,0.1491325546668743,0
455180,0.21202246481236658,0.2775818900201651,0.1424636555271644,0.15246211572067367,0
1774198,0.14612971810535147,0.25961189227610737,0.02565535875625278,0.04313582170210974,0
1456880,0.04443551116694772,0.0681960789961581,0.024756737301760715,0.014552252391702327,0
952471,0.060980532359322694,0.07122872224895338,0.05503438389071304,0.04427928033816047,0
1022368,0.0658445865192316,0.07914014101694278,0.026780125863045998,0.09120239125923206,0
1309701,0.06780628840661868,0.11412653298157582,0.02223027455619933,0.020369697744854816,0
1745094,0.05216039328236161,0.07510498712167557,0.03348916591183651,0.022805749739864357,0
505213,0.1179303231700927,0.19122165951109404,0.02039996629217802,0.08099751763446131,0
75318,0.19594571276594216,0.3024985944407248,0.06201312775524239,0.1304623860950352,0
662797,0.09724557785728911,0.14911441343137088,0.03634310692838275,0.05892719531544422,0
561946,0.07570677188928078,0.11270931596103306,0.022997437673325696,0.06226441303383266,0
2662879,0.2073226671959302,0.36245470908709243,0.02936616417466557,0.08642731699992161,0
2590105,0.0785020006731315,0.1152184577415486,0.02420514413577143,0.06815614280812883,0
614420,0.13315954897177495,0.19829548559000565,0.03474225913277035,0.11794564218470513,0
973097,0.04679843833174513,0.04887497835942434,0.031532078209866414,0.06450662844536521,0
2391334,0.1037274430048196,0.17796740194107485,0.026581943407632102,0.033845795059962734,0
36520,0.3150506788747027,0.5282941529744034,0.034607889504763865,0.20260617768035907,1
1428427,0.055111902149709596,0.07626417965051102,0.03498725957048677,0.03241817226654024,0
2635202,0.19729148564928886,0.2946539954118633,0.11249830840094205,0.08107497711537293,0
2061866,0.035632037833731395,0.036132041868278564,0.023244669076516858,0.052963080883185264,0
1784465,0.12992893592090388,0.22889259150755903,0.03472277569646792,0.0253290372909199,0
2477932,0.055331920381044855,0.08515384916367352,0.02515395785108748,0.02604404221940925,0
1721166,0.20418352132550413,0.2960044713372624,0.1191679440553829,0.10215451220129035,0
2032675,0.04285630909859912,0.04401843652104276,0.0397199085812262,0.0446555913185494,0
976046,0.05848719445249137,0.06523835564147362,0.033196059784077525,0.07954599348265652,0
2443006,0.24402122912029683,0.3560035278596836,0.1780911112160776,0.06296065912815882,0
1824059,0.1460589181767367,0.2531636136454647,0.052479979508854434,0.01866558750674016,0
532890,0.18965487182844892,0.32780686784576774,0.05083661727686684,0.052502263612525,0
755500,0.03754894330849562,0.03444247182975546,0.022564492686510663,0.06779179793832346,0
120995,0.13031428091946506,0.18139360350366307,0.025930671692948333,0.15919138829874518,0
54457,0.13707873947847185,0.20159946847544075,0.025370792992709484,0.1433388367146931,0
2166052,0.03692751282390311,0.044084704286869836,0.03307970634819139,0.024806243880053844,0
2342980,0.18633446001061177,0.3060088846842537,0.07352422098727697,0.05636375686150916,0
748303,0.05702376211556882,0.07261754630260142,0.03425257426870248,0.05219608341828681,0
1457668,0.059231931320973194,0.10058053524743527,0.023383346827408103,0.009633298245165648,0
2481511,0.04355884637258656,0.06580487520653322,0.019887885106994355,0.02345021618610821,0
1364911,0.046384467396795914,0.04999572593650803,0.030888835909253478,0.0605997682788293,0
189929,0.15954005103786859,0.22115414056466975,0.04200903557030109,0.18180135042221687,0
1387419,0.24244420228986394,0.39159414893083166,0.07259921909333769,0.12433681048223397,0
150326,0.11425921765187533,0.14939616942217804,0.025866777232953612,0.1590054988545011,0
112272,0.11356426270893841,0.1488527596136867,0.026551782392733942,0.15586174092137434,0
2464953,0.06471991057043378,0.1108758853374916,0.018626868829450687,0.018469536264263845,0
2323032,0.08588241237462234,0.14479017474646227,0.039845972496566094,0.007667666262106889,0
2078891,0.09784090711797341,0.12770866835533423,0.061214922361514185,0.07811048115926023,0
721048,0.14616607328972622,0.2514065650463735,0.028276344918101205,0.059899436455545595,0
787986,0.10632226746485292,0.15727301926147752,0.026032251183351347,0.0993804123955438,0
408404,0.16911317567198808,0.2601781039880048,0.0329540536244831,0.1456895379532038,0
1612936,0.13890286296196683,0.2405576388943429,0.04367140285050582,0.027613113298218167,0
866282,0.11144926656961121,0.19090510057066723,0.032972799212332864,0.030524382602888683,0
1304285,0.05342058653492989,0.07882184098379474,0.029669711669735435,0.025543762710559467,0
1464186,0.161721133267729,0.2830884601091479,0.026058943241353393,0.061796101203745235,0
2211630,0.033522658333337285,0.03906524471329342,0.0199960641676377,0.03995608363199631,0
1724028,0.22448030975333025,0.3655313360313507,0.07273603231948937,0.09946916020904038,0
429341,0.13641529245642098,0.1850877954567961,0.030267041607490622,0.17395641122887867,0
2337786,0.14430357846356162,0.25735840336833926,0.031510041956654584,0.030856820961978112,0
556052,0.05529151158915468,0.06648244725973318,0.02370182623704629,0.07469870044087101,0
2150785,0.11584214833394878,0.21017225056303845,0.033680236114401685,0.00325976109054519,0
533390,0.18252796535426,0.3157110834390463,0.030170713598303655,0.07810604777622862,0
2218794,0.04535841809216917,0.04981718352270914,0.03148336061893141,0.055024090725675885,0
1964638,0.034900938985557683,0.046251854754514654,0.02479999784736748,0.02167506127045056,0
820238,0.08262940081153013,0.07974357747007366,0.07867450250897902,0.09577630661899796,0
1201854,0.07660374017612415,0.10605139839354882,0.03325521176019085,0.0680073872564624,0
638128,0.07650609228860929,0.09274183833160998,0.022852063787712786,0.1163977699324523,0
231308,0.1528176982101678,0.20223112029419765,0.04407658511876327,0.19239581263719993,0
506194,0.19382293023790512,0.313984643040055,0.07596711919683309,0.07020236479413841,0
231040,0.16953999329436406,0.2263848630178179,0.05670361787996636,0.19668238210732605,0
125011,0.11291710793313439,0.15148870178064633,0.024439700384813388,0.14920423463683608,0
1467395,0.0627953513801473,0.0931769809161922,0.03098425506984146,0.03455792200549385,0
681604,0.06849552632560654,0.1021655586616862,0.02298390245789874,0.052587881286969076,0
2751326,0.28637421491862053,0.46371079733945253,0.06921601581807445,0.16877005751735982,0
1656786,0.12134181660199994,0.19459927855027315,0.055453645589000775,0.03703041825081566,0
445026,0.28666374599835576,0.47185570653977793,0.041960699501686634,0.19073841438980413,0
2537257,0.1149133494467281,0.16516489761416941,0.0937022675317813,0.021101101900545018,0
1803243,0.023536841392904153,0.022060339703734666,0.03180566579002698,0.014824859020143634,0
2139513,0.21146480903108247,0.3773704237140981,0.026562742195873002,0.07405387257635761,0
118579,0.11301743022741154,0.1516771220728541,0.02329251155020284,0.15095557862961817,0
504898,0.21830495976893238,0.37129293427020327,0.0376325542778368,0.1068436317523985,0
1004361,0.04633935846524899,0.03740013601437597,0.0376702418616205,0.08169108949787429,0
2475366,0.08467328582442278,0.1474705301627932,0.02722936177793151,0.013846061048233604,0
2483755,0.08489775174140504,0.1352473511391885,0.03547633845653753,0.03315587317424765,0
816593,0.04462220128456513,0.04031084404155605,0.019591773749454804,0.09294623569475331,0
1665794,0.028381662207037733,0.03270427320850999,0.02035846951767246,0.029609923737404998,0
2581522,0.056095199242004325,0.0838130405706341,0.014350593142713003,0.04941750506936684,0
480233,0.1912368143895912,0.33411142755759815,0.04412727393713597,0.05471459214825673,0
608497,0.18958417716333242,0.31974836951129104,0.029158899631361798,0.1048116125913918,0
1472230,0.01913917726360633,0.013999003481591998,0.022185778044614246,0.02741971054713029,0
794446,0.0819381427874217,0.11317586667146928,0.04296732359278207,0.06230006186926217,0
1917382,0.16078031174187296,0.23521082893944967,0.08182052634795993,0.09314369683880078,0
2126686,0.2197454977608631,0.37718460101776075,0.05317703176491158,0.0760004386125462,0
341422,0.11586362656415639,0.15991183201922476,0.03318981505989308,0.1297538301828804,0
1557627,0.15525701291016222,0.27007186670252614,0.015942005189855078,0.07719239000971315,0
1682526,0.15349901318524906,0.24045791256712767,0.061965402649000724,0.07340218053492496,0
932196,0.039540184295143166,0.04478861804497836,0.02765283637480185,0.044250121801067153,0
1818890,0.023875999885468176,0.02096844801448461,0.027987750166785112,0.024977254140951692,0
2739441,0.24858725133497223,0.4203824923788868,0.02759156501189109,0.15059267820980746,0
221216,0.15970088284723702,0.22174203678442705,0.03194027535186367,0.19623890924732196,0
2076147,0.0563606812584693,0.06658347989387459,0.03534905468655254,0.06232112452783123,0
428065,0.3129922463614681,0.43994429518908595,0.19586790095475942,0.17129864240248643,1
25754,0.33279742827992115,0.5592060260008198,0.03998179208186407,0.20599938827476025,1
591302,0.17438836025489646,0.2975816138077042,0.02441960613401151,0.0913583575542045,0
216331,0.1391011713312102,0.1891152697387789,0.022910148162611183,0.18835246006518697,0
2116592,0.15137719529489274,0.2747212172623509,0.027794607609542516,0.02839102190427269,0
1784795,0.029005423764951573,0.03394712426882751,0.029934341192054608,0.015257796364607166,0
84177,0.14233056112682796,0.2034462325333386,0.03126620520069723,0.1561379164997474,0
2538973,0.042770347409896436,0.05030004039032687,0.03667550746249699,0.03308837487991951,0
689766,0.055878362505708795,0.07779839895143514,0.021787515569127055,0.052214541796265536,0
894615,0.030877450593398716,0.032840668577991505,0.019775913092611726,0.04262171188309722,0
775101,0.16662536123695829,0.2857452289286878,0.028935743380947718,0.07536011879165022,0
2768597,0.3766773441226066,0.653322936555215,0.028555986721882493,0.2072453991421719,1
1761514,0.15960753666978383,0.28545871143054113,0.024991783725012737,0.04690322918504733,0
2426590,0.2785105550659458,0.45395754733745597,0.09810504583157799,0.11050133823872206,0
688288,0.052511468582535206,0.07434879240875247,0.017261157195653423,0.0507936260973147,0
2429352,0.23739883802403913,0.42107732390755437,0.03224531295329787,0.08593291092136293,0
1330561,0.06044505338861078,0.07882080566599203,0.04811295669807676,0.03300381773095869,0
925770,0.07524444410991021,0.1288031565451938,0.01459920078304072,0.03231552801200547,0
2436925,0.08039290294197898,0.12822290258614832,0.03549346995527149,0.028167053311616817,0
120994,0.14345586160110743,0.21591368663657584,0.02372094847051,0.14191366870833258,0
2223119,0.03866193139785175,0.037842727400267506,0.033326551815491295,0.048713010765353025,0
255962,0.22194115182171495,0.3842772888179029,0.02032141669521951,0.11853041202098814,0
1201453,0.2218843816709163,0.39184595428544955,0.03345633065520313,0.07962252665815281,0
1549149,0.03814829732333779,0.04906282545970331,0.013114500778343932,0.0484126717999148,0
1266886,0.0471049444356989,0.06829283581142853,0.019761753011799874,0.03515000313222336,0
1863811,0.25210990468557765,0.4445978741736587,0.029513739873433923,0.10478422818359054,0
632720,0.13391863004773985,0.21484934359486574,0.026920646766613772,0.09208882110161423,0
343904,0.12071943314293176,0.16440759278164419,0.03619209982502417,0.1382900340230121,0
2315354,0.0555126254658679,0.08730011677941885,0.022544600204471712,0.025495935074084812,0
1288484,0.059503705895668946,0.08174383491880077,0.035677181288768386,0.03964317024819022,0
363728,0.11995246092970006,0.16584609638008452,0.027422587281126728,0.1440131827765989,0
385759,0.11306495560328676,0.14737325687555491,0.027121013450915266,0.15621011565117365,0
1739329,0.053498092672144226,0.0800817453527427,0.02631003938315162,0.02782104090413695,0
2144890,0.07804175647652606,0.12165120282315056,0.037957773376792125,0.029144115259565718,0
1161583,0.03576347815199665,0.03384576352723434,0.02957349160680572,0.04984274453168885,0
2414347,0.06534633439502313,0.0875752765540615,0.028296834446998712,0.06534822891946383,0
2112344,0.0443384422593316,0.07425327781151836,0.008001808341185667,0.024056304256083585,0
153015,0.1252271744864944,0.16615356749046306,0.02943113077143778,0.16660525754915756,0
382032,0.24200720834566897,0.4003254682622053,0.020805551009449332,0.17801404455865769,0
2068428,0.052337449225969564,0.06107487573608683,0.02984858630692376,0.06422717732924511,0
124801,0.12447342492137925,0.17419520924598209,0.01891327502388677,0.15850918895611085,0
588387,0.05648379036091186,0.06161619157663911,0.026899366868098303,0.08802942256081409,0
1926643,0.05961000238595886,0.09662774298998111,0.017795710215613214,0.029787089131421692,0
1328256,0.05383115608137446,0.06281660735048011,0.03783246298594554,0.05536556755175371,0
2503206,0.045415110611629346,0.06817924902551187,0.021893547258873172,0.02378710960605728,0
1340927,0.04902908341587488,0.05723664686345009,0.027499847097409783,0.0608040292746345,0
1340120,0.1479594517653868,0.25028533144742926,0.02412475597900838,0.07789679623984824,0
75238,0.32787641074106133,0.5726255615729662,0.04126325689435824,0.14592326443135376,1
1264656,0.046974489881182004,0.06324516165033855,0.029089873528592426,0.03312473498717498,0
1147283,0.04003975440009968,0.041191430105896876,0.03060873334666109,0.05130709671576458,0
684193,0.09042077050578057,0.12795007313335183,0.04392811228958409,0.06633650126114712,0
2491458,0.059013711703700886,0.08822273603512687,0.030106586525868808,0.029351838641884027,0
1114849,0.0526263313361041,0.05788482255053706,0.05672284491885053,0.03333533292590205,0
737968,0.11008130934251453,0.15435267485071014,0.058778265743600525,0.0763574609703965,0
1561773,0.15999466016784658,0.275269417467471,0.031476884194528244,0.06458443087876296,0
1425824,0.05687869696429539,0.09326326689059528,0.022787755181837118,0.017053684822233076,0
2129524,0.05278166938314685,0.08433496127025364,0.027619947528308517,0.011641022447637369,0
2337646,0.37138174114649364,0.46317713996713283,0.3654519086975181,0.1507879927683589,1
1631282,0.03388129275271147,0.023625404128949312,0.05665820114946009,0.025355651716993943,0
21998,0.1881489672095058,0.28733495223829997,0.0411863777684581,0.1606278887990919,0
1578335,0.1618734048480137,0.220016117995945,0.10125340095873674,0.10744662781210096,0
2398434,0.04392904123994629,0.05185876763686348,0.02827669329461719,0.04758324716564696,0
897449,0.038884215899790915,0.041432312398830495,0.03207609924194706,0.04272614963895774,0
700451,0.04251317753187528,0.04718723505818656,0.023796559994727517,0.05890296002181873,0
748555,0.03942692944569587,0.034630000695591634,0.03264125827372395,0.061597758078914336,0
1866777,0.06808069746603199,0.1092050925012481,0.029302771651170952,0.02343659860028326,0
1405133,0.11800512804464867,0.1878556552922782,0.04955852255609837,0.04604871815840033,0
929118,0.0731738878569882,0.12510221685241274,0.013990590823671347,0.0321280109184021,0
1447807,0.028990255658282164,0.031324864228476135,0.028692689418688373,0.023600083592187945,0
444457,0.188906372657655,0.27059060942584146,0.05181511504926728,0.19033266714977037,0
338048,0.1406967496722265,0.21081629453395556,0.024276155962146148,0.14002877808302447,0
762256,0.033854254822730884,0.025133757529529732,0.021904641203949603,0.0735799184839057,0
1598170,0.04927213053474409,0.060786821695565596,0.04901768269374212,0.02086707439419328,0
2166684,0.05264051202950242,0.07508613845113887,0.04067585993772459,0.01447342411307803,0
640108,0.2550234596964221,0.40898560951209983,0.07077716460953612,0.1464875277875567,0
1542445,0.08813828744450078,0.1311252997598209,0.027271380104887378,0.07197111766562055,0
583243,0.18091863090320237,0.2886256924294879,0.06261267661008856,0.08910990852715926,0
828385,0.11637140269777964,0.1835405104306339,0.030025022336381744,0.07796820390774083,0
2245241,0.1718837413678453,0.3055090080867743,0.018196691854632928,0.06835114884034137,0
877030,0.05455866942660184,0.07917415817773776,0.02103330503535991,0.04330799413562492,0
38361,0.2819233867470927,0.4733621501154628,0.022504445951915194,0.19245488951893386,0
2640147,0.16295788860400534,0.29423729183286684,0.017654474063651202,0.05271450234238278,0
1796719,0.1374915739659696,0.23501187324704476,0.04747273234000464,0.028719088202229036,0
2382354,0.04615708817077586,0.0585133916765862,0.02383451138009463,0.04875019459227185,0
1081387,0.08010676748474847,0.12576464377044017,0.040664841652544956,0.025124965518824503,0
876194,0.22553340606002992,0.3774205989482623,0.09320873844737766,0.04430242525842725,0
187920,0.18433326999182048,0.2901390190391485,0.02752482911585068,0.1550315586874551,0
2141861,0.17303845386482447,0.31710609791717914,0.03269293887962028,0.023387616211744122,0
2004697,0.05343889882169816,0.078122193284197,0.02501956732968273,0.034359659903474185,0
1325856,0.038924384433312045,0.04453367968280253,0.02058609055710446,0.05240858712389721,0
1085372,0.12673708825542376,0.21156676981732625,0.03043892704642245,0.05911012616416953,0
2732843,0.3014853580911074,0.4968066848962035,0.0898211111407682,0.13067841150387577,1
1006988,0.0798298340666527,0.12561896563165098,0.017320536673884168,0.05912095124330981,0
994401,0.1472313725583365,0.24228037514962864,0.029418671960529413,0.08632791697681683,0
1755804,0.03899307151773582,0.060313946081947734,0.012820511144194172,0.02494972566751848,0
2343978,0.13353173949343575,0.24117804898548822,0.022953566972000322,0.0302832245454577,0
1959565,0.027791223982226342,0.032431393642727624,0.025852731240684403,0.01909853894328605,0
394066,0.1348577803880096,0.19111330732702858,0.02317427911696468,0.1617442149470296,0
109139,0.143299990864722,0.20302912649801697,0.032738844824633434,0.1598188708416174,0
2477087,0.22794573525143344,0.4037192992474885,0.03179296348906908,0.08274098290484233,0
1090539,0.0379213653975629,0.04435267077998983,0.026059991493380636,0.03963516279776896,0
1424910,0.06471716706296503,0.10239941428490706,0.02247132145418471,0.03388031742128043,0
1058404,0.08213136729651109,0.1288686772985922,0.027078608610898277,0.04786723031972759,0
2296466,0.15567470111924617,0.28320575833237893,0.024870650140753583,0.03305313455415306,0
491657,0.0656323380826207,0.09348048726224811,0.01616261735324518,0.07021654622761549,0
1403096,0.07015456028239475,0.11599274663074766,0.019208613019598524,0.03197801530570682,0
941391,0.060036365170583,0.08268110360258774,0.01879019216163139,0.06529377860399857,0
1525757,0.052771832996361706,0.061968060134476644,0.03439862372998619,0.057341079050637615,0
917152,0.07836186231431651,0.133137226417249,0.02054789255326047,0.028144406698569265,0
36787,0.1397215645684636,0.21049596964130635,0.01694160371037033,0.1469554931734966,0
489172,0.07975968632791916,0.12023408161536131,0.016218883011105613,0.07388490308453415,0
1681918,0.07947354562282606,0.13757459553876472,0.01982029289028058,0.023700799931797644,0
2503440,0.08657109601785645,0.12906738919917227,0.04934116880096273,0.03617525388990752,0
528530,0.07507722373754652,0.09943899631914876,0.0453024948077274,0.05883488567826958,0
1209609,0.0634271116958601,0.07859217314062439,0.023683346629932628,0.08513010568284057,0
109543,0.23364849856706707,0.36513400855995215,0.05228163117018749,0.17698502468017374,0
1504428,0.03138995229161798,0.031688110778556045,0.026607766812624774,0.03781783429276264,0
1850120,0.03230882418008042,0.03205176078779326,0.02197923441128373,0.048445867313993356,0
2171927,0.16361701466751885,0.2746697187058904,0.05405415268685492,0.05032954754258591,0
1741569,0.102598475097845,0.18335486373410181,0.03009083660179066,0.009468961251284524,0
382745,0.10340200551290563,0.13042727316935254,0.025229397374890754,0.15309774857881062,0
464623,0.29135036380199736,0.4175669007435795,0.17726249679159975,0.14694082196363842,1
2013367,0.09258749802424915,0.16785915344995173,0.023790230744926644,0.007604260378976475,0
1777226,0.16754457987414334,0.29291438334935394,0.027053937266017115,0.06485603509830613,0
1547647,0.1450464786244154,0.24385102086823884,0.03259788837207821,0.06670800839336251,0
1827492,0.02907479608701565,0.03196345096937758,0.022540416203133212,0.03165472870693448,0
384116,0.10891692670230874,0.14004124785861694,0.029124230690537,0.1507951678291958,0
1359191,0.07515157332364612,0.11602510029504542,0.028071841527125,0.04358735358992955,0
1496222,0.035858167226552454,0.04186488086240692,0.0321143057374801,0.02645717537052482,0
2047959,0.12319008943720605,0.16831321851429304,0.08518617115217854,0.0673881441720298,0
1874999,0.028056000875510245,0.02252961471951387,0.019900061718568403,0.05410587500091395,0
1967101,0.044839726590185286,0.06810325007438212,0.030064074249201524,0.008844396391168836,0
775868,0.042277572307225834,0.03417990410094718,0.03241404392206784,0.07731703540065947,0
58599,0.16095871025587155,0.23606502369783067,0.03903509165221591,0.1560783545564573,0
84546,0.19391199675603732,0.3103327453651312,0.017633949366674475,0.1672771963173468,0
2373115,0.04489619823913332,0.05928963950214494,0.026184511547654634,0.036980125118822295,0
1749535,0.11146799842335336,0.19508674364334144,0.02176523191252183,0.03697528513963044,0
2408623,0.0670546213332143,0.08646247377106797,0.036457672405686446,0.06443041362987187,0
2282651,0.16724344299097885,0.29001411306578984,0.0527997275558443,0.031982340956653116,0
310274,0.10423999090869952,0.1493513110816581,0.01293740174769941,0.12841557421780322,0
694208,0.08504549096047409,0.1360832548484816,0.02865897571705336,0.04203085410558639,0
1245393,0.2634695152641447,0.4606689608707871,0.04807582995143843,0.0935614292165981,0
2614360,0.34822018937275356,0.5520189066381396,0.12496744275189546,0.17360251614057587,1
1916030,0.18247867617397345,0.2508248455282316,0.11376941968386224,0.114677137523495,0
1277926,0.05716085552746829,0.08492915646707921,0.0357612350933042,0.019839533829687096,0
1897990,0.04202011886851921,0.04625121956929856,0.018883321991732347,0.06614756243175111,0
88274,0.2594056884584124,0.4217150994899359,0.04048003049113488,0.18202064783051994,0
2477807,0.09632444943955928,0.14778159492151732,0.05230148675280957,0.03371602976478882,0
1356927,0.04756575944459586,0.038540346761867905,0.052080072820442774,0.06335782108764537,0
2583563,0.1682314527348619,0.29972967270018225,0.01771953246003438,0.06525378323380229,0
2354195,0.04221478745782789,0.05160028156939145,0.034737591457183234,0.029966846179885962,0
637215,0.1046791396926032,0.15541532018841464,0.02410660316988633,0.09869749323714985,0
1380743,0.05810230353971661,0.06750260198681868,0.027196142844684502,0.08096079846450958,0
292091,0.21045487811492378,0.34078012804812197,0.03217660407140637,0.15205916434720435,0
427032,0.25034638703600925,0.41653215119144915,0.02135270580912775,0.17837249848773173,0
127629,0.3021189197469975,0.49715845128173497,0.04857812393205087,0.19483128463257385,1
947286,0.029103982112444526,0.022597973177947428,0.021517982627923954,0.05674800367546812,0
1527510,0.05454132771546886,0.0666881958367147,0.03176165125192392,0.058343672107671635,0
2181365,0.04582184474082733,0.05782057842255406,0.039234410186153895,0.02570616236852068,0
1287878,0.05683662894764057,0.07662892986816328,0.03773755422333582,0.036004488732790926,0
85543,0.14142579766952051,0.20226167743739754,0.03127651451624302,0.1545600229797442,0
1557006,0.1634806062322389,0.2792092671833286,0.027862349325007082,0.07758633921536232,0
1873361,0.024557532403498162,0.016055226846937498,0.022920471823835477,0.04826888716439384,0
2102609,0.09902023981838007,0.1741290598330928,0.03153900801666422,0.012470037484171985,0
1130676,0.13379248782417089,0.22331324179018586,0.0414439665968866,0.048513384750059924,0
1674595,0.050896486419714115,0.07346728959971993,0.026940449602085078,0.030403533696143147,0
753826,0.04376717296712182,0.04370187400901382,0.02733332399468884,0.06858119382104129,0
954479,0.09115859915822161,0.14525064554247125,0.03423630210899797,0.041311928771433,0
2541086,0.1108426177723902,0.19181312828578234,0.034863604411508715,0.022384861530232125,0
2670531,0.23134779283740825,0.4031710636111566,0.04336167831963544,0.08376878767969655,0
2585196,0.054232207029494175,0.07379290485596113,0.022008249785789292,0.05366639832888411,0
1778318,0.03529238172064455,0.04262504999525296,0.03084915954946396,0.02362554429089441,0
1624516,0.12708945371198133,0.23173928365140328,0.01940679785926128,0.02698886264250656,0
1314411,0.12602353859770407,0.21440803909887785,0.032065581960164354,0.0459992223010792,0
429541,0.14107421054289676,0.18724589827177518,0.04077935568092923,0.17608727351365192,0
179094,0.27309772485769257,0.4617498094185145,0.026854638271056372,0.17083214333559213,0
1311089,0.05399331373827269,0.08239715671679348,0.02647026240777265,0.024268283287720745,0
2515561,0.13574682284399198,0.23397809885456766,0.027663291758376042,0.052293929445976654,0
2348008,0.08344643264941645,0.12663303909814982,0.0559757443820223,0.016685948928674258,0
1976797,0.14412273310207935,0.261665515861655,0.028128157348752538,0.02425763983313047,0
2503094,0.07854388742230396,0.13365279498903027,0.028176706249069806,0.016322390265339434,0
519686,0.115563368479221,0.2006448329774343,0.020082461186280598,0.046081068173098316,0
93228,0.12135578801015892,0.1671814443470101,0.02383747793919723,0.15306911227447348,0
2376242,0.042333141693226974,0.054255684425167705,0.02476163118070842,0.03888405063215298,0
1550216,0.16920683646557344,0.2739448259487045,0.04993587664423772,0.08626830248974941,0
996085,0.050600371240063495,0.054358929077045204,0.021339242789212703,0.0850956693238854,0
2429054,0.10045133284292106,0.1657878710175591,0.03475880395669157,0.0356487807356702,0
1620126,0.12102026927955761,0.2123409962771362,0.03134095066072459,0.027237429713860617,0
886364,0.20479698487625478,0.35218562962230604,0.06680771030395082,0.04330928486958265,0
1562212,0.07517981754528609,0.10860031042685026,0.03432671670969001,0.05290823659476979,0
2180407,0.139440749030155,0.24348077614161168,0.04999578591938321,0.013508125917671067,0
433074,0.12770273288702313,0.1737689115784936,0.020528327242673953,0.1732988946248707,0
215318,0.17107431373278104,0.2626667898663967,0.022491049957168174,0.16496801906216127,0
624848,0.07956090647732059,0.09906560359909933,0.027207078813008507,0.10932990516934188,0
2063088,0.16387245976275072,0.2854216372908768,0.024852404815755434,0.06852959836292842,0
2220450,0.1698319777894242,0.3006748483252303,0.02833590208599539,0.054968915005052105,0
2205646,0.0361176085455496,0.04459519984881,0.01972022710520678,0.03951970244791284,0
1989996,0.03728233987794426,0.0443403422089057,0.03745313483719175,0.01938114161166937,0
2279179,0.18441730524225705,0.3318496144373635,0.029538870078645113,0.04815418499990889,0
1113202,0.17102528912445852,0.29033883277431993,0.04118247439147102,0.06750565209928633,0
1833334,0.023926758425354664,0.019186209545757338,0.022684008167324077,0.03764225601139386,0
1402264,0.09749123759908832,0.1333625303096143,0.0857973695296644,0.02535380792690915,0
352361,0.13107860448713274,0.1982930584816497,0.021610223536816027,0.12724504092631547,0
1690816,0.23610462554908934,0.4243249348704138,0.013092061872128415,0.10007269776121949,0
1677003,0.10661654433931879,0.18741373362893798,0.02636867141929999,0.024995380495298963,0
2559741,0.0610549554506842,0.0810885723177881,0.04307131328440985,0.03794637653233599,0
2459015,0.09200993400255789,0.15194777172383245,0.03013525929638246,0.034977351758634666,0
1768213,0.03198835666779176,0.04404561516372585,0.024232710842440837,0.013478679165982914,0
686823,0.10230844976253704,0.1633725885685312,0.021047870441039045,0.07153897172979866,0
1336433,0.1257393521904125,0.21374788686799273,0.022035707024200702,0.06127348324577962,0
2608176,0.3332000916147095,0.5348541046389723,0.1217107460885294,0.14629907734332254,1
1411965,0.05158795314694132,0.08464891703755872,0.014402506776025897,0.024713712976770937,0
1583798,0.11064753968992584,0.16533332930560085,0.07899660532338296,0.02140946720055263,0
1188614,0.04992313941728118,0.05147396574638796,0.029349634094001594,0.07690633157943358,0
2223220,0.043633304110481004,0.05530344861138381,0.01974399875357928,0.05029190089357656,0
1067902,0.04850209858847687,0.07124317181089146,0.018546090829709535,0.0365834271705914,0
112466,0.12251101188188077,0.16387324109419898,0.03030097122393277,0.15742049983800718,0
1651524,0.03526087991097071,0.04012995223231153,0.027178845501933994,0.035211250721173745,0
736261,0.04496041626429214,0.04691189830611997,0.028633778790227923,0.06457166737081887,0
393190,0.12176486830016842,0.17063197064738156,0.014606911839183872,0.16033404712361243,0
856539,0.06266011485098291,0.0889701921145657,0.028668319046036447,0.04787261539944566,0
1054091,0.10011364371163542,0.180242328013269,0.018183711395567268,0.022686831431653672,0
305948,0.24313086508088055,0.4137309907195281,0.02406475483229563,0.14522971635713908,0
1880932,0.04454002116109902,0.04978831292458763,0.038988830377482346,0.03974607792780251,0
1994552,0.08739768994214801,0.16461432714963253,0.014751046160084495,0.0033260625965320055,0
567827,0.2659383213975147,0.461270415590169,0.03862136150879474,0.11858352574895888,0
1700554,0.08738006078307306,0.14867294120847974,0.021717583107646512,0.03264157623269622,0
1324063,0.1568587520589719,0.25210520937108605,0.058479967868482155,0.06631078506442108,0
1097537,0.10969206433914337,0.1991160987364562,0.02277375267718758,0.016509445838795,0
2026039,0.04212548087036981,0.05264884219819155,0.026536502963439616,0.03920054441121074,0
998427,0.04909453412727301,0.04737999759213629,0.029934495377140553,0.08212093359031349,0
1672390,0.06078764755909596,0.09044765673638167,0.03914530003775193,0.019101145897897725,0
1298703,0.041330073869730144,0.055020992297392546,0.02773613831338693,0.02749368113508896,0
1785879,0.10986193836427274,0.18356364681179393,0.03382302548808887,0.039666036559745585,0
1302427,0.2112086616768593,0.3710292935901768,0.03098378718871756,0.08199439362577839,0
1535853,0.03256967334593469,0.031158151803236778,0.019552087443374475,0.055624856056519775,0
1752710,0.040640938880131,0.06348253982327279,0.013009501737189682,0.024984092236688526,0
2110994,0.2740125957070754,0.49359163522398386,0.032961428800308945,0.08664174727495384,0
2609539,0.304330158106116,0.4857705261637354,0.12681041911590818,0.11700884644737924,1
1212594,0.11274300808974495,0.18113918027099174,0.0343747726503855,0.05930493079566715,0
415821,0.22585339415418743,0.3822070146860913,0.01620307122567329,0.14944482721719884,0
913305,0.04350968001501606,0.045748329382568786,0.042042984739979486,0.04011309950868912,0
2283471,0.053316470737374465,0.07905749679629592,0.028891479210452153,0.02560139288045428,0
594311,0.05859505051921102,0.06960764982451884,0.01999749473354586,0.08895988593443918,0
876704,0.07155568660271519,0.10430041297688308,0.028222858984870033,0.054693112094063176,0
854924,0.0866794855492643,0.1277741836710865,0.03868998450714639,0.05592699180788567,0
1258346,0.06790783438302683,0.10654044164277598,0.0237463367911866,0.037568562621414295,0
1570634,0.1398855682090626,0.21690869622462894,0.06447537119480462,0.060443043691533575,0
2272282,0.07639036804885385,0.12607391458522244,0.030070276337980834,0.021661639274241945,0
2169741,0.031475267782841425,0.03941127425308122,0.024631532462952015,0.02190085458707605,0
1117315,0.1165797625802442,0.2117199362132859,0.023423299344803007,0.018464023350801734,0
806820,0.15972272212317987,0.23921319522582973,0.08516272382438905,0.07283653681474148,0
51323,0.1590110394152191,0.2525942797575039,0.0182571283927367,0.13618380509323072,0
2134857,0.08894659895432018,0.1596842106690617,0.02779745333543231,0.0038262880957982233,0
2110370,0.11739347538233301,0.1986589281083595,0.03464970828367336,0.03834549421525626,0
2217213,0.04090416074322079,0.052040695726321085,0.02606399135771455,0.03532307736372943,0
1584681,0.06585411321696388,0.10602507271990513,0.030983076817946285,0.017733269058137133,0
598178,0.0656229538451179,0.05543085399600811,0.06553445392487192,0.09123595334826137,0
622222,0.21519377398903478,0.3182235404102989,0.0992932533814516,0.13147013884724934,0
1367034,0.09096762564786799,0.1524085251524463,0.021719042544253952,0.04123825154184332,0
917307,0.05359818549116309,0.06899973574998297,0.038282496376506915,0.038067843516097606,0
1495926,0.020168843312345152,0.013945356161704558,0.022452345419777517,0.032302308027798085,0
1260568,0.23871809909280106,0.43254436772198757,0.01910847505390156,0.08356686357818408,0
1486704,0.02236037048679543,0.022471841507858414,0.019215557637038118,0.02679891220877395,0
264712,0.1261813826531621,0.18116176352982882,0.03355926043926461,0.1276636137823415,0
1131840,0.034186512551190026,0.0423230511395869,0.01755004641916011,0.03879986527824271,0
1600477,0.23254722330163868,0.4304801915859675,0.03936524399385505,0.027487771552492133,0
140374,0.2617236643893838,0.41319542058525305,0.08702125666456303,0.14509788548694205,0
1794458,0.08839910030117343,0.15847337038171372,0.030541383701055212,0.0,0
1133245,0.23348285417185682,0.4210883380181758,0.018397470408876487,0.08709722020052985,0
236120,0.1570344015484357,0.21932242176925376,0.027134461794293914,0.19616426062760323,0
2341933,0.16868517630431085,0.2907516070607863,0.047712306706752916,0.044978403809459166,0
1612401,0.037659941878775124,0.046586253921804044,0.03153706892977913,0.024528471194696817,0
476719,0.1968521416678635,0.33753083566298836,0.039585465518133404,0.08105542090464642,0
238286,0.22710044091702658,0.3590382512437118,0.033908426589828976,0.18704393659110985,0
1092043,0.13232273612204273,0.23689199300870023,0.018189217804708824,0.04209987138139988,0
1266409,0.04375871207757666,0.06439789970841026,0.021137815384386745,0.026092088040277524,0
2733930,0.3603173249144223,0.6452919514946777,0.024462776831585764,0.15166258058803864,1
15398,0.3019093821087025,0.5139221484625154,0.02195443364888194,0.191809888913901,1
2353153,0.3154794526370364,0.5450788796799642,0.022537082650326737,0.18089444000978164,1
2352526,0.1192767033113662,0.20225749105578417,0.028564137769963024,0.04789358226242599,0
946045,0.18015169407750833,0.2969084878582118,0.0440052022456551,0.09247944737352952,0
2599214,0.09787091765632187,0.10000042246189189,0.11637188006022077,0.0647957120365485,0
2184113,0.1085322529349719,0.1940874714736276,0.03201787656110057,0.009415771149139645,0
207716,0.11910858090716636,0.14636254737407883,0.03302468799970944,0.1800995041010705,0
1732298,0.1921108756307581,0.33920941058290976,0.034915598634236794,0.060157453745160856,0
1965492,0.20123838750309306,0.35769429122422935,0.025719784970968232,0.07337653199843958,0
160230,0.11219635547296401,0.1440102816924994,0.026883663730049853,0.16063057753849674,0
699764,0.03741819264206737,0.04267993275400339,0.0167170096902139,0.0553156167900075,0
1946543,0.09753234317514056,0.17019404037628838,0.019042272960855044,0.03361320549369933,0
784943,0.03841055874648003,0.03045654762209027,0.02516256680065971,0.07816757447618489,0
2763489,0.45813265024830796,0.752850164173021,0.12046436905820311,0.22784128722168273,1
461395,0.3908061804817355,0.5866249749821343,0.18736367837289558,0.2064229473939983,1
60507,0.12016667464864272,0.16680764713878926,0.026502233600072502,0.14406090499613172,0
2235405,0.06977407717723466,0.10427646744678476,0.03576458398506938,0.03453234129160738,0
2624686,0.19527328814132283,0.1872265546567069,0.31131826306918836,0.04132265946106435,0
664355,0.11826636642586115,0.188243601014634,0.03273722193665097,0.07161699668774432,0
2538100,0.07774136087865395,0.10909564098598301,0.04668087102047061,0.045946395397606296,0
2357476,0.0611357844499962,0.08159339888819206,0.051198267308918174,0.024898024066123584,0
1692225,0.12635314031030767,0.21678980802994752,0.01888046535833448,0.06147048343916787,0
1508061,0.05719119964320262,0.07268437710770281,0.03993364710409269,0.04434458479061704,0
2588313,0.17382148829406915,0.30622210170570374,0.021865977392848096,0.07075322111681424,0
2286356,0.06031213716405217,0.08826848035761925,0.04044763761029637,0.020218028510768152,0
950978,0.06970262264072127,0.09423741313977008,0.04780199750613646,0.04121658409497655,0
1473603,0.03085816548274094,0.03733784678964924,0.019231011589859345,0.03209969305479258,0
1886369,0.11085219575045441,0.19113998802022658,0.0288180950289722,0.03318386615824731,0
508045,0.058225189526468484,0.07036569631455347,0.03114343428759698,0.06849655541456327,0
1756907,0.03803339211295084,0.057101266726934385,0.015364731540216545,0.024366696437093417,0
1732633,0.27197584625194005,0.4933440571896699,0.01706850427032166,0.10091633188004309,0
2195941,0.0394616077409024,0.05488074608969329,0.02122857142666396,0.02826331634028283,0
2159956,0.04797195921678939,0.07497148924353159,0.027380339398595435,0.011360563877224833,0
71202,0.2672492788297372,0.43859443674842813,0.04199200113030244,0.17677230058216203,0
899932,0.19115129982698018,0.33947043634493457,0.0416439228783751,0.04461452395500181,0
2768598,0.6285113592095672,1.0,0.02366709812500172,0.6070561488603337,1
2198239,0.08122750046625987,0.09991081960071724,0.09210689542048672,0.018200110198776143,0
412821,0.2967836634979588,0.4500634710137871,0.10853100426258944,0.19596313356144213,1
1639992,0.0351938381077844,0.047006757015469414,0.0282557914856717,0.0160686107717409,0
1603298,0.03727109110274056,0.04836133823002575,0.027713845986996794,0.023881340958143225,0
1360088,0.0406858685588026,0.04240882999034501,0.024182832851496666,0.06113301854090549,0
1709028,0.3271781029414323,0.5674456546338399,0.012766707917732958,0.19812631624596236,1
1976332,0.12994668275830712,0.22483061188725328,0.0422915661299672,0.024219534878451604,0
1106638,0.1307718854704524,0.22560603520466072,0.03183603720515091,0.04209028353288382,0
144239,0.11645989994694637,0.15537544595257702,0.022182772817650846,0.16058672562681306,0
1245436,0.074531285176114,0.11985274674761048,0.02388517521432167,0.03719679619006129,0
1528062,0.07774144428202377,0.12086072338634357,0.03797142474581467,0.02959827582553795,0
1838055,0.45874797583084637,0.7520343874104372,0.023709063474321314,0.37809031541665694,1
2441366,0.07468941499151985,0.11731971279698306,0.03456676078142654,0.028297651793001803,0
1535209,0.059023495457635834,0.084918265203349,0.027760728487651216,0.04118072154832982,0
2171465,0.049593955169264646,0.07999976782298157,0.01268752675029918,0.028939066163420516,0
2409965,0.06959224262878973,0.10142352050712822,0.017220724607267777,0.06857132496522644,0
574022,0.2230694288539617,0.3839823956487075,0.02679918764564162,0.11519237367957727,0
1628542,0.03622699953751029,0.04585985887869892,0.03469478706338898,0.014443169895720679,0
1435853,0.03805652158533696,0.05021256486913794,0.02538617579115714,0.02667193206710426,0
2198437,0.036482197976985806,0.04041903156408844,0.030315918836839626,0.0358895327194485,0
1132772,0.033532854515827805,0.033373362050854505,0.02637858824580868,0.04466298508328974,0
2000593,0.21884879566106114,0.3863561096040472,0.03443918687746929,0.07669492397898366,0
2442211,0.23294386416988827,0.4255464920846309,0.04159809544653502,0.0384559474680615,0
259758,0.15679794752241596,0.24371732936672907,0.025268693409528198,0.1367933740809648,0
2271345,0.07639185230481195,0.12607391458522244,0.030103233714123948,0.021619624489817694,0
2711875,0.23427130892470927,0.4048698634483292,0.035521007381664346,0.10590037493022672,0
622937,0.07043256996853486,0.09045127013534471,0.02006603686737592,0.09593561920324867,0
2118441,0.04430746954124705,0.06213607139869448,0.028666318691891273,0.02319769117166215,0
1057826,0.15762234440280917,0.2693950324329645,0.04555346649425198,0.04629394119025673,0
966215,0.04484589910243036,0.044902855754650695,0.029042033731726084,0.06840930552793592,0
2198853,0.1551261484412011,0.2690061935880036,0.03638349288410088,0.048540018909845155,0
1174672,0.12215263675912043,0.20299713363537453,0.023468951747988753,0.06806692208518265,0
2236081,0.21933122331242333,0.40451144177075427,0.02170930175383891,0.05281355950447271,0
2168734,0.07867893008693026,0.11508297227396547,0.04795325873811437,0.033757331642566085,0
1601647,0.054667807983739436,0.07807523735457877,0.033827961949087805,0.02740900360861851,0
1139889,0.03215957518073494,0.03127222269267527,0.027909158664404708,0.04075358117537947,0
2747199,0.2715987580708248,0.4484546481685503,0.04573885294106203,0.1682488905211553,0
1348625,0.16108827498568307,0.2802970870660084,0.028365113096211744,0.062150987619076704,0
707189,0.06874573018053166,0.10558919546358014,0.025263932473691717,0.0418597635331704,0
1301175,0.043932085296727,0.058579430438260305,0.029154007805330916,0.02948083867998786,0
1040845,0.15040161868846788,0.20526695326976274,0.08005571655027988,0.11875713544251278,0
1657364,0.03551008606852142,0.04012995223231153,0.028032979664711383,0.03517608026476121,0
1750754,0.0576044885290729,0.09121321502891122,0.02067292604464205,0.028980016006123377,0
2261725,0.19984719612762983,0.3204234178990689,0.08554805088323164,0.06985535956562944,0
2206851,0.033059523525225044,0.035985894547608366,0.02173440286404756,0.04273127696103296,0
2575252,0.060562216123512674,0.08055543221376416,0.03008571056207947,0.05629393424003376,0
1225029,0.16316680485176724,0.22142183502665558,0.0908968485843212,0.1259341638157155,0
723350,0.04327532917978236,0.039211621913311734,0.03934159127157506,0.05933520420826984,0
1076206,0.060417989004978245,0.09384594854381789,0.02348895030214245,0.03224164821213282,0
1385245,0.05872897794013658,0.07435260248438635,0.01620970151469989,0.08344883121766718,0
1245884,0.18215668077179548,0.328985250057502,0.019205066267985366,0.05951267931324432,0
1231570,0.1020122159784098,0.16523326199648325,0.04283666988443814,0.03272292007418365,0
117591,0.14581285287945872,0.21263680098629578,0.023267544777718398,0.1625709447649766,0
1214567,0.07374676071197372,0.08460596905902096,0.053705353366543036,0.0766608508625017,0
63205,0.13823848823353024,0.1979771334686583,0.037986659106001845,0.1392696188370027,0
1022828,0.06761679926112767,0.08050706340641078,0.030039930943406987,0.0917564413745009,0
2517042,0.03929760766710541,0.05267911370924194,0.02360926727901902,0.029376353143893676,0
760994,0.044109105645066815,0.042968639645195594,0.03467303008807222,0.06111438398023675,0
1931752,0.04954953675187038,0.07330408713158276,0.025224609773035006,0.02665055127084247,0
1685239,0.017343196114187755,0.0014682799850003203,0.0266534399447118,0.04306512069137028,0
311230,0.12034048291691335,0.18106068377459672,0.01909092313848403,0.12041432044034889,0
273516,0.1307557298710081,0.19957632721263852,0.021131225177448563,0.12314099355727122,0
1449027,0.0761240892623018,0.1211322513877432,0.04560542192256055,0.009381684958310215,0
1738794,0.20342815914454676,0.3040663996872319,0.13547395839889378,0.05376385890631328,0
377496,0.09801456429181107,0.12108415167307396,0.02706389456558835,0.14676660042798792,0
698972,0.17868037946488716,0.3013940682131173,0.03535581026383319,0.08688301139589262,0
2130211,0.17530473122729387,0.3083974149491253,0.030744929292102468,0.059412724825502326,0
120263,0.10978303885400542,0.1404689210695026,0.030527579642967085,0.15195152213182,0
1851751,0.07705038995903858,0.13045445394474953,0.025087761873471823,0.02148417212311132,0
2696181,0.19908982373216025,0.33675536365900394,0.043863457108079276,0.08776552385117245,0
847516,0.26590332584270937,0.44660560224796364,0.028108243500833283,0.17084025834238767,0
1157667,0.1394280500289504,0.21581005071407078,0.0652644853934606,0.059718395269384106,0
1259887,0.20853982519586486,0.367541148251169,0.028891394215501392,0.08050916402814971,0
2759641,0.26858350578983925,0.4495114687890456,0.020653159852201577,0.18815911719828002,0
1579034,0.1720173504826657,0.22041990386841248,0.12818872274525905,0.11675390862440872,0
1767904,0.02308469563814521,0.02589961267803287,0.02165502974269083,0.018191901881607627,0
355817,0.11745917242892359,0.16044797887587836,0.028762272048015895,0.14303250688289823,0
960304,0.039777285845600016,0.04126466782795701,0.027346472405097157,0.0547050510504618,0
2432339,0.12367873437931143,0.2139974921000216,0.024699693749310823,0.04635040102253681,0
788982,0.04355646805573718,0.0357263737032818,0.03473679506810839,0.07636121341831881,0
2705488,0.2093224849946392,0.36841121293882406,0.01775779061464759,0.0989477067041645,0
495361,0.08839593631355848,0.13089883760539056,0.026732221654656,0.07463425507233201,0
2394363,0.044877999304640634,0.058623421764863126,0.018421655794096485,0.050198958419900644,0
64677,0.16279143688953948,0.24610603902244743,0.02756228727006011,0.15734865598648862,0
717478,0.060942764168650417,0.0821153419481564,0.03618006683356031,0.04515536572252063,0
1317728,0.06167624486129891,0.09698359500707532,0.026458276722352875,0.026234821705276953,0
588703,0.054814485551779146,0.06003910062576201,0.02437838127007522,0.08740710428937787,0
1718680,0.09327789044319434,0.1341194678795269,0.04477670754193342,0.06392572120425435,0
1870323,0.05281390633463754,0.07761899613711665,0.022746722710805464,0.03590195726418789,0
477962,0.23782238362678343,0.4011560086833963,0.048503588573902856,0.1134665135645721,0
2064606,0.09494167857745645,0.139238356219465,0.03539946807783434,0.07351330022186815,0
280424,0.15819954675917716,0.2590216699798522,0.019568932231497766,0.11409016049900864,0
815872,0.08514847601435517,0.11359569451362861,0.02685287960236571,0.1014738243841558,0
1260821,0.18619630804350953,0.31899375719990564,0.04004024655393307,0.07343677738688394,0
2644450,0.1925853527026828,0.33453831479592666,0.030145349961085092,0.08136295158196968,0
151994,0.3556025072304878,0.5733004347081225,0.08829000702693021,0.21232643884173735,1
543798,0.06527772431363664,0.07109066697756927,0.05040160750985594,0.07305954285947606,0
1560319,0.05365572409592171,0.06845472058001234,0.0216361363197225,0.06468761454999394,0
888410,0.03994670980317716,0.046881588639417826,0.029454495601578406,0.038347834014973645,0
1192565,0.05226702211834855,0.07257487742006763,0.01540235260073882,0.05679438814046542,0
1014610,0.07091588413066852,0.07878368540072289,0.04266062089117946,0.09362927581476613,0
1896563,0.04169948503959636,0.04625121956929856,0.01783649055938434,0.0661146404356589,0
1478719,0.03440734929314249,0.035519567122360596,0.03591467142117871,0.029365821528042894,0
33735,0.17681387510961255,0.2790467301397389,0.03273325862841035,0.13735266225609993,0
1572558,0.08577506767074386,0.12216365930408213,0.02396393417257166,0.08752028883465646,0
35160,0.37827258652487705,0.6175708214938678,0.07499171628095157,0.23494830446828854,1
1355627,0.042984354964314055,0.05608268805885097,0.014533676833868714,0.05291453942363976,0
1173641,0.09734214520489723,0.12440409676085318,0.09054717638678135,0.03987971954218115,0
2281420,0.12615787067691142,0.20602222484893085,0.05003434499663494,0.04068227376727754,0
1502679,0.043691093883602955,0.03929951965305645,0.053865262850784246,0.03940877600919729,0
240970,0.19943944295119048,0.28151710527048,0.05723837743861293,0.20754688542183294,0
2741614,0.36173356124922196,0.6003191676219305,0.07424612976455917,0.19650069254444477,1
1009805,0.05661131667200449,0.06498011806705606,0.0347662016792089,0.06845698567356896,0
731493,0.03883146285398967,0.0398852033956546,0.022427301653179892,0.060803353301041994,0
2176224,0.1366013979478238,0.2379696009709642,0.03418883303887856,0.03679973775339068,0
1980304,0.7977751749112796,0.7874699960065493,0.7501099849485382,0.8950359071172177,1
1808510,0.19446038940648294,0.3428428724450119,0.02653017559902381,0.0753995025213493,0
2696122,0.25877223697088464,0.4557432514903408,0.047954552270891265,0.08257122772223427,0
2655701,0.1639114065718163,0.2836918687403258,0.020617141652256324,0.07940164852988256,0
2432058,0.10376743314071057,0.17428553489209841,0.032470641819052674,0.034417365744727826,0
279147,0.12785973891060476,0.1934275789550095,0.01636631042675745,0.1311802815253638,0
99125,0.23184152829020843,0.39159990196705596,0.01484904256850126,0.15793432268065039,0
1755261,0.1119934108121638,0.1846301355416642,0.040038511139990275,0.03833394849667313,0
1555859,0.22442340929432583,0.37972966839330846,0.03822531894150072,0.11545489707610702,0
2742288,0.35043791768755606,0.5984603705030603,0.03859892442395157,0.1981402755442023,1
84926,0.11348551902350486,0.1533108496629383,0.02392142517102599,0.1482683332036396,0
1240711,0.22863540265229845,0.3996962644440899,0.03862728418332572,0.08599542587627897,0
546268,0.12421829045328167,0.21024174075558222,0.03133148368136105,0.048489874855411196,0
1072353,0.0532002127271684,0.06833076246745518,0.03603742090565267,0.04111802610872507,0
22015,0.1854938459552649,0.29527452809620414,0.031144947679874874,0.14256548801600188,0
1652113,0.02384418046783692,0.021703281566003207,0.02669000426077001,0.02492769203302159,0
1219227,0.2829498141039322,0.4953835718096181,0.025583108534418926,0.1379154781939874,0
965187,0.03560763083623581,0.029080369569826514,0.02835932050792754,0.06279824949472147,0
2163050,0.0728802028962493,0.10471241199499426,0.04697114032285927,0.032163274009471964,0
2363913,0.05286901949980809,0.06959939449825481,0.03767171382019418,0.033839040523112145,0
78392,0.15033201543740612,0.22977129248223738,0.029258035013037014,0.1333447934618817,0
1719032,0.08294679923457503,0.1023851319771103,0.05057623503353445,0.08290681367979774,0
273507,0.20266707962271707,0.31081067514504446,0.08144974026509415,0.11413409985333298,0
679951,0.06653868459929568,0.08687145733678991,0.03896362646424108,0.05706933995814199,0
2238068,0.03646123337732177,0.03442578136410146,0.0293530297343621,0.052212168874812025,0
2554543,0.06682206863602975,0.10775981672693535,0.021597096141556093,0.03231515715047624,0
1532847,0.03771295620560455,0.034361430624211375,0.03825500098023392,0.04527870299714347,0
1844954,0.02104468734653562,0.0077237962518037495,0.036934133718074524,0.03051274552605694,0
1833726,0.035702755621150835,0.03718280763324866,0.039707565357532636,0.025995410986333557,0
2409328,0.08387935080055901,0.12778197008098657,0.03217590021744955,0.051677978474154306,0
480963,0.12473937161181183,0.20445573645591697,0.03957283911008805,0.0531982582541346,0
1305712,0.05534679065267958,0.08839882833253021,0.021543895418978783,0.02342103930360418,0
1501200,0.048084439948604105,0.05707902061692016,0.05029354106693871,0.022284336600312035,0
1418316,0.08706849005171825,0.1529967022086538,0.02487198133001259,0.015542722741937909,0
1738518,0.07857648690433904,0.12490049364918865,0.031121537109497097,0.03394889473447793,0
456233,0.21198603263846244,0.28791973466399867,0.13100563832516965,0.143622369044561,0
2427025,0.17468161838728458,0.27544215199093036,0.05352357210790312,0.10451735379724222,0
2184516,0.03678512473896999,0.046385551558828175,0.02601806321130275,0.028934649980825383,0
1378578,0.051892925653365514,0.06181711643471932,0.022704675425031826,0.07086482404248153,0
2439859,0.07098299608826802,0.11951847394020187,0.018229725029964245,0.028774208045889055,0
1505674,0.05508628031177001,0.0776369712907572,0.04044075770775563,0.02067783677032362,0
2147206,0.048328104779075,0.07290065509574706,0.023718997865394473,0.023810389357915684,0
1556553,0.07587773372253115,0.10894005611293267,0.03563907351175757,0.053579918062687734,0
1648718,0.02584736013394896,0.01306570944953478,0.049291840274550996,0.022634766634081354,0
1502923,0.0715812715197856,0.11054549278811943,0.021046107360146903,0.049973464588409074,0
2583702,0.09422974666114338,0.15509169559928693,0.03025489741132822,0.038037148190507256,0
1774988,0.030407866840419143,0.04067086158986455,0.01881980724572398,0.022132469358848376,0
1605068,0.0873508746845352,0.15498096506209125,0.03075839189636627,0.00316437292289848,0
1116561,0.04397357817806719,0.05260803611751386,0.03617408406633273,0.03408667449705221,0
1512661,0.13016225788801605,0.22618668910084694,0.023341483501740867,0.05033234143535164,0
1572036,0.12023922397263952,0.1790428732216286,0.05986689724885453,0.06378859093584434,0
2391508,0.041392215591484746,0.05218652656993361,0.018744316145611957,0.04837828731417174,0
500902,0.06978028735826752,0.0901947057346949,0.03785519112412629,0.0666318857684109,0
1325531,0.12623566688975946,0.21727207380315916,0.023461433646946406,0.05280599947047977,0
1721963,0.08468428459541087,0.11749695314497277,0.04088762317654854,0.06834760534979967,0
1204687,0.06526514826807066,0.08658065587905517,0.020393651236341966,0.0792836247882024,0
1571075,0.13398498933645633,0.20211779845771838,0.04587885965641873,0.09581216105335769,0
921999,0.036564512963341705,0.027414309974998607,0.044598856295338295,0.04738850543620457,0
1044456,0.26538465857155574,0.4557885152453355,0.015493192867626628,0.16421221544299996,0
2031716,0.027941821266024326,0.021824960770992607,0.028945859247220145,0.0417279155318099,0
897035,0.04569568393015553,0.05894292694815295,0.027216171296158494,0.040296845336157516,0
2756108,0.2513538560638362,0.42141652257157025,0.02118421187300207,0.1714516560807524,0
2232079,0.0593976179087384,0.0833937231543318,0.018348303746077724,0.060981326038745884,0
246101,0.22940089637725952,0.3310022207068104,0.06742327388904507,0.218364019285704,0
1109244,0.05878280041252201,0.08499348806873364,0.03594308605894608,0.02751565280235687,0
1434125,0.20296904194811294,0.32026197248060817,0.1014075440287471,0.062078962495923616,0
2579131,0.11503195404498029,0.1809200800083155,0.056988888705962346,0.037376237145169196,0
1495463,0.03340239837171822,0.028148105446932803,0.042194002470328854,0.03335072453576579,0
1166515,0.03878118679654156,0.036316158207961524,0.03683633317261414,0.04786103870388276,0
382279,0.12267431703818509,0.16611224752966314,0.026145420331556535,0.1588728358694328,0
71989,0.12429756336581618,0.17675185207291078,0.02076732797688978,0.1484571946814693,0
1159603,0.037991493644102786,0.03678391336864406,0.031415293587675676,0.05087474441739024,0
39602,0.14553001739508103,0.2139309644657409,0.02783059733461761,0.1510767798091265,0
603033,0.05664401708432777,0.06188868929528357,0.022425080708285097,0.09486074112100228,0
1396600,0.1589413914334272,0.23193674878941728,0.062324808037376195,0.12137787313752857,0
2474505,0.13960263308105617,0.2420689616933145,0.03166666376950145,0.045340765517742555,0
2250344,0.07254064555199453,0.09602928606561867,0.03599031554119292,0.06864453928413661,0
201041,0.26830707961789146,0.4387742754760633,0.03298618115255494,0.1951204376704667,0
2585397,0.15606481880937242,0.22429287078484683,0.09349529931588266,0.07934896811092107,0
918558,0.03832434995704495,0.04386179745345686,0.02663187833070758,0.04201943865552124,0
2351051,0.04362775471989314,0.06108365981181618,0.025955626811321957,0.02649618385294232,0
289341,0.17913074809565696,0.28662664932652937,0.04612393518304617,0.10990121438739221,0
2608611,0.1590374276159387,0.23645887596088455,0.076205089260508,0.08973231428672011,0
638679,0.10619383202939792,0.15334716682555283,0.033667637701312564,0.09709978653113865,0
2698373,0.2053168333277402,0.35377286486809645,0.02636529885535983,0.10260405618542012,0
2011871,0.03740458336999042,0.04170803757706598,0.035876082598439094,0.028938699009628508,0
2758140,0.3466623860240307,0.5873062638990084,0.0527447431445706,0.18592915565577664,1
1297365,0.04990578049096296,0.07253275252730895,0.03095245019263537,0.021768345847589382,0
2624436,0.2513283954702134,0.3198235804562025,0.2798715160330887,0.03727575216092755,0
2249563,0.22218440825030308,0.40782213656747024,0.019676670834528797,0.061851693581046634,0
1056769,0.0706910987184188,0.11330054046724891,0.024616065693070725,0.033280043884365625,0
1253222,0.05454853527536832,0.08089322517559483,0.026219471869315777,0.031180405633880883,0
1061393,0.07229890941549667,0.11051279474906939,0.03264162049320244,0.036250129465006234,0
2522820,0.042546246822447495,0.060635946954531006,0.021444197583644065,0.028975070350443846,0
602949,0.12589712355769708,0.1917763341836386,0.052761387579246775,0.07090270096051875,0
1172917,0.04851435443019629,0.06701750194893064,0.01703695140543816,0.049472590170497634,0
1960296,0.15431703994872542,0.25114944733065836,0.06690836754067665,0.043349030105966274,0
262431,0.31535199872466435,0.5441165107177147,0.05826762057018314,0.1290672859737603,1
1651717,0.17572517799352538,0.2868285464951227,0.055482581474528066,0.07833065151802807,0
2199671,0.1356012571793904,0.24124531640096847,0.01518851247190525,0.05211022618667293,0
1326976,0.04269246442288214,0.049305739324067344,0.026294584739161117,0.05075609669550067,0
1890358,0.04547799887805244,0.047784397220105745,0.027671158954401268,0.06642226290839595,0
704237,0.03803514058796204,0.03476011254506339,0.03341082684000645,0.053159181317142035,0
236295,0.13982843375057968,0.1916979817330312,0.021375337436357257,0.18783420826578445,0
715919,0.06923995031205496,0.09724883062529799,0.026381310988485514,0.06350570851430153,0
439658,0.28482048882310124,0.4704230289557848,0.03817355384170481,0.1907845409634871,0
2441371,0.07564801042271377,0.1272298461804412,0.01755432459828142,0.03383394976504378,0
1319440,0.11990313001692239,0.2079383470354922,0.022479099213402687,0.04595113367577742,0
609351,0.09413871056091344,0.13410454968486996,0.02167687836276636,0.10291686104824274,0
174464,0.20426998577633118,0.333206960255905,0.02269486405197967,0.15429023216392385,0
1486686,0.0539076511364502,0.08460443174734644,0.028398771235863738,0.015429019460089299,0
1117019,0.08913639058375968,0.14753525132795764,0.040126441206772584,0.0166541627887454,0
333876,0.11699065241835843,0.1598761355996905,0.033485804989599764,0.13503421560816628,0
261791,0.1301056122043225,0.18123195650574786,0.04463466980589987,0.13049616504839312,0
1895390,0.051259607366140825,0.06196537403540692,0.02872221485214618,0.05830127946396758,0
2386300,0.13278141813766747,0.2313841439529598,0.030659749102044515,0.039457107152871124,0
1076456,0.16861199309330055,0.3050678960033949,0.01161819422139336,0.06296293412592559,0
1474315,0.029809590933585556,0.03717045009306308,0.0163533646487788,0.031591782462101876,0
133534,0.11436901992944701,0.1523533599281055,0.024784345156657245,0.1537851820919854,0
442035,0.2880419793283894,0.4846326104555999,0.025338956831196625,0.19061993525615226,0
1647375,0.08882985416725483,0.1566099544351225,0.031658204463060814,0.005137078053876774,0
2610220,0.16918313331462956,0.2389050603489108,0.10679702865606602,0.0884574727167718,0
1166090,0.044273767531829926,0.05557211033733367,0.02558648445445072,0.044058835134139385,0
1292225,0.05269571629476576,0.08458290945719182,0.021456955140746938,0.01983587511972884,0
2366660,0.04344831652849164,0.0453009103612938,0.04239337841504469,0.04039923911665669,0
2177723,0.040213871010679435,0.060870425388983795,0.017911338387830485,0.022026283999191956,0
761871,0.17712078482935073,0.3029371047744608,0.026474382135201608,0.0885495890077993,0
839189,0.22288507861599405,0.37344099164323874,0.0369915074202172,0.12533565284154755,0
1816858,0.021107895652384932,0.021691922168081357,0.02229173966900521,0.01787206333821344,0
644855,0.09116221954686095,0.11989513400988905,0.02389007557600531,0.12023814934557416,0
919046,0.04021620639000317,0.04677884133313226,0.02673024248009405,0.04403856489704414,0
1945699,0.04584340151198159,0.06464495947509885,0.029335883767473613,0.0236007832209504,0
892906,0.036353534643537494,0.040817298242611044,0.025017972276113475,0.04219746919698965,0
821191,0.05291035834558813,0.0520807179636158,0.021140423922749372,0.10263936093477712,0
1898512,0.05364593215005759,0.06425994894344333,0.03401089588497332,0.05656344456421964,0
1137245,0.040652556504817215,0.046110936524349944,0.027516939346505655,0.04671003219345274,0
2413123,0.07171687539041326,0.1073761623171996,0.024446215333392262,0.05347464815897889,0
894250,0.14697351118151328,0.24711828924364998,0.04253819789240534,0.05326453595983342,0
206392,0.11984807955109955,0.15305294889006882,0.023426933105386873,0.18146762587224546,0
698673,0.05606964430001855,0.07583775475144094,0.019068603216515094,0.062150929796717734,0
237322,0.16524855161069246,0.22838758408478532,0.03476119172779808,0.20313201024980188,0
2417685,0.15270400814376336,0.24861924163328664,0.05635914359926959,0.057433221236695885,0
2408080,0.06547922847654694,0.08972765098447144,0.027968138099773446,0.06112480777189592,0
1595553,0.049626227257356714,0.06312699166013624,0.046377356481116155,0.020747622414768734,0
1867968,0.03152160430274466,0.03654320190823834,0.02278692057669484,0.03206963587808515,0
1417537,0.05780346927144637,0.07682698671028498,0.04374559547317589,0.03133148637175553,0
368702,0.09593615601366477,0.11984263209308721,0.02450364740499472,0.14331872872811371,0
1732479,0.11260931878687057,0.1940048930863285,0.040761977925190054,0.01689139433074647,0
1371717,0.05198896622768534,0.06353565016539409,0.020011116649466497,0.07108903075074176,0
809645,0.06356386169750147,0.08242017167325699,0.024563863976793048,0.07492308333917529,0
1595551,0.04728185678894302,0.06814184326615103,0.03186706076132936,0.018254084637343484,0
1558513,0.05604335091776806,0.05483691945139879,0.046824467427471844,0.07288775481913554,0
898490,0.039072421675396825,0.050845980119924805,0.01781042506252335,0.04153152048338709,0
2114047,0.1905178762804892,0.344880675753523,0.02748444889298084,0.04916101867916713,0
2677234,0.19473120923119838,0.345256173656018,0.018167321909306575,0.08326462915198707,0
1565796,0.053328413654230494,0.0658240046343398,0.026447162471181895,0.06241131297853014,0
2400002,0.08969850828302504,0.13547280765874548,0.04026680635445351,0.04941031273658128,0
2763491,0.44418090099735164,0.74149238363392,0.08840839326840967,0.23456095599934346,1
1157974,0.03801743305970285,0.0469029645118928,0.017744261866675284,0.04621336121876932,0
1477591,0.02621639496760736,0.02758396478545977,0.022692723626563827,0.028082977434541637,0
380650,0.26499653463312217,0.3931498203445555,0.1110430664971392,0.1755435225585134,0
2197689,0.03464926546146238,0.03833952692113585,0.02774793782646294,0.035775603264777876,0
1946048,0.09536495530672388,0.1612695640036742,0.04613074987918439,0.004454741705657298,0
1796127,0.018854339265732177,0.0170888672848597,0.019310442326635723,0.022583864626558058,0
1087838,0.05826453434402189,0.08320975982078793,0.02542228338681691,0.045164847087914205,0
365081,0.11227203026107885,0.13758767762363122,0.04590940327537379,0.14852685233325547,0
342967,0.2327945843502803,0.3867295766128733,0.03916079829505953,0.13840778277662885,0
2410794,0.08261464444773119,0.11627626739559083,0.034855441782843846,0.07009939107541306,0
2336217,0.14605601545704092,0.2617149873995588,0.03057410336648727,0.030131453736576698,0
1519802,0.03891348894091462,0.041915021299288924,0.027885889690520676,0.04795105692056977,0
170068,0.1241174794066971,0.16467636399958663,0.0277712070548213,0.16723967645228693,0
789384,0.038602522729548935,0.025064565299490527,0.034010969145957914,0.07933474668008149,0
1244613,0.10949092958397595,0.19799121640175488,0.022084559092622205,0.019349768276559296,0
786049,0.15000673994981362,0.2509841685768853,0.024288553082225415,0.08614044868351675,0
2064638,0.0838648932025381,0.12699682399159717,0.03781684130694241,0.04510714407328389,0
1918976,0.08671953937116235,0.14094723822022603,0.03171673055142434,0.033654505478110185,0
2170469,0.13614694592197563,0.23798115981849255,0.03770992916447103,0.029216936316940147,0
175671,0.12174989956340834,0.15900717721913582,0.024789273818520162,0.1740476440414219,0
2363959,0.17724859061344864,0.30877503296155473,0.017263667492177427,0.08840986942509024,0
2473785,0.14398515843025853,0.25424021069108615,0.02561339264982233,0.045905176448843746,0
2740028,0.3073296944577929,0.5359716421890756,0.023146255468129255,0.16199998361408188,1
1868143,0.14058542113380684,0.23594373415085557,0.03519209518376281,0.06027962751625113,0
2308518,0.08840814679666373,0.15598706240868654,0.02990085047802262,0.0072218022445683806,0
594074,0.056079883515552806,0.055532418800502414,0.037100709746425375,0.08591730595686992,0
2075889,0.05600293386798849,0.06504465779437962,0.038543539061935105,0.05958771626109075,0
435790,0.15001886312496496,0.20699418199645736,0.036504371818603505,0.1778523029057762,0
191410,0.2422354740646251,0.37893115534659216,0.056700658036685385,0.17879849490161692,0
689475,0.1656444964467111,0.28291743135424363,0.04875482273469389,0.04779666974590547,0
1401177,0.06533132385709925,0.08749530935215133,0.047968385313100374,0.035965767935467394,0
190082,0.13862727037781283,0.18236939978531264,0.0405713468276283,0.17635583218434012,0
492549,0.06688605025802374,0.09363761428414707,0.0206114596606015,0.06941902608884881,0
2092304,0.11799777333627402,0.1956905420087286,0.05344008973419877,0.020602377058250496,0
2320239,0.09820380577658892,0.17666433419478522,0.029189028305651572,0.00557465093750423,0
289694,0.10441529150667078,0.14037040135988066,0.030778066855402082,0.12498335385054916,0
1493283,0.11927986634032967,0.2033671514359634,0.0348884076663825,0.03564884161216608,0
1266765,0.09760364329095013,0.16164369339606632,0.027361222037836086,0.042867149907830714,0
68144,0.13232192763525574,0.19252211140783682,0.01844780758752301,0.15263264827540213,0
152741,0.12463621605329936,0.15322172275640056,0.050381951516713847,0.16455384610042462,0
1423683,0.057095392048384784,0.09538686645177075,0.018850871494409543,0.01873348687088275,0
815315,0.1658551785109695,0.27854327447880944,0.025490089296881246,0.09468257241250211,0
479927,0.11409185670679914,0.19004626415336667,0.026411041815913753,0.05572706042670834,0
1677319,0.026136465765192136,0.011037333175621611,0.03861427350123384,0.0451675856350559,0
1716947,0.2839877249719377,0.345369826122647,0.29549713759257,0.11326835316421592,0
1046026,0.0927043197541912,0.14806290319656112,0.03365146901057453,0.0428871372636914,0
1671883,0.0317160725960311,0.03799696818082643,0.023219892691003597,0.028758103491584003,0
650856,0.11547205079481339,0.16325643120107924,0.03543058936112241,0.11607329192968524,0
754037,0.04636223454368548,0.0492297255908799,0.024510509113358763,0.07197109507118951,0
1434856,0.05021580146477662,0.07303712789962202,0.024373441774040553,0.0319260249137672,0
1455202,0.03182267135978555,0.04173011014915129,0.023597928934963913,0.01939118802360368,0
1850225,0.02375733051410444,0.02258040068316236,0.018033828284989162,0.03528490843513254,0
1150892,0.03322345163734266,0.033260215243940516,0.02532005224045413,0.04498664171618081,0
677236,0.06670598093333865,0.08750169506400152,0.03849832194427503,0.05702818409027695,0
1915473,0.37935785572161934,0.6369060614220543,0.057436953946742586,0.21836869413284687,1
1522205,0.08310065769125068,0.13852331093800752,0.027847328602155115,0.027424018208001912,0
1444234,0.03898203939223996,0.05423884477984542,0.020146983820167295,0.029092609281335304,0
2029187,0.03145422865471228,0.03364306266437744,0.021424973827546514,0.04102602587129803,0
922485,0.08892842441938793,0.1539944087459716,0.022153064845061504,0.026426502964418442,0
2532712,0.034148875781688064,0.04252386582071932,0.017611382280400573,0.03801764093604116,0
1142214,0.05973746348455162,0.09005250570753753,0.02705229915065736,0.03297760442792824,0
2118549,0.07011807236849404,0.10573327501618757,0.038237694417751135,0.028900632675374616,0
2685600,0.2481552643820839,0.40986861460699986,0.06688811878601764,0.11577260721389336,0
1262210,0.04284783881070053,0.05996471050789587,0.02226751198784464,0.030926149801995977,0
817465,0.12437214766297773,0.20132538770823905,0.027139451490799427,0.07783809180809188,0
14158,0.2687414750734798,0.46298241109402205,0.028336056997175098,0.1437472621365811,0
1116101,0.032309769143861994,0.03369491873958763,0.023948577746921912,0.041388682249958,0
2422901,0.258948339576472,0.4375697325063904,0.06800708673774904,0.09880673650976057,0
1858806,0.02596829090041819,0.022091788922210975,0.025877024930768468,0.035796444800410804,0
562331,0.07492645472011837,0.1041331602346216,0.022999287308506648,0.0798004420512779,0
1189838,0.04873007974140105,0.05300077249978574,0.02619592519585495,0.07185457966375848,0
2067964,0.09444396703848874,0.14267881734160714,0.02819373642267919,0.07323218720440706,0
512157,0.05901867649015891,0.07936217895365749,0.02346433649920931,0.06149143031783685,0
1194708,0.15691396253312478,0.2654677226839276,0.0302232163515769,0.0755656814284396,0
2703119,0.2687273345076123,0.439642540570227,0.08573424193172031,0.11592895821491354,0
2571371,0.06984362950910976,0.11032374582461923,0.01984102064352811,0.04364725201870851,0
1387229,0.08523044301978623,0.11837116436330886,0.03478508982034251,0.07804666946014527,0
66466,0.14147342220013823,0.21104523348365378,0.01696303422252846,0.15430947595776395,0
1105775,0.06666997174305198,0.10370824170824977,0.03370938969446228,0.023515169902941988,0
2241221,0.061327111466693916,0.08700401844144945,0.023543380031678246,0.05381044118232858,0
386018,0.187426011856173,0.2851310535375696,0.03671134962370615,0.1692354010013817,0
867312,0.17931505456744923,0.3084684826194979,0.042459183712775475,0.061715290719338144,0
719397,0.04864360813880072,0.05875042854973567,0.03116048933356632,0.049601235319314964,0
380109,0.23472154519892405,0.39143798792587836,0.029967300286025938,0.15006180575088535,0
1374654,0.25989654246233085,0.43981487686417364,0.054102593211660735,0.11879163033372908,0
461480,0.2878247037647292,0.42772101419842534,0.12247437245804405,0.1861094246405165,0
1949476,0.1070333408759222,0.20249877963897522,0.01573434360530509,0.005318239874215313,0
2697592,0.27545935623187323,0.49548626589777767,0.022711441066523633,0.10451395481513667,0
2465182,0.06169053572019488,0.0929161912504306,0.033680331762404814,0.025641702831290653,0
1345309,0.046939391775831146,0.06241584046808801,0.011269546568357929,0.06175303785639878,0
2462799,0.06972708891690055,0.1207033128641064,0.010441839448290894,0.03121440325180038,0
1160151,0.03786526601699965,0.039165081281233194,0.021962971702094325,0.0584691693287738,0
99123,0.11234501518318502,0.1519624967763542,0.018894025497926084,0.15347779572815043,0
1972182,0.16000844973581696,0.27547784730615366,0.03400876824096053,0.06033447805225974,0
1854971,0.022740341966632237,0.01448353827087856,0.024127275195247166,0.041301951363094024,0
977635,0.1500459606006719,0.23971891149848457,0.06625407717712885,0.051551408491454884,0
2368270,0.05481051394923244,0.08430081535007694,0.02101879697477651,0.03177233590880509,0
1067768,0.1662835449403253,0.2975181815410537,0.03262468326121942,0.038685245957163016,0
1166615,0.040974936590457145,0.04214454850750815,0.026541687502362393,0.05970078042997176,0
559516,0.07202830559960965,0.0958714244366865,0.027478267793787668,0.07924556521565054,0
602179,0.0663534170297101,0.06555837985999124,0.05235194056922527,0.08934322464473445,0
1565629,0.174128825697296,0.28825063666793416,0.044882696737366834,0.08269349171059445,0
888781,0.05721406568350748,0.07364281160146557,0.032764670075858225,0.052816294300086136,0
2380752,0.07438447424020159,0.11807218620101034,0.026907026085657322,0.03638136656999609,0
2420144,0.10713247119787704,0.1596008496200202,0.04328279798896453,0.0717360349558879,0
2426393,0.2972551711718366,0.4596475203118484,0.14410179453161526,0.12100436328213898,1
269612,0.12665886720388334,0.1771704284031529,0.0403985323661537,0.1297704664623039,0
269418,0.1273297908399454,0.1901625836971409,0.023154688202801744,0.12651046265267205,0
323864,0.1497837951332928,0.22085744441270394,0.036901866203805665,0.14142256532899558,0
2180241,0.033688310184398565,0.04167895947313138,0.023307206175736728,0.029283342975559266,0
2468766,0.12524206519872344,0.19108946715066888,0.07366416480040551,0.03799041091633673,0
161980,0.11739580280211298,0.13745290551115852,0.0532612885007693,0.16345481748151466,0
383438,0.2506705323862228,0.38544253332454104,0.09424161094023825,0.14838391220940386,0
2723122,0.25424512079649053,0.4364885775622527,0.03691601004580861,0.1246301450081079,0
2084389,0.29353606650874986,0.4960165785512881,0.0584630728411144,0.13994427690385763,1
254602,0.1681527323567647,0.2522592702515166,0.04807400630027379,0.1380044767046212,0
2707780,0.49036531794861604,0.7820566373683271,0.13643264747501982,0.2920360251097328,1
1466979,0.03120073823835817,0.04031014604102612,0.01942491287255327,0.02609095678039564,0
2740970,0.2600519915044948,0.43496088710500835,0.029521236895975536,0.16857588441598984,0
2254591,0.11695770665150901,0.16899845114822043,0.054036006779884176,0.08123839521716776,0
2613065,0.28426043545626306,0.4588419699241284,0.10487012834307377,0.11689205995638363,0
2319612,0.0500556232563765,0.07949143689420213,0.01775604039776372,0.024915463449731577,0
2758905,0.2695948120704734,0.44485508744651503,0.03208283850811996,0.18771208397389952,0
2333422,0.12222971679986508,0.22015378453686818,0.03539586509514752,0.007670325014433648,0
143922,0.18052086915418364,0.2902497069057822,0.02349647684201001,0.14173536324344754,0
1470012,0.20375886321363262,0.355194929539284,0.04276379838565771,0.06666129464146658,0
1195524,0.044276771385769485,0.04116857031414045,0.032053330042456134,0.07038243607981211,0
547776,0.051478104466092564,0.05739774750263926,0.030767122006040027,0.0677454705648046,0
372755,0.1721616166269337,0.2769266416439594,0.028336302178404948,0.12598702575716247,0
141327,0.1747678049568068,0.24659512438129316,0.0582321646567184,0.1700029668457235,0
1380250,0.09000179735630705,0.13602417526553967,0.03717931295070329,0.05417957919163113,0
1048175,0.09648377255077241,0.14728077225334557,0.04328208413141713,0.049293805923372395,0
2277787,0.06308449171577227,0.0852465486904429,0.05009263035249472,0.027167141324011972,0
1509694,0.027082926324363907,0.025061945137660135,0.02355922688699819,0.037420928447171924,0
1778574,0.27851112709764664,0.49498736547533384,0.020574519999500485,0.12422544180064787,0
1815263,0.02464412305260677,0.02093048769238659,0.030284588308715204,0.025467513568994578,0
464847,0.32895512935257976,0.5239269790336554,0.10887244974539326,0.17164952456067048,1
2189428,0.06917016046541252,0.10031027523608604,0.04935446581929,0.02104341550791251,0
1182636,0.06536038383747433,0.08821116183416966,0.022806736843592988,0.07206390933655804,0
1459477,0.04942530009692619,0.07673969904058031,0.028194674761521932,0.012985240740897248,0
2325676,0.1429381811682004,0.25867564727247483,0.03721122878757975,0.012184944478445252,0
1139359,0.039223834967213086,0.044778577402429964,0.025055874366150144,0.04658891978076533,0
1606079,0.029801453882460856,0.04318070865168344,0.017378643688412618,0.014987532250476754,0
708165,0.04878493283174703,0.05598528817951165,0.029192975196048684,0.06017198091588297,0
2414107,0.0704790121938225,0.10316283113976554,0.017116445367353447,0.0688133150686684,0
1154593,0.12614340912459526,0.2146161106314547,0.023021800319233475,0.059644068565489324,0
837550,0.20968526187418346,0.3499246536141931,0.0356705989978333,0.12010877683868446,0
2489352,0.03612308792731286,0.049247122121499065,0.02216520315329136,0.024249829602879584,0
2583250,0.17502822842515753,0.28009906146154917,0.07839144139265074,0.057306326382938616,0
405373,0.22983602979767886,0.3832524382322775,0.015649668464553675,0.16757455071087002,0
1225350,0.2509453350114814,0.29077511978345627,0.2613320927729382,0.13579073643935913,0
2647329,0.1795897682773107,0.3139694119108444,0.029034384402407017,0.06947373500583202,0
1339122,0.052643874416545305,0.06606598992199209,0.024533291794660572,0.06125445958575546,0
2050645,0.16767984448608206,0.286207591551807,0.018797006139604375,0.09468473434148619,0
1291299,0.1249712323937673,0.22231148761037078,0.018750568325456973,0.040951590454724025,0
612746,0.1717379617121671,0.2849043885134933,0.02544566482468012,0.1082603400400821,0
1148515,0.15225775872553546,0.2661110536508552,0.030818712559538,0.04978309066123227,0
374238,0.12459556684508706,0.14942634229514562,0.0749919225083452,0.1369240947250534,0
1033078,0.10438661004053171,0.14056426738194416,0.04743036594985211,0.09937683282301996,0
1414187,0.052911088839921065,0.07846397073883382,0.02951865092130054,0.02411754097056996,0
2292250,0.052199956730186986,0.07750780575332195,0.028821478058777515,0.023998052179463793,0
292500,0.29046413107533847,0.46886659640635675,0.07129636849235159,0.173209611622273,0
2563908,0.07407055891828174,0.1253315190835974,0.017658579636314783,0.03053612742794296,0
1872657,0.028831715445897375,0.021549036566694713,0.025735652269147844,0.05168250740902832,0
1870331,0.03414654167404522,0.037587933138286234,0.023140732255764792,0.04205177714086332,0
998213,0.049626433776567266,0.053303142762555544,0.02905777377884029,0.07128765130818705,0
253268,0.15167187047328035,0.23197413787595744,0.02854903840257025,0.13560045007265276,0
630266,0.06551427875725128,0.08107574089281433,0.014153527881564619,0.10365174973187369,0
774780,0.0417809001564049,0.03540970512594266,0.029725918356729827,0.07579136043207309,0
1894979,0.7653003641615463,0.8111289597124038,0.5372865072940549,0.9927496605856402,1
2132680,0.14369211810896684,0.2506559282614872,0.03247686242365685,0.04310547625563104,0
131048,0.11122122201801844,0.1481541611277103,0.021133114420624644,0.15402103563987954,0
1879374,0.14308394476731412,0.23985655805528205,0.03717428868246155,0.06001689567467308,0
1586365,0.06035680784530091,0.08495627437865771,0.04436600111428547,0.0228443516084321,0
97444,0.11001609605469503,0.14656077045156035,0.02554978585879285,0.14535387535638505,0
2089974,0.15454711052335401,0.21817274832598,0.08002416318502832,0.10726743702427766,0
2615083,0.4393256403666577,0.6033914243376144,0.34326441967533444,0.17325301147625094,1
653280,0.1844800651503921,0.2969075502073041,0.05186856465719863,0.10232860324790231,0
1653443,0.034659626119720996,0.04568321264837494,0.025697187330004707,0.020544317982660577,0
517561,0.058168632715932304,0.07530951653855444,0.0217281738922989,0.06997711139482705,0
2027991,0.03550164751889473,0.03876055586581839,0.035530872146643334,0.027310539709962653,0
1286723,0.16175768273632374,0.28277400827227495,0.03050271003832972,0.05609932794343666,0
2450062,0.06843614295482886,0.11563139931544031,0.014819510797219064,0.030872950289714908,0
230601,0.15896660827188247,0.2155541179367625,0.040935496714025084,0.19454450144646843,0
815363,0.09915268660001479,0.14915583329547344,0.03701685414364355,0.06734856854592504,0
1976474,0.03068812190794637,0.04071410991942137,0.023285957425485386,0.016726398602950346,0
1248488,0.10990132542174605,0.18647068226305807,0.026254775068401074,0.043947758848483426,0
800093,0.04807973080691104,0.03856137698843953,0.03726623230415246,0.0880958631072277,0
1720533,0.09004408747282104,0.1246762748426955,0.035473759884588806,0.08531911043048325,0
1677057,0.08294456446741325,0.14386293734935485,0.02128997167179749,0.023130521455982888,0
1617127,0.16155584132014064,0.2994286173445684,0.02350455368286276,0.023950832714988116,0
628262,0.06437370440863624,0.07874846044517836,0.018957099911594815,0.09656172106284312,0
1798181,0.018525300313414563,0.015902257592784408,0.020159207735205704,0.02263204598230324,0
940856,0.03760094342999469,0.03490071745017076,0.026783630229777002,0.060577478179881024,0
1414872,0.03933413480619828,0.05543485812475735,0.018633371747726783,0.03013347109750789,0
147765,0.11453559329972038,0.1548179143491658,0.020667102696161697,0.15463252658144483,0
792331,0.17449936821680356,0.2943785654927693,0.03925213023394973,0.07767223200116996,0
1466294,0.0643906520413875,0.11026425690905861,0.02554697274049732,0.007972158823545012,0
877235,0.12541140595887348,0.2277400335648747,0.020763632469114404,0.026561497178508937,0
887285,0.05991519245750787,0.09031809512604028,0.027604770028201508,0.032373569430136404,0
1812018,0.01917788046274316,0.018736053022281096,0.01951808993691856,0.019772134852635216,0
1370692,0.05142394807820326,0.0517866463023785,0.03383190586793848,0.0769052658331623,0
1160927,0.03512172099898418,0.0308399560339212,0.02764509123630606,0.05704107805565883,0
2150601,0.14654660553422855,0.254934586829767,0.04463504854591428,0.02844398777785378,0
1987721,0.060052519143284445,0.09216897889541786,0.0279440138382918,0.027924127720439892,0
2378861,0.04856893029117586,0.06519696832151745,0.02317481578487078,0.04509000697477951,0
518012,0.07606960739778866,0.11334823135112138,0.027848808011259416,0.055204246594250724,0
1304065,0.0971414042364823,0.15869648979762474,0.025152243369190846,0.0512374316345634,0
2130620,0.04750596964035538,0.06550682954647968,0.033858015613374634,0.022975750915515746,0
1831913,0.03523645757449743,0.03551284044824343,0.03127904261137321,0.040481622834818744,0
392409,0.12080479191261032,0.1626994840168815,0.027032681182856014,0.1567262277465638,0
273914,0.13173327479998326,0.20125603764589373,0.014981166162354159,0.1330545306416507,0
522877,0.1604940360104482,0.28881408198715075,0.021455567730637694,0.04825162348840754,0
658536,0.16394746863294327,0.2207830276566295,0.08325847448500634,0.14289206229563312,0
707943,0.10415624259233706,0.17965570112529572,0.02539270638177511,0.03355290057578333,0
1835589,0.4846534752527678,0.748619400407328,0.02417726062070557,0.5154529843144607,1
324904,0.13886250396092614,0.20776880195259262,0.02359317605413507,0.13950075084194655,0
946932,0.035591774431190895,0.035800825776534206,0.025769006916214275,0.04980329734029755,0
202301,0.119841229824561,0.15044632450224638,0.028609370393745105,0.1801762822765714,0
385830,0.10903802153349915,0.15062818068957773,0.008745070739460766,0.15550204983436028,0
2372206,0.17482964382580285,0.2980064196830142,0.03239020869088771,0.08054685688514708,0
655001,0.23925675248726624,0.37684666015885393,0.09184030609234693,0.11640665290067595,0
2757186,0.28420954034209944,0.4810208519756579,0.02578716359663725,0.17981482637639667,0
2755350,0.26846960753145305,0.44004065868055886,0.047581754708804457,0.1708737588926614,0
480860,0.08370525438063278,0.1276032404156482,0.016055356265412456,0.07543513646592477,0
365592,0.10194856439704837,0.1258101114185407,0.03222372756795646,0.14688195208695543,0
398832,0.1293206424873648,0.1810420261243667,0.021677443973466697,0.16148198116570725,0
1558202,0.06201253892392487,0.06597377040032892,0.05568393950840548,0.061602359356193855,0
192184,0.11984064731712243,0.15578881701890235,0.027686957083857534,0.16820075841256993,0
2577323,0.06800694916189906,0.10529994780336138,0.024349237681743314,0.04026101977847691,0
1064401,0.09735922915298255,0.17092103296727568,0.02270268181981383,0.025439540617002765,0
1828770,0.03520578815785705,0.04338279779550769,0.02214174276728074,0.03435933214959492,0
637504,0.07158655990942792,0.08642819345805197,0.017380534403966665,0.11579151429605963,0
1320021,0.04861243140762503,0.06999262430634823,0.025353122727014895,0.03005091218173222,0
1459394,0.03422153976227383,0.045219844086573535,0.018562681163028324,0.030214066850392816,0
2723500,0.34158565942613023,0.61404710491942,0.02016577333255525,0.1425618748332683,1
2232809,0.10340417762966803,0.1839714720191642,0.01563235405310421,0.03364367702077333,0
1824675,0.1359277725122321,0.23707549893587,0.02810541193131394,0.0447919973245147,0
1342419,0.04923886946675811,0.06285757617845544,0.019300769192919898,0.06009925309827207,0
680132,0.07762472125423225,0.11914753654729171,0.02691759518966909,0.04987837211842838,0
1921085,0.08407141887105833,0.13469176556501217,0.03282948937756117,0.03438344637641952,0
895789,0.041300887131168716,0.05576277805645624,0.01660635441425111,0.04218795889332631,0
2260249,0.13865376111824645,0.19242964178578625,0.08497837979864536,0.08472713142879862,0
1994876,0.4164998078565511,0.6025997949344215,0.11538811181990077,0.40291738421685075,1
1696919,0.149122948136882,0.24993716860859216,0.03724868856395559,0.06489878631699628,0
2573095,0.17130419467448976,0.30411451678395574,0.020908162739776047,0.06487243730289538,0
2189790,0.03404738910421941,0.041296437825769416,0.02566685872036787,0.0284955628761217,0
1576940,0.1415341437726698,0.1867192923570673,0.09341964845752783,0.10074301528438893,0
2583509,0.19033301471255987,0.3235988690921553,0.048446985785616695,0.06999742215398601,0
1821085,0.03365128594260116,0.03865267296844721,0.02543837957097304,0.033467177935428194,0
2749427,0.26458771738313414,0.4429229734285097,0.03045852996745498,0.16994335839321384,0
1868278,0.026708494510986946,0.02449477608733952,0.0178290300241918,0.04556198730029823,0
245451,0.32563101324018295,0.5480446584312043,0.023933727198344808,0.22214282932538693,1
1231478,0.09489714656158084,0.1491521779626621,0.04100822766667264,0.04009294640123994,0
570001,0.059201302324893124,0.07571252686525398,0.02332472242582829,0.07173811082258821,0
584545,0.052167346428356284,0.055790844017478025,0.02254865547285514,0.08753663888880364,0
445914,0.2574787202051704,0.39168710448296784,0.0944380115475699,0.16651882249707742,0
557397,0.17730879201443103,0.3020274626042103,0.033301255033382486,0.08152342101155557,0
1729564,0.22962191943688745,0.39028320697011365,0.01343297684981475,0.15225211448443102,0
185316,0.11533365576695692,0.1482021881423793,0.024341514946519816,0.16965053605905667,0
1355146,0.04094097518352574,0.04895160480080174,0.017348841319496322,0.056302601936379856,0
883366,0.1485310588670799,0.25983644821055674,0.029063677149467497,0.049468658084806445,0
2096313,0.08949766936884669,0.14314864687934692,0.03576135358916446,0.03597469926211949,0
1887345,0.03818100081136808,0.034038266311347654,0.03354424424807186,0.05549297190636343,0
1570429,0.25329846848068943,0.4314580145948861,0.0434223868363318,0.12271372566173437,0
2020293,0.025354382985234684,0.02480114068629735,0.020518827842953037,0.033990821446000484,0
2179598,0.035148654659793034,0.04357271823883291,0.025420702178572653,0.028680424434023934,0
197403,0.13566448547777926,0.1838412079201649,0.02234589880037623,0.18520055938791982,0
1662229,0.12959971682757734,0.21508302112400324,0.044349962271155716,0.043766087921145065,0
1542447,0.12968633968858614,0.22688530413536956,0.026128393350401975,0.04202584807890393,0
2324163,0.10212106244111238,0.1819514593804471,0.03350635983286966,0.005467124005139667,0
1372718,0.0714968647101259,0.10900763704892213,0.018448106835337572,0.057293070675317775,0
1434298,0.038941176644601304,0.05556194567936712,0.01967862388697335,0.026283083194128715,0
1752187,0.043851269115614225,0.06387120499051402,0.024157477524764555,0.023342116814639227,0
2623924,0.4326844386914139,0.6029759179419637,0.3451632250238368,0.13823756106640486,1
2398535,0.04279879769889363,0.04989381577892382,0.02651451366232041,0.04948767855367796,0
1540370,0.04303606047873798,0.06056650356199578,0.01226020726254029,0.045373732594890054,0
665148,0.21084835377493888,0.33674634435288886,0.0963617266158939,0.06783331806863131,0
173500,0.11616664064457485,0.15111332946699008,0.023065862099965403,0.168451086405451,0
2719133,0.33425393967868267,0.6062748923073737,0.018214178440424725,0.12826119996434168,1
467905,0.11726321415394218,0.17720223990746997,0.04131840090728094,0.08133286964011456,0
1788047,0.028678982178572898,0.03441748062077077,0.02503954039000266,0.019791898755933568,0
916926,0.030867077698433304,0.031933607282891074,0.016900730631300806,0.04915027433798764,0
1424722,0.03669301811317456,0.0509576073461524,0.01905573488088798,0.027487469879159825,0
2156606,0.22446939778402233,0.4037252336761682,0.024206305394837552,0.0767244466374349,0
186807,0.13531166541937176,0.18872407414299863,0.01708890819954748,0.17911477944004095,0
2033192,0.04092772552755826,0.051692856140236776,0.018662539471600244,0.047412678079798966,0
840638,0.10137473545340321,0.13962012107384958,0.036282420685986964,0.10339974355341167,0
2304074,0.04450159036335028,0.06647969288772815,0.025463092160496886,0.01811408135668571,0
572802,0.05317464051361545,0.05676976122416799,0.03113165897668091,0.07725131104263591,0
1390751,0.0951559537325965,0.12832550463579906,0.05280175281026932,0.07576337785808086,0
1179028,0.04016573096062052,0.04620337804726271,0.02019878202434845,0.055022036648423124,0
2690104,0.20629167373596405,0.3483032969983103,0.046453066412696295,0.09102052656500001,0
2677799,0.2662836249575412,0.4881475170622773,0.01688726769450753,0.08571843059025153,0
2644318,0.19753100425969627,0.34138360890648145,0.03586041051711214,0.08040538325660955,0
647659,0.0880665026016576,0.11620346290142769,0.028331642317667317,0.1073263922782178,0
2506291,0.14255378506500768,0.2529385279864037,0.03146624969532439,0.03322323081604255,0
57240,0.27224925064571087,0.4607660416282976,0.015459993204034926,0.18614115935175807,0
567739,0.10364948103213736,0.15468445959945976,0.04633081166455127,0.062040038665210524,0
799698,0.10983513620964488,0.18274456542856798,0.017116944251010242,0.06663885110028908,0
388905,0.12696706098751137,0.16923029972400694,0.03533632625171984,0.15875506624995983,0
1488090,0.07727615299654665,0.12142440183656689,0.02631234218748929,0.04335124711008214,0
1520988,0.0632100503176375,0.07646169801897817,0.05961581928767047,0.03547227760923639,0
504027,0.08056655668856726,0.11062633881255013,0.04409833006080567,0.06011944132025242,0
2632450,0.3151626393981294,0.43247189009309495,0.29675201186384426,0.049505453962143224,1
708719,0.24533234968077267,0.3482129542133753,0.1666015173851805,0.10622708679265425,0
1966013,0.027818560537077486,0.03419563192305897,0.02477302625933221,0.016444183488741704,0
2172349,0.1471587541502725,0.25743349078053357,0.03015673838667066,0.046974936220022495,0
1063818,0.10443570112444386,0.1864546679775143,0.022090010628279096,0.022906819736014904,0
1536172,0.041847469987248344,0.050961400484649144,0.023565055803305278,0.046486265019660925,0
145696,0.1257621241698473,0.17185193441941715,0.024522574833879842,0.16239692254987387,0
2382652,0.04973838410132386,0.06391569123796215,0.02216475136343871,0.05565556536655586,0
185274,0.12279241123375191,0.16112496108783092,0.02515443198318923,0.1734180054743984,0
1133076,0.039665051119335354,0.046232165482952614,0.024151138912827712,0.04651813352005368,0
1537175,0.06456327570303562,0.08681324736389906,0.023765160510368744,0.07013551933987731,0
1140045,0.14452438518742147,0.2595796919693196,0.028929629057302154,0.030278252427855076,0
2180216,0.19468351096149059,0.35378998050329513,0.04006478726767128,0.028845422647708164,0
503028,0.07697307784237643,0.10356418871777173,0.036586793838319066,0.07107472665997419,0
1460034,0.04524102412726048,0.0669948983540557,0.029035279354028585,0.015164955720120289,0
540040,0.11638086051856256,0.19484883300169797,0.03035542945561765,0.049249075905141396,0
143459,0.11410616467670462,0.15300095162425142,0.01877731418870229,0.15986247303984105,0
376525,0.1107744380376825,0.14319810396524413,0.031082760742366804,0.14925278916175197,0
1848568,0.031270425734394924,0.027364174783753303,0.02599780669485716,0.04894498167030565,0
2288977,0.04886670801852492,0.0700844140839475,0.029839278998659926,0.02436358638476594,0
1246194,0.11138390969017904,0.2031734817927564,0.02035787194118414,0.018449036057227978,0
1441007,0.04020637708797043,0.0662006004851382,0.013155695680646756,0.015796840706036482,0
2532938,0.047761851191932644,0.060271597370673,0.03199354920698954,0.040139938722496424,0
655194,0.1618692400781541,0.21359397520841383,0.08989655417488308,0.14051643110741124,0
72075,0.1260264268170074,0.174858484406746,0.030968523914709813,0.14653313719610722,0
2285109,0.1522115481533602,0.2662822579993569,0.031461180452140226,0.04816032509019833,0
1378757,0.12913310593281813,0.2235040557026473,0.01849618706937905,0.059161109803403826,0
961666,0.1261505956678874,0.20113741588486012,0.028939585014595242,0.0845000611053938,0
1185720,0.04670334154589732,0.05168419920202827,0.023402075437527297,0.06920309656812501,0
1339907,0.0365794887535153,0.03373985593511153,0.028347445447603002,0.056026635758393194,0
1214082,0.05642254657372426,0.06691818807787286,0.019975735902860958,0.0848536588196477,0
986565,0.04047345502881043,0.03504069728063586,0.028292019286589046,0.07232750301257894,0
2569055,0.21643993622512003,0.3519540754551699,0.06403494263291662,0.10626207853830058,0
55570,0.18147913571224583,0.28540712757045195,0.021618158650335218,0.16145062165959642,0
1514866,0.0847793051828339,0.13356006021464517,0.021144389456389624,0.05827979119297215,0
2139764,0.04693615403279068,0.06253731743320157,0.04297646608487773,0.01387277745363291,0
1435648,0.05023438472249377,0.07483166825216514,0.028374786259765132,0.021530573592408328,0
2047978,0.03961766044985837,0.045175436839006156,0.026599676586473695,0.04525019527206593,0
1015382,0.07328251054116916,0.07811548376056632,0.054335959108116165,0.08961990464225578,0
2267006,0.1480893326208878,0.24933582064475046,0.04601005770660369,0.048092024932657386,0
2275145,0.06953595181631199,0.1012743750090841,0.04661110563622689,0.024577163104509334,0
1155469,0.03409645587295649,0.026644959160696424,0.032680639860967906,0.05484892167158952,0
622242,0.0693954048359206,0.08893620594809315,0.018957459279070873,0.09620032039076384,0
2004938,0.05549423185150854,0.0780577748532646,0.03143937420127656,0.03516766082246642,0
346840,0.14330783305103909,0.21785619478351725,0.03450251954458125,0.12014489897953044,0
2626566,0.18869243134063923,0.2630851719317163,0.1524925584490242,0.057010389200368924,0
788780,0.09375083613534853,0.1299530720171158,0.05530059713065427,0.06092060493797174,0
1414313,0.0460211068186627,0.06652491813462647,0.022261407794636,0.030401127064793334,0
1279145,0.0742758766744126,0.11634889052128006,0.02767654005455711,0.0389923469870272,0
2072270,0.048400332596514495,0.05918333965491973,0.02087161544336955,0.06273589068021883,0
1963998,0.05279144197436895,0.07965960964096197,0.026002443100719155,0.02580452111836109,0
2620811,0.14003582643622797,0.17289737577589093,0.14438343435447012,0.05136054120970739,0
780151,0.03816386525826264,0.031344929415195066,0.019834948280286535,0.08270458033289571,0
2747140,0.3117001817578642,0.5356936685449463,0.024785195376298055,0.1820889443625081,1
2338452,0.05145643122927547,0.05504667484930714,0.06286821928184116,0.025363140100347768,0
1868881,0.05806591375755285,0.08710257959643575,0.024601474699877057,0.03567090774685928,0
2695654,0.18926902893485012,0.3259294854328091,0.03184430978867754,0.08375496640921162,0
2662626,0.18275134744315918,0.30353636297579367,0.03971988444711466,0.09533600310563976,0
81552,0.3149175847196304,0.5354474556201488,0.02764213302448754,0.19450608501104852,1
1207829,0.06146945072298014,0.08156675098935606,0.015673412327077824,0.0799202576508938,0
122459,0.23866593893901533,0.3966833864868432,0.029294660775600084,0.15767923731456848,0
2385561,0.3554313377736075,0.6127999461630294,0.0294211116827768,0.20102515593629916,1
1429551,0.052209201151815834,0.08225670285560172,0.023877738507784116,0.019587640858398713,0
2433855,0.0973758084121611,0.146147152620544,0.05646562467857256,0.03681272349158668,0
1764327,0.0541193729954945,0.0941930211477835,0.0038749856334825772,0.02930183365778989,0
838065,0.3243088301895731,0.5477174603254928,0.06767429157152267,0.1507390627768495,1
327521,0.11163876024644563,0.15143185863485242,0.03684620148161932,0.12434485242266813,0
2734454,0.2550815986404,0.4126279499066826,0.07254172667094919,0.13502552842886967,0
2770182,0.49596609454166374,0.6943772301382338,0.3141938488673773,0.27259662406166807,1
2504440,0.043904803904647696,0.0625068663788303,0.02533770044301283,0.025250302911643492,0
1983482,0.7985333050536894,0.7874699960065493,0.7520883711119151,0.8958589785842007,1
616661,0.0922214248712401,0.12197779230314065,0.029345509642826662,0.11214437913410887,0
1469897,0.06279218374740642,0.11026940166185573,0.018977096054166264,0.009821770501143343,0
714760,0.04429253015910244,0.05033000218069339,0.029963357926254923,0.05069260845439637,0
588563,0.07107139420136964,0.08410386995942898,0.036227689537623606,0.09075576180184033,0
2525304,0.04688245360856036,0.06842321712953692,0.023109599651938643,0.028689825741051535,0
1178859,0.04169184097638465,0.04855530459452684,0.021633259438831945,0.05462105423735822,0
17245,0.17337552734442707,0.2781544484759024,0.018164036342483043,0.14424546101865476,0
467178,0.10778562408775405,0.14863062602456678,0.06019637983196867,0.07705698562940033,0
43092,0.4355070750374922,0.6425896918794294,0.18841159601236343,0.28844375147034235,1
456697,0.36388288543613134,0.5626964914436174,0.1497195906243861,0.18809381263503394,1
698322,0.037761491902454494,0.033674010613011895,0.03490977399293002,0.052257771990347715,0
1160315,0.03545913712488957,0.0345669856461317,0.023470254264731025,0.05567284011202207,0
1420161,0.04534176921215032,0.06214332030861369,0.028298600784327665,0.028902644112725896,0
1317114,0.15664776605076394,0.25095867640777936,0.05718818910400517,0.07005985557836358,0
1364884,0.04246619371122669,0.04498196363292706,0.022892155435156346,0.06553782632108127,0
2144419,0.27744420512276236,0.5035157089223253,0.020636200375190986,0.09747745274521193,0
1552324,0.05069817695418335,0.06430987308564518,0.0326475822472939,0.04374482868586295,0
2597768,0.16718500783859616,0.28595289505192933,0.03348201493530848,0.0708197791601947,0
1981546,0.016742260712107923,0.015044379376252914,0.018498421485171092,0.01835272289215069,0
1027062,0.06641428901955468,0.07834129571741322,0.03020138888018737,0.09091612248395924,0
2633591,0.28452601673515804,0.3813017399079368,0.26300575657623326,0.07486709904159838,0
58118,0.15026100220516247,0.2191628306551815,0.03284880092007726,0.15412473300774268,0
2506813,0.10844430082492762,0.15794850284053452,0.08974516062691269,0.012732506082932745,0
896941,0.08022077424044731,0.11157984237406848,0.06164159419881544,0.029691873968842195,0
2300042,0.042891962929460604,0.0660955886784208,0.017385718106272156,0.02314226579184281,0
1852490,0.20823750280229641,0.36184272204964096,0.02976654427838291,0.09193089246980536,0
2049541,0.03865813323194038,0.0368113610759353,0.03632354053130833,0.04677695267290117,0
1650421,0.04069198022544806,0.05597614270717488,0.02964525489766502,0.019051662012805577,0
2193281,0.03188709801931638,0.0374197630263956,0.020426209145415833,0.03524676881246913,0
2347850,0.18962180284771513,0.31492240261963533,0.05638992859743712,0.07621811479333158,0
2532294,0.18502860239849975,0.30755187521393035,0.059182689945865195,0.06748928903887505,0
93240,0.16996407677935138,0.24257822749999725,0.05455308060019617,0.16154519424646954,0
888281,0.04326156096726701,0.06383280147077308,0.014382991963242647,0.035151313214538356,0
2097383,0.0670025920610396,0.1054827405721468,0.031871985483905164,0.02349813064897332,0
1695350,0.021407647631745345,0.008195245419131858,0.02204113821968677,0.05348841728136694,0
198606,0.13534294768785265,0.18192631677358984,0.024577144877814615,0.1850332291885667,0
1809407,0.17563456893973245,0.316885398924051,0.040884091881381146,0.024633209566463154,0
1618148,0.1317575766708805,0.24056258152668586,0.034460642859153984,0.005690465248956917,0
2362260,0.03589618120856107,0.047287629355243554,0.0167668304070114,0.03611158704417938,0
1382512,0.05385565955701306,0.062208979656597996,0.023832069475877866,0.07800774442975351,0
650096,0.12598684094851892,0.16938262770130175,0.059664789487500924,0.1169804512580888,0
98658,0.23224058730812963,0.37631483449785175,0.043964161373259765,0.15446960823612915,0
823114,0.08665986115290877,0.11100147370715485,0.02985589081636673,0.11101178527210669,0
1001631,0.0528561461104467,0.05716866664011255,0.03294142179089291,0.07194693126561273,0
2390176,0.2134080159211324,0.35523027469313073,0.0484693211745221,0.10626041111105192,0
1120536,0.030043965032808297,0.027424927525905085,0.029471249752107246,0.0374506317211179,0
1008380,0.1773647863994942,0.29879769005665857,0.02468792971909354,0.10279781227718422,0
1311143,0.056483093116697275,0.07743408648692784,0.03153652953322846,0.04152545506632405,0
193482,0.25614006430426334,0.4200803972441991,0.020521244065727078,0.19971746231222828,0
866642,0.2065170316031777,0.35521739920793594,0.04038691231196856,0.08396129152809571,0
1154656,0.06036902487615168,0.07623284811766051,0.03188848391930224,0.06343027820765378,0
1471982,0.022222036910113395,0.01729295376442508,0.028900820402767473,0.02452656953535308,0
2723408,0.43440079031780593,0.6402024235122139,0.23542936293630232,0.21835384840404137,1
2523377,0.0971146714188788,0.16403478289494577,0.019429726140032775,0.04634181064698049,0
84946,0.2629139479932322,0.4205089026099358,0.06762952686518484,0.16185319314354446,0
254149,0.37412206835742834,0.6206540211154048,0.07705440707330609,0.20339367838867053,1
117041,0.12235344564464556,0.1677658161398098,0.022710393036347698,0.15828709831918178,0
1898003,0.0535594009969017,0.0658455801816008,0.03274650773284313,0.05406329293124179,0
457953,0.23321774162124428,0.34898336922256856,0.08928453166033655,0.15970348755929525,0
903130,0.15752694708965248,0.27765988866051616,0.02312157510391776,0.05880265114109541,0
2634504,0.20925924671079676,0.36529526621584985,0.04215306758786015,0.0698284666325689,0
2130101,0.07338183519912247,0.13285469482100876,0.0198102136319257,0.005057118495201971,0
1503561,0.03359279310175383,0.031916834237823544,0.032252015875607505,0.039793856100799045,0
288204,0.1944695985414027,0.2954907942640239,0.060102550764618415,0.14346718090002614,0
2462059,0.053301199441699844,0.07932338487774482,0.030232125800651558,0.02284934631315983,0
2257083,0.09645193918131172,0.14765778139032626,0.030019787724719506,0.0680855608436637,0
305659,0.11505451644081773,0.1623579775978864,0.024472553324775836,0.1326688082222089,0
2089148,0.18008900442249237,0.2525081249982998,0.1046037078216683,0.11226914788421001,0
360888,0.18350225602351036,0.27669621607824624,0.04626481279706777,0.1563735207263346,0
1259467,0.05427046319424142,0.0835401665381641,0.019500110642713894,0.03325173366172603,0
600231,0.08579470348452438,0.13171753261684915,0.014301162326824416,0.07822794239026234,0
1516713,0.08123802567050452,0.1206702636151904,0.05629279918827974,0.02007527053212701,0
2763411,0.27887738343096835,0.4594329683270304,0.0336329926862675,0.1953550073078644,0
2408788,0.059879182743334064,0.07953221013799616,0.0251056516949175,0.06290691082930364,0
966965,0.03222602439854447,0.022843066245670562,0.029348285746799024,0.06000002775834738,0
1182687,0.04029541395983448,0.03917033890010224,0.03042098674807529,0.05791974242680383,0
1752271,0.08225743534627421,0.15326887740152784,0.01192611380431248,0.010225812521082733,0
446950,0.3252047212747948,0.554036136680673,0.024732172116116485,0.20383500649811667,1
1260737,0.07160773333854915,0.11036214201580075,0.029437849587482454,0.03797653727202026,0
1083402,0.049919714978827856,0.0620583166210491,0.03448171088194042,0.04273021701860587,0
2345367,0.14315061192788428,0.24875299132581374,0.03912275125367001,0.03518645444438213,0
2674034,0.24984637121166825,0.4581021953613591,0.014028282827596416,0.0829339434135488,0
2583102,0.1659097150019984,0.2905238463144957,0.028856003721862943,0.059954953640958236,0
1099660,0.03543660377457659,0.041707115707332876,0.02519762736610091,0.03511878855539938,0
1634271,0.061442046628061756,0.10394786993440153,0.0275708452516272,0.005984290426864159,0
486528,0.1426022852905524,0.2454268593585437,0.0318561064615487,0.051660118364079896,0
797708,0.0643634217509025,0.07747021180685099,0.019752031203684975,0.09851353243185754,0
565501,0.0580348604720952,0.07049709484413769,0.025760027049948696,0.07529152467520873,0
875116,0.11861792111179029,0.20974156887019046,0.028502313591426874,0.025982212996334977,0
2684208,0.20440057657470012,0.3257133045957201,0.07002095379736216,0.10268819068815695,0
253737,0.14710579006471075,0.2238999484133929,0.029178462906084675,0.1320113849309446,0
683796,0.08138381447945932,0.13669959945706278,0.016361368216117503,0.04062802143046338,0
149227,0.12935440323097075,0.18053361824866088,0.02052304698478327,0.16465340005602672,0
1923457,0.11225978662454783,0.1766732903034568,0.06739503758009444,0.01852315099395558,0
1246674,0.07964719428724305,0.12956925429495825,0.023408425095888627,0.03920019805498673,0
132413,0.11328932278000503,0.1523244128840926,0.023327884269559916,0.15064375528545376,0
2585202,0.05196648979901901,0.06959375559297232,0.021083264255538338,0.054223163629356724,0
1452706,0.06409018618992512,0.1015515035979343,0.021611773852608124,0.034154511175877714,0
2653496,0.1935150035223713,0.3513741485753923,0.020878965953632568,0.05782119724292696,0
687587,0.04756406866003662,0.05846713778077339,0.023658148930112935,0.05616527545308019,0
2438657,0.06632427817097859,0.11584364828633731,0.008353622147907871,0.029481836917187924,0
1370090,0.11132806634592705,0.17775938883645204,0.03979432211611178,0.05255037646433752,0
1254377,0.15614193543673463,0.276376335038663,0.03152758039908497,0.04247746898838813,0
1203522,0.14771919258748192,0.24694551380643348,0.03698105814950727,0.0657605911970651,0
2395111,0.0511808873583782,0.0766580213491509,0.014886734386167486,0.04192928183976256,0
563213,0.19779873026556719,0.3456885874668413,0.023794130897479164,0.08908098631451396,0
319459,0.10084015277650932,0.14086860447423277,0.016282726222795262,0.12760516336277178,0
2678914,0.2598452730906832,0.4723544247768261,0.020227802670451094,0.08799859950567436,0
1290980,0.02811479661810909,0.03460209183196117,0.015328925942048844,0.031075364597569263,0
1767431,0.05348782034282045,0.06480442992954116,0.06286370773027165,0.011132465294841883,0
1450440,0.03366622847218863,0.037857502249881936,0.03178605501028731,0.026008304220807344,0
2108349,0.062473378757625764,0.10372788238529207,0.02141320014153779,0.02092738761259193,0
2694791,0.177014074345614,0.31315140992729273,0.01161487433733974,0.08476953540382855,0
1000404,0.044805470792544516,0.04039699154536103,0.030795555801249586,0.07684154139744562,0
1247985,0.056763093639341754,0.08764445678206012,0.021055577794531242,0.03312095954976162,0
2292836,0.05379525737704558,0.08033717789843764,0.03080514285146516,0.02192562786193608,0
1318713,0.2203136929687259,0.39961534931332343,0.04129277203972834,0.040590933500728406,0
217242,0.1871430547046618,0.2912638634862671,0.029460184279191993,0.1633653383888533,0
1134325,0.12462173573006335,0.2167181933219755,0.022552016370484675,0.047485170789651025,0
2076137,0.0545076102158006,0.06895704731032637,0.026368964638853448,0.060591985844906916,0
1040659,0.13881043492022038,0.1884903406781413,0.07195196690313846,0.11489837255104096,0
1346751,0.10403803975472098,0.16054056697422414,0.029794533584527993,0.07414698096125256,0
2000447,0.4522522836735264,0.7400804079859298,0.023789785025991984,0.3753757208638194,1
2626905,0.3213718437068234,0.5429071340845761,0.11919408315798566,0.07080025858569844,1
615778,0.09385522740657136,0.14440913355228358,0.01518207624754427,0.08548018878083145,0
732048,0.14460162413463132,0.2483894963499601,0.026729673033226764,0.061939870248416136,0
1653350,0.028520139620325617,0.02495955465678068,0.03590932887356674,0.02633781814932628,0
1226308,0.37921322180618633,0.5145232345472395,0.3021149396987968,0.15658561311463748,1
2762064,0.2873576293846172,0.48381733650611425,0.02158938746770078,0.19486072445624902,0
283315,0.11731146701914508,0.1676622475913383,0.02723549857822518,0.1265484682500419,0
1192284,0.0448900497358327,0.043798912647681876,0.029565130471290745,0.07060527135302269,0
2744200,0.3117409171808002,0.5316365997649366,0.029557346509727356,0.18527706672706876,1
2325101,0.09428097407596951,0.16833904334899774,0.02999015482893887,0.005572029763944904,0
2542747,0.05190120473965156,0.06497976228807989,0.037795694522217024,0.04036307619473256,0
2266634,0.24550948204119047,0.44819341091384,0.04460313787141368,0.040159176114231865,0
2154665,0.04720137658479572,0.06794552426460554,0.025861651496706103,0.027350595017405593,0
1645519,0.06572917638804203,0.09905503444472641,0.04666072431101384,0.011017209361873372,0
2020763,0.07935526729263517,0.13729928239523126,0.025922036587312663,0.014645075594128708,0
1729952,0.21005246108634357,0.354820179332037,0.022823097009009606,0.1289772115881109,0
256999,0.30860910224861243,0.5319736529028876,0.05392949717294499,0.13221713322642567,1
1141556,0.035918964430883875,0.036902517420435155,0.024399355755405784,0.05073949497022281,0
1490269,0.133333135493519,0.23695816068562492,0.019677210367379554,0.044754460202463285,0
2538982,0.06755433543700134,0.115174327366097,0.01761203886509399,0.023417800472123176,0
1168506,0.15469405488872545,0.2708921361898492,0.008399456561629978,0.0836407491265594,0
484300,0.07409805005653824,0.10750827067270952,0.020682983852757852,0.07069509782178067,0
1205484,0.08401496123414477,0.10249103934096893,0.048257268159687235,0.09146130557877073,0
936671,0.13227772924528572,0.23115433801097995,0.015517775554817806,0.06022613786675203,0
285289,0.1542095363738985,0.2505618841302307,0.020086936572552064,0.11451256668508757,0
1591752,0.1698764044295178,0.28359866018336266,0.06926645329162802,0.036485691751740316,0
142119,0.2781195103606494,0.4545508268063929,0.0383712907398271,0.19666354867752406,0
901802,0.04698655860319439,0.05991255871791368,0.0231618366514474,0.050408641244016644,0
402710,0.23429759096695596,0.3875990164229127,0.0230272240275211,0.16794957773621633,0
61320,0.12254565064476616,0.17227294887931854,0.025631438802203088,0.1435987228222298,0
518348,0.05407283649212446,0.07045706430644771,0.02077695934454467,0.06305608267768599,0
2428091,0.2500768384331071,0.41926479523575344,0.03878448160346411,0.14404548167095557,0
1846186,0.054571770733286305,0.07318961020682424,0.029414638415476337,0.045762870526156435,0
1400958,0.14112742520426397,0.21253612227266228,0.08264384888537274,0.050331047011605075,0
746750,0.140643764753651,0.2296788066472505,0.041967934221051856,0.06606990581855103,0
2175708,0.04578469715460409,0.05709516036093509,0.040337632813273905,0.025679135650771866,0
806264,0.06281864158326642,0.07468123547123606,0.018962617913420157,0.0989461923681117,0
867891,0.08605855915151264,0.15061817970533709,0.016809082702317662,0.028533722440744,0
1572418,0.09701085663407306,0.1343172419107096,0.03967199670314935,0.08975318333886734,0
171251,0.24032299683828645,0.3986541178342985,0.023754445958431868,0.16934802066803817,0
827025,0.05270046298769035,0.05167686494200341,0.021059040654020787,0.10272159160241207,0
398936,0.2372265109411836,0.38580743549636765,0.041782703531389916,0.15893991066791396,0
1182893,0.03792652568058433,0.04430118321557197,0.01564459006064477,0.055412785273024553,0
1891437,0.06403273682936544,0.07814007130011524,0.03597415097959892,0.07085227942714072,0
861960,0.06442222190764235,0.09381591715832127,0.024166568303643502,0.05132146418694334,0
234508,0.14959553363665806,0.2072337502503977,0.02903491614588805,0.18634091833846392,0
397026,0.12284122853265345,0.16611224752966314,0.026721389485179825,0.15884343961133962,0
644283,0.0947460364763757,0.1261289734243799,0.024790244361590674,0.12122238227854273,0
25612,0.16436899392837384,0.2422552187447582,0.04006660358460622,0.15610701740306437,0
1159214,0.03513021763878218,0.03134408688041557,0.028000824856515207,0.05528963370809915,0
926290,0.04102169239338037,0.04205632246655244,0.035085158002411306,0.04733991879690374,0
2670830,0.22915568997476665,0.3992419265121224,0.05266183187474473,0.0686808857814102,0
779724,0.035906171654573785,0.023072848021836845,0.028614667145686425,0.07892673749974717,0
636332,0.18365804101781485,0.30360818680289325,0.026925831440034444,0.11888099092178941,0
2255539,0.1048554611417453,0.15484719568152638,0.03808944750438554,0.08002514524833217,0
2175583,0.05161536080312509,0.0712869737755043,0.02980310484595005,0.03515471230793962,0
1327543,0.04090980657471814,0.042810772946157316,0.037451840949565586,0.041344339083849,0
2201540,0.067973188497947,0.09092528914658038,0.05612114916645078,0.028370995873607946,0
547184,0.060892467164646705,0.07332630909163729,0.038431492481960934,0.0634993243711989,0
819263,0.05856243090777226,0.058007402029679356,0.03211971081680917,0.09961408323944915,0
2665326,0.21274027455946587,0.35870473628484667,0.0412439862372302,0.10507355272936739,0
1243338,0.18057066802141328,0.3217211581872045,0.027077459883722472,0.05793425481347149,0
390493,0.14423326260433747,0.21599909722554045,0.029063882437276554,0.13757274630192143,0
1152745,0.14360893028399016,0.23577064927623437,0.037224794315448964,0.07278083675619149,0
508642,0.05073283768825152,0.060939365137511636,0.02481420642283447,0.06409446596322682,0
244059,0.30663144627872463,0.5001845716876394,0.04904125396990353,0.2091339212196693,1
1476309,0.03532480219196496,0.03610115167897243,0.0375445867966517,0.030054251567416163,0
1707298,0.05016831335929657,0.05489911491931565,0.02781448483676386,0.07187205224304792,0
589234,0.21348479417129518,0.375370038133892,0.030894824774970023,0.08265663835929078,0
131252,0.18144977399118747,0.29440937061645034,0.02294403689939811,0.1368093880657144,0
2433016,0.08469316031084831,0.13194095382265392,0.03696839259247688,0.038160828108891494,0
1179583,0.0616430533991672,0.08336795437580802,0.01891246174715794,0.07142668843557906,0
2253974,0.09693851386677457,0.1437711888263541,0.03769438717454657,0.0687230165061678,0
2234170,0.042439765137206584,0.04674130816843025,0.027598312381282814,0.05394808669303307,0
996913,0.044604282363912735,0.050577588308913235,0.013979680492956396,0.075607920307846,0
2673371,0.17519484289352938,0.30035592447441906,0.037845578358566265,0.06831603574374984,0
196539,0.1786810940793751,0.2658008429950135,0.023063990650216883,0.19430737693401648,0
1460926,0.055832347204813365,0.08980077843818934,0.029375578137937716,0.010596422721686895,0
2682386,0.21283460041714006,0.3837175748011661,0.01622818173837948,0.08053679247521586,0
90856,0.11871431623936624,0.1628740810367676,0.022577731385516876,0.15251978152663684,0
2545296,0.05080163418709867,0.06868050339578446,0.02370291896973428,0.04675253399143075,0
1171790,0.13028645765964691,0.2031877927311343,0.039227476983107266,0.08462159099573792,0
419911,0.14120347483873733,0.20402598642344738,0.031551691154553904,0.14862487140323727,0
347742,0.14827145859195962,0.22577516748323978,0.03705493706016939,0.1213369686614446,0
1710705,0.03849767597569462,0.03680919224647872,0.023685536667327454,0.06493709426128509,0
1185964,0.05708587601466271,0.061138020356922396,0.04695825138762927,0.062146952099563633,0
2577322,0.17276527372523928,0.30411451678395574,0.025802301890919508,0.06483662382992772,0
2581711,0.060859095700774454,0.09013037758344788,0.02218817406641656,0.04568727344562772,0
2079501,0.09055584919169499,0.12049868991728707,0.05090158211600103,0.07518014799125575,0
843677,0.2137127851210113,0.28588025774159553,0.16505075074269993,0.10628715513701772,0
841438,0.14228585669781724,0.21175877363383855,0.04434428522512559,0.11551592156680147,0
416151,0.13790872520646158,0.1740271697188629,0.058360912552171275,0.16693433290689372,0
594357,0.0597620888621469,0.07035285889369591,0.02280103331747082,0.08872674710028847,0
935235,0.036660071026753886,0.035205716489898786,0.029654880934544544,0.05080374250720565,0
268176,0.1457202363847838,0.2102966719715409,0.04564044203040365,0.1343988389494612,0
2253035,0.10686220135141067,0.16210417471543104,0.044322163542288684,0.06256732465504278,0
2425155,0.3502475962164437,0.5669153166422767,0.11523539069708623,0.16109660343089754,1
1275990,0.1491741577396448,0.2617325544373589,0.030480540706289534,0.04581859154539253,0
1683474,0.14231501115250625,0.24166900256767998,0.030271916666449537,0.06199467434365698,0
1981432,0.1512602091282823,0.25028279907947326,0.057445516936817445,0.04442577253750218,0
1429959,0.04972477654569886,0.07339164348379879,0.02733790181974353,0.024137921289382046,0
754207,0.053275650431019235,0.06037192347414566,0.028263419041118527,0.07305331490805421,0
218429,0.23212665101991758,0.37980638710429615,0.030260197667969616,0.16572699083689313,0
2668284,0.26937233484725337,0.4469903524418112,0.08630101614088499,0.09993426892041132,0
2399683,0.07320317309426666,0.09823046648734857,0.042868081259361555,0.05613757736391951,0
865921,0.0711122851590737,0.11061298036077649,0.01725965069585685,0.05313949884964197,0
1271113,0.0551954655603928,0.08470903185760648,0.028210169404857512,0.021889494050661568,0
111699,0.21698882301514244,0.34205783006668067,0.06447181995021295,0.1330918099836911,0
1767370,0.17756013445604213,0.3129540839829317,0.024557899315003552,0.06857861335037617,0
520741,0.05159352397344334,0.06651789863317992,0.019861522545096537,0.06188058946662209,0
1868797,0.054615328329328035,0.07410216336238351,0.017185181051889598,0.06204346166284701,0
466140,0.3737351212616366,0.4234071314631689,0.46039680379712755,0.11956257195456958,1
870537,0.06832777715824201,0.09916629333646021,0.027221138746890725,0.052891444329723446,0
1261352,0.04941463724387571,0.06538809666971301,0.033928547113077086,0.032710123875480376,0
816337,0.09193260633196551,0.12380704237604645,0.031635719983783527,0.10269184574403618,0
332900,0.12657019402472375,0.1710170242219775,0.04665171127008762,0.1353308426635435,0
2363709,0.1396508315271629,0.2560882719522066,0.0054013555662100286,0.04993144440598284,0
326119,0.1404140337461859,0.14159220018827323,0.14442892729928036,0.1314462773113259,0
2303942,0.132973990413025,0.23283506744435267,0.02671772099213547,0.042705701966040094,0
947990,0.13051033971290138,0.22242083660561918,0.02251803206647769,0.06272255895074244,0
137702,0.11171805818978331,0.1439489707242122,0.02837179725227804,0.15616016825996895,0
2662463,0.20658173906046826,0.3620235297205445,0.02767678122015591,0.08633469917074618,0
1167150,0.03782051289517866,0.0365081552486306,0.03127840710849885,0.05091456569156851,0
2124241,0.0401559732229496,0.050428879368631385,0.034765992467739135,0.02255867899156085,0
1521387,0.13235399054737593,0.2250125623960958,0.028915980113462313,0.05586457657644675,0
1353740,0.18497795421702107,0.278743794020205,0.08663795348088667,0.09807335581326285,0
2301856,0.051895420531933315,0.07575452442050701,0.029622713696275137,0.025656721063986337,0
2266817,0.08164283525519893,0.12424490521750253,0.04156701577956519,0.03525138956289055,0
758446,0.04291482196283832,0.03921966895228579,0.03719542990317014,0.060731792578721945,0
1266912,0.06437817298781942,0.0980025823003472,0.038789376949315064,0.018700343764256496,0
2495401,0.06611581343703506,0.1010313965024594,0.03081289796969472,0.03178122897448467,0
819323,0.19647798045147105,0.3258658902910533,0.04195831431419795,0.10478770505842516,0
2491182,0.1281114548827812,0.22475441243503835,0.044168098038704626,0.012419096268253126,0
1048506,0.09266881983470396,0.13537310248357193,0.050964244911114606,0.04846497559791808,0
1649422,0.013479141844615341,0.005836928994084389,0.014173401393417745,0.03154328464773912,0
41989,0.2901654442640905,0.4921540673934802,0.04756119864651968,0.14910025486697256,0
1348240,0.06828841280645552,0.08541262013294959,0.03562249294423001,0.0744767742835586,0
1238344,0.07653399404459038,0.1222944445191545,0.026515420510796455,0.037160728158870934,0
2144059,0.03669540109253472,0.05464094885042048,0.01698390045670299,0.021398782651567888,0
2496364,0.13475256219535608,0.23559123470773524,0.046253574708088316,0.015404362145309759,0
1645545,0.0149754142093817,0.0007123095487973075,0.0320175734272969,0.025069937033969886,0
2510986,0.057352557590162584,0.07380525545206229,0.04857159327660599,0.029392259405748217,0
2348287,0.055221597732429864,0.06517723784456075,0.05345857404606271,0.032977032981653394,0
1235613,0.17192576132056905,0.29460034608200025,0.04319671747304772,0.05833286518827309,0
2487021,0.044538922646358635,0.0666455540559181,0.02179916285744654,0.023381983805828104,0
1039383,0.28618127720968767,0.44628325755726894,0.11658393203586692,0.14032234410146574,0
890023,0.04297020829185646,0.04088995840277598,0.04465836051389435,0.04563860468150079,0
2040605,0.032060891614138456,0.03546125825806257,0.023489544817856856,0.03641699519875057,0
2065708,0.08620972092106333,0.13515111295882198,0.031880812239470174,0.04534960384905643,0
1922318,0.22918155149273103,0.4045593151797897,0.06655587656110525,0.03467565467252303,0
2262903,0.29886400119901024,0.49047997099878393,0.08822693683143022,0.135779673250946,1
1602508,0.08733714401303205,0.128324920528744,0.055834611581406075,0.03212150137119115,0
1421542,0.37682818721413375,0.5628077742655262,0.19364237121723854,0.1866579435809953,1
1884826,0.20721650957534934,0.33664517381583614,0.06223298936336499,0.10112012929210887,0
2527398,0.04101798315744915,0.05683919329774867,0.022538647674544193,0.02918396103105781,0
2516924,0.08391533895082823,0.1309385419803808,0.03338059654383689,0.042159444987433785,0
2252433,0.2995803530920972,0.5196215231420468,0.05269053174716856,0.11981215998461596,1
1989135,0.040862924956360805,0.06206985408213617,0.026277041123776542,0.009724427890798835,0
293772,0.1101237716284823,0.16321935720021974,0.014356957108029787,0.12103502947981748,0
1568538,0.08823009404381238,0.101820556448882,0.07110201953209896,0.07994604979870844,0
2139374,0.04365818945742915,0.058989171012888475,0.03264187650565772,0.021855204996437973,0
771781,0.04554563054563689,0.04422259371876103,0.02542258905140421,0.07903778485417559,0
2342832,0.2019551116985392,0.341178283922279,0.055008749798161574,0.07431672398975608,0
187351,0.12772001199849065,0.17063686048443538,0.025002144467155783,0.17450469208063105,0
2033542,0.03186984468918987,0.030032036647317573,0.028088027335104942,0.042137090824998016,0
40311,0.16400677941300895,0.23303361744637296,0.054594009768673867,0.15555883879610152,0
2767179,0.4088860838156523,0.6952727088347053,0.06603054307096858,0.20720283238504514,1
1352204,0.07124940523007109,0.11507974499150542,0.01586216024866908,0.044754423298588274,0
245220,0.2632569410251377,0.37752324926774916,0.11351002248857475,0.20221154822345347,0
58922,0.23471361957626513,0.3797301660181849,0.033788715053507404,0.1735596102556023,0
1855901,0.057374733874459495,0.07887525677688023,0.023992179319142017,0.05369725845138387,0
1917303,0.27697114041314724,0.4321607326652147,0.11482732807830186,0.13221287828524675,0
1168626,0.05034669569900041,0.04963755763520794,0.039391594710372325,0.0685521923414237,0
1194942,0.03939805507689998,0.03895990463376087,0.018729570713964784,0.07149615772915055,0
2040686,0.04841893130970598,0.07702813500040473,0.01460211425994149,0.02762114765760586,0
1227674,0.10813986430607893,0.17465658734035527,0.04447283659157666,0.03734859829214148,0
1219888,0.17159659574749467,0.25934805004089256,0.06423734454964825,0.11325683681076956,0
83485,0.12059916793976375,0.16553770415699487,0.025369911209736293,0.15109671249172713,0
1245107,0.22111290206684484,0.3663471882179643,0.08009763334916503,0.06955008976556588,0
1643922,0.03395122182514951,0.047092795100462714,0.024080466097972063,0.015903422227632646,0
1611462,0.09941453469720674,0.17958354026662882,0.030509256614613615,0.0023499378975411563,0
979384,0.03808379344812152,0.02951864642896307,0.02931679538688848,0.07264715808786719,0
2678412,0.41177668236574394,0.6494629952470798,0.17446366225840676,0.17353043032340995,1
899565,0.03803729640071679,0.04226193901778574,0.02501341783801738,0.04701150770209352,0
411681,0.11358853152183523,0.15069272647486598,0.020456675848405558,0.1605258276494029,0
216878,0.1220081046173325,0.16013538278246908,0.022439067278090245,0.1760434652133544,0
2687184,0.27905307741658153,0.4637949578663436,0.07476808221659557,0.12362586909215517,0
1186501,0.06163317286901013,0.06018135069017627,0.06050849201515335,0.06694974959687996,0
2585977,0.09454615076217894,0.14878634572113625,0.03180032055348493,0.053064408677826656,0
1140760,0.03946546808003122,0.043666011178310704,0.034106512619925936,0.03700254352449044,0
2589697,0.09504661933742654,0.14956642289080424,0.0321455250786909,0.05309875184208577,0
1566986,0.15522990409821572,0.26449803753808776,0.02523882761820989,0.07704618521854435,0
1818434,0.03346061410393081,0.03819887359154128,0.029653582584886408,0.027325512663471208,0
1910578,0.09585500322303067,0.10848420611370813,0.08647992699192446,0.07834461034299635,0
77756,0.12207211023264952,0.1688894921635541,0.024996581860216027,0.15064194796403838,0
812751,0.15374876570609589,0.2573991008675889,0.019388498158246937,0.09616332912413675,0
1661388,0.01695418032570581,0.009407504789567422,0.01621563437771157,0.03692868808804313,0
66601,0.12428502137016861,0.17816616397165874,0.01867108843878787,0.1480030642635144,0
2532212,0.029097609621415936,0.028899268563563174,0.024668367680903858,0.03623732517681596,0
2595816,0.07744736163522853,0.11252479624366485,0.03039612071240131,0.06033063649837859,0
392937,0.1062197729103704,0.13526853382814685,0.026645211188942204,0.15295971319807153,0
478034,0.18755416427105154,0.3026246587585536,0.07122251989718241,0.07437539461310017,0
649139,0.11203616930387568,0.13890179473446762,0.05987084386307943,0.12312009388859022,0
71768,0.13526732652883777,0.19799013242779162,0.01906985761701642,0.15275651514918517,0
229981,0.15494469346202752,0.21491145410320278,0.0275269397248056,0.1961544224649223,0
194182,0.12351429857904248,0.15964529424727392,0.029066295890475657,0.17485881344131415,0
2214136,0.1391044651899536,0.2454763410126165,0.021461063091629755,0.04963987878078205,0
1060161,0.14965234077031622,0.26186896781188984,0.04488086593757779,0.026267985415489914,0
2539190,0.09788419440828122,0.16161857363603072,0.02195383592779328,0.05244378405963934,0
2708909,0.22481687977672676,0.3657714373491193,0.0719039448147889,0.10179988828865207,0
2557212,0.05101243666043857,0.06868050339578446,0.024391135158752797,0.0467742220746025,0
34293,0.14897414728440014,0.2204229579090322,0.027523914004974538,0.1525274706419584,0
2629351,0.2167459266534757,0.3097531351633288,0.1750739379046866,0.04673588850202666,0
1216323,0.19611067255686643,0.30864761545236874,0.08508548746276792,0.08130609295925838,0
2305311,0.039365150858752244,0.05965591349743804,0.0188306200662309,0.019440040450819783,0
791163,0.19922505304250057,0.3331881343350773,0.04720253568584586,0.09235112584604074,0
327806,0.30464348715785383,0.5385835650010508,0.032271043297977885,0.12835195833967555,1
1930287,0.12466657979000993,0.23124216244989027,0.022401499861795824,0.01162524303263022,0
73265,0.13265439514843835,0.18364335103792262,0.04114123507953041,0.14245174552808956,0
31341,0.15752093836676526,0.23524448963391154,0.03874151988709714,0.1413811879184017,0
1673543,0.18536218864200588,0.3267209461549171,0.04392101977169997,0.044127048165186755,0
1893545,0.05107210292808499,0.04767501385845052,0.04764450346914896,0.06470622479057522,0
1860934,0.03601676590836124,0.03943877425951292,0.033405917888695374,0.03137801705998082,0
2066457,0.18883309221836525,0.3199710963991711,0.02804473885597347,0.10217061180993836,0
2088139,0.251242660070224,0.35073960863041864,0.17141381991386465,0.12224354890427647,0
2366625,0.1323808902132842,0.23283613098897904,0.020908437656678998,0.04845146710895484,0
2067935,0.05306635012437299,0.06770744416187102,0.021656335340858063,0.0635786372059003,0
1204265,0.20132527914392595,0.3415198370278213,0.03343613206966407,0.10267260504558055,0
946284,0.13023191952720542,0.22430140771954765,0.019560794012303748,0.06106488731870234,0
2329248,0.07660060435624344,0.12055923541571356,0.0330796405367058,0.031985472436874655,0
1777211,0.1361831635003788,0.2443031979562693,0.036228546248761435,0.015815003238078544,0
763546,0.03145158451902336,0.021997960062747457,0.021146671348902,0.07054301541489513,0
1722410,0.08147154054726408,0.1086668938372739,0.034616651797879226,0.08376549044631676,0
2675193,0.160136314716745,0.2675995557635916,0.036142065260141694,0.0774695862845335,0
2478182,0.08725081767558486,0.146111035073635,0.03849289417357129,0.013237159433479936,0
1724452,0.1272889406312888,0.18998752387824602,0.054265280831926443,0.08007797221293922,0
394713,0.12233406063370443,0.15613226321539464,0.05144825646441496,0.14416726043341316,0
286520,0.12602674212642162,0.18610796336601465,0.022818637916664018,0.1306358453420754,0
112915,0.1306976504949494,0.1886116122792606,0.025398500086085938,0.14386147164746674,0
328940,0.1185314190779727,0.1575952193925595,0.043361575132611165,0.13362668420954799,0
1048446,0.0965614509997724,0.1503147030345272,0.03671389648077195,0.051949652691385996,0
2078785,0.049763875707259875,0.05838101735944867,0.026086036381162823,0.06373778056593346,0
1010103,0.04870941562719987,0.050766828697229704,0.021088569109127764,0.08499715272923339,0
346741,0.16366054842927355,0.26334059182131664,0.028498334102892375,0.11720376143873759,0
2016903,0.028860595052777285,0.03138227537037663,0.02380864589800197,0.030134317990941895,0
2223149,0.044160891449699625,0.05323831368304266,0.024597344363625234,0.05081265649545362,0
864266,0.14144103429518828,0.21892475665004585,0.06115388875650792,0.06816244671606488,0
2047402,0.03671994969232296,0.04038767677498123,0.02213940513661354,0.04942144881924141,0
1721062,0.07883667970726135,0.08995599678270183,0.05986269367047743,0.07949936607383602,0
1720924,0.2478726877326324,0.4309037610919616,0.0563572331899937,0.07756818614826748,0
2091755,0.3005699473683294,0.5463753952892154,0.017273620018275877,0.11100081859119483,1
1153954,0.04915963370074823,0.07381284930309973,0.01706618345427793,0.03566677006457493,0
1099470,0.035105875686154836,0.046043511878747,0.015490919577350977,0.03718421936788021,0
536848,0.18716558681817527,0.32514965094546044,0.047428305852270314,0.051811347948819794,0
2770336,0.32741873255087667,0.47443276455321703,0.15508574652988769,0.21838313157650915,1
629430,0.0786954039657458,0.09892500864413034,0.024712579342881697,0.10909562920408059,0
743319,0.1263979698793568,0.22022229910877955,0.028881336949088753,0.03811209620120199,0
824783,0.07555845081790723,0.06610094584155601,0.07757141595682054,0.0961827655504153,0
2390604,0.046502265042865414,0.059123651850473746,0.02614043146380596,0.045491548392433745,0
819558,0.22413704279729638,0.358784529893876,0.07117990905882761,0.11695402566355052,0
1878631,0.03162571542981975,0.030731830227382795,0.02376763133921057,0.04564755457182592,0
108028,0.17751983299343818,0.24968975882641253,0.06674143227172864,0.16326261949356652,0
1219455,0.20965277269086696,0.3638525485149532,0.022661560161240428,0.10464015192509109,0
884369,0.032721970922809006,0.037101942338914395,0.015847017984919384,0.04708447178937997,0
305464,0.1149249942458139,0.14533367032804734,0.05673947005504204,0.1261815903263881,0
879831,0.044557931059169636,0.058486557303280895,0.021336915472015196,0.044567888829623134,0
352999,0.1361286309106001,0.13983816404095917,0.12777410526311017,0.1393865865559373,0
2751677,0.258990470188852,0.4314902675332437,0.031182028719473676,0.16945363903194027,0
2130481,0.05137009849057936,0.08316441304371103,0.025246188510948578,0.011070177077196344,0
2436660,0.37750468325727765,0.6629538819756309,0.019716218114477845,0.20056438417559433,1
78331,0.11805769423432602,0.15836892357786048,0.028670489770381873,0.1513604275714061,0
105410,0.15788570550822786,0.22724916850115828,0.0400142317403359,0.1612842586777398,0
2018710,0.08311948406422683,0.14372727887307746,0.028002421117450726,0.01427559146226441,0
2559030,0.2177978073878124,0.3676056763748785,0.04745861676882945,0.09878692084862158,0
1935441,0.16774275045387232,0.29875380562368614,0.025990673288017192,0.052843228278120435,0
193922,0.453316017035359,0.6305342517888985,0.3229563226663677,0.2058099717049972,1
195853,0.1267226514238285,0.16811737835305363,0.03262071836262552,0.1643887336925702,0
1531711,0.04787855450960646,0.0534835341538642,0.03323317175267794,0.055834179534354884,0
295318,0.23524019446719058,0.3990430548366436,0.028464762346803164,0.13589619172413908,0
1347661,0.04436733511745151,0.04499591393189151,0.03331999763026588,0.05936689431212995,0
508802,0.10565548675669359,0.16559789880079312,0.04275809071175702,0.05014555071384962,0
1326625,0.04948284265072062,0.05804067117131595,0.04540040377266611,0.034211929666314055,0
2419157,0.16021083247736698,0.22485281233081067,0.1027955908556441,0.0847287452763421,0
1410243,0.18852586577311867,0.3281056013766155,0.03400747934420902,0.07135410640774108,0
1137978,0.1533217917385611,0.2700501894526114,0.022994158959552,0.05699224662194906,0
2247581,0.33265237622737154,0.5706658563023403,0.031531104208132106,0.18930058406880848,1
849192,0.09368562657769887,0.13736051473169686,0.04557760271680331,0.05666044198404723,0
340380,0.13499265863617407,0.20011138627011915,0.022017706359747355,0.1416582679659514,0
421318,0.141573493154231,0.20114927290150908,0.02308537421734656,0.17036622219136258,0
1431298,0.06413191362693589,0.10082875809298242,0.023181390476827452,0.03381558718698222,0
2693704,0.2983864825821639,0.5359150343270143,0.0409460851684882,0.09072569934055152,1
2010908,0.13171709336783288,0.23069071019709453,0.021657340128930294,0.04937268115303255,0
490249,0.08487901758130367,0.1255500608514013,0.023947075052438153,0.0745993231993579,0
872348,0.13524077893736827,0.24567008759659803,0.021691417049296433,0.029491550121401543,0
2451890,0.06494381906051173,0.10592629423537092,0.024469720903472988,0.023198778358921934,0
2676104,0.16603479122240553,0.2725905536319173,0.049574587092031205,0.07433569139418758,0
285341,0.15457533408060606,0.2519798756947088,0.01898787280524344,0.11444517195839304,0
1432992,0.0378516393040138,0.05291521884386874,0.019594246750388244,0.02757877928481478,0
2750362,0.2481228841038378,0.42088578935364673,0.012850272171029258,0.1691245388785283,0
1764956,0.039674901488708156,0.06155551002834381,0.013009501737189682,0.02497147976689677,0
2365289,0.03838432958011544,0.04755193989403006,0.01944642165651734,0.043872165680726015,0
531578,0.06547197370443622,0.08365517382083565,0.03836481777553144,0.06067470730679482,0
209305,0.12559843442861773,0.15758881561438964,0.03460141541644976,0.18211800998243996,0
167709,0.12936443058727662,0.1747511987134458,0.03525310592767962,0.1570644972612491,0
1029806,0.06719120134175842,0.08617388251246405,0.02418113637381367,0.08424959586691144,0
1593211,0.1007611658074396,0.17737037757112006,0.03638119176719167,0.005808097458610313,0
2015109,0.15504184668482046,0.262907370830026,0.027039558986652827,0.07738146786905813,0
2167898,0.04232666425973811,0.05424322475446941,0.03272745574582101,0.026934075793785515,0
376420,0.10950721194712186,0.149410441314341,0.01613283557665914,0.14981070308476804,0
210400,0.12110083368012259,0.14671950192136263,0.03923058584429943,0.17985953483075728,0
649104,0.12892078090573883,0.19528186491950383,0.03020962425501176,0.11108480584741696,0
1574653,0.2738304468125696,0.4638366160650037,0.047601958771511535,0.13815775574307143,0
2704669,0.4510349209456714,0.7421654407442687,0.12092484227547437,0.2183737394544736,1
2041757,0.029746629843246924,0.028000318164948967,0.02648514797122393,0.039004631847026294,0
2710436,0.19540603747218266,0.34819446526704045,0.006809762714085733,0.09632938012218355,0
253564,0.1530655561302741,0.22401807905680693,0.04780893271067101,0.13356918394334655,0
202450,0.1269441778266343,0.15772157548893695,0.04131136073767665,0.17844990930431415,0
548389,0.0817550178661773,0.11698936825644901,0.02536500271018513,0.0782541646244862,0
2374119,0.07372867939598207,0.11842009651192131,0.031150937061473625,0.025866750107896606,0
759689,0.17507602909482453,0.28493642933352104,0.04505040845954654,0.09546345945100024,0
1092484,0.16168413406608076,0.28524120569486155,0.027532853710120257,0.054018375528069394,0
1719403,0.1255224359174219,0.1944807149372073,0.05534952419740273,0.058386105947987245,0
97127,0.11085340859897223,0.14746538456246194,0.02740991731906714,0.14448870561010557,0
718102,0.04219694259699101,0.044636093730916926,0.029706013551395394,0.05483545833056967,0
432464,0.12115278878369856,0.16275854754991925,0.017763353499829115,0.17222254479395094,0
158057,0.13931122996948897,0.2003413176341956,0.028423406303859335,0.1530677463061668,0
289706,0.10859775592719145,0.15155341482346396,0.02307066452488725,0.12949924578996652,0
1747975,0.16531728761386055,0.292446913536493,0.03065630792326904,0.0494846923431667,0
991082,0.13704879227313538,0.22671296182885803,0.021387773420248196,0.08637989666315954,0
2164445,0.09040038829012277,0.1640756405462671,0.024661671578042707,0.004820332717882017,0
1593916,0.14912940060784918,0.2703694975676382,0.026870967454289657,0.02941680793871596,0
1678389,0.03115052597198347,0.02554873745185149,0.03496358055907669,0.03943541539167359,0
1181862,0.037130457366157825,0.03257513864318751,0.02717130554926468,0.06345748189892333,0
1752670,0.09499061703103824,0.1595597562632446,0.027632378497805157,0.034605126750372,0
1011995,0.13905155088923835,0.2264174689891889,0.028480108658710358,0.08649391898515399,0
1784295,0.029460945579566668,0.038777498320048065,0.023709129622599006,0.01479728766381466,0
305528,0.11826581530168145,0.16962461577498278,0.032204420894733674,0.11896090572884983,0
196942,0.12581475671670975,0.17041301074240345,0.011622590492843548,0.18560737098827482,0
2280864,0.1471643005974573,0.2564642768909604,0.03251582226651815,0.04588707736010831,0
2197646,0.03242092580210277,0.033882681438429096,0.02950443907646952,0.03314126679973681,0
915510,0.033837474892805,0.04069293361094761,0.01646665216433892,0.0427550621901476,0
1603876,0.03057960690116751,0.04582721662023581,0.015388100577042438,0.015247842089684367,0
575422,0.10192364725444893,0.150661566873586,0.04731042671431154,0.06199867901681235,0
2554105,0.05717767139256594,0.08089090452957637,0.023492896367977373,0.04842175108692269,0
931480,0.10863710727285857,0.16314799748894926,0.045240495086938406,0.06745480001151208,0
621142,0.06791306671188141,0.08482140884411016,0.015961917616025098,0.10356893502509398,0
767070,0.041031255633249275,0.03695502591409672,0.024815004979149236,0.07554620591228074,0
1949215,0.04836694509802444,0.07063318566289079,0.03342539612094004,0.015113667151485159,0
208366,0.13620807909116592,0.1756839167815819,0.03713742442534248,0.18612446686386108,0
470417,0.10156261821462312,0.13208094475660093,0.06924821022292647,0.07373841384722357,0
1351305,0.04806944272363795,0.05599909959101956,0.019680726717443798,0.07082837456447516,0
590501,0.05711065174409039,0.06132928015770822,0.031138909782225735,0.0855216936528428,0
727770,0.1399818035166735,0.2258902346853786,0.03587918267191946,0.08136465686204178,0
2177742,0.053422262956826255,0.0712869737755043,0.03574752527858458,0.035272592427493615,0
1912312,0.13697293705854924,0.20079347468965048,0.05878450431404498,0.0947042420975526,0
1675443,0.12082284505800393,0.2045949194132285,0.026915606136981136,0.052253517551476746,0
1250013,0.06017577240401526,0.09338685039271954,0.023049356057188063,0.03283770195249532,0
229900,0.288150964860719,0.446670430886679,0.08269716491184106,0.2000329997191358,0
1545920,0.13598801575103245,0.23462249520485512,0.01855334702985958,0.06555382019823505,0
2338377,0.12630615746454624,0.21989803452428303,0.02473837052195433,0.04467814522909215,0
2600101,0.07275663617754519,0.10586120608252791,0.02554440322003192,0.06081356085135824,0
1242403,0.10055620058222617,0.17535200510134474,0.029035745207449105,0.02084737234659534,0
1307309,0.10831164128238778,0.19820510669460079,0.022143737133308375,0.012829833975474339,0
840037,0.12435834951113338,0.18166256652603263,0.04788676993970317,0.09580517633103061,0
955024,0.08733398205634993,0.1302233814987681,0.04588563896708522,0.042282998084201516,0
1065137,0.10402049262305647,0.18576225741868146,0.0211649579536687,0.023949382638075663,0
635956,0.16603641014943704,0.26035702681076656,0.05935892675782846,0.09025109358352609,0
2332794,0.06944875356389438,0.10889886947064131,0.042191984244886675,0.011708617775538535,0
1483952,0.024193500155345368,0.023577156565818602,0.02488702717997303,0.024694068592220793,0
1465965,0.12848398852939896,0.23086898222593588,0.023100396067318608,0.03059689298117728,0
2022674,0.03923434834578762,0.041714119010964446,0.03602014449749016,0.037856227455291755,0
1642305,0.11870360809884996,0.2070076774257067,0.02944408404341083,0.03183272086486678,0
223547,0.15334191790875226,0.21656687408674735,0.019876407493957207,0.1954777930859571,0
1707800,0.04478912979825076,0.0431378064658281,0.03303865931749045,0.06654314385044788,0
1290642,0.03585206314368829,0.04465446607140511,0.023779695002441734,0.031954608036266055,0
798726,0.06107744076195212,0.07738797208083159,0.022898529121467014,0.07756947992548115,0
2755425,0.3599585885816238,0.5763179550048818,0.1128113686815145,0.18978100237364262,1
2246669,0.06253634320178954,0.0756036825278642,0.04290285169201921,0.05931823215125834,0
2291038,0.05218038948278565,0.08748465584615106,0.01157665780658372,0.024825321088675037,0
2379524,0.18113905874245229,0.3119453070925631,0.04163693054137063,0.06337663016879785,0
1152604,0.031789128803355056,0.03164899963658119,0.023416033973525534,0.04469909396503401,0
1459663,0.026110737082403714,0.028689289683529573,0.021556015230326943,0.02649643835770424,0
2153762,0.030169042460630013,0.034969110504514234,0.027884892248152368,0.021595097669635934,0
1542784,0.040918855444694556,0.03435187526419059,0.03842473426873609,0.061077487659892155,0
940327,0.04570505622626962,0.041093506025348114,0.04269838655354489,0.0617439362376605,0
1649900,0.034588113229777076,0.046441469837071425,0.024094207983019172,0.02069557958167807,0
369361,0.1256141835010197,0.15441015417754844,0.06995965595183583,0.13710604813347357,0
539660,0.17387032697385763,0.2792113482518791,0.06690863488735263,0.07096031190856143,0
2766143,0.3641706528126286,0.6074714142238603,0.05734294347148644,0.21616031329626254,1
716070,0.15863479207698525,0.2760654162284716,0.02958030481784935,0.05863996258697329,0
1228496,0.12481609552279267,0.212802630142517,0.029165312925716946,0.04832593286909547,0
1145688,0.08138136724288547,0.11831512839037173,0.03376788264483217,0.06046719127124975,0
1300191,0.06630023084597211,0.1119898157849738,0.021826417109145745,0.018786989103707408,0
2607113,0.1604238070466922,0.23800582339093757,0.09704120775632018,0.06154266512163695,0
30093,0.14592840320481842,0.21055454860779743,0.03668536373672466,0.1482275988995116,0
744180,0.03221574100863989,0.025792685823916695,0.02474051716260921,0.05948621473949386,0
1958744,0.05953556242883897,0.10551595895500132,0.018412119231393218,0.006269735909601732,0
340034,0.22993032274622222,0.39367386519475556,0.018176462229193252,0.13820225740043232,0
1754031,0.03988600622609399,0.05921173433607341,0.023886558951106748,0.015570856863626345,0
2316503,0.04208518808523513,0.062112611824092445,0.023590932673374337,0.019758011855882995,0
1527662,0.07884024859245632,0.1272958965639892,0.032087305389445125,0.02783054346814092,0
920638,0.05329287159792412,0.06509903054150501,0.04477122286461952,0.036559947338928776,0
720943,0.04664825217829943,0.05474335155198773,0.02692212607259601,0.055999692902633826,0
2761820,0.2848707635544746,0.47969105578781346,0.02040999772291125,0.19451118171847234,0
2073663,0.18041046536420038,0.302083402598204,0.05315840105901175,0.06710621873697434,0
2193633,0.08305541001824156,0.14284138930974144,0.028722558898741864,0.015089738468741338,0
2236510,0.12048264045161194,0.18058602085797504,0.05449269515852807,0.06920910737533004,0
156216,0.12011836517257748,0.1560960213121153,0.029222585674830957,0.16651789407035275,0
1178405,0.03620198412321509,0.03477963738166212,0.020527453673981552,0.06326964665094782,0
795504,0.03783364993082291,0.03095567020432166,0.02303192543921042,0.07723118598449477,0
1038088,0.15926880573220964,0.2363398133081075,0.054557497202964746,0.12365824958633234,0
1566289,0.05740852674959175,0.055417211204002004,0.05025507106285671,0.07311699914366869,0
1457347,0.18507738722693584,0.31982144339298113,0.036446242920151535,0.07116396327199902,0
2626188,0.1930494814511586,0.24771479288018072,0.19144798562683926,0.05878844661508226,0
1994756,0.15209794669999435,0.2796072286892891,0.02818379444617943,0.019195970107479775,0
2299233,0.08038141901711672,0.14431175445851163,0.021863579685605324,0.008332339410896523,0
2131334,0.0733126847258016,0.13285469482100876,0.019594463054925685,0.005034991994097579,0
2144730,0.11079347088522293,0.2013236227008487,0.008141068736173622,0.03844669456973246,0
693567,0.057876868234392205,0.0789676006380372,0.027016724847555837,0.051440252305534256,0
629522,0.2597661669577618,0.37529188596851115,0.1491622105249003,0.1368578040801807,0
561941,0.1535142671260203,0.26006598051378393,0.026983060584205583,0.07693179346933322,0
355881,0.1532550320337554,0.208461268119287,0.06369485148458003,0.14957971264368944,0
1096750,0.1480364684672988,0.2622291468663426,0.029549747895595564,0.040284853327244116,0
769758,0.11675620602887075,0.19526193156305238,0.031032999203685782,0.04907670243119416,0
561773,0.052756166212900905,0.06790688584159887,0.016005456088574642,0.07000543232764539,0
689944,0.09485499743610085,0.14383867508199966,0.0311114286303023,0.0680111565300517,0
1447685,0.1387196757758593,0.2534437816793714,0.01963291069486847,0.030539558638565292,0
1804108,0.0205049649781798,0.017022124662355753,0.026683917810927254,0.019943636518618746,0
2020217,0.07949735182207683,0.13729928239523126,0.026359150620413413,0.014699827191685874,0
2729494,0.3795446757499562,0.6525854862160334,0.09307118397015883,0.12665288725445908,1
676369,0.1949978260031654,0.3374886693276079,0.03567820034438149,0.07775015618023509,0
461329,0.37093303009249223,0.5908006565740647,0.11245216668326434,0.20898525900240283,1
2755022,0.26838381685485235,0.4456746049617476,0.036195329736403624,0.17343957726528744,0
2082350,0.09072344144968499,0.11937673768700807,0.053518996643578905,0.07489686806553637,0
1554121,0.18829990067744015,0.31111355959112474,0.0530631577323821,0.08412086781081571,0
1623225,0.1476503055994773,0.2552629129892552,0.04039058397843684,0.039508369556593335,0
1447013,0.03540386968788592,0.04552402313729975,0.02209353651291373,0.030068985826809638,0
676763,0.09628835821141708,0.14500422979166439,0.03405819519976506,0.06784392377827686,0
1419358,0.04593310115544404,0.0618028968865032,0.03079874683544053,0.028960143307801386,0
1897907,0.16489809596541988,0.2892304142319513,0.024570942129815133,0.06455803105249847,0
2626703,0.20148630996408645,0.2667582170665428,0.1901214801537152,0.05535378692350253,0
1527642,0.035051065483754924,0.03448054973644543,0.02852405152532904,0.046267875789667484,0
876913,0.1714560865429458,0.30011240932064887,0.024770630737641984,0.06984346330664387,0
2267926,0.19278637663738116,0.3496423361538439,0.028745983149034794,0.046707068078743905,0
491877,0.11520685806355531,0.18628610048547467,0.01904456176987693,0.08175219644927446,0
513234,0.11955424835504391,0.18822470702646932,0.028284856434422672,0.08478218955741225,0
204784,0.1207829656371408,0.15401453803372145,0.027588044204660912,0.17749641679440897,0
784222,0.03324625924081666,0.017482558396050396,0.02836259735968946,0.07998100417442311,0
1414588,0.08711714719987475,0.15223288299586069,0.027349166104139355,0.01397977935351298,0
2484895,0.04699324220552636,0.06836450585781051,0.027508510603629084,0.02279218047766189,0
2214175,0.04097659471692617,0.050307907763051496,0.030025598167244,0.034074806926136084,0
2308650,0.15435974907561617,0.26844750885768276,0.04946425316195096,0.026483593490947515,0
891731,0.037578226811917595,0.04360085550281112,0.019555961792436457,0.0495550526139055,0
213350,0.3394710284045763,0.5612017109019785,0.05063594888512878,0.2183969414402424,1
2347962,0.05550272882682192,0.06556375976921847,0.05498370764628929,0.03112868324162953,0
2679072,0.20463945209798617,0.3685085089436969,0.018591504007881714,0.0740387321188659,0
1348022,0.03830789031719963,0.043746326230146515,0.01769514380253831,0.05563092030682442,0
1882789,0.037456696512256145,0.04077592682627329,0.027102497064488047,0.04468991989886542,0
841130,0.22765747812758863,0.38411104427304577,0.028681726021799768,0.13498719092262917,0
205172,0.27666096642291094,0.443523042053934,0.050628627081155356,0.19855428635798655,0
501538,0.0649877898693276,0.08498633576597547,0.03187652303879342,0.06465832537350914,0
969179,0.034149986772945444,0.0311519525390771,0.024909992712725242,0.055505063447946625,0
2296124,0.04954046243525851,0.0744307204625636,0.03044317251643851,0.01596075224522576,0
57531,0.13673081412456922,0.1996139889874543,0.025821799830904425,0.14588639840785375,0
701461,0.10125577852838599,0.16331904370260752,0.01638957439449861,0.07339692179366324,0
1853072,0.11776145282759218,0.20105268192631642,0.024942619480920723,0.04876163010078878,0
2638122,0.40488187973526557,0.5774688865844861,0.31768080294225426,0.10421597780173104,1
1610242,0.032020294034907464,0.045751294300759304,0.020769371784959637,0.014569176745199601,0
2308875,0.05159948519086155,0.06650572995040449,0.04642001836883602,0.02210307352504251,0
1579088,0.14919277404138898,0.21819303970567316,0.0656654682893424,0.10198306850874832,0
2484104,0.3321532658265475,0.5902792312498149,0.025344201260673466,0.14705194911719008,1
303758,0.23808156370850844,0.41306626607375607,0.015413680781744987,0.13462163218553447,0
1440022,0.0355857681982776,0.04289852489268742,0.033715916008146246,0.020108654747450078,0
1348523,0.041035707251762824,0.04561789259463689,0.024026597950351006,0.05509390784669537,0
2246981,0.10329575325281382,0.17475864151382836,0.024707795876352783,0.04252046866496895,0
1649993,0.028682652585066127,0.030372136624302715,0.02215212304656188,0.034254736794731025,0
2381697,0.06230793760511897,0.09504489566101548,0.022018020554513514,0.04090041804128586,0
1511119,0.07321318663183994,0.11350221642747438,0.01707835410466413,0.05669286093351758,0
114651,0.22674665948601702,0.36463505532752016,0.030383013954223662,0.17657113817994918,0
842299,0.24583374894599,0.40908576385532636,0.04819194943629953,0.1341664109371848,0
1455743,0.1277404200957182,0.23231111346485156,0.015151156374154429,0.03519758225523052,0
532757,0.05612789829866856,0.07423638032633817,0.01886785705352373,0.06674675509721174,0
1095337,0.04070263903254451,0.05432454704941092,0.024002278660146294,0.03169840954897579,0
691073,0.22904805641347803,0.39820220100668136,0.031573630753175604,0.10237433342092336,0
2592454,0.1009406654908617,0.13154810290703234,0.07038829233445318,0.07025063168504792,0
707263,0.04246560994383872,0.04718723505818656,0.02363367787828941,0.05890944525629306,0
458704,0.22999720556335096,0.34272580144103193,0.08557201629624658,0.16481349976980497,0
2651672,0.1476333276549125,0.24971275840328255,0.035585312723785754,0.060506773180677445,0
1944733,0.14462617666926017,0.261550210696046,0.027966329035542685,0.027305863052871814,0
1888049,0.05330689390009501,0.08421216639973172,0.014446678405378702,0.0343340358930777,0
1019767,0.07948898386750236,0.0891834801755621,0.0509992312686559,0.09798737199562273,0
1912742,0.17372432582032804,0.23274687760916213,0.14236685321443998,0.07320415525707494,0
282036,0.1289542409452617,0.19998731578820728,0.016642358401882856,0.11983937765296608,0
659863,0.2018617605010108,0.26958375020408176,0.11781301622466507,0.15862990265785193,0
2523004,0.04101631929341667,0.05683919329774867,0.022538647674544228,0.02917564171089532,0
288049,0.2561940253745128,0.43789301763132704,0.024133342749730592,0.15003756866965057,0
752453,0.1723721367051405,0.2940104909642386,0.022891415082322137,0.09249733349162294,0
1208361,0.058022085505812476,0.07081860202535262,0.018512928875344052,0.08529452915266478,0
1746021,0.09798349861182959,0.15687717612009178,0.04167991408381549,0.03520468163319531,0
2696562,0.23548785343537704,0.4170733997104008,0.03620619578175434,0.08044647422825159,0
1678424,0.050227128277360054,0.0798135995110002,0.015790356217155414,0.02791610828356663,0
2509247,0.1290086930129701,0.2225013658635886,0.02817776644799737,0.04652340073388306,0
2413200,0.06921026381577486,0.10142352050712822,0.015984317232142286,0.06851604196284035,0
125371,0.18385398272971315,0.26468379989831714,0.06006930086985941,0.16745646259798372,0
1000447,0.06834950747264433,0.10506972573502715,0.011965257101711995,0.061125337373085786,0
648118,0.08957032558547683,0.11590537515074817,0.025021288883832992,0.12055625672476422,0
654206,0.22316742270024767,0.3691188979390768,0.04108489186226935,0.1314125308601423,0
949270,0.034068257696250215,0.037701342965140605,0.018449621025275836,0.04841349953048583,0
416481,0.2003520318746899,0.32245604178180776,0.03440568230889266,0.144011531455591,0
504130,0.08583736159305425,0.14107909184941414,0.013458832634499098,0.056300829389987234,0
917796,0.0531439822653393,0.06509903054150501,0.0442508513056283,0.03659605801449152,0
213892,0.12986595180922794,0.16056977810387474,0.042464582852954166,0.18420843950702157,0
1158781,0.03956090007875073,0.04134079921443801,0.022859154587093238,0.060163770477018784,0
1476371,0.13723222800139379,0.23386989835946803,0.03235820782898946,0.05294908236481455,0
654891,0.14773894564113618,0.21830095095392743,0.03613629987266242,0.13873790101186873,0
2120199,0.3022151863877601,0.5405936057530822,0.02329620604224849,0.12464760849272222,1
2494794,0.050019422478370656,0.07682992002874178,0.02021716444366163,0.027696565654506365,0
216088,0.1290610176288904,0.16685040612258017,0.029038817208062315,0.18462084702590817,0
2188151,0.03423225339685623,0.03762571501895762,0.02757787604985697,0.03573016536210167,0
2103526,0.28862810050934884,0.5190500579683239,0.024844559092722377,0.10824851898685064,0
2401574,0.06793092768239718,0.09855765887479839,0.01635395302331537,0.06872956169001684,0
2768558,0.2906168980846685,0.48652404465327714,0.023045072807537235,0.2022067695788437,0
1829467,0.0239624610180369,0.026975370195304493,0.019441593315212634,0.023211489629104323,0
2448082,0.08834676199239146,0.13200544294619987,0.05067988832258365,0.03570037011258217,0
1466104,0.2513403050993664,0.4545622603725299,0.024296884924677218,0.08385054717849147,0
1329468,0.05747110547609268,0.07778413408355112,0.040351248611934176,0.032368319253684344,0
1849832,0.023071124774655546,0.010430123691808846,0.02978050366829721,0.044609559141309804,0
2392557,0.04961976889341397,0.07347371943616277,0.014886734386167378,0.042084444297411844,0
423653,0.24753155590179132,0.4023767410195247,0.03551338946597742,0.17844584276117872,0
2207491,0.0675902368031183,0.09958937184204064,0.024555013985786384,0.05214523343181034,0
1560582,0.053267307592086734,0.05918305092949616,0.0296900138420782,0.07384388987357596,0
2574986,0.05957404248223257,0.0801503689490255,0.03322305715544465,0.047659704305432135,0
2296549,0.04089025896422732,0.061144157921503295,0.02045007634424958,0.020915785501004012,0
120998,0.13344636269640306,0.19267586820204285,0.02803961017764566,0.14348272771043966,0
1898108,0.0462011553310067,0.052600982265454066,0.02422694720752563,0.06316290018010991,0
1104535,0.16312254437867119,0.2959906501759606,0.02480079938305403,0.038434897378873435,0
2630570,0.19179892606866242,0.3525859144140322,0.028050516584315118,0.0354540694317589,0
1266230,0.04566910560816053,0.06727718116885884,0.02392397339527239,0.024266615025746976,0
653566,0.12345356437885129,0.17575983587663002,0.041633428240970174,0.11541808984122612,0
2243777,0.05722105104497507,0.06483578620683972,0.039939733807041786,0.06410618899721336,0
1883957,0.055292427458447264,0.0571180536713386,0.048872066456652534,0.06035890342891102,0
1476789,0.021718327008046677,0.013041276203051066,0.033751454237518776,0.025361263176327573,0
352262,0.13745511470676186,0.2103588785890158,0.02297241542909142,0.12691975391763263,0
2526861,0.06286041513853202,0.09649004383925441,0.023617460292506012,0.03765077565576505,0
1200022,0.05225179770784559,0.064143124948003,0.026484279257084836,0.06117475728359317,0
720690,0.04036515227777274,0.046447503778774935,0.01942953699197019,0.05656269645397107,0
1729616,0.22602989495648607,0.38027597499504584,0.01964410071387555,0.14999338622400243,0
134394,0.160255689783684,0.23405838101363918,0.04835346936614256,0.14360229233510818,0
16053,0.17707785566003298,0.2689901436324421,0.03738732767145248,0.1568329277118808,0
1966144,0.1581990448052222,0.2723303116654947,0.034139467218196724,0.05896024403507925,0
2310146,0.047664016341121294,0.07414720215525128,0.018771018568318077,0.024795548465001153,0
2502442,0.053944489011050686,0.08152083389979803,0.0230971113202967,0.031274693325313276,0
2414744,0.19499451087661607,0.3490914119093863,0.024241082271638608,0.06588240120215662,0
267399,0.19664121376323376,0.32418507621508796,0.03921779909151512,0.11391667964117631,0
289402,0.12498764100883566,0.1446049513751282,0.09101277151539341,0.12690666933326772,0
173795,0.23256745267650886,0.38198911991829954,0.01707038969801979,0.18225887903976568,0
2546573,0.11025793468190345,0.1739134510685646,0.037581105682413116,0.06013438721448608,0
2169483,0.040317130340790604,0.053829620691473457,0.03242988504026008,0.018366772414879246,0
269197,0.1624878867646868,0.23208051116556916,0.07506294339707838,0.11964374081389356,0
1290595,0.04936994332956508,0.05682887015169957,0.04612253726709207,0.03559373536793834,0
1737924,0.07337116228131299,0.10596598760762521,0.04639969255678962,0.03234130355231745,0
348155,0.130884902896618,0.1800037147324164,0.04350711110220965,0.13915456099873452,0
2693447,0.1916158715087502,0.3409745358858135,0.013205743437790804,0.08583440267253108,0
1165165,0.035236668605660874,0.029875098453068905,0.03138494725904652,0.054418176007062335,0
1898533,0.05365509641105675,0.06472012303739416,0.03205722425706965,0.05838933807619389,0
2378931,0.055596089000314666,0.08571582288831392,0.021431034534115028,0.031544335979616,0
2646363,0.54298069111786,0.817079222032598,0.26942877577967916,0.26806223683828645,1
1571349,0.11016667776356638,0.15621406924755687,0.06329808908258447,0.06535108207506302,0
2435253,0.15579110173692787,0.28112945727192284,0.03294026737584107,0.026721464441070566,0
1490018,0.14499816120097686,0.2605453294977712,0.026956818038534613,0.03319225520265434,0
967469,0.20867164616394843,0.3709703807888879,0.03822191208446819,0.05859941072082018,0
2210692,0.09614699432115856,0.16183125482089167,0.03623527180549465,0.021803926845321623,0
120892,0.11250092803398262,0.1500199236254528,0.022054508552012096,0.15437306827826297,0
648140,0.07629461290092636,0.09026577194113239,0.027867297639944544,0.114007688191884,0
1936611,0.0647356714927816,0.10315081606808796,0.02365571032198372,0.03031775181071254,0
1517107,0.023724552415814882,0.014142661509412457,0.02793603764516034,0.04136205183780276,0
2441622,0.08402930669378379,0.13922888581099957,0.024794948391484117,0.034881896354193836,0
1039266,0.2099183981390258,0.3134623242994663,0.11408903190221983,0.09480263209313339,0
388095,0.245511834081023,0.4067644086560721,0.01903944772180994,0.18208897718221975,0
388710,0.1124106972621064,0.14737325687555491,0.024906901712708027,0.1562599915525827,0
1659696,0.07473199751134087,0.10786183182704412,0.04067543345488509,0.0429922578067664,0
1113542,0.044976291640117044,0.050018304555827675,0.040301613344245014,0.03938327679464852,0
2603439,0.11627200445542152,0.17780040599888713,0.04262374759748935,0.0729233858836557,0
1126299,0.04934368730245916,0.06659394959961351,0.022892135612976636,0.04589535909379704,0
543046,0.09593340024558338,0.14382428560698224,0.02647473080357269,0.08039419100510224,0
1566507,0.052699064220045666,0.06121807754249675,0.023865020874911737,0.07465259593161887,0
2670050,0.17464998393307396,0.2968810810165269,0.03875751076770057,0.07291095097250179,0
2218104,0.04239647325796078,0.04515435949291302,0.03005837233148581,0.054008909060292654,0
1793075,0.04802879199431269,0.080127466174857,0.021557527339309344,0.007489003525456954,0
83886,0.12973043002267376,0.18083526296611852,0.02895777976550827,0.15312732304981005,0
542950,0.25218776915924723,0.44657526578604845,0.021238621211054215,0.11264274951453378,0
939710,0.07477122029911518,0.11950091263210372,0.02480421534865445,0.03789749689233488,0
289860,0.11009349191781931,0.16243114606856213,0.015519598939612335,0.12111019600827272,0
2263765,0.1667312838315207,0.23667787723892408,0.09432071443913881,0.10048065440158505,0
2655685,0.16651853049562598,0.29027136992405045,0.018011526459411564,0.07989693797888657,0
2465478,0.24493886668632808,0.43370482625857487,0.034631981920099496,0.08848429490505398,0
2021633,0.07788471563295456,0.11340109368915285,0.040318505967041875,0.04544308499132781,0
2074099,0.11982463828009361,0.19880102529058974,0.04077657767260439,0.04095576166508712,0
1212738,0.05578354884991352,0.06662029168483607,0.018645297694795577,0.084399068495284,0
1736066,0.13928808688014596,0.218341713244811,0.09051941166421117,0.01480703379238554,0
835096,0.11364132449077759,0.13922495088230558,0.06738441508618766,0.11906762261884249,0
2034194,0.029397314418136186,0.031189098736246423,0.021172348408505775,0.037255302637306226,0
2066265,0.2197712823358327,0.37879428773270973,0.03370182992567514,0.1013179474588765,0
2335539,0.18187667962833104,0.32608003030400534,0.03529195309528177,0.0412453927387192,0
2580105,0.05177035087776613,0.06293702373291987,0.03145331181258125,0.05432922733765908,0
1087537,0.08519295606452605,0.14398969033689601,0.032671859369783326,0.01698276542571524,0
1855896,0.03236830419178554,0.03205176078779326,0.022174224530993804,0.04845078219295384,0
1392653,0.15204195923143826,0.21679041956070155,0.07213607382910076,0.11002963651178635,0
1825900,0.023555846794812086,0.023968317152858853,0.020849577489586147,0.02658407485753408,0
65615,0.1250859885334872,0.1723098179011483,0.03212565504804734,0.14646691534249429,0
2498916,0.08638085176465554,0.1424149894279123,0.042175187402313324,0.012604004150026972,0
1740862,0.07497785852623207,0.11840666448690407,0.030832578111837487,0.03262376424614395,0
1710577,0.17414052309003591,0.3069085245540437,0.02264691328794197,0.0694609341331573,0
278449,0.26190582073019963,0.44923514077477433,0.013110975474239076,0.16677478850270372,0
474548,0.131872631425396,0.2142381161547413,0.042584330333525766,0.05989137123983797,0
807532,0.08177472783073292,0.061303937269225894,0.11526296155790629,0.0827193536437404,0
2462410,0.09668671673154543,0.1716494858241001,0.027872413467759573,0.012501248895837529,0
1348659,0.18515718643940984,0.3050900336994341,0.0389562517677641,0.10462647029681778,0
1170976,0.12276062305894117,0.20301097370095678,0.025390973836464752,0.06818922028761681,0
2187960,0.06439943861624546,0.08379077004656654,0.045891977684993986,0.04368230143731996,0
1005060,0.11290388410449864,0.18819358616526438,0.02447858329608181,0.05731758016520955,0
1097935,0.1364197633135034,0.24216283989875875,0.021827113970789763,0.043951045864435406,0
512301,0.059219214200819825,0.08380923357712211,0.017713469687766988,0.060002782529643375,0
1580407,0.22780852296596502,0.36085601885973384,0.06206745133088888,0.14380139068415718,0
1609909,0.06145445872077861,0.10265333350622852,0.028049088933001655,0.008565326438819264,0
2283908,0.2520643292693984,0.3309513506532247,0.24729424089278665,0.06200190837475056,0
1095982,0.04251139435672176,0.058149269619661825,0.024655088106280577,0.03020116557503334,0
790396,0.039137582437468614,0.0298357758722686,0.029017690142334823,0.07757193729316933,0
284407,0.12593593130924788,0.18844289029145633,0.02352544360602626,0.12328426540855923,0
1224496,0.18723208810770645,0.2505075900190349,0.13204425885882104,0.11182507720271348,0
1393743,0.11677956914055093,0.16625258512079888,0.04946437693226982,0.09406981750235271,0
1592553,0.04474592523857193,0.06333007644323674,0.026376640632771477,0.0258394741356106,0
2489862,0.04554064822246052,0.07057354943883143,0.019526363116740827,0.021979822840112784,0
922938,0.06416875807647421,0.09231863702131793,0.021976412348750186,0.05708257930595092,0
860122,0.36333980203963645,0.6075653969430345,0.04538403008805249,0.22970947270851744,1
2390751,0.2167441471063955,0.3778885378965958,0.024086319847457793,0.10286991101930128,0
2291059,0.08821749160831163,0.1430817279885176,0.03311859435179832,0.0337052465425667,0
1187243,0.05315238554494,0.0580341743375945,0.03755819914122562,0.06433919316887529,0
2543072,0.06250162705353,0.08251730698748838,0.05215852757597065,0.027977076434973047,0
1472457,0.02625375534269442,0.02758396478545977,0.022807642769765622,0.02809740059517426,0
923897,0.043386558492064485,0.046805709879256474,0.03191308110320769,0.05204889610736972,0
1659186,0.015441479292405863,0.006771314765941727,0.021149929126382635,0.028554215857601047,0
2425400,0.21111131673259242,0.2955600063604584,0.14582271741328623,0.09792249164188657,0
2149696,0.06676676767104739,0.11498881360921342,0.025959204449755628,0.007422997657569963,0
2348902,0.05892962795308688,0.07286002436023087,0.06038288325476434,0.02192375398271072,0
451553,0.2869006468041219,0.4168179099166103,0.11674353789329585,0.21734315238914026,0
2738717,0.24905372474884438,0.4213244739133808,0.02759156501189109,0.15057009144293323,0
970753,0.0478180653851219,0.045136196285783914,0.03397624744738827,0.07528546504006729,0
152259,0.11169046110603584,0.1439489707242122,0.028255902025664238,0.1561960256811523,0
2417680,0.11890872052790713,0.17049808011372258,0.06521626159699415,0.07047400995973802,0
896064,0.036465859769644116,0.03928877833175326,0.024693761041030878,0.04706671145729113,0
681931,0.0711060735770608,0.10028806461904416,0.03337592281416067,0.05474632211645255,0
294031,0.10344629165792318,0.1313979214344445,0.041969683678721545,0.12578212918542234,0
283461,0.22959462684113974,0.3960814891431953,0.027507366253503626,0.11650836196745501,0
1244894,0.10278325654733075,0.1649568608080959,0.03983385699943395,0.04177334521726303,0
1923410,0.2455403604891463,0.4006491502220204,0.0934428056876048,0.08591471835927321,0
972301,0.11075634712705713,0.18884132648956709,0.02320268560327569,0.04687439100645443,0
1347518,0.0394496637897738,0.04600165974314252,0.01734884131949625,0.05622090761176829,0
1958097,0.04962868443971212,0.07598488222108435,0.02219816165215588,0.024883974167615897,0
2370103,0.05513984420790051,0.0848461935401712,0.02143237252801326,0.031435178397054654,0
2083258,0.24892587123543763,0.4488887278564615,0.032319547535509065,0.0739282152327708,0
172234,0.14413445897063765,0.19186158414537735,0.04566805591865739,0.17251625061175882,0
418674,0.1392973223333588,0.19687520214079735,0.022472585395003436,0.17058972822229537,0
359336,0.23962496924678664,0.4070220553744852,0.01961699029902676,0.15114422234917999,0
2761800,0.3801213191805311,0.6565295688429289,0.0350271194124195,0.20674199467670404,1
2193920,0.16132487589046915,0.2827235588443334,0.019170081137550882,0.07106036063518589,0
894790,0.029966093978998076,0.031082503504052283,0.019788781307929222,0.04244103917296584,0
1155476,0.03856686661784045,0.03996743423444382,0.02311294185086573,0.05824633472679408,0
614071,0.1395026259390397,0.22455639926821414,0.03834463945680761,0.07860517233945177,0
2324476,0.0681199952407703,0.10930869255898745,0.02493751182924378,0.029921977062517195,0
1171950,0.04490990547467692,0.04390628509791361,0.03171866797483887,0.06720581266634229,0
1263406,0.05960594566054925,0.09107323847934035,0.03296501966089943,0.020899102613046255,0
2181401,0.0463109399589278,0.06529239716443547,0.02335101244268279,0.03329718821952616,0
1611396,0.025708724069857587,0.02183943884656081,0.03647857326504807,0.019227163335313813,0
1958646,0.06845246094663851,0.11847746481342969,0.02781658848897329,0.004343759966158377,0
1824048,0.0352045115905335,0.041896385982519546,0.02519131642782092,0.03349461835463725,0
1691340,0.033680420894506985,0.027208940395603065,0.03342032978906746,0.050249258799926054,0
2133047,0.03864743061420956,0.06013658161814028,0.017997454050800686,0.015899517949496074,0
1154292,0.06475764784981317,0.08356058949173273,0.03861868909374054,0.05695873187912323,0
1961022,0.0255486322170297,0.031483456724439085,0.02071681794006078,0.017959292363959618,0
2678151,0.17488191093402167,0.29526999558067546,0.034493556913720164,0.0844942303478393,0
2642410,0.16100984921420963,0.2686417325970051,0.053898657418912095,0.05259692845016727,0
1196584,0.058210351829700135,0.07600643225452952,0.02829820333769507,0.05858837350563429,0
2247217,0.05855421901504446,0.0774544462319714,0.024892657438162616,0.061795993338049915,0
867048,0.23458792130887196,0.41387373524040205,0.026345483963153386,0.09873704249862453,0
2583462,0.09612883707431961,0.16098595515254033,0.027222928714473727,0.03734490441853667,0
1707623,0.8569303742565615,0.8111431589424073,0.8378626492845259,1.0,1
2528403,0.14046555579580436,0.2394099763323404,0.04379560175331098,0.0381094355182043,0
950859,0.03316282400058266,0.03580085567691471,0.018739583466026197,0.048202605611587214,0
2628431,0.1821699828700424,0.30577800520043663,0.06353260677000173,0.05110599119411787,0
161919,0.13050001805709016,0.17950319236235646,0.023682622469864398,0.16821817567476308,0
1146568,0.12859628676933946,0.2128992273109146,0.037802241671194975,0.05403000306261831,0
165600,0.24579573284262535,0.41444992902622857,0.01708348766165316,0.16722861015507565,0
849850,0.18871342334945554,0.3231984438330132,0.05156838589158771,0.05821842832736299,0
861419,0.11680206592650741,0.1895030323564486,0.0321158781529827,0.06207893151194146,0
1439727,0.039922898350477375,0.05518944063740561,0.020701206990271302,0.030589079673465917,0
7288,0.3158212378553505,0.5349738526028047,0.05200133961101769,0.163669548353214,1
1020075,0.07048111884613735,0.092041813839702,0.024271875757556374,0.08589324599509718,0
2654043,0.24493430982695125,0.44102912838922603,0.026196552667561702,0.08280389916034865,0
1179396,0.044515030746270064,0.04358801025332548,0.03207910490943471,0.06548647073388456,0
1355372,0.057215008669484896,0.06775665410391085,0.029220904105009732,0.07285205193013274,0
1015197,0.05914233923429286,0.07794602523163552,0.005496294621172946,0.09260219116061608,0
545039,0.06438630864724938,0.07986867124432107,0.03172951139762075,0.0746655980290131,0
840355,0.28428747418308475,0.4931596551682984,0.05198544469624271,0.11056006595031359,0
1388078,0.16911627342174992,0.25845040623249793,0.06055430898565651,0.10862388804902004,0
1662858,0.21158988502557963,0.37918688956476276,0.017244849170099306,0.08411492746084233,0
2511057,0.05294870708106497,0.07117506007918728,0.03796766010307044,0.029854395052750997,0
2488605,0.048439788359727,0.07384508957628388,0.02246944767315408,0.02388204634819418,0
567405,0.08280146231161081,0.1252391934713315,0.023538899637502272,0.06560097842347189,0
620436,0.2256698393933232,0.370303722145899,0.04460618007393589,0.13568062149096466,0
1046538,0.08971995841719255,0.1269516035748095,0.05614962785150657,0.046996341371679094,0
1304990,0.055102473868876324,0.08954970619373903,0.019159071267210837,0.022899496959217773,0
1370447,0.05285669270826614,0.06510599462646749,0.020011116649466497,0.07150180200096222,0
2530720,0.23573908155662607,0.4140845172099411,0.029538312053804163,0.09917664667757138,0
2059449,0.04007413892767964,0.046041318014552246,0.023124058425910202,0.050581311963152256,0
1818063,0.01985397501143007,0.018221899974630085,0.02245258180067194,0.020036252419567243,0
2198638,0.033512572713175814,0.04447469552638761,0.019715169672757472,0.02680337024077382,0
2550026,0.06397881317446286,0.09074492701704795,0.027322755077839843,0.05204761571293464,0
196466,0.14361251222901383,0.19751428012019634,0.022960238065625534,0.18983650374614008,0
2184411,0.04113865320142669,0.053884563220934156,0.029188553120728097,0.0271990282737059,0
2203710,0.1788651717951768,0.3145717932699482,0.00998182226648478,0.09292364240128642,0
1758851,0.1297826527291802,0.23958014507603365,0.026788528345181528,0.009780108438044586,0
1830759,0.040205149257585074,0.053054597423561556,0.02291532234876816,0.034016269205869254,0
930416,0.03627931778414696,0.03159955062572806,0.03550185746918682,0.04914492615263442,0
1510061,0.022671064920524425,0.012704696028303708,0.026533503702765214,0.041793328977715025,0
168301,0.1362127321490137,0.18860347020716262,0.026026029283426677,0.17051594130202188,0
2698057,0.20864879528513963,0.33659804701259566,0.0666557653802528,0.10176521082382986,0
526703,0.13972439428559366,0.22567803644480167,0.031676205975644016,0.08691257135249808,0
2259255,0.1535891352802655,0.22727893858299852,0.06941507679617802,0.0956257147495641,0
489860,0.11514607578277841,0.18991755019432222,0.030499106984662044,0.05518784295109349,0
989977,0.17764829809704094,0.30327236410977143,0.03944410106767196,0.07089442860926817,0
2261286,0.2487282174521868,0.432014370211115,0.0485363936131305,0.09080057131345079,0
1434737,0.11228362113516577,0.19400329497529833,0.04578468782110011,0.007732836505932895,0
1035072,0.10967920440756893,0.14618045373716249,0.04939632613014022,0.10885039849972807,0
1414282,0.07100569895606955,0.11550804880560583,0.01868215957650704,0.03823513340157259,0
2738479,0.2800435899261912,0.46845842084876144,0.053447935034900335,0.14889999495670192,0
1735032,0.17708387714576235,0.3074777569268481,0.0625230530099091,0.02294041389682787,0
2174143,0.15313759920446374,0.26320102167775283,0.03446463376295789,0.05598849118349969,0
1022121,0.1108487106904525,0.15607158462504256,0.04054869091088148,0.10324155552333386,0
2246340,0.10382199630273346,0.1752689580303064,0.025472501138075466,0.04272883473078813,0
1098541,0.15691074673518562,0.2818381724424853,0.014442255170602738,0.058294919813810644,0
2452795,0.05974202541454948,0.0948267224679532,0.023779099270072768,0.025974671997755255,0
1230068,0.11479277962989495,0.17133864440813174,0.07600853500614917,0.0316044846199217,0
1011077,0.04997726291566589,0.05531341245310639,0.027079306358156013,0.07098382390832947,0
415572,0.1104954183947721,0.1435230293046904,0.020966796187768165,0.16221932443048223,0
363329,0.13830465230636677,0.21214313724980038,0.02297241542909135,0.12670679526369588,0
1755382,0.17836529737994733,0.31082850456871447,0.031186876712222554,0.06797491040961663,0
479952,0.08555082175062709,0.11811593240813223,0.04592994378714778,0.06356936205208318,0
2620020,0.1463576007208775,0.17040766267908436,0.17308504024322102,0.04614128654184501,0
1371618,0.08584571858700071,0.13643157873642864,0.022082538185599708,0.05502583881553242,0
147402,0.302242059827332,0.5067963333920475,0.029963217183634285,0.19927463988108945,1
2368208,0.041503648069332384,0.05372550994153025,0.022629192819623636,0.039260676263400865,0
1867993,0.03183355264849904,0.033765239284683224,0.027051068331757563,0.034178062533150796,0
2041511,0.030504127456389134,0.03189983870942459,0.019954356737127168,0.042839505402693455,0
250631,0.36653373077402485,0.5516979915379046,0.14349182130152166,0.23818594307308036,1
1381848,0.24119465158344697,0.41399953760869745,0.06419626834818719,0.07468001137321044,0
362174,0.11440935816000372,0.14200182764776348,0.05066069509045668,0.14105117904492484,0
1497947,0.02718073070697175,0.02604300266038273,0.023166577549718848,0.03604628055932365,0
1573227,0.11436729776105983,0.15016385661839937,0.07039365741138243,0.09083636114222703,0
2086016,0.3000693910104215,0.5326557288208054,0.021414302417162565,0.13658617937435028,1
1148521,0.037082772994417285,0.037027130020515164,0.02802615044253686,0.05080681425699323,0
2189542,0.08513910525690312,0.11162098065649717,0.08615299193154799,0.017413586745950674,0
963057,0.18394532384750872,0.3079281217528007,0.033692531120779315,0.09936751817437287,0
277096,0.19551976978335653,0.2954907942640239,0.06351316180467245,0.14360212054971408,0
1389175,0.20657502365814356,0.3472797825206352,0.046800943961225576,0.09447424604729153,0
378666,0.09149387101372725,0.11067748649917375,0.024298705461630165,0.14432758062825654,0
462146,0.4036337568681191,0.6543250774074431,0.12795846019287163,0.19041840053268042,1
2669077,0.3090367347252083,0.5330586441575632,0.08343535087539086,0.0873840369190473,1
1838893,0.01708378068276039,0.0,0.03506399965248269,0.03282290393507791,0
1608555,0.024848693549896467,0.028791658969184786,0.01938704190056013,0.023183757475680175,0
1166180,0.1275965517920922,0.21789632117405688,0.02240429194463973,0.05963551810835914,0
1818187,0.0820546737771915,0.14899308195996797,0.02296451890892667,0.003343885622647571,0
2654752,0.18084772884581754,0.3186416739546797,0.024968088567861868,0.07018232649059566,0
1042672,0.21747096428297014,0.2752717744375418,0.17098536743498155,0.14269733416852387,0
2104919,0.0803120328815124,0.13377714055693934,0.022677343340880434,0.03310129800389302,0
478716,0.11664521922078362,0.18294279597419294,0.02949886613604717,0.08162080696436501,0
1327658,0.06004078643091416,0.07037225496202282,0.046243627586231614,0.05490785337016631,0
349066,0.1570683403692532,0.235823400337273,0.02937926257370045,0.15171430714253273,0
379390,0.10259676244285505,0.1259576342236487,0.03411062111406709,0.14692379498405286,0
1033149,0.1032212808484249,0.13826064777836666,0.04808055521513125,0.09833395197351094,0
1617100,0.15639521282891516,0.2892268573684196,0.02320379126397727,0.024103233827560962,0
35665,0.40017432787023427,0.5593046304004059,0.17314275573087315,0.34289592975384703,1
465792,0.23585324036532132,0.3871009819728741,0.02300895521728916,0.17700031406848757,0
1596619,0.08413344952895467,0.1525596216887367,0.021489369880508355,0.007034138602169053,0
809137,0.24134427433212446,0.41256318985639573,0.029637644431412986,0.13085693037251345,0
1232182,0.10453080761371401,0.16780085261314293,0.04541678564088876,0.03502672807437962,0
2487324,0.05248564092677475,0.07496977586520215,0.0359205373643162,0.02112295892439406,0
1573198,0.09454840168913178,0.13521454038153746,0.030725899025272754,0.0886168089539061,0
1412580,0.053091437714311476,0.07758256574296585,0.030183204774415797,0.02622596705251908,0
2246476,0.059062186602636894,0.08594974195300786,0.016977402034051417,0.0549704750795877,0
4657,0.21496025416797315,0.33118474727952285,0.061722012403085454,0.15425638403643038,0
335564,0.1403523012580017,0.12909015311903127,0.16676096286328632,0.12889467919750083,0
338577,0.13849006397288247,0.18331947616886346,0.07273470282748169,0.12504957520103105,0
166364,0.20035818237379557,0.3009892392537048,0.044770647320410674,0.18216184275409977,0
927515,0.09646351793531185,0.1587583443874545,0.03775021369833885,0.028796408160414694,0
1189925,0.05470997117530779,0.05182816472848173,0.0441609768560212,0.07773797877130285,0
127146,0.11291885163344363,0.14726659094290062,0.02868389065455561,0.15340194482813319,0
351375,0.2463049045756491,0.3929179787985716,0.0791092843450088,0.13056564936430323,0
1307655,0.04729211923268602,0.06806875490989117,0.026042804040582436,0.02722450282782852,0
518205,0.12635876777987617,0.22002317959859075,0.02414064897004407,0.04552491644783788,0
1875621,0.028803625366501127,0.021549036566694713,0.02566988965568403,0.05164070093224283,0
2066174,0.09997313729822938,0.165730542659011,0.028475976134187283,0.04282536564233842,0
2720044,0.21286320499215192,0.35988295785180036,0.031225734400263716,0.11777002873086302,0
215531,0.1830958601187489,0.2748957872464155,0.02234394628088697,0.19472391305637535,0
2410516,0.15959697708730275,0.2800561685680957,0.019351214016404137,0.06881764299166829,0
1151189,0.04797808660959352,0.05836320615627133,0.025684993702144155,0.05545492710407303,0
1948080,0.03803400380882513,0.0522778795409633,0.02493163541941077,0.022077867062601217,0
1272978,0.09859485583274034,0.16321343239596076,0.026372059173713994,0.04538260941322885,0
1329517,0.06108372051854291,0.07326516243931014,0.044925495600320386,0.05486745309395865,0
2393904,0.08459060427379851,0.12004927010552513,0.04018108338243558,0.06255822103152635,0
178312,0.17825870596057716,0.27426685374218407,0.013392219685244053,0.18553806591955962,0
2415609,0.22788879044160887,0.38343174088415144,0.04623462619130188,0.11151266071071286,0
1680540,0.04900712870439905,0.07395308842307224,0.020443934753717925,0.029487020333737745,0
2718340,0.2638579024172517,0.45322832952878145,0.051403210602518214,0.10911387236052753,0
525148,0.20824619604305442,0.35205778365151863,0.04113393775457452,0.09938561445461372,0
1245369,0.11391171282044249,0.1995545655523534,0.016795793172430983,0.045478460462682446,0
59308,0.1606290824168339,0.24155185871605778,0.04375978937645066,0.13362608122934908,0
1004094,0.11982771430136305,0.19937902967852716,0.028688254964794366,0.05765861486330579,0
719361,0.046357984125131674,0.05803762901109577,0.020255363576169555,0.05631280273366458,0
994571,0.03708927670272789,0.034401591081153815,0.0139455253311776,0.07852411781398849,0
2559842,0.17260386540483186,0.29018628094406984,0.04891194209135531,0.0641857115269518,0
1246333,0.06529947973329267,0.10347785045227398,0.02203417924998715,0.03475150366079765,0
212228,0.18099091916664312,0.27056639233127044,0.023156755286470185,0.19380348207533407,0
2351979,0.06090972405645762,0.08903205528638025,0.030852642231087225,0.03568951871970664,0
1358253,0.34082506054180683,0.5805169741511486,0.0272932219597676,0.21189303439151133,1
1883417,0.041362657687099263,0.03653686468234729,0.039521029141685926,0.05618958301709922,0
1896460,0.05287872207197148,0.0703244977251476,0.02222542291045036,0.05524423168131286,0
886191,0.08358084747068453,0.12052823185046757,0.04029621822948769,0.056139330383022205,0
1218294,0.18028526636926007,0.28148741257132337,0.05414852054977951,0.11648501959332253,0
69880,0.12586778777862892,0.17083499762713295,0.035206423208102404,0.1494418100131586,0
858574,0.07560638940696075,0.10948296467428553,0.033402160952888095,0.05422129391975773,0
1319005,0.11867180157207062,0.2050713989403229,0.022938447703741587,0.04627283895393351,0
921120,0.07334125159868754,0.10825562960368251,0.02556955769653432,0.05771284743942996,0
2488648,0.05221028829202513,0.0760960547488031,0.033752172390471846,0.020183046002410106,0
1351736,0.04419358652151267,0.05759595035561704,0.01550104695779581,0.05372648628182706,0
2378209,0.05723559737015533,0.09006602138223108,0.0201717281682056,0.030755341142890545,0
1770304,0.03873748958635679,0.052031177873942625,0.026961729836396414,0.02316690849233277,0
1757042,0.07505867022415966,0.13549753681752819,0.01996652979686274,0.006599714381683705,0
1103230,0.13647536408985791,0.2381402752350832,0.02715245646367391,0.04629744766607081,0
143346,0.1828507690355652,0.2939978405420971,0.025509311183370922,0.14099527704752685,0
1041514,0.16632419489224487,0.24972598804628698,0.04708397213157601,0.13668004614814297,0
1048223,0.08780651044296192,0.12599203236703138,0.05196400908603376,0.046106457668180494,0
1888345,0.07406824047180872,0.11734580010137963,0.029336874261214264,0.0329713907137732,0
1343115,0.05337701107253511,0.06787569684342465,0.023906796423960645,0.061335618618172966,0
1493928,0.12020489364938555,0.2165078300816815,0.015984746850805774,0.0357777727665153,0
326751,0.13109998160288078,0.19102498510283505,0.026508563539720125,0.13817459994773615,0
616282,0.08720201430528453,0.10197230976231819,0.0585177265837571,0.09330270724499148,0
2082100,0.10121643639375885,0.13906676764633896,0.05940093809605252,0.06931385570886808,0
316332,0.12198845718007922,0.16668419909149856,0.04055540226365904,0.13239868477616118,0
2314482,0.050868041447624524,0.08145075377778876,0.01701405702261559,0.02519223725972732,0
2091244,0.08986523969383814,0.1473193150006472,0.02991837001039335,0.03615035595198269,0
2231514,0.06119751727197832,0.08748685123292743,0.017981470429687018,0.060298252633042504,0
423534,0.12862921196785448,0.17334150390503145,0.025418725522837513,0.1716642117924375,0
134840,0.19228358805067397,0.3165637223860437,0.019831035106931925,0.1402620816278627,0
742164,0.1666944137041559,0.2902647769864869,0.021996114689601453,0.07481595402016006,0
1828010,0.03547537635757117,0.04498029143022564,0.02164549935279104,0.032457904183105186,0
1899223,0.04525014005459121,0.04375438631485595,0.034850057539225966,0.06458964817697718,0
1326455,0.050590681843480395,0.05544312234886928,0.040429411827574306,0.05370148560386732,0
1255916,0.06992904648943911,0.10859865263621071,0.026966844758873336,0.03769833371835877,0
1370154,0.0562165270403022,0.054113306734975386,0.04828904974184074,0.07336579375131143,0
976509,0.0390588592756447,0.03192158059977945,0.030200230914925706,0.0701899985063863,0
1874639,0.05560523871396798,0.0571180536713386,0.04984061336692967,0.0604701393410989,0
2354566,0.04069739174485315,0.05531620691018657,0.0192354285063073,0.03634329868933836,0
485819,0.07530966111999811,0.11233835853034879,0.01649347723587636,0.07096219342030403,0
579539,0.16155181240950758,0.27462669190910094,0.026204898371926553,0.0818849847168958,0
823289,0.05525247972513306,0.05121418060403893,0.03233416611790075,0.09972569793871686,0
795684,0.13886758402267302,0.2318110663526728,0.0190465790921106,0.08624038559351721,0
1924998,0.06562316705539331,0.1036886707807324,0.026666645140476276,0.028894190614421097,0
2025463,0.03324679088158654,0.031023137754897734,0.03542685271227678,0.03553583095227318,0
1312890,0.05084506448240068,0.05941971390012313,0.040715880416445985,0.04460221703702659,0
2433895,0.15208805285143515,0.2802028079823068,0.022120022469469525,0.026753210597204514,0
286761,0.13207688547691718,0.20533230942450864,0.017991701463503904,0.12006610162805849,0
2253292,0.09121934653992081,0.13092865670303022,0.03576983019199888,0.0751203456540302,0
1124479,0.03915360214456427,0.0431286369121715,0.02987700642914707,0.04313090879867202,0
2769223,0.3058266010855136,0.5126367772284581,0.02667666968577638,0.20752605782775815,1
2361804,0.05200743968771736,0.06206719897155055,0.04410434233311826,0.038712687510033,0
2408627,0.06396302898903304,0.08681884975483156,0.024677249650417656,0.06575214608245979,0
300535,0.11273147223797023,0.15131337243655074,0.035505343627930785,0.13211591465657813,0
1715305,0.07651023156317473,0.09221017032820789,0.05079041682222308,0.07584010676201927,0
1714742,0.041855553906473345,0.0412200210606547,0.027212278021543322,0.06540929984841497,0
2425844,0.1874724259354506,0.28019526862891797,0.08649957151198027,0.10712460083698755,0
2312876,0.07181427613528507,0.12079899477155964,0.01825158352457134,0.029696518460669237,0
2723279,0.22261955312673182,0.37374815837623077,0.03251457704988188,0.1299555041182593,0
738392,0.14519517009047822,0.25815561725817116,0.02713355328520313,0.03988647737915846,0
1452128,0.14650358111734496,0.26133409276835673,0.02891187190691255,0.03581486580546412,0
2379873,0.14677334797492567,0.2527353385697978,0.04466916781704673,0.03502464172456373,0
884221,0.03875444190704934,0.04752522141733173,0.024953056906503,0.037529570632162876,0
1180151,0.27478867943637714,0.4834196056822909,0.03611989047787688,0.11121454725934313,0
536202,0.05950192637416203,0.07644206660542974,0.025342398802830342,0.06839086715299031,0
2518514,0.036292645394755046,0.048864268369392616,0.018940232906872786,0.030892206689984516,0
1213376,0.07792973766095525,0.09171847397708843,0.04600052100599733,0.09135172185305918,0
2386182,0.1789401629556261,0.3098855833530373,0.03473747356611584,0.06788064604636349,0
979199,0.06708607339321647,0.08591183178642314,0.026948802551506938,0.08022758367276407,0
1593252,0.1318428968199481,0.20766198404159075,0.06543644724357205,0.04190485313040557,0
2053918,0.04915143536405885,0.05939087828949463,0.02651573620799568,0.05750637678456416,0
574183,0.058786305621010684,0.08010153810578602,0.015572114598643378,0.07031951094262331,0
2536038,0.04078295021863811,0.04996613224021751,0.03026927748868356,0.033595504259621475,0
1458642,0.032938955049977695,0.042809261066171,0.02485021561437746,0.02039629916289479,0
622776,0.22205006908495045,0.3468141226564404,0.078710550522393,0.12514921300006163,0
950975,0.029542765826979372,0.021411852394552344,0.025131757842551977,0.05648656138468805,0
734055,0.10386254161538186,0.17012027696583787,0.03927420237933324,0.03510071209331476,0
753884,0.05255997629623588,0.06220103891670736,0.03285011193680617,0.05802211628420173,0
1017009,0.06225348918322751,0.07049777680492098,0.02620644053645985,0.09571334309914536,0
1646059,0.05259826806490357,0.06798858646035144,0.039079882296459555,0.03440005072894992,0
1588226,0.06429275697239455,0.09680969860934585,0.03183091226563051,0.03169316994016235,0
544461,0.2609326311542297,0.4600191849585554,0.027714117817490964,0.11304401664852345,0
1685220,0.03336943360857939,0.034119839920063066,0.030862835915156785,0.035253314370004105,0
2415066,0.2170730054507643,0.37131426144547375,0.043141859718093686,0.09236658406299654,0
1833938,0.0742781779792585,0.10805851394480737,0.03556126380024104,0.047902709333912497,0
372371,0.12221770890497083,0.17759708912494632,0.02218824716797251,0.13381345096052963,0
635972,0.07797404441652708,0.09355507465519153,0.028043899734101176,0.11391668584350483,0
519385,0.060849269203403944,0.07624690057113315,0.028789485748003794,0.07044486596718114,0
2066377,0.17525982582790253,0.30421911656315404,0.03361941568653367,0.06532221420182714,0
1954559,0.040569361602211446,0.04779704081222491,0.045778893942211324,0.014685865067177954,0
512809,0.10254938309665955,0.14688559854770278,0.04611075968333615,0.07636677958903657,0
2161110,0.044034623132418,0.06636084422930888,0.017335866376993244,0.028267205523327944,0
2163906,0.02585946950622195,0.03074464502742802,0.019680094363894417,0.022915593416698077,0
180566,0.13304688605714332,0.18779968271768022,0.02267609679304969,0.16172107830194152,0
2004636,0.033829754512394034,0.04290951577859281,0.02434318351638891,0.025360207840904748,0
970062,0.03615361056442045,0.03536680135390935,0.016798608781260865,0.06715313626543759,0
1557490,0.050409573323300504,0.055109580885643994,0.030303394567902153,0.06881882255053932,0
747223,0.0358690457522816,0.036244262226930224,0.020122108581536038,0.058551410321778366,0
1292157,0.026893835657486573,0.0317414892589869,0.016052411043035772,0.031036838575411955,0
1148398,0.030241627369115138,0.027989789093709416,0.021118754498133385,0.04955553236410207,0
1119848,0.0569556909138744,0.08500679496863162,0.031022782378115656,0.025727293580619467,0
552014,0.051243830773024086,0.06179256107764619,0.021635620510362837,0.06928432040546069,0
840388,0.09913686257060234,0.12463657460573951,0.044824003301234455,0.11685687138681118,0
394554,0.1776244969531423,0.28248335626119836,0.03211295080310641,0.1337446679080561,0
1980038,0.034677758476046726,0.05046339594259408,0.02306907540502696,0.01262668941620799,0
885664,0.15569615651070257,0.272331049084956,0.020475509608763303,0.06693989542797786,0
595504,0.05898566757783556,0.0709390778389477,0.01902513410128562,0.0890429421398801,0
2277285,0.16100616296843678,0.29325947785646755,0.02460172356403408,0.03497953485496392,0
2074550,0.06440600111040813,0.08333594308433745,0.029892137638156634,0.0688519413839621,0
744275,0.07668609696897818,0.11039866292388856,0.04025318502766292,0.04705404999367514,0
162190,0.17978526774516765,0.27696493992363314,0.018127983654413163,0.17932201343513557,0
808619,0.06354294662079285,0.06210980646028186,0.0440398797815139,0.0963803972809888,0
1131562,0.03457976607220975,0.04295399081073048,0.017521410948699242,0.039231736911173695,0
2046996,0.14827919985134774,0.235584052266679,0.051364592558970135,0.07538897975158594,0
2665735,0.2953866289161004,0.43581662924428555,0.18151051630297887,0.11512579701532,1
1841453,0.022310844562854926,0.01085103857600156,0.034217226419459366,0.03310078674508169,0
992250,0.06904699724179736,0.10032011300829424,0.02146218207916721,0.06224143056950034,0
2199130,0.03730271387720553,0.044201257984678666,0.022097983404795886,0.04286344931713719,0
1219726,0.10418774749498086,0.12466799930970995,0.077258827784282,0.09338049752420644,0
2588692,0.08454234824551475,0.11118732624733685,0.05261897433622724,0.06581496410489081,0
272567,0.1669171792530775,0.2736517352250646,0.023161394675447967,0.11571446618955418,0
1869169,0.0285164257420897,0.024239324115859717,0.022666623023625102,0.04798388388536154,0
1463963,0.07945949862181917,0.12810895108506937,0.04798895987068262,0.005041675590398461,0
302351,0.12232603502248493,0.17463150205705502,0.027391194044570116,0.13396462890293193,0
806808,0.07564181283377966,0.09781279570911317,0.04002304835172752,0.07364250236852411,0
2707,0.36345527506907277,0.5978288292510694,0.08525159713576641,0.19482690651404072,1
1532329,0.1278263192073509,0.21961829983905357,0.022799379589827584,0.0558867770543792,0
947918,0.15873979198842592,0.26546383554454667,0.05678042651222737,0.04486873131242187,0
2509690,0.06458290497913116,0.10062177789235038,0.034503433417573656,0.01960493003841939,0
1137074,0.1269482251512419,0.2208395070075807,0.020462384420370832,0.05194878160670149,0
831397,0.0750281804986854,0.0810029008302604,0.0531444382523792,0.09291699303920718,0
2210840,0.15384031129913966,0.26997289957418946,0.020381662166737445,0.06369681431011857,0
2482165,0.1056417042660969,0.18769160922401373,0.032777999648497404,0.009812498797704076,0
2644217,0.18898416929494308,0.3066896695693815,0.060889245610410925,0.0868628041356453,0
448836,0.39971929324553324,0.6624558703387091,0.09589953751478089,0.198607484108722,1
1609860,0.03207450803736598,0.04382498145526248,0.01885355054390611,0.022529760732814538,0
159348,0.13387153668269608,0.18581002513700995,0.02453973616833127,0.16802301631845862,0
2727554,0.257612502043667,0.424994334210565,0.06704876020668192,0.1250035343818997,0
2364121,0.04378548206000163,0.05659477170647631,0.026530617243568987,0.03764455516846388,0
2654792,0.17097004934272544,0.29660903804631467,0.022035744943815057,0.080274034182118,0
49759,0.13777902600840858,0.2009012702816385,0.023011328596358713,0.1521249614434085,0
360885,0.24684479797796435,0.40660916019329774,0.039064810097727075,0.15910387425998682,0
2212526,0.03481097247877907,0.04216787463450544,0.016811577114027892,0.043417810136589914,0
1510593,0.03421487539319261,0.026248560860019587,0.04092507670656332,0.044065359756069115,0
2351505,0.04898238047499903,0.06504818778608001,0.03936932801565754,0.023237440886308833,0
2356475,0.05483539193783703,0.06942154872701334,0.040214199911890645,0.04030178800381582,0
2631231,0.3239753787727611,0.4836035357181677,0.24094455146155527,0.049451227376053467,1
2401594,0.2121539301029008,0.3669221599234618,0.02376772865466381,0.10781265772385368,0
1763593,0.03093015024017491,0.0386431018915292,0.025206334942526352,0.02023349405826203,0
2700521,0.2646440311570529,0.4385399573315384,0.06962469709524105,0.12243321681355673,0
80924,0.17826706025593525,0.2787982417784799,0.04221728045991351,0.13101377614360626,0
388403,0.1130621754384255,0.14737325687555491,0.027111615310695347,0.15621031203719718,0
2707246,0.21611351656394975,0.3807920268562248,0.01997108251921461,0.09863089190036473,0
608835,0.11311093011527508,0.16582739862944884,0.051574445506695286,0.07362448574271035,0
1810941,0.027274876539713337,0.03136803352306716,0.020838624717534285,0.026696361814597336,0
103962,0.11234729688596203,0.1519624967763542,0.01891353358344066,0.15345994211376363,0
840097,0.09173611888036724,0.11410799921294978,0.0412950660409057,0.11146799730810322,0
2556086,0.09184727247486756,0.1355677112530288,0.042676984863900404,0.0563016069459152,0
1295233,0.02877433683849466,0.03578601879717247,0.01465235494134147,0.03242810478752993,0
795530,0.05812698141505686,0.06724521900841518,0.02271062438447716,0.08845592297753059,0
2743618,0.3450356757143252,0.5881972458262161,0.038222912631714547,0.19735089505851375,1
957948,0.0488777350901181,0.05205280190987227,0.041658695638368604,0.05176862721835693,0
2713692,0.1970393636688294,0.32468075389955997,0.047261190151387925,0.1026031483681652,0
2286903,0.11554895548649309,0.19731793592888602,0.029277423721189237,0.04053380202846654,0
2279890,0.059693090514191416,0.09519856496226675,0.020388309334339053,0.029886576163781632,0
754116,0.17464367256111454,0.30310988240277736,0.03294442985320489,0.06602701201882195,0
1312485,0.1261960229192924,0.22094436950530816,0.017468532516311697,0.05241639205872405,0
1192803,0.05784289859786847,0.05478546417064589,0.056668259831123065,0.06724844281604302,0
1427464,0.03782206694683006,0.054580222867541495,0.018269790436410888,0.025255091910680264,0
2721063,0.31182176649508353,0.563606226890493,0.015418328008536198,0.12696577323638067,1
101751,0.10574009717511798,0.13800692282437277,0.02277285530846162,0.14952389585196552,0
1488620,0.05158120753724188,0.06902221395224928,0.045628085446961175,0.016908374635144427,0
1131521,0.07679633494876606,0.12739990146493674,0.028460081325765583,0.022791799092840074,0
2219080,0.056666575642509806,0.06299737402173522,0.045499643821694365,0.057589977425669445,0
2356879,0.04002892334172996,0.05251122589028845,0.021630337509661365,0.03642104571843664,0
751401,0.17181153873482866,0.2957728702226602,0.016662514591973265,0.09463174622953292,0
2714112,0.2298777780863609,0.39997737567397207,0.03424812572528971,0.09807326265893984,0
659990,0.1953533198066625,0.2791210355498317,0.08112014936800112,0.15728378610673166,0
2258936,0.14561800228433291,0.21677462823188154,0.06224642740216488,0.09278379973871345,0
102689,0.11643221825514206,0.15487209020922954,0.027350032488253507,0.1539558170202562,0
1905013,0.05305209871283881,0.06051236481440603,0.029995419311586034,0.06898645256079992,0
450979,0.2585055707104269,0.39442935393180245,0.060570811766491435,0.21559825107289132,0
824859,0.13776447309434975,0.20193130901394862,0.04314422892237151,0.11927774955331986,0
2497279,0.05360179493621984,0.0724333785044492,0.04461647009066673,0.02000082328397612,0
2442451,0.08562751476097367,0.12571792491584466,0.052320991438064304,0.03536127435816029,0
1790476,0.05606916253604564,0.08798928068325151,0.021674047669118058,0.02786153946842233,0
1987338,0.06833969811786413,0.11467750538023291,0.01637758079567097,0.030438355945231862,0
375364,0.11914793280230014,0.1640704508714872,0.021901992952765546,0.15271054740363443,0
2739094,0.29832913078957113,0.5000185846731777,0.06164974699340522,0.14912457177480348,1
1531336,0.047136790274043244,0.05058461345703669,0.035135868148920335,0.05651861550424403,0
2006173,0.13573732065067579,0.22317989088678036,0.05851231155652646,0.03296840870163832,0
2272717,0.06268929625533651,0.09700661727862381,0.027155862112747422,0.030196144911001855,0
155087,0.1143730912027767,0.14766776287872796,0.028204097168440148,0.16038990306440337,0
1212287,0.16904671102851293,0.2853436983250832,0.02513038885335789,0.0941787260498197,0
1027608,0.12010060130079511,0.2037931128270568,0.015534331360051844,0.06771872739625573,0
158968,0.13331430562060734,0.18421297703048756,0.023822533948638973,0.17030528460385932,0
1208636,0.06578450516629247,0.08626084029116232,0.023010974479502875,0.07875396338430225,0
1446505,0.1005837164869054,0.1446753790495633,0.06679731360161076,0.041034164408202616,0
1334864,0.12001548345234804,0.2194976828659453,0.010727718306187099,0.03524163263759634,0
2161756,0.12627392325619036,0.2257178883695743,0.02546806771472663,0.02887279378492614,0
767576,0.14505456555638654,0.24261359532863125,0.02624592022317758,0.07936995912558817,0
454466,0.3232633121886513,0.5171633184044819,0.1421400873493807,0.1101981339079804,1
2388213,0.05354322664374696,0.07550085074097768,0.024265222304433048,0.042566172909641035,0
346298,0.12173393538912297,0.15853108521907777,0.050335569406598675,0.1368386097880224,0
2430354,0.10508432276550994,0.1752216882254033,0.035416729767892646,0.03424229861220247,0
1213941,0.19925935055564992,0.32859481089491316,0.05132451603775665,0.09782295148433165,0
1417211,0.05310366254417819,0.07846397073883382,0.03018918869104988,0.024074602837231607,0
1808336,0.06479499968368195,0.08271719595274862,0.0561246634003239,0.03299501343605235,0
1191721,0.04686705568409687,0.05168419920202827,0.02395682817089005,0.0691895381590786,0
897637,0.15715735471152986,0.2811572188710364,0.024043638025274844,0.04682826934214604,0
2633821,0.21237217693507135,0.3748147711902683,0.05103464514729629,0.04827198897874156,0
73158,0.16941135121105022,0.26239980084983916,0.021743374203663842,0.15844219262515735,0
1907235,0.10613967194035817,0.15608296915054465,0.05262020726648366,0.061560625925703744,0
1444770,0.04573318225377015,0.07245782556267033,0.021749096983302747,0.014897701887220765,0
651026,0.14267117370738394,0.22556750542244564,0.027221648982665207,0.10860463150680785,0
589968,0.04974819865739573,0.0448383866122164,0.03568021097998045,0.08312471028646698,0
2431198,0.10577429871381892,0.17502416096541662,0.0368566407681541,0.0360261300033219,0
349315,0.22982169738236974,0.39305925944601405,0.011868887834372097,0.14865700654525546,0
100341,0.23421316983881205,0.3885019933922125,0.030559300959298083,0.15397191427458198,0
2053834,0.05140395548201968,0.07831022190378234,0.016829360669304072,0.03600018164668646,0
166581,0.12540550338665887,0.16814646745168738,0.025931961984875875,0.1677634053267621,0
904480,0.041731891562013776,0.05610058258994799,0.019879962373379183,0.0385880577751301,0
1813241,0.19770532702128324,0.3481947982957293,0.04122027706941982,0.056209223762963285,0
125122,0.11492615959799711,0.15316852952516424,0.024095173415183836,0.1555667140542992,0
2368237,0.058986059428721926,0.09440921947029324,0.020571388129388704,0.028050166273793482,0
1054916,0.06733833270780158,0.10223695084493567,0.029598822540821825,0.03670105261543602,0
2714052,0.21743601886457384,0.3792980274822183,0.026886580328494808,0.09860515512458112,0
2442840,0.09015680250347878,0.15355282551613925,0.01879888928434131,0.03870361480053381,0
2013000,0.4923515029774055,0.6932186069906388,0.04821125996140027,0.6563941074683303,1
2716766,0.24823015643357182,0.4213602949318115,0.04474428675986454,0.1206336146985336,0
2346372,0.059309450827824704,0.08750256981093052,0.028390215996163273,0.03520550561755234,0
1179549,0.04098410421109366,0.04057903673047902,0.02928296961691989,0.059548474803890895,0
2398047,0.04198166985715114,0.05167312997527529,0.02051614359508978,0.04995130895493281,0
1962932,0.245300724469808,0.4435485186205691,0.019841360513822126,0.08787028502688403,0
2372590,0.15602072792671656,0.273874576026083,0.031819245055326885,0.047688331985384975,0
2111913,0.04487959471547218,0.0721447479275914,0.013116033822828941,0.024362053024139005,0
170423,0.3034818348055406,0.5062500195528876,0.03176115392659436,0.20414239425559227,1
2313525,0.13337786691406564,0.25110877848540447,0.007853915041392594,0.027336515794728053,0
1801301,0.04148364705663795,0.04723472353429059,0.05115405095900222,0.012600350008959961,0
1652463,0.05055829142085205,0.05615036045165456,0.04873334177195546,0.039315543317190706,0
2255174,0.1380799840446405,0.23477427401314188,0.03204687666034994,0.05539392019982288,0
1278875,0.07355873982135666,0.11903066690963604,0.03648890636684356,0.015483672282427894,0
2094652,0.114533270542378,0.19259481536230816,0.03488685229053533,0.03884903587031663,0
1947907,0.04122467959491135,0.059016230270614645,0.024458454711230277,0.02189514023117472,0
802369,0.04473859701788925,0.036609721990249144,0.029020902252713605,0.08863732673475298,0
976752,0.04091174372178654,0.046233245687146374,0.017220638055410836,0.06314464730795052,0
2352282,0.10059696058250935,0.16126939116305605,0.058441932317466944,0.01214842652870616,0
2745849,0.2744043906889176,0.4592568322006507,0.03375633990868749,0.17324536307992983,0
211689,0.12228359861254842,0.15528526487057792,0.027782085705371926,0.1815317023282394,0
1661469,0.06778560799522627,0.11052892486557242,0.029557579386472577,0.018269358732491484,0
1891681,0.05705868891294555,0.055021912643334,0.052716770570787934,0.06866350710021082,0
2767370,0.30073872932172985,0.47679131756216564,0.08069436136452443,0.19067381065644848,1
1678709,0.038433844550214216,0.041144132695715485,0.037306937936491744,0.033348484107044746,0
206378,0.1306760134921269,0.18093465073976556,0.02059562560803426,0.17015000219916918,0
15450,0.159530768353017,0.24901334473577186,0.013234144380888836,0.15526926335432203,0
2584053,0.0552906814635366,0.07253890104298544,0.027666852553316402,0.053605875880244805,0
1070663,0.14215818628007304,0.25749439651896944,0.015609469916760127,0.043640735227801535,0
1221446,0.27328689736196166,0.45359251935140077,0.07364050350766076,0.12199243316981517,0
898551,0.05406750551113219,0.06556974313955999,0.03687049147123653,0.051107432499906166,0
232943,0.14320792282961364,0.1984784861959875,0.0218393530275648,0.18708436911675216,0
1595328,0.0419483458587926,0.06571949620116035,0.018867287123263275,0.017142058106167198,0
2635866,0.3683529547946538,0.559619607435309,0.2218554844578672,0.10993252869819552,1
2314874,0.05728403329056847,0.09052011830885365,0.02303125697172922,0.025572985223114388,0
836334,0.09536456919179889,0.12060693618701268,0.0402924449693928,0.1148668380373736,0
1262535,0.04563224543446052,0.06829042359321558,0.020871771997813968,0.026127510192542676,0
2343742,0.10357162190679163,0.18252163013795664,0.03592926831372843,0.007660131718473947,0
2520595,0.077212549872049,0.13433957164454813,0.02157318953741233,0.01785403594275616,0
2000304,0.0631832454372562,0.10322262019997386,0.017790407458358647,0.031174065498808398,0
2302578,0.14618698097654687,0.27318704795446036,0.013295333993603541,0.028024284006178152,0
1802885,0.015408006257383438,0.00827677127596771,0.02545334587147555,0.018168084289784593,0
304615,0.15452898979302682,0.23971034406779734,0.023461719517725896,0.1381765095190519,0
304445,0.1235120331129737,0.13957421314908458,0.09463557901421407,0.12667126417083588,0
724050,0.03389782620299242,0.03088045787480098,0.023019627318862864,0.05775854534966534,0
1468023,0.04074574894928449,0.05228060657517297,0.029418748507724513,0.028899105546903243,0
878673,0.08083671017357869,0.1257505158261294,0.03860298874801841,0.0319027781805423,0
1296948,0.03981675749211468,0.05223812065331823,0.02823140839166119,0.02614137323978603,0
896231,0.17261866260885328,0.3053320943739297,0.013449574460711466,0.0795887154183748,0
1821768,0.4610760905215271,0.6710614569583522,0.0624921809206697,0.5339885388307505,1
2313913,0.07818271848506769,0.12831585944912627,0.026370859070109078,0.03056765519735913,0
2140732,0.03973611893375497,0.05440476305325037,0.02954382648153123,0.018352947313352103,0
1695409,0.07917300779237973,0.13304292141810503,0.019850833732376377,0.03348148481807155,0
1159028,0.03722214627408359,0.04592229084069033,0.016946442026422592,0.04588534122905824,0
1100287,0.14748571949166198,0.26229805123206273,0.027959944272126877,0.03974355296996272,0
1903137,0.06270974195825002,0.0808454672847092,0.04032548876549208,0.050946808431239,0
1844564,0.024568533930086407,0.021320654598155353,0.020021220602536378,0.03950920225123908,0
1190995,0.09104405178740091,0.12457194264585081,0.062674908781699,0.04977803914982901,0
1680482,0.026427811331481293,0.02498789900957199,0.021820540951140478,0.03693849770676577,0
2440667,0.18744135755827443,0.34475860909446077,0.01876195057276338,0.04716733919607518,0
761804,0.09473373960638966,0.13139354925943802,0.03802372382407881,0.08814923914723502,0
2084775,0.3598698751779847,0.6087529663650568,0.0643930963385723,0.18087731546942304,1
482055,0.15474422598791346,0.2477625781219822,0.04259304426994433,0.09042511822969529,0
1523387,0.046323783615173,0.056665419904770364,0.02281308506587861,0.0557357407151212,0
1105232,0.0656474118824014,0.09924734108386535,0.037233026264540746,0.02426916730553255,0
2283593,0.05297514805000557,0.08529066298092036,0.016986168255066627,0.026169830415126976,0
1011070,0.04472525194646365,0.037709701502154025,0.030605770889477385,0.0834433496427171,0
676840,0.09290673697552669,0.13076261508295361,0.048114850056880945,0.065454872084928,0
512065,0.0980841143136856,0.15701775043836752,0.03154795807815906,0.050554258355270644,0
756722,0.11839007487892084,0.20293935612166147,0.027648107711185473,0.04312982252367231,0
1995246,0.027593525677772276,0.033934150687604636,0.020091044104842172,0.022995685512586538,0
2763606,0.3630758189530776,0.5839785272687139,0.09136655453709987,0.21838294478795356,1
458190,0.2865974590616285,0.3952905832874527,0.18154921651666125,0.17243701231451875,0
395285,0.1033730468979078,0.13655377445173433,0.015857945885254212,0.15169387953232186,0
2235526,0.038656893768238096,0.046567813167828875,0.018256339349558226,0.049480426897280966,0
1883525,0.026102787246147507,0.01838260249229884,0.024312524265700314,0.04808864360143996,0
2188841,0.04919516966710464,0.05900526675509077,0.03817908276738169,0.04119405729672373,0
1098500,0.03506991669788329,0.043045614383540265,0.021206265529978383,0.03592614923559823,0
2403618,0.061299312173677685,0.08251901392170191,0.026494310010622024,0.06045756104820061,0
2136630,0.09792396371974263,0.17588752655738848,0.03166686984273216,0.002400697441143664,0
597949,0.22868179762766974,0.40334941561280524,0.030738986521512808,0.08892696932406645,0
2754389,0.2933850682244308,0.4806268298876072,0.06293363225690234,0.17095781801778234,1
1936949,0.25317065941926686,0.39343725085916004,0.12246453979260827,0.09856336025952173,0
2510015,0.051172519894837024,0.06558252294550104,0.04639609848438077,0.02231214438386136,0
2172511,0.083472956372774,0.1420213450943848,0.03749126990022084,0.0060745142775767,0
1117777,0.09011242562409764,0.14565232745403855,0.046218854593775616,0.017103027594728454,0
1052455,0.11291601365554764,0.17993032930713349,0.054525119314826315,0.03296656603766507,0
960668,0.03523594757651084,0.027893870347353467,0.026969928109441293,0.06599016985000859,0
2769370,0.28861742065526585,0.48318771604655164,0.01862956608557021,0.207173464031595,0
850924,0.09190964670968475,0.13168331555315294,0.05315178709955548,0.05061226401620823,0
969657,0.03406885323289343,0.03217626455555567,0.022252481608051395,0.05652488236350089,0
1490731,0.028525215067107982,0.026550621590635592,0.03462063727004924,0.024318565453877065,0
2252793,0.21427017575664684,0.35566087917509004,0.06788208654078969,0.08037555103432455,0
1736196,0.07328809001146283,0.10380954584705859,0.05072970133078788,0.030822033443485813,0
2100176,0.056952279809047934,0.09109952548929467,0.01973869630856853,0.02740454085915018,0
293400,0.13228237465295167,0.19590568707291778,0.024476169950896957,0.13493340065611853,0
313831,0.10287334275531498,0.14241473168705365,0.020334223168078324,0.12782854980682326,0
1551667,0.034876291875090705,0.03722037014972479,0.019659196749924217,0.051841738876255206,0
1116687,0.11962002834285418,0.21134984083675912,0.017130445887397778,0.044029870791276474,0
2223126,0.08503674749144974,0.142030558374172,0.025940185746514636,0.03119706290204674,0
413846,0.22783641890986697,0.3788213626018049,0.01637319137395012,0.16756890098389754,0
1858440,0.1540152707109497,0.2771935867518679,0.015853697093101356,0.0533118410354268,0
729866,0.05382794502691694,0.06735292919617375,0.02376825323516359,0.06510502229140494,0
1224830,0.15359250503844807,0.2195849149832083,0.06004556464759368,0.12893189076282904,0
2694209,0.18897077103042678,0.3357769597052471,0.014883780655270622,0.08308578490611024,0
54561,0.13652107141487,0.19563405869405748,0.029002385718871312,0.15001663176089927,0
1836704,0.07191168395713309,0.10659642461513719,0.029098923148791676,0.049418973524634945,0
1821262,0.2930007859190661,0.5090751480520315,0.014827754999038137,0.17007442696669442,1
128853,0.29787583729195605,0.5088956681823948,0.014231742727671545,0.19579240191228595,1
2061966,0.1365807500700144,0.23744832191617726,0.021468976829214084,0.05707948031580789,0
1645688,0.05188919157200717,0.05329137120070482,0.0625952400003394,0.03232466985776469,0
2588470,0.08648932507627424,0.11751208939298696,0.05353389668375271,0.05836555687327472,0
41922,0.2169998450878377,0.36159078225504815,0.03112884817992853,0.13432899753167535,0
1677436,0.04751352334334634,0.0728814074557339,0.017350942101303418,0.029337684925441816,0
1832902,0.026282201039807343,0.022358014538951476,0.02485118306556183,0.03823919425331528,0
1409981,0.058204926092265255,0.08488819249557744,0.029106099865153192,0.035144999424652906,0
2265322,0.4299012300350081,0.5408741531285701,0.4338824551651672,0.14649708460586425,1
1619541,0.07019380194452568,0.11578345649906507,0.0368914447689048,0.006173201321608505,0
431379,0.16885815380161845,0.237939555737541,0.06074854338736753,0.15831906458318845,0
2382722,0.05202839850346204,0.06359198737125948,0.031101786191510456,0.05450934480189581,0
2141093,0.03824903913059249,0.057418447606125356,0.017738620622863577,0.02109114570335369,0
1177985,0.05171498894648033,0.07174946898070511,0.01927437164212356,0.0502897148174535,0
290353,0.11541152302409918,0.16043211618380082,0.030432848332672142,0.13032805216198565,0
2186349,0.03374854447606733,0.04002005967160527,0.025666484558334104,0.030192846363822332,0
638637,0.14831494848102184,0.239280490880468,0.035542020672891604,0.09006048419460178,0
2551392,0.10002305692266933,0.16315906921057888,0.042574295486013325,0.02835616835787941,0
2050945,0.15747700011957622,0.2741098659661644,0.01875969788588032,0.07397078885364969,0
1622010,0.026788235967897246,0.035521817511807274,0.015835563101710772,0.02138329140740188,0
102091,0.26947923242736804,0.46540719891757,0.023646030590375698,0.14840911895735173,0
2251987,0.09519968442011591,0.16226343874449967,0.017722349389200576,0.043756301155529476,0
1136812,0.11984972138083932,0.20553033189911474,0.02510378008846265,0.04776710702371577,0
2048458,0.1410782829068075,0.23775222144973918,0.03603357684011197,0.0569604956495215,0
569272,0.07246821626922766,0.09140151060360502,0.03288907343314639,0.08450369468740615,0
402184,0.14015542590865981,0.16703678332474736,0.07817613509423951,0.16592096859007144,0
372862,0.10206370463087888,0.1258101114185407,0.03260195374405178,0.14689031399196503,0
165603,0.24007340791519136,0.3986541178342985,0.022965590610030576,0.16928335907516467,0
730735,0.03958286532684809,0.04068172568568085,0.025195879352448436,0.05841619339136568,0
77939,0.12311688251349559,0.1689458369031932,0.03294612909880122,0.1438006266612931,0
79517,0.11552627971366344,0.15651664962843082,0.0258155140794176,0.14761650337811377,0
1772333,0.06915792095892195,0.10575206638946821,0.03469707692963917,0.029363823426480532,0
1944121,0.29104530865586,0.5155100984168742,0.023824157641674087,0.13071506077460313,1
2435379,0.12153954817413654,0.18401406110916696,0.0710346722488169,0.04111057972453992,0
408941,0.1816694990391161,0.2830989674063995,0.03822307601631101,0.1432654626551152,0
332622,0.1403530863278218,0.20791291787699695,0.02789657573850512,0.140138273338859,0
198239,0.133245370081601,0.17882553317240002,0.022778260342216722,0.1849956269636799,0
1405791,0.05682550491442645,0.08202966335574358,0.02974642956848058,0.03443372183005241,0
1692802,0.028489416354300336,0.025723334552122834,0.015455965306868998,0.05495479743089111,0
1022986,0.06814450003677712,0.08737953666803766,0.024772361764753236,0.08511511586666157,0
28554,0.17316669174341887,0.24806992211089784,0.05922979554941502,0.15681396011572707,0
1389925,0.0884416386718494,0.10945009494896718,0.05236325194993502,0.09003807806192653,0
1040237,0.1395490409182866,0.18877018804661017,0.07375181136658181,0.11519201742503485,0
2266507,0.081504872535036,0.1182347769501092,0.05238731809149513,0.03335644316266432,0
2685291,0.22705370616292092,0.39993704514743034,0.025255458199265318,0.09754273064713079,0
1979852,0.085286546104022,0.15574121992599688,0.023882540607407195,0.001255869794007039,0
2444821,0.06689073302510548,0.11661450945365681,0.009323781637428153,0.028931719035243143,0
2276761,0.0592612146254175,0.09022239235095941,0.0275307015827128,0.029454039875619783,0
1714885,0.2805766806224808,0.48477451799447324,0.049711677328127854,0.1163795921340292,0
1393648,0.12767165142228956,0.17069973855922171,0.07718973762846568,0.09582430427069505,0
2180455,0.03738076270777837,0.049284964213774485,0.02352536426678643,0.02840335660427596,0
2286700,0.14879190099795855,0.26057467043859417,0.03001791132046091,0.04749596191261598,0
1492034,0.11289569883690127,0.20023487290828523,0.036721602842504496,0.008808907650036547,0
1273191,0.1595706734872426,0.2757362672642141,0.033694445156545634,0.057971031540859384,0
2015669,0.02303702300941524,0.01879354890747853,0.02289288901113545,0.0338619092616767,0
2224928,0.14090318770480453,0.24888929625710465,0.016968483740485346,0.056839972270533,0
519086,0.06814654233285118,0.0969624535715703,0.027875989393750904,0.05651259364470381,0
216776,0.2635570005012943,0.43311254133070964,0.027193674705609874,0.1942131371212826,0
929002,0.0436228518133303,0.04477606766248188,0.03520405852006359,0.053368002130351436,0
184581,0.12467537545447611,0.16491615058474463,0.03028453398279428,0.16565969983632758,0
1938458,0.04300846576244532,0.06149034541183829,0.02503655568964726,0.02376163174816,0
2266775,0.37358277203595924,0.43552838527342985,0.4644029930290363,0.08248840745266704,1
532336,0.1719605573813765,0.30584678155756007,0.031847171638472574,0.0474150755552735,0
1069053,0.1392834394951395,0.24120693048321085,0.03333991839188602,0.04338999367984131,0
1425843,0.04477612591375722,0.06703885136632182,0.02271308163149147,0.022213878705744358,0
2520086,0.15860907354846945,0.26845103239991397,0.0503162075603157,0.046443475402088846,0
2581051,0.0979012122713642,0.1631392287687674,0.029317513573967,0.03768171907395191,0
805214,0.22407760765475151,0.38071790451751164,0.026330190699163647,0.12909799093123298,0
203192,0.12446516608353828,0.159005593073145,0.02778462083874755,0.18313491647670754,0
1641591,0.09564680604224662,0.17258161451821008,0.028006300600896268,0.00477054301436352,0
96809,0.2516144831974704,0.4075184333012901,0.06578307881881831,0.14060171450589923,0
990492,0.04600323467986313,0.04065533168596325,0.036065438018202514,0.07427968715710376,0
2617135,0.1423385404701615,0.17894555736344042,0.15354055785263496,0.03401797216325402,0
2472621,0.053779667212050665,0.0775563940862326,0.033102938219033144,0.025352943516122082,0
1809857,0.02397058867373018,0.020833311044164637,0.028633732570287743,0.024819066902807708,0
1601522,0.04113379258867013,0.05580682072641052,0.02794648581848807,0.024232182399592243,0
1194391,0.054092809562796836,0.060384182959819066,0.03813017318811009,0.06230833063227137,0
1620647,0.042696330169747866,0.06640600352557202,0.023871630533231446,0.011659196234962112,0
455985,0.22727030648433655,0.28828807039735005,0.17331649370801222,0.1556566158662893,0
1024084,0.06258757823624862,0.0709042817296498,0.026546722082796976,0.09585710373292315,0
1344785,0.043340721613026864,0.043756560482190565,0.03387423661928586,0.05650085193072911,0
1497194,0.015946892716392862,0.007213505982811008,0.017890374291915822,0.03486513718706306,0
707882,0.05552930412323733,0.07359161479081266,0.02119172258653268,0.06187989975935596,0
102159,0.11309128451769995,0.15074187183617693,0.028233612452350332,0.14625132431953192,0
2189739,0.03461355077636898,0.04723609321450872,0.01841437878798446,0.0273559526635964,0
1986158,0.05916741179252403,0.10452501402236059,0.018100849672198008,0.007373249398421685,0
2051297,0.03563596437292167,0.036132041868278564,0.023259727620258647,0.05296012576352396,0
1758523,0.03682132130888907,0.050927246700731454,0.025154138850977677,0.01905728151615022,0
1025666,0.07663029329995116,0.1053566513404075,0.02897335647897081,0.07629980343028087,0
2411469,0.08377175454279462,0.12196583025739627,0.04193516516013105,0.05104144933028582,0
757523,0.036991556941982154,0.0326566855889191,0.02436407467492644,0.06676995872522336,0
1097529,0.04088223689117824,0.06256310724885206,0.01273412436776531,0.028902229782113077,0
206566,0.11666159060126696,0.14795851108567226,0.02259436988555978,0.1795201204638145,0
1686796,0.03270153701003277,0.025783160056718768,0.03236088337291477,0.05050845984899476,0
1037881,0.2773073758200454,0.44346201682050534,0.09556495800798714,0.13453440003698286,0
1494283,0.033369580056388064,0.036979100363330186,0.02609100466791176,0.0352636423717472,0
1140912,0.03264632337047387,0.03218462775511077,0.027909158664404708,0.04090630946798537,0
2338212,0.05778545249000829,0.0873497569330346,0.026281083319537282,0.03113124513814905,0
1233199,0.10690276373698877,0.17185095137693884,0.04064482152725005,0.04391920795172172,0
2199576,0.13883219616808712,0.2291473637970992,0.049257542239858725,0.04740625798789956,0
2047948,0.054998728589091106,0.0815906057079715,0.022310596974852923,0.0375512332132474,0
930704,0.043781835900877177,0.0517038671862341,0.029733756106748912,0.045048877378677264,0
2293461,0.05027963634535612,0.07254296883239542,0.03064441044273478,0.02407414398168991,0
1729603,0.43132170082956656,0.5583023896490849,0.3970829878562857,0.16522804824069207,1
310626,0.253390929923463,0.42466054939327125,0.03322439641331268,0.15546668151416781,0
2020660,0.04225751975944333,0.046993664041752536,0.04554508601815315,0.025485809665605586,0
2242178,0.05975103529395796,0.07494049160530314,0.03455971122906385,0.05956438061293617,0
1995951,0.197875176344612,0.35333362177929784,0.019800021774338525,0.0763417946133076,0
100215,0.1081937354887223,0.14345657982817617,0.0200521636670859,0.15224898237254222,0
1588655,0.1729297591674633,0.3046429072070125,0.03051222584082396,0.05727318905854947,0
1096433,0.06344332096636984,0.07865505539740891,0.05108106657630169,0.04395736647387439,0
166503,0.2575116221011687,0.42969226690276197,0.013935382035466171,0.1924243701957393,0
827853,0.18584165607315936,0.28490689469834507,0.0814906526724314,0.09470506461128708,0
2441418,0.28987986378723846,0.5264950104136199,0.017918913132201047,0.10628342320384099,0
2300360,0.07731393064824736,0.1263997138162618,0.026530374267880002,0.030774807298762287,0
1910760,0.22391960093763819,0.38047380191748603,0.04822011737356834,0.09608332383412332,0
1338071,0.04397139832308286,0.04904532258665917,0.034678615957121246,0.04522576121308451,0
787574,0.04762353591212179,0.04299322836523778,0.031034978893627604,0.08408214030707307,0
409998,0.1960972873350792,0.31133962145356975,0.039436731347860604,0.1429822860196807,0
1056106,0.21845765740059858,0.382446078022465,0.03144682304523283,0.08900285737898117,0
1347379,0.06392116441685891,0.06354363162500043,0.07496697464141405,0.04829628105967241,0
1862016,0.11537167938488241,0.19374793378905042,0.029097508844513443,0.04884229918501587,0
2123325,0.18645423154391663,0.3325807428879908,0.018800992925006654,0.07261781111209623,0
16210,0.24390700333401827,0.4131830296520611,0.030671519072936373,0.14057016393053404,0
973379,0.04875775207517359,0.054882544600843075,0.02976639698701139,0.06193280339324318,0
2301790,0.07936892090531238,0.1393515598490498,0.02615935648705551,0.009226670173354126,0
560317,0.06823693608311654,0.08763071908168496,0.029398955142841045,0.07800944999710875,0
80331,0.11625679805435533,0.15651664962843082,0.028314972786820505,0.14751990702046885,0
107455,0.11342510286997702,0.14804558641722765,0.02836089091280557,0.15447021193760763,0
67309,0.13273433622191402,0.1810066238863115,0.0462928704287435,0.1417158157506761,0
299150,0.1270358149079549,0.1868956284818999,0.022433278299043548,0.13429008588645946,0
2272158,0.0894467912395526,0.15587361864674376,0.02571125099595798,0.01898303308696662,0
969652,0.1606945195317245,0.26166635687005635,0.03985022090535139,0.08953137412545455,0
1382432,0.055269961734426054,0.06908088238793819,0.01372190365476745,0.08306474722013359,0
987778,0.13037644804041823,0.22443071615895094,0.009642338756278313,0.07634194167029636,0
1712221,0.04880692147980256,0.0639314640391675,0.015345684156139665,0.061187421066884566,0
1391287,0.08366410734506077,0.10644593006645131,0.047151912689980535,0.08147784252420476,0
373982,0.11787736331272064,0.13484776107972785,0.06962058267361922,0.14783653985385473,0
2447394,0.06593005608735367,0.11492610337219888,0.008550248638546008,0.029509649048452085,0
895702,0.04772819747457335,0.06239799495479925,0.02805280010033462,0.04056679983536671,0
1935250,0.12370559871850807,0.23240552253795344,0.016658393763253575,0.01252659660277643,0
546883,0.20343540972626578,0.34752400184119603,0.02965360845598413,0.10388663134436263,0
1911770,0.13155294922418395,0.156392259920627,0.12010576314550507,0.0866254516010947,0
1191865,0.16907036232341233,0.29071859791799604,0.01668561883702292,0.09352688856653721,0
44094,0.13265282648874532,0.19724172453298505,0.01680320820015095,0.1449550088110376,0
1823696,0.0363892762493902,0.047560332941615546,0.019528976923549192,0.033752083507588376,0
237198,0.15888834723270656,0.2277900685987736,0.019551095868930092,0.19563992086320375,0
1717534,0.044347933765561745,0.04902570147889984,0.01938068653713045,0.07010438532486343,0
1169247,0.034074035736304395,0.032471246073020765,0.01647899540436922,0.06447357039241622,0
2158872,0.08437205755953478,0.1496468049089218,0.008403303865948794,0.03513831972644616,0
499846,0.1261681667190141,0.2168449500048757,0.027288450867320294,0.04779578228190081,0
510638,0.05445597471625942,0.06505807475400316,0.027690783960227974,0.06809851075594725,0
2188416,0.1781123266851999,0.3190942187073391,0.005782339380163478,0.08415257758740648,0
361143,0.22655251047155198,0.36496346973360816,0.06553459069840324,0.12205199197613467,0
1401639,0.06561653070181844,0.0999544373104222,0.02945175613364897,0.03401892603256324,0
2552829,0.06155557945450807,0.08732303780118766,0.025296450950422093,0.05152562634393804,0
708909,0.07168246718931703,0.11286130207499867,0.024060540744478665,0.04016826964237055,0
56107,0.19811394498624266,0.3104364512042772,0.055000111696312255,0.13197842937605184,0
1015494,0.20596685953742544,0.3442625318768334,0.037500547628830413,0.1129271465517981,0
581094,0.07471819803100072,0.10636347362580878,0.02313742536662966,0.07297616804053708,0
1346694,0.04663329130107209,0.05362287020370349,0.035642857725607026,0.04564499440769117,0
862701,0.11004897678893011,0.17087574949058182,0.041824196439837966,0.060319215558439096,0
2399989,0.07005982966658303,0.10383521019023068,0.024750770568658063,0.053584967004351405,0
1248620,0.05565025976468829,0.08222282567478068,0.026822509480075914,0.03246047041637591,0
447120,0.22655028123189092,0.3360635319536739,0.06678431898541741,0.19241609779714372,0
2026355,0.12470918566926384,0.2129080277876524,0.03442232233450265,0.039642375375434184,0
1238860,0.14668167153535644,0.24295142642858292,0.04906357317366089,0.05243443184483358,0
1142903,0.04722982414776674,0.05923839684413357,0.03275800782284102,0.03891611689423824,0
454354,0.3541573652122008,0.5880505078300549,0.06708476086150515,0.20003341519360918,1
345009,0.11942991731963486,0.15184848171417542,0.05474323698115947,0.1354135268409965,0
1496500,0.02661000620027472,0.027317771861844364,0.02302417139186555,0.030219344258964366,0
2421621,0.1476329113928306,0.22970447564927765,0.04864190144884021,0.09094051566769856,0
1373896,0.09397467407496474,0.144852514691442,0.03637757415069631,0.05317572242017418,0
159171,0.11518099801818583,0.15098007638019817,0.02495254300573404,0.1610259846318327,0
164178,0.12453211484328452,0.16856978378921328,0.02970060586887674,0.15668520594007426,0
1337991,0.04582338633193102,0.05243274285488175,0.03527870273980462,0.04511702041274377,0
303294,0.2103496913131102,0.3414890946220255,0.030864290809843677,0.15172928379572181,0
2373205,0.04286035292352743,0.05515203936876922,0.021434521882567704,0.044269883371862544,0
1839338,0.02234288586593654,0.011311231314713455,0.03463255602671319,0.03148751700282929,0
1093879,0.03575774613410818,0.04122104538119875,0.027621565083130198,0.03430376959284874,0
1133566,0.11614628898185544,0.200456562953232,0.02123787277789868,0.04773322835934922,0
1926802,0.1850992793513559,0.3267671148448602,0.021714941762889316,0.07600619700029493,0
2115499,0.11698740019049095,0.19540153666903126,0.03924041525828008,0.03757253639245643,0
2044565,0.10700067094808675,0.16641947182303107,0.03969835027364309,0.05940714977239143,0
118692,0.14577252519596112,0.2116978961889181,0.02483635215036165,0.16236335728196793,0
1717194,0.04158407154548758,0.03621306076235298,0.03249964667544549,0.06863823580838722,0
573016,0.14855378921828666,0.22780748141633034,0.07868634422449541,0.05522072621386426,0
1904976,0.04382351435226781,0.050508216522298977,0.017105826689995905,0.06718829042059776,0
1824099,0.13108455509071484,0.22261166766455687,0.03078565895008816,0.052715117867049785,0
2345400,0.053774893864342685,0.06824940417656167,0.05015441803730498,0.023019331824351758,0
999250,0.04502445049354391,0.04266262560762846,0.02291547880902597,0.08409247023510946,0
2391736,0.04796407302106308,0.06027354473835511,0.028111245472871343,0.04696963505012058,0
736730,0.08477175534644002,0.1345534347280053,0.02920521560562627,0.043667366503747404,0
2408715,0.06609114451107831,0.0856812424243032,0.03435436828514573,0.06472106406691501,0
1519928,0.05998422058477891,0.08702419381015847,0.038762437234868274,0.024216962546195958,0
2003343,0.04926774925712318,0.06496126485360731,0.043215322567345935,0.019112600300578757,0
603737,0.06316748593847014,0.07100084975906362,0.029667587679926825,0.09383392377480139,0
731288,0.29801733525846064,0.4039759838345287,0.10656278371299308,0.3203025411364918,1
2289002,0.19657729447230435,0.3494907267520243,0.02043418265505099,0.07850838149888448,0
1213753,0.063405689553018,0.08524024393289087,0.017506907812513746,0.07766747621409215,0
1082510,0.13239471948122042,0.23308620448217987,0.02386487323186992,0.04346077635284755,0
2224083,0.055792728806417585,0.06500187819114223,0.039423694757411885,0.057323406418114516,0
561905,0.0576521520369452,0.06606445971690189,0.033500987341232524,0.07284812988062249,0
678397,0.10779710148025677,0.17537669580064308,0.03898182282735731,0.042071033658640164,0
2101182,0.06318956442252545,0.0985393030955235,0.03183431949655042,0.021848085128992823,0
1466891,0.0593362590294334,0.07826008731181999,0.04621063405807627,0.03171512578050261,0
1190732,0.06605657750620364,0.09051327484576432,0.014741653941420624,0.08188721950447646,0
1612476,0.10814527983501751,0.20024592666280272,0.02486051672727443,0.002820807427169121,0
2188875,0.1929424525130759,0.3547333577957624,0.028618293383474415,0.03495142800076185,0
210889,0.12442604518141565,0.15985039628708542,0.02629879497790775,0.1830560427225031,0
1679400,0.045478327695785324,0.03493955469931764,0.059133012501342494,0.05134323297861878,0
2699911,0.2053421379073917,0.35377286486809645,0.026429516377841748,0.10263425279995474,0
447803,0.21143639134505537,0.32056800955292497,0.0443299541700056,0.18926700158795612,0
1339059,0.039362485681985186,0.04035916290774333,0.02554829093035939,0.05759208474502851,0
1664596,0.027434059014542843,0.026343564555368126,0.02007569808139241,0.04119783656220526,0
2206154,0.045297299878875166,0.05311711869191604,0.031498713510806214,0.046445632398376416,0
1772393,0.02767829073178491,0.03517657199084134,0.022954093370728956,0.016018883625727766,0
843708,0.13772167509615804,0.19442225816859238,0.048159673052492066,0.13031322048057117,0
2283079,0.052868548176186504,0.08430639688081398,0.018325198721605748,0.02608895059648893,0
2430240,0.12161206963985459,0.20434686753964248,0.03498795903381662,0.044711240799441845,0
1867254,0.09030824332730726,0.15294121409045547,0.03193046070275438,0.021292490356266028,0
225527,0.20561281785692515,0.3272013112108182,0.02391917076038319,0.1741820551170055,0
1464848,0.09525377202829795,0.16720809957451732,0.03595159632775483,0.004321216713564142,0
2114366,0.15522404565101236,0.28108951790346204,0.02981414407193918,0.028675217388498018,0
2607560,0.2827666403096779,0.45931053248558695,0.09850818710530103,0.11779458967647051,0
2720861,0.21075369453596113,0.35411431378970215,0.03228007127621107,0.12006258129123373,0
1181471,0.03849571110223392,0.0370298314784866,0.02725518723731249,0.05902119595898435,0
2686994,0.3787171921619027,0.6564892275932153,0.07750287073834627,0.13610858571895587,1
1210491,0.0558966362293731,0.06492615793627066,0.020843602830403863,0.08590238206058311,0
19359,0.16013055087566408,0.24498533602931183,0.022370533035203588,0.15463361475223553,0
2073503,0.06503381953425347,0.08725500786628049,0.02599528444132671,0.06803865134357602,0
2714550,0.30786528991015133,0.5500226789864535,0.03825336458140923,0.10688970521250889,1
754785,0.1443838019654609,0.24281611695032168,0.026883797263151942,0.07455302155677247,0
1291319,0.03150015035048696,0.0376356700217797,0.021256878399978474,0.03152625909801783,0
1215813,0.13771531622565872,0.20452976296657832,0.06782213107762498,0.07551897709541032,0
139656,0.12036659900007456,0.1616555963516555,0.0244426482853971,0.16103003169313837,0
566229,0.05486819543542982,0.0641305820413508,0.026335818172025443,0.0745107948157339,0
65821,0.18352334053824346,0.28470605445014285,0.03043044831979185,0.16020589408617233,0
1097778,0.040140958041891994,0.05317567728691719,0.020697292349632367,0.03671965846771845,0
505598,0.22528586731063815,0.37988045706543694,0.04626433733301604,0.10733168789007426,0
431931,0.24470503850441885,0.40932405264154814,0.014576428624377531,0.17835041798165768,0
1549689,0.0582381327103843,0.08318827998550538,0.028441055016428185,0.04055838106351575,0
2680352,0.15988375430883525,0.2788300092212187,0.009533368364117393,0.08804369594495345,0
1893883,0.04305665988862479,0.04406329131187847,0.025839902527184613,0.06636521737265084,0
1473414,0.026072528727964766,0.024410373744569114,0.027217145743638635,0.0285109906629431,0
154902,0.11421852765445256,0.1453137012175879,0.03019093427374873,0.16252198381766997,0
1072053,0.13885034119118927,0.2483948956655636,0.01982619020195427,0.0435251814891059,0
666429,0.09062278743036148,0.13904129983884705,0.03223459184105849,0.05715879979310198,0
458102,0.438982223437146,0.7382009445298872,0.08332274044147218,0.22442464519880373,1
556351,0.21262480025005517,0.36462549777182107,0.03077365597462656,0.1053997728587834,0
1720429,0.11303891083675628,0.16821563017211516,0.03663851403894553,0.08969770769507521,0
2696318,0.21970996160508144,0.3942240990076449,0.021368120285983245,0.08093738007732008,0
2437627,0.18114456829938386,0.33616709564086666,0.013673634012486476,0.044794651376022926,0
367189,0.10168943155270335,0.13749656793530884,0.011462366345373134,0.1475121884071849,0
2397245,0.08937371647467242,0.1504276046471753,0.02478858827525693,0.03361668834253846,0
2148886,0.0786678385688229,0.14097838508340077,0.004340139086039155,0.034383021506553785,0
1241589,0.07065415778985511,0.1156927711606075,0.023623025012048642,0.028604323529683808,0
727907,0.04129337221024448,0.04272698332472036,0.025251109173050807,0.06177273897984532,0
1252383,0.25921012667358306,0.47627024740536816,0.03998740774434179,0.045393903237982106,0
754781,0.14200516353777262,0.23222198329407961,0.03904986575046209,0.07089606082797092,0
2192646,0.09914428167852037,0.17662894039924448,0.026098898173839924,0.015000710133730747,0
1762323,0.10550790600713851,0.19716212258250743,0.020353446439705526,0.004104053919865707,0
2602615,0.11436505023029439,0.17179648378119405,0.04242548318062583,0.07869581692754808,0
1866391,0.0503109677388303,0.06522386337093522,0.02373541909917001,0.05289205161805843,0
55272,0.15717124395267776,0.24462801768549225,0.024650477063907467,0.1373104599537969,0
2034847,0.05974414101937396,0.08682489718372677,0.02016541975247368,0.051410332508842374,0
1426666,0.0391375676998074,0.05639162727335556,0.019494717116870456,0.025466694640342402,0
1444880,0.03540654131593747,0.04552402313729975,0.022141707231469524,0.030010087889233705,0
1329255,0.041414251204798885,0.029070793357581226,0.05992002106763941,0.044514241028582244,0
1949766,0.06260717474577322,0.10044315618916433,0.03381520294181769,0.011205178843228797,0
2254170,0.08901305408037788,0.12416652650317128,0.04081975744415509,0.07341931797772859,0
769318,0.16295746833146335,0.2652429770238316,0.05951859906604685,0.062402000498667454,0
2048578,0.033402416460386095,0.03172885382930679,0.025937067031334197,0.04878434718166221,0
668477,0.12189168770443634,0.19455326368893144,0.032674691089320196,0.07406324266587277,0
430666,0.15027395403239724,0.21238810957105458,0.027303856350889236,0.1794437117080159,0
1552775,0.08047739454010319,0.13013535535936716,0.02682059191379189,0.03681769643141022,0
1430410,0.035820064796759137,0.047218369908661684,0.022561885208705057,0.027211571399083877,0
509244,0.054610063633224896,0.06929619153354838,0.02439230322642675,0.0632213844926134,0
582550,0.21292304595477624,0.3564618489088017,0.03875884891509596,0.11532233412923287,0
654735,0.2732510472568935,0.4566234662075338,0.0666480306151136,0.12472452484296243,0
1551959,0.045274146522828705,0.06500199720659927,0.01215553549247825,0.04563243635892797,0
1266583,0.04742420575791338,0.06209632887543548,0.03293975103711564,0.03247058004530474,0
2107162,0.05423181855614231,0.06938722254471608,0.04848496879126842,0.024963583232018707,0
1176171,0.10202224013950398,0.15217619251693704,0.03266870070867883,0.08066766834215904,0
1970440,0.02770106504540973,0.03758969553572611,0.017788338784989068,0.017848578210249787,0
2740247,0.24728102407444472,0.4204592821026837,0.02255205500809614,0.15142883260337006,0
2149473,0.051399618650602844,0.08015845255722298,0.03121486989869576,0.009779657011913096,0
1917994,0.3595204679988704,0.44439474863963935,0.36279339914827613,0.14242536967283953,1
940231,0.029918585800807723,0.025419873504595403,0.018869342286093188,0.057739231813410334,0
284157,0.20310905852212865,0.3201659776874852,0.046414161052442234,0.14550910681326693,0
2030320,0.14271452761203554,0.24029421217086766,0.023864427849788972,0.07704046585832516,0
868512,0.06691522827171952,0.09843689836146496,0.03507899374179531,0.03586540484224223,0
613684,0.09512143261513718,0.12497654972753336,0.048380578706542825,0.09059492069703827,0
2476022,0.06497969019537936,0.10365207203144633,0.02431430217455764,0.029296817636444518,0
1645443,0.01895353399655099,0.009446449218183717,0.030457851979494775,0.0254647689680535,0
1504332,0.029057510312221046,0.024305059510222993,0.03784932013804631,0.02775092257847828,0
221912,0.20880464369361218,0.3347413315055783,0.021834838731416936,0.17441763160698978,0
43742,0.15998625078065462,0.24908762855157307,0.028090292680486354,0.13507674350361082,0
1810784,0.03446633314586286,0.037960524129406314,0.033040495034242126,0.027869612854435295,0
828500,0.07175672997850605,0.08654867120097198,0.02218351524939752,0.109136699016004,0
2120616,0.08545316458491223,0.15090758528071635,0.028017535035396644,0.007970557169675317,0
1520532,0.027999519607247565,0.024565724469800876,0.02656556714560314,0.03873493614333094,0
2464239,0.06531879759695777,0.0959590040113758,0.03856504785315,0.028848906176624344,0
547534,0.2126701825489385,0.3603333182647066,0.0373263548156673,0.10652808485942498,0
1599216,0.10575412765591227,0.17952196877801296,0.02837141670349926,0.037408591279280055,0
2212839,0.036428264291697376,0.04114643378101335,0.02591450206321026,0.04040348391113811,0
1381725,0.05901713099142618,0.05314102440300983,0.05873780496256764,0.0741263865057549,0
721532,0.0507796517104884,0.06160364948820296,0.034196262580119,0.04859474096175611,0
1376126,0.0526515351540046,0.064376236157348,0.020517165314797973,0.07154133740445605,0
2729786,0.2595614139456962,0.4495787321767786,0.03696754387802154,0.1184089234695021,0
2592365,0.18555110617480552,0.32679639131959937,0.0242182752415967,0.07443713971263428,0
2353779,0.11013623060097225,0.20220704474108875,0.021981909958807756,0.01219067621392775,0
916488,0.031318092822836666,0.03181908820544621,0.02157185971685647,0.044684954025283094,0
459281,0.37305812188395293,0.6281740219262005,0.062101068002913054,0.20170395259989354,1
326373,0.22697738961870384,0.37925083272858406,0.03482337348179886,0.13452480604936068,0
1880947,0.022289691625542448,0.012819492534468013,0.01924936660621327,0.050525676882222294,0
144026,0.2169686001669753,0.33989322674375533,0.06278073922148755,0.14093882514325679,0
1699647,0.06269388511686652,0.08882432198135459,0.0360875286956339,0.037277327587495246,0
2510673,0.09274080897768772,0.13557237537213773,0.05805548457748411,0.03768987959186807,0
2585952,0.1481530760904564,0.2455107978799148,0.050591220054201386,0.05110155567119283,0
348661,0.12008860475993738,0.16082127845196448,0.03989854596199192,0.13854200872678776,0
474540,0.10730131883777906,0.1559369078906876,0.0533824155483226,0.06659070113969245,0
973879,0.03593635018334805,0.026550452088210164,0.029820769259624166,0.06857446680677859,0
2545235,0.12048714875415821,0.20440608579463748,0.044542654570234326,0.024606547428845875,0
349544,0.11418223450932731,0.13728835238708814,0.05814125740717335,0.14047840546815618,0
543587,0.06093633950852577,0.06779989075454085,0.046950607896062736,0.06475605881218262,0
867089,0.18916117054288661,0.31601162564248175,0.05245841773384509,0.07708916200746112,0
488987,0.07964408250656431,0.10897915034910965,0.039417123950476717,0.06664685073433237,0
1325658,0.1349709556427582,0.23841633224874903,0.017534526658905848,0.05251215760355973,0
624310,0.06829620288745489,0.0794863335709457,0.02480119021654617,0.10556339518509096,0
1037668,0.15451620431303187,0.21725799551675118,0.0835235359497531,0.1041507288486518,0
2692902,0.19357956590272668,0.3379555882783404,0.025268372436619252,0.08510630016285359,0
2636237,0.44036126683117427,0.6896947983978059,0.2337554362703041,0.12693618375590046,1
634729,0.18293605309866803,0.30340385408474224,0.02476279804255142,0.11902643321765745,0
746494,0.04130812643405136,0.03794829846118508,0.032718068674356275,0.06259278300575966,0
1322636,0.05074908830110454,0.07696220945396837,0.022401452879415345,0.027737738551478746,0
1809574,0.021308706511574623,0.017055791155508815,0.02865645311317914,0.020919374999332375,0
2406914,0.21398567846856748,0.35224927485706226,0.06576632183596551,0.09065572244623336,0
1266767,0.04479169718562776,0.06829042359321558,0.018002820520698674,0.026228196164051847,0
476886,0.07592009958923569,0.11034928505906072,0.02018223780190732,0.0734539285956657,0
925060,0.07062314742126835,0.10243951094382953,0.02463444281672254,0.06006529552168413,0
2418013,0.12039341361244611,0.17742600448168333,0.06047507912297913,0.06768943817355354,0
2051124,0.048788887635241765,0.05185876793994704,0.03936101047652516,0.05525600261155349,0
921498,0.03783961614217697,0.0402074172857495,0.02604497915348466,0.04961206876628411,0
2389112,0.04056070800715994,0.05346024952692108,0.014004858335617893,0.04814562871507015,0
1818175,0.0660594088650108,0.10452016539905451,0.04149408331371361,0.006755505856847349,0
898281,0.044670276967734096,0.047856892779331583,0.036837097891646,0.048453506052872505,0
2146713,0.03724681557786573,0.05173566312146072,0.02414698636452911,0.020674440538883204,0
2175572,0.09199300586253825,0.13654395749036707,0.05139689356267099,0.041509795242767086,0
2405362,0.09770932483848753,0.15575670087563875,0.03548662060006587,0.045924941103241954,0
1817684,0.021158681770718432,0.021143797141198295,0.02322782382130219,0.018092180268643145,0
2419535,0.11503263844890191,0.17466627451656525,0.04583712801490641,0.06974181393073683,0
2620072,0.20130466451542606,0.3354226834517613,0.07566009211475173,0.05447647577559947,0
1851724,0.03213496849224824,0.03733522812322676,0.023639774057115474,0.03187711106750109,0
2009001,0.14111542920453973,0.24215227443392984,0.03625486600614874,0.0458141609286509,0
556566,0.20344884765748142,0.35498132965726703,0.03909419015081692,0.07114962891801409,0
2173277,0.04668041308676926,0.06820162797994578,0.020209440786515185,0.03258383430420911,0
1099658,0.03603787275859926,0.04306308638146361,0.023053694954505963,0.037951105407578324,0
1620506,0.047343805614964485,0.058556627596205835,0.043330904356927415,0.025331102548916726,0
671626,0.06459637371544585,0.08829622463246556,0.029323840990491526,0.05825554551032808,0
626685,0.2677928959691286,0.4577973562343822,0.03550068733827695,0.1412200582522719,0
897763,0.04377028119614307,0.053137053818184565,0.025401818638674255,0.04790604347724254,0
1923439,0.08414173688579527,0.13469176556501217,0.0330508739796257,0.03440295954700735,0
1661514,0.021570793501585105,0.021742660427225058,0.01572546860373167,0.02990911353426536,0
2022413,0.14714346280719387,0.2478484228110932,0.05147756507707266,0.03887990939262725,0
43850,0.18251303964665855,0.2877744190020034,0.022210516617624698,0.15981337580184715,0
2429147,0.2370623090330317,0.4208444360981255,0.05870278551488302,0.045146276647520064,0
656515,0.15891017465898183,0.23211367873626976,0.05411466570067242,0.13309467790322602,0
508794,0.09715881483758664,0.14304213374100883,0.03396763625136242,0.0772372854583675,0
2561376,0.14616354673539764,0.26131932815694636,0.017840682677595518,0.05075838926822893,0
272897,0.2109267552238255,0.36292627817414014,0.020403667395000696,0.11671257959127618,0
1131551,0.07340008146872813,0.12186534890238365,0.02472730465980986,0.02524607809796671,0
743709,0.03418046497696545,0.02992535215855452,0.024580432360945488,0.0592182959470227,0
217285,0.11824289953116467,0.15240555940569323,0.02251621393874503,0.17642627823347273,0
2264148,0.24298807588141788,0.4058821341088529,0.028305156199893364,0.15777730983511717,0
2507219,0.24741717058645116,0.43651456322396853,0.037109678245271505,0.09013492750442724,0
601323,0.0661847126098167,0.0854807632166148,0.012121421408161824,0.09903952289530378,0
1650628,0.023623228353883658,0.017832549123979913,0.027542066750754206,0.032221668833337186,0
336418,0.2687655082172926,0.4504344693406903,0.031807923678030856,0.1700294822176912,0
241269,0.1766358991123856,0.256221851370954,0.03217377417004307,0.1943642058794785,0
649387,0.22416860202481048,0.37595160141501394,0.03300511064369385,0.1314563406209768,0
388431,0.1321471442351495,0.14188701780573887,0.10074974929038412,0.1548935527258242,0
1056618,0.12928719328511878,0.23187762527741018,0.029302123305845182,0.022788718273300732,0
1859704,0.11868548442349108,0.20401796464349775,0.020153804745508454,0.0531518033904484,0
1502386,0.023281518582589294,0.019225608939312244,0.02450969979983059,0.03157902086491996,0
1856625,0.024418471240175623,0.016968147456147276,0.028422020812507172,0.03703895634174918,0
646071,0.08500540687782128,0.11080878398731708,0.026364687765141222,0.10845804277310181,0
58806,0.1838532141741817,0.2886395094352662,0.024024588313660923,0.16163041481225174,0
467519,0.1332437889661078,0.214491254120053,0.046294140437382184,0.060549598874333206,0
1654348,0.061175235417121214,0.10098295480343811,0.026120425412878727,0.014238151957692707,0
2083344,0.21129216959426872,0.3455350787405047,0.07450602239054228,0.08086411753426842,0
2762983,0.2871226187032664,0.48286824394351147,0.02237315361612273,0.19488275323336923,0
2092924,0.07808082660019974,0.11246527102992421,0.05154057107997564,0.03193009880622475,0
2529882,0.035647752350298045,0.04212489531554453,0.024530448477509778,0.03613085074636424,0
1585224,0.0935432896581017,0.15292312697506705,0.04788037939910612,0.01358806175418173,0
327909,0.14900655793653722,0.22159527703021398,0.033634522035843994,0.14059281405338525,0
1887074,0.0371661275853435,0.04391831369837951,0.02143817657963286,0.04387758881131944,0
940689,0.038107615713472376,0.03848409915563289,0.023189307562978222,0.0595438693338123,0
1975394,0.0646018154858224,0.10273986006743219,0.02621616764572599,0.02683517579194256,0
2214228,0.04025859156795752,0.05287370784822343,0.01958492071915644,0.039731307140494346,0
388576,0.12671265501301784,0.19142501057648253,0.010487231575173468,0.13926990126112268,0
460462,0.2590472441886924,0.393346123733202,0.09239961662576375,0.17327148667181144,0
1588789,0.19524543564344252,0.3331904065701565,0.04437729946747351,0.076685212590611,0
2715140,0.2304483530646865,0.4059315629122825,0.02615993085052047,0.09817296176694548,0
2153313,0.11971676107134607,0.21165465754124146,0.043166714969079596,0.0046970890500073114,0
676704,0.2121351564700992,0.3488056082096902,0.06362905105973729,0.09321818523666449,0
789878,0.05119654477063455,0.05611626446013851,0.028265197834823525,0.07329426595059119,0
1577176,0.14231592639731155,0.19638691932324592,0.09242178885268608,0.08197965039941389,0
2347095,0.05904092007987781,0.08842074743710182,0.02603283815653209,0.035103474571836366,0
175591,0.13490402001367788,0.17887983723737422,0.03363639303197951,0.17686591742698463,0
1777095,0.04887940607916652,0.07338067488120237,0.02243603028606528,0.02729129776372874,0
1798446,0.04103864827457051,0.051811117421997954,0.032052833132315835,0.02758619811938391,0
1982950,0.032006831117151885,0.03134079218681529,0.04024721389953459,0.021311354269419328,0
2507049,0.08120610743594447,0.1366449893912407,0.032468370091937516,0.01571550856371434,0
74003,0.12588962343920013,0.17360510945199692,0.03203672496477658,0.14738025611884345,0
900565,0.03867821752726394,0.05097849668002441,0.016199410312086382,0.04164573046812912,0
76327,0.285190825832842,0.4765935095251297,0.030045454944120115,0.18940217293520561,0
992248,0.04934337164164758,0.05171633315666746,0.021652125579957757,0.0849478369466326,0
2644559,0.1945635733243367,0.33742623668416993,0.03221342883540021,0.08093213165815852,0
1777748,0.024471622886642667,0.024607082785022327,0.029061726128647363,0.017247818277686476,0
814034,0.06481744315835762,0.08007043591078877,0.017088816806559496,0.09827790080497693,0
1555132,0.08176002753723617,0.0872491533205767,0.0738983475984147,0.07982973298711703,0
889265,0.17078281626136035,0.29676133409684213,0.021323321904917633,0.08002576320731992,0
1419734,0.05318103515842778,0.07758256574296585,0.030443315056144095,0.02628378885050813,0
1643625,0.2433093999042796,0.4389766983830298,0.046241441503628765,0.04974309130838039,0
2408286,0.08997599084457016,0.14025819559626929,0.03445729385031967,0.047548524456698056,0
189163,0.13661931464483357,0.18983192462290566,0.01912780517075792,0.17982505391076675,0
1150741,0.14447105160154233,0.24154525180485287,0.060153161804569706,0.028262385788724906,0
1387779,0.12595750797753458,0.12298599399998511,0.15870343289103003,0.08426740555116517,0
643317,0.15675165205622024,0.2560791472057202,0.03592416365954432,0.08967414677748424,0
1314390,0.040303084841801964,0.04712284231405506,0.027161460587943137,0.042966127541957465,0
1819579,0.022721645532319153,0.025062635750982,0.01840985981974429,0.02333684855452433,0
530464,0.12406878101327784,0.1977546832863194,0.02822847387551123,0.0836144860373238,0
2231838,0.042024133702352154,0.04282666061193807,0.03657903388490829,0.048185466154553144,0
1749458,0.18115716590541062,0.3050159010725848,0.06749919912106624,0.04199727816399165,0
2038248,0.02974580359882587,0.028000318164948967,0.02648514797122393,0.039000500624921025,0
1486468,0.12345272195012268,0.21202067027721605,0.03316224193509178,0.03746857115493557,0
231099,0.30002799859194323,0.48276975845755676,0.05010513827079646,0.21805788940962975,1
2625137,0.17897523221685124,0.2039088293164667,0.22782432375611225,0.04336760215892099,0
247255,0.36879472726634654,0.5287985877092582,0.21101438458678798,0.2054555901784048,1
1297380,0.042559799430872576,0.05217231030019054,0.03149807721091241,0.035121105587517895,0
465169,0.517438251216345,0.6412538436975361,0.5006378914708114,0.23309980963166768,1
1592246,0.05839044008392044,0.08789038612779909,0.03458869524080151,0.020343192238902227,0
805816,0.15246913676294288,0.2489243153058721,0.029045464530080552,0.09646669875491323,0
2133580,0.03506007330301386,0.03751489415476761,0.042032665546422196,0.018464132808517005,0
1412683,0.05937893548994262,0.08687671804681463,0.029166369411233094,0.03595332821582692,0
496184,0.07709351123340305,0.10809592332802953,0.036469003548453206,0.060524242524261675,0
49268,0.21626609422632223,0.3415503072185849,0.04017545033492047,0.16719152758276815,0
154755,0.25636919756053766,0.42676144844924746,0.03283000852571487,0.16569735389099727,0
2532628,0.03679359858215106,0.04167672577247483,0.028622550604313443,0.03684235257309806,0
645362,0.07760770512281204,0.0963128913076382,0.021555193577499444,0.11492350697871548,0
1992010,0.03193050942833251,0.03700790962228262,0.02922520078183461,0.023294971913204086,0
836617,0.09565693146793328,0.1184082607869189,0.04446760387825054,0.11556259955499328,0
617525,0.06436106655280752,0.0714970492217909,0.026909769218148985,0.10269805588233691,0
1465932,0.023434904801254028,0.022336731527362708,0.023994656870442277,0.025340709882199955,0
1311177,0.0411673207215104,0.05308344654252606,0.023737946462269417,0.03752106755783276,0
1428203,0.04749276039385225,0.07066949421260393,0.025172460470777057,0.023031375731585816,0
1843005,0.020733091380279133,0.008516729573382564,0.03411230012902035,0.031205182774408737,0
599348,0.06967140755157453,0.07572441312791722,0.04358277519504571,0.09367184214551101,0
1364051,0.038954630240606386,0.04233808237106551,0.022486794815768568,0.055197753051715294,0
2704052,0.2580122602121343,0.39630073205929006,0.12478817038271793,0.11212721533836958,0
260784,0.17169725838570743,0.23818460462447277,0.09196074013146836,0.12508367017015276,0
836891,0.1507400928460437,0.20126141467207947,0.08336844223705708,0.12549426419443413,0
848192,0.24393864445638216,0.41471045128315986,0.03004200257874322,0.13785409020589623,0
888634,0.04130172222285133,0.045386708861407055,0.029884528113298017,0.04821504679079195,0
2011765,0.13422100920474087,0.22611731454450057,0.04857239707518062,0.03295316404968204,0
1646995,0.13084605728010812,0.23528754677156938,0.0231885091269739,0.031228655781156286,0
412841,0.13163029598133225,0.18640498559557206,0.0272019014788782,0.15133616369941372,0
1285640,0.04464265740229569,0.06479347116579415,0.022895308168003718,0.02688664684498752,0
2056872,0.13293637990011514,0.23192039909823292,0.01844927892195321,0.057206983372063556,0
2327362,0.04158843417098011,0.059904819228347006,0.022860935885425402,0.023888718955894943,0
1059383,0.10787169308685535,0.17692559472331948,0.0295111847123756,0.05277770155741465,0
588726,0.05273166836248848,0.05185674544075791,0.03274644594831099,0.08489680928808115,0
1878882,0.02568241636511265,0.018152576875347326,0.02212044402922406,0.04984997359335885,0
1872039,0.03105571427181083,0.02894710662645006,0.024480951384801247,0.046189377715727106,0
2562893,0.07920874878202679,0.13292182259504237,0.022720636240605014,0.029658233061620434,0
1393920,0.13887178349664028,0.20166956664206037,0.06893215191368729,0.08678677300751954,0
2132032,0.03836693935905974,0.05739523336844343,0.02133136719517106,0.01634956258143354,0
711828,0.18965934855708882,0.32970059928657813,0.024279370558052946,0.08762618873191932,0
2766415,0.3754319024571784,0.6366722980410787,0.06053414185087961,0.19467755440687556,1
150227,0.13027139313350047,0.1781275318275214,0.02820868462655628,0.1637251091588645,0
1707477,0.0429371634901175,0.04101402986664249,0.02887170003819465,0.0688431927266893,0
2211891,0.12431942433402184,0.2156606119545511,0.023441188142734985,0.04728380956962894,0
2198745,0.029834513213634818,0.032191763729502165,0.0221235940348669,0.035507765692118325,0
2171069,0.1635153952376464,0.29120122102867874,0.03901170048854618,0.03105637288371605,0
1634904,0.13532636911333812,0.24741624993915678,0.019832832847220913,0.028341971447967254,0
2515775,0.035806127115149015,0.045330339462278824,0.023441035563291655,0.030543233575110542,0
134418,0.12138496050688174,0.16515549927019146,0.021800556477231045,0.16133521964308353,0
793891,0.06864603630333435,0.08609651907120297,0.02498509920165427,0.09051123503618291,0
2675424,0.2771159424689741,0.4925778122916745,0.033241842747944596,0.10427241749376731,0
2228677,0.04891475498764466,0.05786031593190566,0.039192623068574364,0.041134050505597604,0
2069206,0.05265979101974923,0.06120379583823332,0.03065945369094623,0.06430028496674348,0
1178179,0.03717241784071438,0.03257513864318751,0.027307954694368815,0.0634623105540499,0
1375749,0.19823051518084103,0.3269026584790067,0.04063153790577299,0.11294862284802894,0
575350,0.05986910403926811,0.07977653193364365,0.01953172702838903,0.07060659981964788,0
390286,0.11543958960622186,0.1540318110025548,0.029886411790627645,0.1472888028387808,0
2252570,0.16426779537375852,0.2917173127675041,0.015065545438272557,0.06944737679262351,0
1346024,0.04499031399619135,0.052400591585037626,0.02389060411840477,0.05811418484075552,0
1148349,0.0362061984893023,0.036084000945872274,0.02817634040757073,0.04855647947047472,0
1121824,0.05261515611511562,0.07546094637673928,0.03188962626410716,0.02658897523756915,0
1424455,0.07957687055128848,0.13300203533332167,0.018931518886689702,0.03698198609310366,0
1630505,0.06326230186861863,0.1040595962991121,0.03364299848116753,0.0056980208735615745,0
1067481,0.1419055256081279,0.25586788660510573,0.017368752536348703,0.043804782723352115,0
2234274,0.05412703688577652,0.06446535416779986,0.03404327912982473,0.05840688031464583,0
1529978,0.14932752774049649,0.25671993430796225,0.03332341780084668,0.05485267623130671,0
451598,0.255836454014514,0.39134317985413514,0.05709954483885403,0.21517500317895108,0
760190,0.03595124968953345,0.03062961376423412,0.026367333080360697,0.06363121441654092,0
2728927,0.26413719467631197,0.41001936256459903,0.11788336592037565,0.11881251808949886,0
2569695,0.0723218750212051,0.07298431838344233,0.08265290612489407,0.055169219960078626,0
356719,0.10756289227212278,0.1392837095400672,0.03736060891296614,0.1335642741409967,0
2138905,0.13038140786781638,0.23275745485717714,0.03015106031282546,0.024786811726900816,0
129827,0.11443920521021439,0.15255635357575315,0.023701666954312868,0.15525264168021985,0
239274,0.29852874767521204,0.49859515508622887,0.02546298626188695,0.2079613712676575,1
897690,0.05557092284764398,0.07665229532092588,0.033466540406823675,0.03602406532566968,0
2750709,0.2606199246189506,0.44532105087356044,0.013916150580413882,0.1689227700402311,0
269228,0.15262227332339162,0.22047002057021725,0.05000415930541072,0.13693007623329892,0
2049603,0.10884621450370532,0.1881531210304913,0.028297878467934637,0.0314014522403964,0
2665809,0.20968203173806338,0.3561530912237396,0.03495970347428025,0.10558787541954741,0
1687759,0.03157149108285969,0.029974720336870653,0.023996563594501398,0.04692580918036972,0
1581355,0.07787764723162248,0.10485462548156754,0.06447342329737016,0.030541537508138296,0
916955,0.03209448202495092,0.03152608366677756,0.02204260541882652,0.048593292829570894,0
1486255,0.0888377203414591,0.15507174914857202,0.032325874635109796,0.008020416883200788,0
1955338,0.16842901178578187,0.2924024723323041,0.031540012293527785,0.0638288596578575,0
543026,0.050821761067372524,0.05899972492392469,0.0241793413126113,0.07034048105813392,0
2589987,0.06891524743411039,0.10098956715219998,0.020167408428909524,0.06185120664668772,0
2489427,0.03924722424756927,0.05833345996138084,0.018592277531222154,0.022514055037561015,0
1627199,0.019672715646218194,0.0012705857508660268,0.049139622195128164,0.021477680561233663,0
1840541,0.13214006237815068,0.2169857922658318,0.03882599881724906,0.059996833000300294,0
702258,0.04887780509984179,0.058367531090295466,0.02551635547525368,0.060195664560589765,0
597586,0.11737817956659623,0.17138569580707508,0.03427317707651133,0.10701689270052647,0
1260404,0.0668657072352603,0.11329223953851353,0.019394229326808985,0.022006593339804145,0
270114,0.2029218383012027,0.3260071597598644,0.057110944717097274,0.11392487503070665,0
1128916,0.03654189681214788,0.044234960201964935,0.022423751707515416,0.03848645599455395,0
900267,0.0620756662969847,0.08728661873310095,0.025748432795752542,0.05353913545854232,0
2623229,0.23614586318499176,0.3477873028290901,0.16422923905897233,0.06491720026377497,0
1954139,0.13977923831306194,0.2320152559338744,0.0519870383674228,0.040877494179489604,0
1179512,0.03742968397651078,0.039929741883948044,0.02066088581834528,0.056332736445165864,0
1493864,0.025812386104474932,0.023095252475615724,0.030557944578499713,0.02548688246558578,0
2213113,0.03955671599809262,0.05247530328894656,0.020201149667360686,0.036293597267055666,0
183954,0.16612390258209572,0.24574913765190753,0.02178659636469977,0.1835667742336601,0
545901,0.06882098126125247,0.09185828290061415,0.026111539858964403,0.07529188926628035,0
2097314,0.08110142447331592,0.11361855922338426,0.06161221279117698,0.029042405121353466,0
1666640,0.062193727939732935,0.09123697662978192,0.04172239961707859,0.02029259869859201,0
455114,0.29166293021017287,0.47648108748786056,0.07271016499241832,0.15804668484258538,1
1689735,0.16617738568298315,0.2721039629973122,0.046112080131288175,0.08145890072470295,0
1752549,0.05327673420359469,0.07112346962015748,0.04130794354612476,0.026613081648392607,0
1299361,0.03254408597107793,0.035460207618257855,0.028183053536431177,0.031795330505098224,0
2682319,0.2055639225641101,0.3544719814859474,0.031088830020377205,0.09500641407511623,0
1007202,0.04525220751300395,0.04595812540754962,0.0182502054807592,0.0839904158250069,0
1996005,0.13666348775833181,0.22612772000737424,0.059775500311421856,0.028334888306090673,0
1398637,0.5071354068003447,0.6200778387250109,0.5460545564787194,0.1664006024711171,1
1380095,0.10892266338519833,0.1566142243221995,0.041376840417573314,0.09101249549413291,0
2346446,0.04149240708515914,0.06324220798335523,0.01585409564634673,0.025575371997887553,0
1789213,0.028891667868730143,0.03679748327982779,0.02050168774249148,0.02171209953034402,0
461717,0.296914149326267,0.5036753610320569,0.029350102178835075,0.1813571907829401,1
1791665,0.022963340011363343,0.026035088543715057,0.021203594588506167,0.01792358681476982,0
700964,0.12770381569631986,0.23132916735866405,0.01591799273977926,0.03631917097527031,0
1239027,0.07293485656795004,0.11286593180371063,0.03285227994757625,0.033231033409109226,0
507927,0.09145291454402052,0.14843067466709547,0.021986907268719193,0.05320752514928515,0
1636755,0.12761428962174828,0.2316762732044494,0.020074289854669018,0.028769330315614395,0
1243956,0.06945839764382816,0.11030225331029453,0.025343224338779967,0.033521518435234605,0
1529860,0.04053926419079056,0.035615066532266426,0.04145654412604462,0.05147383843421982,0
2268392,0.3543972287049555,0.6116490323912707,0.042431115363792286,0.17921688950091255,1
257217,0.21493451229982447,0.3365766844102941,0.05737424166266742,0.147169487979386,0
2377294,0.0373780751550632,0.04220360120096622,0.025847723890794705,0.042609786936708395,0
351873,0.1174045055026819,0.16044797887587836,0.028562412981212107,0.14305896085189543,0
2231253,0.03808564009952728,0.03820885875926738,0.028387517371560998,0.052324777542126416,0
898326,0.09734889654567856,0.1467978189311684,0.03895583275610205,0.061316186266318774,0
217885,0.11508807660611109,0.14531157237457015,0.021176588930425348,0.18039656869849205,0
1742630,0.06589721751681583,0.1062045189675842,0.032016146693864045,0.015950570124322595,0
2246775,0.07268094229795713,0.09284315032433732,0.053147522678505754,0.051575551661183695,0
2761146,0.3711454198859203,0.6451672185916368,0.028507432684966687,0.20004790392305916,1
1326763,0.033989276950700135,0.03379314471059158,0.024084051446570585,0.04933744580716584,0
2396213,0.047463482905214176,0.0663942457570108,0.01806968197748725,0.044227277167312964,0
814778,0.043730151573013326,0.038361921412197963,0.022399980465306238,0.08914598363661237,0
364919,0.13322898886837148,0.18606835073053107,0.03123187357340572,0.15412625715542105,0
829470,0.07751072643242589,0.06806753092483053,0.0804603330961296,0.09669430520585874,0
125858,0.1308182847181368,0.18661672307121135,0.027052945821495433,0.14697019718041246,0
193157,0.12963232595446686,0.17431321313139825,0.03291139041821005,0.16301151131652364,0
1186207,0.05403845865590122,0.055241879167340247,0.03729573175899177,0.07614399772266783,0
2693886,0.19066779289112779,0.3319674191671119,0.025558769849804108,0.08508226176315302,0
2287158,0.05548782800286515,0.09078473415570665,0.021207049137824646,0.01866673091832214,0
371812,0.0914123713836859,0.11067748649917375,0.02397350756613422,0.14440787932129376,0
380568,0.2525549388964333,0.3534975254487318,0.13791832472740959,0.17215339376922276,0
1500618,0.045850567300233756,0.04003968244730183,0.05840629094729558,0.04154419396197086,0
100550,0.10873533259137359,0.14152082229608443,0.025331855697091104,0.1518768236710202,0
29536,0.22000504481039027,0.3340164189712781,0.06491854130059604,0.16760636467286202,0
844923,0.17122778549775852,0.24043357447994396,0.07157763873858057,0.14768853318106184,0
2043810,0.037218697218955696,0.041741376569379596,0.02351999664379859,0.046460049705631584,0
1070308,0.04576750084636629,0.06583524524217543,0.01800707110675561,0.037238784466259486,0
1580731,0.5630249378771653,0.7852602007323574,0.1732638419985883,0.5920784245570507,1
1381093,0.15930103147527971,0.23576454377962153,0.07152011112403311,0.09981363124129504,0
1464323,0.1292395295543424,0.23114671214472737,0.023294898180113464,0.03338852013972329,0
2591248,0.07445304695713856,0.10553530564040459,0.02693481208818045,0.06802475255241068,0
1074299,0.12360458277485951,0.2221822328735844,0.028450667375165165,0.019891330627588782,0
836946,0.10771555154637946,0.15492408429863447,0.03348019002405288,0.10104726194923185,0
1514209,0.05051656261369769,0.05592760436084565,0.055328101882090704,0.02977164934323828,0
382199,0.12473065485829321,0.18160488152017829,0.01944546299165513,0.14047287600353764,0
291850,0.11659680356605354,0.1573167072565992,0.04117207291486498,0.12793414031647224,0
666927,0.13340503085355396,0.21372489553464324,0.057172872174502246,0.04695360716940829,0
1609045,0.03197313835305415,0.03866604343599833,0.026147701196752783,0.023979031380145704,0
630354,0.06847262125530697,0.0794863335709457,0.02537956737105282,0.10557792129259132,0
797868,0.1967088037966251,0.31676068526635237,0.048351394668609216,0.11911521381433066,0
38715,0.2656860950660142,0.4479566620530625,0.023721138197921147,0.17295711290053298,0
1904040,0.044216865749738696,0.048790077555458944,0.0240914359457417,0.06297198094143357,0
2177211,0.040648909815848885,0.06174906117173684,0.017887562011951793,0.022040553131974637,0
1174386,0.041155701272713806,0.04057903673047902,0.029835174233155327,0.05957815318763847,0
2706663,0.21095154555674728,0.36302038481395493,0.030901571693635593,0.10085440820839565,0
2762797,0.3453103322767165,0.5548646067408654,0.0929510483875213,0.19996357195013711,1
2326523,0.08338592935591928,0.1306758061779818,0.03835074741579223,0.032714010210953555,0
1553569,0.0739462801867887,0.11170506934427571,0.0348977650165867,0.03812208004837421,0
718489,0.09156806918025212,0.14203141255558593,0.02206457495600378,0.0696649520782901,0
558749,0.06029893852450757,0.06767790330207102,0.04051808786248036,0.07152280257363976,0
2441832,0.10410526891942458,0.17812908912035874,0.022901772775931424,0.04085096263232893,0
2291903,0.1677235218135083,0.30281902246064607,0.02793982018338441,0.03966032264084972,0
1900457,0.0456625490218336,0.05169160963664432,0.024016160395878467,0.06305948042373952,0
431785,0.21149181460660113,0.32732569805454526,0.05695395981483668,0.15371388817438755,0
1847032,0.03598960481628382,0.0408956479175866,0.024206884563389076,0.041398577442369,0
1898707,0.044298346785614506,0.051377441261426404,0.017268641352986645,0.06714516874502655,0
1852127,0.02182421440750147,0.011990757765509175,0.025289743431616336,0.04120956247630993,0
1832335,0.02255953357573927,0.011163098072974664,0.03242840798054477,0.03624731072544253,0
1694510,0.03472161906455232,0.026519699743307368,0.032474533152070266,0.05859704623638777,0
1408601,0.13343759735033645,0.21739917633090855,0.07427907895098926,0.012271427497926986,0
2138036,0.04496333597086327,0.0625872007241417,0.03013811088582119,0.023141511715230337,0
432614,0.2753572951647861,0.38029431834839467,0.15430298289234678,0.19459620561442342,0
1322304,0.041832303700024345,0.05028463744004796,0.03263145720600582,0.034502739090993086,0
1342898,0.11544320332927493,0.18722742258799818,0.05136901363634648,0.03209393972185946,0
693488,0.04743899782854369,0.06133924084428111,0.019648096441704208,0.05437474236945936,0
1967381,0.03211661514673224,0.041322920067043856,0.025648568332109246,0.018802923067887698,0
1639206,0.018852087290445643,0.009256828704522602,0.02990179169282168,0.026265677151689194,0
183332,0.2368894028160352,0.38352479536233297,0.031688731190097866,0.17810192888919674,0
2669537,0.30651887490408086,0.5508368265698447,0.03406152745129499,0.10441001691885032,1
701744,0.06632456281921184,0.10044881307239717,0.025673195889966652,0.04199098758011633,0
1921174,0.11089025198023662,0.1716516168765485,0.07088257480242358,0.018998355506176498,0
2708044,0.2654802055829536,0.4685730293806415,0.03876042682560983,0.09782781422474937,0
1890884,0.05359514461765371,0.06472012303739416,0.03184236769324615,0.05841186395491391,0
1894554,0.04317779484364335,0.04602385371789208,0.02334611660126877,0.06581016502158338,0
1222820,0.17736407769237328,0.26539869458076515,0.08989463766522689,0.0884816955121131,0
1218838,0.1043210080424922,0.1262608957605148,0.07524243959129388,0.09308914142423315,0
212560,0.1164882194836121,0.15146842110537606,0.014961539600567654,0.18132773525376886,0
1032146,0.10956565957427859,0.14581053412786316,0.04967004971210765,0.10879688798357359,0
1173531,0.049885950627134086,0.05803789942578075,0.034424892235061504,0.05269766621862629,0
451,0.5088198077147021,0.7869506925313483,0.2286964281209513,0.23367766506371296,1
1816853,0.14062036661218305,0.2564472667103367,0.023093970802840813,0.02734271008081223,0
389314,0.1262632163378327,0.16731909763189345,0.03621165656131733,0.15870085276745377,0
1705084,0.15034711416276425,0.2573827633131628,0.023703805157396195,0.07272295479482001,0
626675,0.24955789538009238,0.42596808480686066,0.02815984489374157,0.14062949754269785,0
460502,0.2641978956443118,0.38993168876086237,0.11025046316779535,0.18078456156771006,0
2189654,0.17461271542007584,0.3134858842080356,0.0037168331562629805,0.08377361684589583,0
2091782,0.1437230492903845,0.24180585541006716,0.04758407020839325,0.04272450261416482,0
2322794,0.08300369655071914,0.13997307061806497,0.038346886278728724,0.007565476790340227,0
1265670,0.04584335184908777,0.0684641184385878,0.015199049696537712,0.035257888604162776,0
1636875,0.13814331069685495,0.24236678123005406,0.0323600880779498,0.036259468292214866,0
654248,0.27920581671364847,0.4931536009237605,0.027691091221721493,0.12160844442625876,0
1294748,0.04185793112285216,0.05886619871822918,0.016133912658882955,0.037923289830363395,0
831871,0.059270020888443194,0.06525930880484931,0.019705416462480967,0.10364370773637124,0
1578090,0.16616996639760354,0.1965831922480531,0.1528026795235473,0.11018783208256401,0
603303,0.16313113037776802,0.2643826940793568,0.038078627797065966,0.09758097499484922,0
1654368,0.11759514631244894,0.2045573183093441,0.026358923816294715,0.03704405006444245,0
1482065,0.12735904284166677,0.2227861511037077,0.03146337687319855,0.03263477113926676,0
113920,0.1816352860798409,0.2651744653271658,0.05204764952227784,0.16716879279787306,0
248367,0.21525039002376822,0.3057140862784503,0.06562911987428664,0.21352305461128532,0
2260049,0.12585832070080574,0.19475087001366276,0.035529024567635376,0.08912089161841881,0
2514491,0.1785089677547714,0.29310794842141674,0.06921505524781726,0.05595238484858919,0
861067,0.13384700761722446,0.2266040081384899,0.04864858679488782,0.029752137547565873,0
2620558,0.20624468617331002,0.3595811819293382,0.05014590239958742,0.05705162244382348,0
1383835,0.0649676300478602,0.05581604064339574,0.07782050457502918,0.06856729176826788,0
2089300,0.1563633689406733,0.23075761890455637,0.06442247179583498,0.108289089748223,0
2638450,0.17282454266633673,0.3075790940778731,0.027753423775739423,0.053544842473391786,0
1561132,0.06775618723495669,0.07888845925296362,0.05529596830350944,0.05861583558711022,0
871509,0.053497885232582094,0.07902718617384719,0.02037219035120503,0.03936317520148494,0
2749046,0.2615382846910206,0.4406888676901557,0.024446873145166612,0.16929894451196378,0
2023536,0.0466613219507754,0.06162021846898691,0.025840711074034416,0.04049499697035812,0
2496761,0.05315012285875166,0.07176290226918314,0.039792334851034755,0.026654856344248353,0
984760,0.04453600051227721,0.046727394236137476,0.019625547828829037,0.07642319522779882,0
2306343,0.08982294198373597,0.16739906761574985,0.015634688509319292,0.007165008115326281,0
2455091,0.05413729890755173,0.08219279685053738,0.02524926846534813,0.027330599713392995,0
1216271,0.10787051236200204,0.14166171917947057,0.06493085406481323,0.08780198276411395,0
396258,0.14842618961502452,0.20484237963700114,0.04464044114083942,0.1630643372713606,0
1014062,0.06987217314510011,0.08506866914377242,0.02991490060017178,0.09181684196581184,0
291073,0.16432575704036062,0.2495994282232381,0.03864003313598797,0.1396701649397259,0
1905322,0.1780869291067352,0.30808544008831606,0.02168697494183757,0.08769058290012949,0
2462074,0.05685284902494383,0.08492317634265778,0.03035962406828822,0.02641686816564238,0
50934,0.1348154032554467,0.19719522570886938,0.021281835722779117,0.14916619842089132,0
37422,0.1957250899694722,0.311610578254617,0.024195859415956974,0.16330521508688292,0
1163578,0.037272572057008006,0.03274039247493088,0.033486751974289505,0.05428175113627856,0
422000,0.1421829488843887,0.18283281621792213,0.05810279202347024,0.16667851584193286,0
1269220,0.15590079336698934,0.26786268593920426,0.03616303799535371,0.05560269499390555,0
1572634,0.2027472046054224,0.346308569985737,0.03866400292268888,0.08996859367873618,0
1293198,0.064644088576825,0.10493982156944726,0.029198903102692405,0.01707253430646832,0
2441679,0.12313777169155887,0.21434682428739327,0.024852660898865717,0.042542806391012655,0
2091489,0.11798234639044768,0.2005761740870654,0.032576063143445626,0.03960720201940645,0
2460760,0.09144101033534134,0.1415143059707593,0.04641814844909186,0.03379206407617063,0
2607464,0.20098568780243947,0.31897441335017296,0.09702523658701272,0.061954550756245945,0
1485094,0.01633736480961165,0.001029280648894626,0.03349017537264766,0.028878359366850192,0
399561,0.22044798980431551,0.3685549101584612,0.027131949256361896,0.14015474974088174,0
1799100,0.03300549214371358,0.03438343152268952,0.03680691726991175,0.02385850600697647,0
1482091,0.13373989853948698,0.23532634191212165,0.04673358368744691,0.010283262385960416,0
823197,0.26472637582436026,0.4594448825298071,0.05048437391875351,0.09929311191915331,0
75223,0.14705061871015865,0.21584944472271195,0.02699228128544783,0.15514105981584161,0
892762,0.13160383072460344,0.22778331582443478,0.02578820189165772,0.049878561224443695,0
1855882,0.02374064341555182,0.01633164187330549,0.027267055942109666,0.0369735284813309,0
2434773,0.09559666955575907,0.1447434041271668,0.0526926850103979,0.0370858099452815,0
892429,0.04316913262038809,0.0391084323438331,0.04840877794592534,0.04546141532346969,0
867237,0.07373808109120045,0.10194336960201877,0.03953142212568256,0.05453484826243146,0
1940753,0.1556092660883375,0.28494649448014864,0.02497927884009609,0.02821117598117174,0
1219236,0.3654092863719771,0.6159042109151814,0.08132330399358093,0.1653009485815607,1
2479372,0.06367200964660293,0.10379455191047704,0.01963425070544749,0.029422292398650775,0
1147077,0.04712872437957586,0.05923839684413357,0.03237898553164503,0.03897915149007784,0
1205687,0.16634513223197053,0.279793311472738,0.026135147079878025,0.09303966185819071,0
1386265,0.08083218393367278,0.1041818619193644,0.03655179193148086,0.08887857697273162,0
1127636,0.04010596676193555,0.0472382850984292,0.034147750558801954,0.031212495225401822,0
2367223,0.03766769257783428,0.04611376772923037,0.019464787219975545,0.04385686273613217,0
1488525,0.059859096073218925,0.06219123956073058,0.07106375948018064,0.03722174224399718,0
2164171,0.04279227334497543,0.05424322475446941,0.03430556922404885,0.02689495100263035,0
1489763,0.033937647359599594,0.03772831391925602,0.02687042796040793,0.035061810059246024,0
2506521,0.06395925521763797,0.10049811244152629,0.032391418631457496,0.019963867037187853,0
1982320,0.06970242824653468,0.11766868294670996,0.03377050792103632,0.003684671984343958,0
519297,0.10745755549638462,0.17303779483268655,0.03670789730898215,0.04963144443673351,0
20392,0.17524742950346714,0.2830444319705824,0.0166137704721277,0.14370541188268818,0
1308160,0.07027101863783763,0.09993532317049714,0.039055936667456534,0.04293288026176056,0
432946,0.13989656061436112,0.18131103074484722,0.04747477115350802,0.17499306947942553,0
1531174,0.052574768119605264,0.05037386833207713,0.05591519191417732,0.05306638189656751,0
1883961,0.061410232625249354,0.10195737420966733,0.012198450272707837,0.033860052193016674,0
355551,0.1837063918497958,0.2939005848834686,0.042736722006421854,0.11967541403067475,0
296260,0.1104150743842259,0.16275882695655042,0.016021979780073095,0.12114533485964386,0
1358026,0.043127748381012215,0.046252282278123724,0.020783304481813727,0.06883307948703117,0
1335506,0.045785564839362546,0.0558244091312714,0.019385615695836456,0.06028837782487956,0
2751899,0.2793964004475782,0.4543417180729379,0.05933399372258104,0.17212671647167463,0
2529745,0.2372221456891449,0.4189880341818162,0.026168175596816876,0.0993883795959588,0
894409,0.043372336092930605,0.06292943993404043,0.015672197104088136,0.036029784973419736,0
1888822,0.05713632421093104,0.08659310010918408,0.022787789520067735,0.03501718650159337,0
591462,0.06563750673997165,0.08469083639846164,0.02699188265817113,0.07597261871644745,0
2137447,0.04949326669362333,0.07466370358005547,0.0244819993912037,0.024084075431172414,0
1664117,0.03028431752431693,0.037529790988437894,0.020137515045453747,0.027390837582309306,0
2531820,0.04003062008799663,0.04602878553002798,0.03478085939793096,0.03290984751801674,0
1871723,0.027104776100611353,0.020958882113426558,0.02225041435585317,0.04975105368571061,0
2515178,0.1101206110594727,0.150123100573628,0.10588513376271941,0.016467603219214366,0
1003701,0.10933591212755135,0.16036279088922234,0.03290596392395824,0.0964136375287635,0
1176391,0.09590813980717337,0.15584022869098502,0.034358180652192996,0.03840285633011482,0
646899,0.19760081204065588,0.3330961542563555,0.0223361514271935,0.12175944742160034,0
1326406,0.14750730347348326,0.24940709631873403,0.02753801280088824,0.07271175736924884,0
2106362,0.16512650600599169,0.2952534710122753,0.03698677433231494,0.032018691000797884,0
2117530,0.14979945094359223,0.27321886536649254,0.025209907711949194,0.028135229733806028,0
1864674,0.12201776260688096,0.20973390849280837,0.020969712686311703,0.05429947277291633,0
749687,0.18970316313831131,0.3239468460196234,0.02412648407688239,0.10245897452717444,0
338399,0.2548784715540416,0.4363293729185008,0.03317024014352476,0.13381356525866867,0
1282662,0.09730189849125033,0.1540169361690914,0.037889154834426564,0.04463341978188334,0
1176383,0.05208201156925873,0.0653324367383703,0.030553106839477862,0.05124930574115108,0
2495048,0.036732550610496253,0.04899879415470609,0.024442872666811426,0.024501458665498875,0
94991,0.2818662713786023,0.4529142708292665,0.05713807248927854,0.19133857108592756,0
1336067,0.0509251614686444,0.06357988424603611,0.024295123749753924,0.059233411103500826,0
1531607,0.12574868150338342,0.22113399898401664,0.013474163851083808,0.055697164280249796,0
1037233,0.11554100767508954,0.12322817881337333,0.1112002008747799,0.1028342900298446,0
2300581,0.11676375189218663,0.21031378506104836,0.03321666859896115,0.008209293909870505,0
363589,0.10638139512671112,0.1395906438610286,0.02767625023541667,0.14141599062785903,0
1939407,0.09131926957829808,0.12719142017468843,0.07199138505430443,0.03063071987331275,0
1390026,0.21018477690214626,0.3612193756636729,0.037122468902173925,0.09219174199828817,0
2017645,0.05875331914563958,0.08718681740805345,0.03724736898508924,0.01992849873043043,0
2233301,0.0773801896664002,0.1320145421060872,0.016256747605338937,0.032479471658774614,0
772385,0.15252058978093402,0.2604724077188122,0.02287540667391358,0.07710881959676917,0
1397276,0.19913076666126692,0.3240278234430273,0.024324409895288144,0.14909765985583406,0
88371,0.12018509452650337,0.16522280142110668,0.02460013054527662,0.15096827326183523,0
521465,0.0553255930567342,0.07233502975596207,0.02307493883060798,0.061177982647853846,0
589900,0.08190027599991148,0.11298369728660762,0.02134445962912107,0.09502544733935678,0
167364,0.11785641437818961,0.15345436572698423,0.026470318457781174,0.16594067988681566,0
2382888,0.04936480612595875,0.06342038717277965,0.02875420849646809,0.045141749953142456,0
833930,0.056066569063661836,0.056860586954925685,0.02385856696482556,0.10239352748375664,0
1153467,0.0527492135730417,0.07510794422265721,0.026593536193779594,0.036085903017896104,0
1157968,0.03987266667633616,0.0424674849040112,0.029227343606014235,0.049353605712631456,0
1198587,0.08162192550708684,0.11049925447698405,0.032061984862749957,0.08376851404884914,0
853607,0.23494109476788128,0.3702053791813825,0.10784779915212198,0.08742032715776714,0
606105,0.18813779490143043,0.31939894420766235,0.032488204275926656,0.0934593075741062,0
1823911,0.08499539739743638,0.12789117510537185,0.04199237125171594,0.04226049234617834,0
1492578,0.027504322317139365,0.026051976671255472,0.031407354707227095,0.025280637846717496,0
729231,0.27206303611959665,0.38821326533042766,0.1623473781084628,0.14626095010922,0
1491435,0.022795510448212594,0.021652297483302774,0.02178193514296441,0.027173905818359424,0
1935496,0.24667021243222553,0.4226896993380014,0.06128331325767937,0.08470184392960524,0
398212,0.23796138231249286,0.3961792548758152,0.023336481124824476,0.16435405268568956,0
947443,0.051733670611395555,0.053320786193218894,0.04154719088228124,0.06304560125050868,0
997934,0.06905644051312346,0.10032011300829424,0.02146218207916721,0.06228864692613089,0
2728677,0.3663875620725465,0.5828990946836744,0.15334175086343477,0.1446774473583944,1
1401378,0.07015882621309598,0.11289055785542235,0.024718883183330556,0.031489411651928194,0
99422,0.1260793837777907,0.1641404367385504,0.04250597680397148,0.15628686183662024,0
208292,0.2975538024106962,0.4815741435423537,0.044517599924353286,0.21705725331106643,1
2150310,0.03105537987945523,0.03290358952555228,0.03689834695123664,0.017670405156540496,0
2021153,0.2614377084152465,0.45402993525514057,0.039009260991850356,0.11359981245060555,0
2182565,0.09142023942745425,0.15986130758667783,0.03212814890789976,0.009255704808727049,0
2298096,0.16666476938267047,0.29276085961542975,0.03324925119927963,0.0515478210758585,0
2729286,0.4174178253190679,0.6711557249300781,0.13725315444863773,0.20332008259718742,1
880947,0.057738340058902896,0.06875194935422779,0.04707719215959743,0.04619603866954884,0
2484248,0.2147341417102058,0.3920725329532935,0.04177015084467178,0.03083414990078764,0
449896,0.22057804021209904,0.33599332145301963,0.04983489089329504,0.1881545610880035,0
1143143,0.029025415254981493,0.027007715259132703,0.018761800401397247,0.049465087524979814,0
196609,0.1551021783233949,0.21051620951115824,0.03870561648597647,0.19116194311011417,0
944220,0.16003565509071707,0.27551914684641343,0.018917810257487358,0.08300369295132069,0
1661350,0.788871344140309,0.7816639538856739,0.7100192929348406,0.9251678965850998,1
1244491,0.06318115394023506,0.09768339429292783,0.025085635226297854,0.03406883112940893,0
350227,0.10499655392209918,0.1386739237292608,0.027596627443912464,0.1369030191214752,0
370927,0.2264054031444737,0.3739336278631862,0.03137883599087766,0.15012469207808643,0
1893609,0.06189795504497212,0.07797484715244585,0.04210018035772369,0.05140238680716045,0
1168439,0.03905820454506035,0.034517134529480686,0.03281954647086681,0.059768866695299815,0
341151,0.13611215662906878,0.17932046907645505,0.07067491830055991,0.12624723300336646,0
1491157,0.03397756845411323,0.03847708607381328,0.02558850405013883,0.035312371010824725,0
1088336,0.10672068827700924,0.19791487904672322,0.014233859429577065,0.017465454623872535,0
1437369,0.062105547051395454,0.10466151212868358,0.02175702984652036,0.016238410165487795,0
1024881,0.08027076925999531,0.10167797105917231,0.04480427287718509,0.07995250933626814,0
335701,0.1680630110648673,0.27514209556880476,0.02628639763909672,0.11303021994367944,0
1909735,0.30921764478030916,0.5330739059279589,0.060265068148170876,0.12300585685939236,1
1772222,0.08744223189059966,0.15400105204384296,0.033625948986645116,0.00176960586342324,0
1927464,0.7990004364715539,0.8091236885059004,0.7019671161781905,0.9192422868257325,1
1480389,0.07699721467299794,0.11911836189146496,0.032067147294641954,0.03908944769436433,0
2236968,0.06659544015325229,0.0984693856165001,0.017011225034366622,0.06128689917346127,0
2126545,0.15298707196801747,0.26846114342328486,0.045743149686494546,0.025167776752133435,0
1369642,0.0515614445252393,0.06344568407799167,0.017998781778990978,0.07219483976273085,0
721519,0.04875726925980223,0.05714569897988886,0.03467662417343155,0.04890716258914169,0
1916833,0.2548425773904117,0.38554362597343117,0.1287529383444449,0.11722441450181321,0
1981005,0.17176258803004849,0.3066631482242227,0.015448764797144438,0.06898192239396905,0
1129403,0.04961556476118148,0.06854147388790377,0.029363580310338946,0.032678768620639564,0
1727083,0.27357955907067033,0.4463856553460781,0.06722431525653774,0.1510971841033497,0
1264235,0.1549772470698516,0.2776389255431443,0.024146787585443443,0.044568740113232176,0
1047373,0.08872169628390891,0.12440207493112776,0.05680521410734873,0.047395472930702065,0
2559734,0.04616270061449124,0.06263513637882501,0.02160063215165205,0.041824713897915596,0
144135,0.14541018869562664,0.20764024316030927,0.040761129698651075,0.14680864102938343,0
1049352,0.18727522248379455,0.28777294983200985,0.09918089584483838,0.06817239407169054,0
1472537,0.060507589542704285,0.1067273788038503,0.017107990166721508,0.010057515453813403,0
2318198,0.0863019798425892,0.15287425552297962,0.028443360978483254,0.006659218937772058,0
756611,0.05020808892503425,0.05665137003029064,0.025284070162014814,0.07148591430642243,0
1559657,0.1859834971203734,0.3188146940735972,0.03854116151542542,0.07506900814473592,0
2583717,0.06719763991933209,0.09040098490451598,0.04239810157109873,0.04638858497872242,0
1047279,0.20576016587431012,0.3614044046895406,0.03943357474930614,0.06613945552373988,0
1793012,0.022797051644974635,0.027755635403767798,0.01761947142026102,0.01816696258506215,0
1511480,0.09066587690118469,0.1495958179859591,0.040362344683077526,0.018796322516409354,0
2767981,0.3133759597571185,0.533438480531593,0.022581198946919418,0.1994117990362308,1
1167166,0.03922296343519547,0.04134079921443801,0.021759307026229555,0.06012385860053798,0
63978,0.14397901739210484,0.2157257572675153,0.017742183309787003,0.15396741882705542,0
2035728,0.13843696352497434,0.23779237709757484,0.01292484678385829,0.07831660470514709,0
1943635,0.07253201231859475,0.13191380210866666,0.017861787872355404,0.006082874512774009,0
2754866,0.2721498705955,0.454136214796674,0.035132789498203004,0.17270963173851053,0
2386119,0.04048325041466151,0.050333918869835514,0.017833521508073095,0.04983117263660914,0
1797150,0.019581558983783328,0.018316937715105786,0.01971025528218814,0.022550067707869968,0
2307116,0.054417103132668274,0.08529106757793858,0.021572966340536345,0.026498397207690372,0
1969119,0.1017839792446714,0.18197510232761904,0.03571288897553394,0.0004128069410084907,0
140815,0.12393804254476046,0.1750236847421628,0.021433204736403172,0.1499811937637906,0
2227267,0.04071986808940613,0.051551797489520323,0.020871679252382494,0.04341232784465607,0
1691412,0.02561196651684906,0.017036130996871623,0.022641630160236917,0.05150705985171087,0
1287795,0.045801287457329226,0.05607210523314077,0.03928159693075205,0.029903778807666134,0
927256,0.055906346589540266,0.06268567902153643,0.04427924345368922,0.05639867021332639,0
841819,0.1613751862190638,0.22005791241816963,0.08206935709819897,0.13362711440259642,0
520666,0.1042004902436101,0.16874844350084994,0.012371190806927905,0.08057455625553375,0
542773,0.05301876175786163,0.06356611566977344,0.02391406895621218,0.0703074161805563,0
1050076,0.09198901167122367,0.14949700245882291,0.02374076260961633,0.050591408294636514,0
233134,0.1561516543079969,0.21345302968843205,0.04210790201349258,0.18396384429866552,0
2658837,0.16904530386998656,0.29335887114646475,0.021062840930091635,0.08023508008863356,0
2440186,0.1738192389143603,0.3029763090333708,0.04817846714000852,0.03938772127836172,0
264954,0.12694017876289498,0.19249255728097237,0.013909827954549198,0.13260475868022023,0
78556,0.11866384066419455,0.1614411422917117,0.025015925681763904,0.15219245906904763,0
46156,0.13728081087564933,0.20000324135836245,0.02281674378362486,0.15217083530690323,0
931502,0.03638995505805627,0.03141595253655083,0.03578714693758821,0.04972917354252195,0
1852911,0.02600763658454132,0.022277017741147653,0.018681565463026656,0.04632329037529746,0
555570,0.19911029039751144,0.34320175394409913,0.02955806611120143,0.09320996796050726,0
1900353,0.06121120851468309,0.08320977925170081,0.03149324740471615,0.05079172333708921,0
456269,0.3915418189630265,0.561800419942098,0.26239007334228914,0.1596229349464537,1
