idx,step,amount,isFraud,amount_log,day,hour,type_CASH_IN,type_CASH_OUT,type_DEBIT,type_PAYMENT,type_TRANSFER
1951391,323,128939.17,0,11.767112,13,11,False,True,False,False,False
1818603,303,6102.19,0,8.716731,12,15,False,True,False,False,False
2714440,592,101850.29,0,11.531279,24,16,False,True,False,False,False
1313572,232,137248.12,0,11.82956,9,16,False,True,False,False,False
1435989,251,132583.28,0,11.794981,10,11,False,True,False,False,False
5383,8,182940.45,0,12.116927,0,8,False,True,False,False,False
2452601,395,2646.18,0,7.881628,16,11,False,True,False,False,False
1679819,282,359463.9,0,12.792375,11,18,False,True,False,False,False
1621266,277,303659.84,0,12.62367,11,13,False,True,False,False,False
1454903,253,82360.07,0,11.31888,10,13,False,True,False,False,False
957572,185,256285.4,0,12.454055,7,17,False,False,False,False,True
1514879,257,180099.22,0,12.1012745,10,17,False,True,False,False,False
964719,185,13041.33,0,9.476032,7,17,False,True,False,False,False
702195,156,51565.81,0,10.850653,6,12,False,False,False,False,True
252423,33,335485.44,0,12.72334,1,9,False,True,False,False,False
582195,137,209689.78,0,12.253394,5,17,False,True,False,False,False
184009,18,29478.86,0,10.291496,0,18,False,True,False,False,False
2141060,349,35405.84,0,10.474689,14,13,False,True,False,False,False
332048,38,191415.98,0,12.162214,1,14,False,True,False,False,False
1485768,255,97775.36,0,11.490448,10,15,False,True,False,False,False
873757,179,341842.44,0,12.742111,7,11,False,True,False,False,False
1173818,210,167626.72,0,12.029507,8,18,False,True,False,False,False
2501370,398,1264060.5,0,14.049841,16,14,False,False,False,False,True
635072,140,215599.95,0,12.281189,5,20,False,True,False,False,False
803527,163,126217.12,0,11.745774,6,19,False,True,False,False,False
234019,20,162080.31,0,11.995859,0,20,False,True,False,False,False
2520522,400,1492787.6,0,14.216157,16,16,False,False,False,False,True
659550,143,297921.12,0,12.60459,5,23,False,False,False,False,True
994335,187,2085484.5,0,14.550512,7,19,False,False,False,False,True
2691901,565,203204.6,0,12.221978,23,13,False,True,False,False,False
1782067,301,216652.48,0,12.286059,12,13,False,True,False,False,False
2497281,398,139260.83,0,11.844118,16,14,False,True,False,False,False
44650,11,184620.53,0,12.126069,0,11,False,True,False,False,False
2620246,426,197614.39,0,12.194083,17,18,False,False,False,False,True
578832,136,61899.39,0,11.033298,5,16,False,True,False,False,False
2373309,378,221417.16,0,12.307813,15,18,False,True,False,False,False
1252158,227,53562.75,0,10.888646,9,11,False,True,False,False,False
602449,138,504.09,0,6.2267146,5,18,False,True,False,False,False
2057158,331,186008.72,0,12.133559,13,19,False,True,False,False,False
1445125,252,132037.31,0,11.790855,10,12,False,True,False,False,False
1493369,255,29865.69,0,10.304533,10,15,False,True,False,False,False
2718420,594,34048.4,0,10.435597,24,18,False,True,False,False,False
1218613,213,99228.97,0,11.505205,8,21,False,False,False,False,True
1608906,276,92458.26,0,11.434534,11,12,False,True,False,False,False
935949,183,192132.69,0,12.165952,7,15,False,True,False,False,False
866202,178,128201.23,0,11.761372,7,10,False,True,False,False,False
529609,133,16227.59,0,9.6945915,5,13,False,False,False,False,True
1056871,202,82709.5,0,11.323114,8,10,False,True,False,False,False
1899841,308,271487.88,0,12.511681,12,20,False,True,False,False,False
740759,159,364803.44,0,12.807119,6,15,False,True,False,False,False
447997,46,328925.47,0,12.703592,1,22,False,True,False,False,False
1563059,260,231551.23,0,12.352565,10,20,False,True,False,False,False
1627210,278,267898.38,0,12.49837,11,14,False,True,False,False,False
101850,14,582898.25,0,13.275771,0,14,False,False,False,False,True
2149347,350,127801.23,0,11.758247,14,14,False,True,False,False,False
499160,131,63132.47,0,11.053022,5,11,False,True,False,False,False
407590,43,98444.88,0,11.4972725,1,19,False,True,False,False,False
439481,45,152520.77,0,11.935069,1,21,False,True,False,False,False
1482223,254,262043.23,0,12.476273,10,14,False,True,False,False,False
132494,15,180951.2,0,12.105993,0,15,False,True,False,False,False
998792,187,101904.4,0,11.53181,7,19,False,True,False,False,False
535126,133,34039.31,0,10.43533,5,13,False,True,False,False,False
781938,162,308233.75,0,12.63862,6,18,False,True,False,False,False
1261407,228,119733.89,0,11.693044,9,12,False,True,False,False,False
940826,184,197858.9,0,12.195319,7,16,False,True,False,False,False
1216883,213,20509.14,0,9.928723,8,21,False,True,False,False,False
1118517,206,268049.2,0,12.498933,8,14,False,False,False,False,True
2263695,359,193049.1,0,12.170711,14,23,False,True,False,False,False
1271523,228,1010447.6,0,13.825906,9,12,False,False,False,False,True
2407238,380,1304118.1,0,14.081039,15,20,False,False,False,False,True
753602,160,68220.92,0,11.130536,6,16,False,True,False,False,False
1335388,234,170483.81,0,12.046408,9,18,False,True,False,False,False
936046,183,127838.27,0,11.758537,7,15,False,True,False,False,False
225763,20,219730.66,0,12.300167,0,20,False,True,False,False,False
50208,11,148383.69,0,11.90757,0,11,False,False,False,False,True
2349023,376,116811.24,0,11.668332,15,16,False,True,False,False,False
2725849,597,32518.15,0,10.389615,24,21,False,True,False,False,False
2051215,331,23878.7,0,10.080826,13,19,False,True,False,False,False
2481661,397,273003.25,0,12.517246,16,13,False,True,False,False,False
1624790,277,119815.48,0,11.693725,11,13,False,True,False,False,False
2026434,329,275841.4,0,12.527589,13,17,False,True,False,False,False
222897,20,376232.7,0,12.837969,0,20,False,True,False,False,False
1711361,284,1416.73,0,7.2575173,11,20,False,True,False,False,False
2702134,574,475222.6,0,13.071543,23,22,False,False,False,False,True
477607,130,325744.56,0,12.693875,5,10,False,True,False,False,False
1842232,305,988122.25,0,13.803564,12,17,False,False,False,False,True
2381120,379,62187.61,0,11.037943,15,19,False,True,False,False,False
742719,159,360429.47,0,12.795057,6,15,False,True,False,False,False
318024,37,56465.12,0,10.941414,1,13,False,True,False,False,False
288423,35,194639.0,0,12.178912,1,11,False,True,False,False,False
1210326,212,111389.52,0,11.620807,8,20,False,True,False,False,False
1779375,300,276926.84,0,12.531516,12,12,False,True,False,False,False
2342514,375,132926.3,0,11.797565,15,15,False,True,False,False,False
605751,138,209870.9,0,12.254257,5,18,False,True,False,False,False
471592,129,201199.19,0,12.212061,5,9,False,True,False,False,False
235969,20,235849.84,0,12.370959,0,20,False,True,False,False,False
1231783,225,282519.84,0,12.551511,9,9,False,True,False,False,False
1684265,282,137685.55,0,11.832743,11,18,False,True,False,False,False
1529308,258,632804.7,0,13.357921,10,18,False,False,False,False,True
935306,183,208441.45,0,12.247423,7,15,False,True,False,False,False
2203638,354,265681.16,0,12.49006,14,18,False,False,False,False,True
1534259,259,35319.28,0,10.472241,10,19,False,True,False,False,False
545399,134,13708.79,0,9.525938,5,14,False,True,False,False,False
2357368,377,17945.71,0,9.7952175,15,17,False,True,False,False,False
1146537,208,380225.38,0,12.848525,8,16,False,True,False,False,False
1206736,212,25035.13,0,10.128116,8,20,False,True,False,False,False
2188217,353,1214986.8,0,14.010245,14,17,False,False,False,False,True
708695,156,462518.25,0,13.044446,6,12,False,True,False,False,False
2586043,404,102636.04,0,11.538964,16,20,False,True,False,False,False
2350849,376,202134.69,0,12.2167,15,16,False,True,False,False,False
2571379,403,328758.5,0,12.703085,16,19,False,False,False,False,True
2096070,345,217098.84,0,12.288117,14,9,False,True,False,False,False
1697351,283,124345.05,0,11.730832,11,19,False,True,False,False,False
2574402,403,21.69,0,3.1650531,16,19,False,True,False,False,False
449641,46,347362.3,0,12.758129,1,22,False,False,False,False,True
1349707,235,768631.4,0,13.552369,9,19,False,False,False,False,True
845410,167,86707.34,0,11.3703165,6,23,False,True,False,False,False
2027127,329,214637.3,0,12.276714,13,17,False,False,False,False,True
2320628,373,633934.4,0,13.359704,15,13,False,False,False,False,True
497843,131,354402.9,0,12.778195,5,11,False,False,False,False,True
344445,39,318459.66,0,12.671257,1,15,False,True,False,False,False
714814,157,262376.7,0,12.477544,6,13,False,True,False,False,False
1195849,211,342877.7,0,12.745135,8,19,False,True,False,False,False
2504034,399,127021.27,0,11.752126,16,15,False,False,False,False,True
2205092,354,1882666.9,0,14.448201,14,18,False,False,False,False,True
1686904,282,18285.42,0,9.813969,11,18,False,True,False,False,False
2030549,330,1423.09,0,7.26199,13,18,False,True,False,False,False
274202,34,4541.28,0,8.421405,1,10,False,True,False,False,False
770585,161,114945.8,0,11.652233,6,17,False,True,False,False,False
876067,179,262768.3,0,12.479035,7,11,False,True,False,False,False
2298060,372,145763.81,0,11.889756,15,12,False,True,False,False,False
1581149,273,102703.21,0,11.5396185,11,9,False,False,False,False,True
756509,160,124565.24,0,11.732601,6,16,False,True,False,False,False
280811,35,1027.4,0,6.9367313,1,11,False,False,False,False,True
472983,129,337392.12,0,12.729007,5,9,False,False,False,False,True
708083,156,44251.53,0,10.697691,6,12,False,True,False,False,False
1019428,188,218207.03,0,12.293209,7,20,False,True,False,False,False
931958,183,32326.14,0,10.383694,7,15,False,True,False,False,False
1840812,305,97136.17,0,11.48389,12,17,False,True,False,False,False
1438296,251,361882.78,0,12.799081,10,11,False,True,False,False,False
2324274,374,82719.34,0,11.323233,15,14,False,True,False,False,False
1020627,188,212982.52,0,12.268974,7,20,False,False,False,False,True
664139,153,358682.53,0,12.790198,6,9,False,True,False,False,False
1388825,237,135582.56,0,11.81735,9,21,False,True,False,False,False
1560640,260,155918.84,0,11.957104,10,20,False,True,False,False,False
2668794,538,181235.3,0,12.107562,22,10,False,True,False,False,False
657354,142,205863.72,0,12.23498,5,22,False,True,False,False,False
15176,9,59134.19,0,10.987598,0,9,False,True,False,False,False
140562,16,208336.2,0,12.246918,0,16,False,True,False,False,False
1755870,299,473355.1,0,13.067605,12,11,False,True,False,False,False
2339076,375,558895.25,0,13.233721,15,15,False,True,False,False,False
1891084,308,133779.77,0,11.803966,12,20,False,True,False,False,False
990735,186,38789.72,0,10.565962,7,18,False,True,False,False,False
1364962,235,30297.61,0,10.318891,9,19,False,True,False,False,False
1587106,274,42014.66,0,10.645822,11,10,False,True,False,False,False
1143001,208,1421936.9,0,14.167532,8,16,False,False,False,False,True
2209131,354,141126.98,0,11.8574295,14,18,False,True,False,False,False
1568325,261,166638.02,0,12.023591,10,21,False,True,False,False,False
2030907,330,3768.48,0,8.234958,13,18,False,True,False,False,False
1548869,259,162518.67,0,11.998561,10,19,False,True,False,False,False
3611,8,98234.73,0,11.495135,0,8,False,False,False,False,True
1370495,236,721809.8,0,13.48952,9,20,False,False,False,False,True
722390,157,395720.97,0,12.88847,6,13,False,True,False,False,False
150493,16,236598.0,0,12.374126,0,16,False,True,False,False,False
403873,43,81866.88,0,11.312874,1,19,False,True,False,False,False
2140323,349,104447.57,0,11.556459,14,13,False,True,False,False,False
97430,14,63241.02,0,11.05474,0,14,False,True,False,False,False
871117,179,106489.33,0,11.575819,7,11,False,True,False,False,False
1628654,278,528103.25,0,13.177051,11,14,False,True,False,False,False
1921399,321,113062.27,0,11.635712,13,9,False,True,False,False,False
727323,158,129743.02,0,11.773327,6,14,False,False,False,False,True
1299430,230,152082.02,0,11.932188,9,14,False,True,False,False,False
1862157,306,125511.82,0,11.740171,12,18,False,True,False,False,False
2104840,346,330997.1,0,12.709871,14,10,False,True,False,False,False
2708486,589,118089.2,0,11.679213,24,13,False,True,False,False,False
1310720,231,274023.47,0,12.520976,9,15,False,True,False,False,False
21735,9,128256.92,0,11.7618065,0,9,False,True,False,False,False
1193281,211,140529.8,0,11.853189,8,19,False,True,False,False,False
2291400,371,179524.34,0,12.098077,15,11,False,True,False,False,False
1451413,252,148611.31,0,11.909103,10,12,False,True,False,False,False
619169,139,126439.56,0,11.747536,5,19,False,True,False,False,False
1688579,283,53617.14,0,10.889662,11,19,False,True,False,False,False
655644,142,117863.07,0,11.677296,5,22,False,False,False,False,True
2518520,400,142122.97,0,11.864462,16,16,False,True,False,False,False
89055,13,1149162.4,0,13.954546,0,13,False,False,False,False,True
76091,13,224500.38,0,12.321642,0,13,False,True,False,False,False
1053729,202,240205.66,0,12.389259,8,10,False,True,False,False,False
2190025,353,168981.44,0,12.037556,14,17,False,True,False,False,False
1486090,255,1266305.6,0,14.051616,10,15,False,False,False,False,True
369956,41,620030.3,0,13.337527,1,17,False,False,False,False,True
2249168,356,67790.19,0,11.124203,14,20,False,True,False,False,False
2390280,379,165793.66,0,12.018512,15,19,False,True,False,False,False
679895,154,24583.36,0,10.109906,6,10,False,True,False,False,False
268827,34,68631.04,0,11.136529,1,10,False,True,False,False,False
1059529,202,936187.1,0,13.749573,8,10,False,False,False,False,True
1793505,301,282309.72,0,12.550767,12,13,False,True,False,False,False
1720553,285,86452.39,0,11.3673725,11,21,False,True,False,False,False
540734,134,33127.8,0,10.408189,5,14,False,True,False,False,False
49780,11,176330.9,0,12.080129,0,11,False,True,False,False,False
2051105,331,368620.62,0,12.817529,13,19,False,False,False,False,True
2715498,592,74716.01,0,11.221477,24,16,False,True,False,False,False
2708171,589,32478.32,0,10.38839,24,13,False,True,False,False,False
2423225,382,106968.9,0,11.580312,15,22,False,False,False,False,True
2060438,331,559264.25,0,13.234381,13,19,False,True,False,False,False
1545328,259,93159.34,0,11.442088,10,19,False,True,False,False,False
94889,14,798103.4,0,13.589996,0,14,False,False,False,False,True
1135761,207,189055.33,0,12.149806,8,15,False,True,False,False,False
101030,14,270881.6,0,12.509444,0,14,False,True,False,False,False
952160,184,101597.22,0,11.528791,7,16,False,True,False,False,False
958380,185,242465.48,0,12.3986225,7,17,False,True,False,False,False
2700023,571,172149.38,0,12.056129,23,19,False,True,False,False,False
1514967,257,90109.02,0,11.408798,10,17,False,True,False,False,False
1428167,251,715312.9,0,13.480478,10,11,False,False,False,False,True
2472233,396,479102.34,0,13.079674,16,12,False,True,False,False,False
2234563,355,36360.58,0,10.501295,14,19,False,True,False,False,False
2070485,332,1664486.1,0,14.325028,13,20,False,False,False,False,True
2751398,687,138491.23,0,11.838576,28,15,False,True,False,False,False
1906676,309,141331.42,0,11.858877,12,21,False,True,False,False,False
1449553,252,275747.84,0,12.527249,10,12,False,True,False,False,False
551119,134,226912.0,0,12.332326,5,14,False,True,False,False,False
1983233,326,76198.28,0,11.24112,13,14,False,False,False,False,True
2744752,683,32927.08,0,10.402111,28,11,False,True,False,False,False
453373,48,197257.84,0,12.192277,2,0,False,True,False,False,False
1381679,236,138615.06,0,11.839471,9,20,False,True,False,False,False
744836,159,787492.7,0,13.5766115,6,15,False,False,False,False,True
1894844,308,54490.11,0,10.905811,12,20,False,True,False,False,False
872581,179,89149.77,0,11.398095,7,11,False,True,False,False,False
589998,137,179989.83,0,12.100667,5,17,False,True,False,False,False
2251722,356,7084.12,0,8.865893,14,20,False,False,False,False,True
542369,134,103296.3,0,11.545376,5,14,False,True,False,False,False
2421603,382,241175.16,0,12.393287,15,22,False,False,False,False,True
142042,16,59819.28,0,10.999117,0,16,False,True,False,False,False
2631667,471,230019.9,0,12.34593,19,15,False,True,False,False,False
2617701,420,154925.38,0,11.950712,17,12,False,True,False,False,False
73539,12,717863.56,0,13.484037,0,12,False,True,False,False,False
2019595,329,393182.47,0,12.882034,13,17,False,True,False,False,False
1778252,300,39579.35,0,10.586113,12,12,False,True,False,False,False
1235657,226,255812.55,0,12.4522085,9,10,False,True,False,False,False
790374,162,160032.62,0,11.983146,6,18,False,True,False,False,False
303497,36,169205.38,0,12.03888,1,12,False,True,False,False,False
2166662,351,317420.06,0,12.667988,14,15,False,True,False,False,False
68691,12,273921.9,0,12.520606,0,12,False,True,False,False,False
1483731,255,302512.9,0,12.619885,10,15,False,False,False,False,True
1696250,283,138339.95,0,11.837483,11,19,False,True,False,False,False
807689,163,111232.87,0,11.619399,6,19,False,True,False,False,False
978224,186,142991.27,0,11.870553,7,18,False,True,False,False,False
1186238,211,52514.59,0,10.868884,8,19,False,True,False,False,False
331862,38,307439.72,0,12.636041,1,14,False,True,False,False,False
2420863,381,951864.06,0,13.76618,15,21,False,False,False,False,True
1664211,281,306462.28,0,12.632856,11,17,False,True,False,False,False
406085,43,159679.73,0,11.980938,1,19,False,False,False,False,True
219942,20,128539.73,0,11.7640085,0,20,False,True,False,False,False
2049500,331,95747.84,0,11.469494,13,19,False,True,False,False,False
1498800,256,132421.19,0,11.793758,10,16,False,True,False,False,False
2688317,551,432281.03,0,12.976836,22,23,False,False,False,False,True
2186754,353,110111.39,0,11.609266,14,17,False,False,False,False,True
1618926,277,104009.63,0,11.5522585,11,13,False,True,False,False,False
2654759,522,73678.02,0,11.207487,21,18,False,True,False,False,False
339968,39,725943.9,0,13.495231,1,15,False,True,False,False,False
1439824,252,305350.4,0,12.629222,10,12,False,False,False,False,True
2056461,331,1403736.5,0,14.15465,13,19,False,False,False,False,True
537532,133,273538.53,0,12.519205,5,13,False,True,False,False,False
1370659,236,82541.25,0,11.321077,9,20,False,True,False,False,False
802109,163,74120.93,0,11.21348,6,19,False,False,False,False,True
649129,141,255619.48,0,12.451453,5,21,False,True,False,False,False
2559661,402,32118.73,0,10.377257,16,18,False,True,False,False,False
1692562,283,187371.11,0,12.140857,11,19,False,False,False,False,True
1662196,281,189309.86,0,12.151151,11,17,False,True,False,False,False
1126759,206,37175.39,0,10.523457,8,14,False,True,False,False,False
2553189,402,256367.05,0,12.454373,16,18,False,True,False,False,False
2542190,401,182604.38,0,12.115088,16,17,False,True,False,False,False
1998228,327,47376.08,0,10.765915,13,15,False,True,False,False,False
2484833,397,741965.8,0,13.517061,16,13,False,False,False,False,True
2424237,382,62465.13,0,11.042396,15,22,False,True,False,False,False
1806515,302,67404.39,0,11.118495,12,14,False,False,False,False,True
679837,154,249796.77,0,12.428411,6,10,False,True,False,False,False
137506,16,925661.0,0,13.738266,0,16,False,False,False,False,True
998290,187,142195.81,0,11.864974,7,19,False,False,False,False,True
640550,140,35218.54,0,10.469385,5,20,False,True,False,False,False
1479789,254,385373.03,0,12.861972,10,14,False,True,False,False,False
2759134,691,137521.23,0,11.831548,28,19,False,True,False,False,False
1150684,208,304201.12,0,12.625451,8,16,False,True,False,False,False
1310378,231,253129.7,0,12.441666,9,15,False,True,False,False,False
2463631,396,1085295.0,0,13.897365,16,12,False,False,False,False,True
736992,159,71834.64,0,11.18215,6,15,False,True,False,False,False
1678547,282,50829.46,0,10.83627,11,18,False,True,False,False,False
905807,181,31603.68,0,10.361093,7,13,False,True,False,False,False
1286907,229,493440.84,0,13.109162,9,13,False,True,False,False,False
610509,138,38961.1,0,10.570371,5,18,False,True,False,False,False
1847655,305,242671.31,0,12.399471,12,17,False,True,False,False,False
1019199,188,171596.1,0,12.052911,7,20,False,True,False,False,False
1360085,235,6193.02,0,8.731501,9,19,False,True,False,False,False
532525,133,1273461.0,0,14.057251,5,13,False,False,False,False,True
681024,154,176389.97,0,12.080464,6,10,False,True,False,False,False
1666902,281,260603.42,0,12.470763,11,17,False,True,False,False,False
1695348,283,12509.79,0,9.434426,11,19,False,True,False,False,False
1275227,228,365219.62,0,12.80826,9,12,False,True,False,False,False
560400,135,648650.8,0,13.382653,5,15,False,False,False,False,True
1674978,282,73435.69,0,11.204192,11,18,False,True,False,False,False
203429,19,303051.38,0,12.621664,0,19,False,True,False,False,False
1291166,230,99336.82,0,11.506291,9,14,False,True,False,False,False
2378736,378,8114.63,0,9.00167,15,18,False,True,False,False,False
1573062,261,86673.86,0,11.36993,10,21,False,True,False,False,False
2489231,398,71807.74,0,11.181775,16,14,False,True,False,False,False
1794087,301,1468437.4,0,14.199711,12,13,False,False,False,False,True
1305587,231,121347.07,0,11.706427,9,15,False,True,False,False,False
64140,12,176213.77,0,12.079465,0,12,False,True,False,False,False
1627146,278,104530.0,0,11.557248,11,14,False,True,False,False,False
1072863,203,120764.66,0,11.701615,8,11,False,True,False,False,False
789293,162,22134.21,0,10.004971,6,18,False,True,False,False,False
2436440,393,114146.47,0,11.645255,16,9,False,True,False,False,False
1264881,228,251840.33,0,12.436559,9,12,False,True,False,False,False
62547,12,302261.97,0,12.619056,0,12,False,True,False,False,False
338580,39,142884.48,0,11.869805,1,15,False,True,False,False,False
2525970,400,42845.99,0,10.665414,16,16,False,True,False,False,False
507746,132,23193.61,0,10.051719,5,12,False,True,False,False,False
267019,34,288516.2,0,12.572514,1,10,False,True,False,False,False
578540,136,160820.12,0,11.988054,5,16,False,True,False,False,False
280477,35,583929.8,0,13.277539,1,11,False,True,False,False,False
1187066,211,178819.84,0,12.094146,8,19,False,True,False,False,False
121124,15,79953.53,0,11.289226,0,15,False,False,False,False,True
2034591,330,206404.06,0,12.2376,13,18,False,True,False,False,False
2697463,570,152421.66,0,11.93442,23,18,False,True,False,False,False
2440686,394,261221.44,0,12.473131,16,10,False,True,False,False,False
1302100,231,119856.16,0,11.694064,9,15,False,True,False,False,False
573632,136,127134.88,0,11.753019,5,16,False,False,False,False,True
1113016,205,100348.93,0,11.516429,8,13,False,True,False,False,False
811307,163,177500.8,0,12.086741,6,19,False,True,False,False,False
1368929,235,31807.34,0,10.367516,9,19,False,True,False,False,False
253448,33,173248.48,0,12.062493,1,9,False,True,False,False,False
2302124,372,353172.3,0,12.774717,15,12,False,True,False,False,False
2568020,403,419766.38,0,12.947458,16,19,False,False,False,False,True
2085838,334,154481.25,0,11.947841,13,22,False,False,False,False,True
1083797,204,215602.08,0,12.281199,8,12,False,True,False,False,False
1006599,187,236537.75,0,12.373872,7,19,False,True,False,False,False
979403,186,176842.38,0,12.083025,7,18,False,True,False,False,False
1269014,228,11759.45,0,9.372582,9,12,False,True,False,False,False
565442,135,249250.19,0,12.426221,5,15,False,False,False,False,True
1294066,230,12538.83,0,9.436745,9,14,False,True,False,False,False
858384,178,72601.39,0,11.192767,7,10,False,True,False,False,False
2716661,594,40871.11,0,10.618228,24,18,False,True,False,False,False
680606,154,53577.97,0,10.88893,6,10,False,True,False,False,False
1323780,232,139263.81,0,11.84414,9,16,False,True,False,False,False
2498281,398,262519.5,0,12.478088,16,14,False,True,False,False,False
2143585,349,460541.16,0,13.040162,14,13,False,True,False,False,False
659805,143,3616319.2,0,15.100967,5,23,False,False,False,False,True
1039932,190,401914.9,0,12.904,7,22,False,False,False,False,True
1254816,227,130730.16,0,11.780906,9,11,False,True,False,False,False
330186,38,48215.04,0,10.783468,1,14,False,True,False,False,False
2107604,346,122520.82,0,11.716053,14,10,False,True,False,False,False
2064746,332,75059.18,0,11.226059,13,20,False,True,False,False,False
2305950,372,362581.78,0,12.801011,15,12,False,True,False,False,False
255916,33,347530.2,0,12.758613,1,9,False,True,False,False,False
2629193,469,115594.93,0,11.657865,19,13,False,True,False,False,False
1647642,279,207937.27,0,12.245002,11,15,False,True,False,False,False
1459110,253,112934.23,0,11.634579,10,13,False,True,False,False,False
669316,153,179856.25,0,12.099924,6,9,False,True,False,False,False
1105809,205,18070.34,0,9.802138,8,13,False,True,False,False,False
372792,41,27472.02,0,10.220996,1,17,False,True,False,False,False
1184327,211,1651781.8,0,14.317367,8,19,False,False,False,False,True
741231,159,49427.97,0,10.808312,6,15,False,True,False,False,False
1861357,306,26792.99,0,10.195971,12,18,False,True,False,False,False
235368,20,7531.23,0,8.927079,0,20,False,True,False,False,False
1343943,234,359592.5,0,12.792732,9,18,False,False,False,False,True
1371267,236,238516.62,0,12.382203,9,20,False,True,False,False,False
776304,161,246835.58,0,12.416486,6,17,False,True,False,False,False
2358446,377,28529.56,0,10.258766,15,17,False,True,False,False,False
1658847,280,163695.38,0,12.0057745,11,16,False,True,False,False,False
2198699,353,12816.93,0,9.458678,14,17,False,True,False,False,False
350634,40,305362.25,0,12.629261,1,16,False,False,False,False,True
1154221,208,131263.56,0,11.784978,8,16,False,True,False,False,False
283065,35,148968.05,0,11.911501,1,11,False,True,False,False,False
1234478,225,210415.69,0,12.25685,9,9,False,True,False,False,False
703990,156,202417.03,0,12.218095,6,12,False,True,False,False,False
1273295,228,585471.5,0,13.280176,9,12,False,True,False,False,False
2295898,372,20595.01,0,9.932901,15,12,False,False,False,False,True
1063402,202,425859.84,0,12.96187,8,10,False,True,False,False,False
1633541,278,682289.94,0,13.433213,11,14,False,False,False,False,True
844821,167,853593.5,0,13.657213,6,23,False,False,False,False,True
612872,139,1033553.8,0,13.8485155,5,19,False,False,False,False,True
186355,18,209421.33,0,12.252113,0,18,False,True,False,False,False
2343813,375,224964.62,0,12.323708,15,15,False,False,False,False,True
1625795,277,177730.66,0,12.088036,11,13,False,True,False,False,False
349624,40,96398.81,0,11.47627,1,16,False,True,False,False,False
1607972,276,158999.8,0,11.976671,11,12,False,True,False,False,False
1173640,210,698121.3,0,13.456151,8,18,False,False,False,False,True
2077080,332,10924.31,0,9.298929,13,20,False,True,False,False,False
1024107,188,244008.12,0,12.404965,7,20,False,True,False,False,False
1698375,283,90623.02,0,11.414486,11,19,False,True,False,False,False
2078695,332,1812200.8,0,14.410053,13,20,False,False,False,False,True
926611,183,247932.34,0,12.420919,7,15,False,True,False,False,False
1728412,287,2745.12,0,7.9183083,11,23,False,True,False,False,False
2750130,687,112231.05,0,11.628333,28,15,False,True,False,False,False
1250091,227,87765.09,0,11.3824415,9,11,False,False,False,False,True
360464,40,153160.48,0,11.939255,1,16,False,True,False,False,False
353828,40,203412.16,0,12.223,1,16,False,True,False,False,False
1562421,260,416086.88,0,12.938654,10,20,False,True,False,False,False
1412841,250,1584970.2,0,14.276077,10,10,False,False,False,False,True
2560789,402,148805.45,0,11.910409,16,18,False,True,False,False,False
2009467,328,127754.78,0,11.757884,13,16,False,True,False,False,False
2678349,545,209998.44,0,12.254865,22,17,False,True,False,False,False
943616,184,88255.61,0,11.388015,7,16,False,True,False,False,False
1201509,212,191430.52,0,12.162291,8,20,False,True,False,False,False
395868,42,51412.37,0,10.847673,1,18,False,True,False,False,False
2608791,406,67503.37,0,11.119963,16,22,False,True,False,False,False
300813,36,295065.1,0,12.594958,1,12,False,True,False,False,False
2020992,329,451861.25,0,13.021135,13,17,False,False,False,False,True
2393071,379,192204.22,0,12.166325,15,19,False,True,False,False,False
177701,18,430837.16,0,12.97349,0,18,False,True,False,False,False
2104118,346,9781.26,0,9.188428,14,10,False,True,False,False,False
525788,133,585932.6,0,13.280964,5,13,False,False,False,False,True
37044,10,653691.25,0,13.390393,0,10,False,True,False,False,False
1816085,303,165460.58,0,12.0165,12,15,False,False,False,False,True
1992929,327,330520.25,0,12.708429,13,15,False,True,False,False,False
2629482,469,95000.81,0,11.461662,19,13,False,True,False,False,False
2109309,347,1618799.5,0,14.297196,14,11,False,False,False,False,True
1125128,206,136819.4,0,11.826432,8,14,False,True,False,False,False
1470988,254,129872.62,0,11.774324,10,14,False,True,False,False,False
310985,37,355109.47,0,12.780187,1,13,False,True,False,False,False
1518480,257,119433.37,0,11.690531,10,17,False,True,False,False,False
550545,134,59761.39,0,10.998149,5,14,False,True,False,False,False
573994,136,100959.99,0,11.522499,5,16,False,True,False,False,False
26123,9,22682.93,0,10.029456,0,9,False,True,False,False,False
2095600,345,78335.97,0,11.268787,14,9,False,True,False,False,False
1865921,306,12550.09,0,9.437642,12,18,False,True,False,False,False
467527,129,239018.36,0,12.384304,5,9,False,True,False,False,False
746190,159,177940.2,0,12.089214,6,15,False,True,False,False,False
1045892,201,438508.3,0,12.991138,8,9,False,True,False,False,False
2370440,378,116147.01,0,11.662629,15,18,False,True,False,False,False
2150138,350,168310.9,0,12.03358,14,14,False,True,False,False,False
2443051,394,67775.05,0,11.123979,16,10,False,True,False,False,False
896105,181,249343.69,0,12.426596,7,13,False,True,False,False,False
2409456,380,78478.04,0,11.270599,15,20,False,True,False,False,False
2365457,378,64621.55,0,11.076334,15,18,False,True,False,False,False
1906581,309,333615.53,0,12.717751,12,21,False,True,False,False,False
1876001,307,6572.07,0,8.790889,12,19,False,True,False,False,False
1901806,308,28564.86,0,10.260002,12,20,False,True,False,False,False
2062440,331,691347.9,0,13.446402,13,19,False,False,False,False,True
24515,9,163017.03,0,12.001622,0,9,False,True,False,False,False
1458043,253,120000.0,0,11.695264,10,13,False,True,False,False,False
1268707,228,195048.9,0,12.181016,9,12,False,True,False,False,False
1775173,300,2379479.5,0,14.682393,12,12,False,False,False,False,True
1182221,210,227702.58,0,12.335804,8,18,False,True,False,False,False
2346744,376,50301.86,0,10.825837,15,16,False,True,False,False,False
1431210,251,413465.9,0,12.932335,10,11,False,True,False,False,False
1879178,307,52021.95,0,10.85946,12,19,False,True,False,False,False
1157520,209,269244.62,0,12.503383,8,17,False,False,False,False,True
2676571,544,2280060.2,0,14.639713,22,16,False,False,False,False,True
1003066,187,19709.92,0,9.888979,7,19,False,True,False,False,False
563613,135,22131.96,0,10.0048685,5,15,False,True,False,False,False
1244671,226,1753.21,0,7.4703436,9,10,False,True,False,False,False
1928509,322,230060.52,0,12.346107,13,10,False,True,False,False,False
1129370,207,329109.78,0,12.704153,8,15,False,False,False,False,True
2017991,329,108282.42,0,11.592517,13,17,False,True,False,False,False
2646787,514,317457.47,0,12.668105,21,10,False,True,False,False,False
1739036,298,83363.04,0,11.330984,12,10,False,True,False,False,False
2181895,352,84208.31,0,11.341073,14,16,False,True,False,False,False
2462541,396,974437.25,0,13.789618,16,12,False,False,False,False,True
1191770,211,131215.08,0,11.784608,8,19,False,True,False,False,False
1345705,234,92705.59,0,11.437205,9,18,False,True,False,False,False
1372397,236,82013.95,0,11.314669,9,20,False,False,False,False,True
629818,139,69457.17,0,11.148495,5,19,False,True,False,False,False
1773631,300,54199.23,0,10.900459,12,12,False,True,False,False,False
490069,130,1541312.2,0,14.248146,5,10,False,False,False,False,True
2646997,514,183596.67,0,12.120507,21,10,False,True,False,False,False
2138086,349,203624.84,0,12.224045,14,13,False,True,False,False,False
1898471,308,204010.83,0,12.225938,12,20,False,True,False,False,False
2585781,404,49400.41,0,10.8077545,16,20,False,True,False,False,False
370625,41,129781.25,0,11.773621,1,17,False,True,False,False,False
2402163,380,223526.56,0,12.317294,15,20,False,True,False,False,False
2310413,373,1280372.1,0,14.062663,15,13,False,False,False,False,True
1173475,210,1217916.5,0,14.012654,8,18,False,False,False,False,True
1537233,259,581754.1,0,13.273807,10,19,False,False,False,False,True
194526,18,170721.45,0,12.0478,0,18,False,True,False,False,False
542053,134,558907.0,0,13.233742,5,14,False,False,False,False,True
1758098,299,147069.02,0,11.898671,12,11,False,True,False,False,False
218275,19,194358.23,0,12.177468,0,19,False,True,False,False,False
1657298,280,50734.71,0,10.834405,11,16,False,True,False,False,False
2091267,345,117019.5,0,11.670113,14,9,False,False,False,False,True
475432,129,83362.18,0,11.330974,5,9,False,True,False,False,False
518039,132,261355.73,0,12.473645,5,12,False,True,False,False,False
390750,42,215584.67,0,12.281118,1,18,False,True,False,False,False
2037729,330,77443.38,0,11.257328,13,18,False,True,False,False,False
1275425,229,33950.06,0,10.432705,9,13,False,True,False,False,False
1720226,285,192804.67,0,12.169443,11,21,False,True,False,False,False
859984,178,76495.31,0,11.245011,7,10,False,True,False,False,False
950792,184,384685.84,0,12.860188,7,16,False,True,False,False,False
1664925,281,194193.86,0,12.176622,11,17,False,True,False,False,False
1013078,187,48341.29,0,10.786083,7,19,False,True,False,False,False
1513677,257,79399.12,0,11.282268,10,17,False,True,False,False,False
85420,13,529440.1,0,13.179579,0,13,False,True,False,False,False
1757093,299,135986.7,0,11.820327,12,11,False,False,False,False,True
2645659,500,130060.19,0,11.775768,20,20,False,True,False,False,False
952798,184,2783530.0,0,14.8392315,7,16,False,False,False,False,True
2621421,426,90125.86,0,11.408984,17,18,False,True,False,False,False
886233,180,148565.33,0,11.908793,7,12,False,True,False,False,False
2589654,404,271522.97,0,12.511809,16,20,False,True,False,False,False
1209025,212,266677.97,0,12.493805,8,20,False,True,False,False,False
2565679,403,527072.0,0,13.1750965,16,19,False,True,False,False,False
2007891,328,10000000.0,0,16.118095,13,16,False,False,False,False,True
2435928,393,79563.57,0,11.284337,16,9,False,True,False,False,False
564025,135,384838.97,0,12.860585,5,15,False,True,False,False,False
1427281,251,168850.44,0,12.03678,10,11,False,True,False,False,False
1549026,259,31059.85,0,10.343736,10,19,False,True,False,False,False
1570839,261,266395.3,0,12.492744,10,21,False,True,False,False,False
2669406,538,15789.96,0,9.667256,22,10,False,True,False,False,False
486164,130,185523.36,0,12.130947,5,10,False,True,False,False,False
340813,39,123931.64,0,11.727502,1,15,False,True,False,False,False
1779710,300,107006.29,0,11.580662,12,12,False,True,False,False,False
94207,14,119118.68,0,11.687892,0,14,False,True,False,False,False
689141,155,749009.3,0,13.526509,6,11,False,False,False,False,True
20478,9,481416.38,0,13.084492,0,9,False,False,False,False,True
2276276,370,20874.67,0,9.946387,15,10,False,True,False,False,False
1525770,258,98378.11,0,11.496593,10,18,False,True,False,False,False
2064850,332,214783.2,0,12.277393,13,20,False,True,False,False,False
708309,156,51362.69,0,10.846706,6,12,False,True,False,False,False
398160,42,6706.1,0,8.811071,1,18,False,True,False,False,False
532573,133,172962.34,0,12.060841,5,13,False,True,False,False,False
622680,139,46197.18,0,10.740717,5,19,False,True,False,False,False
2144600,349,69101.22,0,11.143356,14,13,False,False,False,False,True
2444321,394,504599.7,0,13.131525,16,10,False,True,False,False,False
1051356,201,66949.4,0,11.111722,8,9,False,True,False,False,False
354131,40,105855.66,0,11.569851,1,16,False,True,False,False,False
2258067,357,217808.06,0,12.291379,14,21,False,True,False,False,False
1714515,284,279762.88,0,12.541705,11,20,False,True,False,False,False
2655787,522,252326.02,0,12.438485,21,18,False,True,False,False,False
579126,136,107435.08,0,11.584661,5,16,False,True,False,False,False
1814401,303,167384.36,0,12.02806,12,15,False,True,False,False,False
2630880,469,139116.1,0,11.843079,19,13,False,True,False,False,False
2626573,451,128281.87,0,11.762001,18,19,False,True,False,False,False
741683,159,140569.31,0,11.85347,6,15,False,True,False,False,False
741538,159,127377.28,0,11.754925,6,15,False,True,False,False,False
2538549,401,34449.69,0,10.447313,16,17,False,True,False,False,False
1186943,211,14405.53,0,9.575506,8,19,False,True,False,False,False
2373184,378,234615.6,0,12.365712,15,18,False,True,False,False,False
2285116,371,200299.95,0,12.2075815,15,11,False,True,False,False,False
402247,43,661905.94,0,13.402882,1,19,False,False,False,False,True
1212082,212,491203.6,0,13.104618,8,20,False,False,False,False,True
2333451,374,233077.02,0,12.359133,15,14,False,False,False,False,True
469435,129,15103.9,0,9.622841,5,9,False,False,False,False,True
819759,164,206108.62,0,12.236168,6,20,False,True,False,False,False
1388439,237,168798.03,0,12.03647,9,21,False,True,False,False,False
2457558,395,639537.8,0,13.368505,16,11,False,False,False,False,True
636162,140,90883.84,0,11.417359,5,20,False,True,False,False,False
496506,131,170498.73,0,12.0464945,5,11,False,True,False,False,False
1745519,298,359950.53,0,12.793728,12,10,False,True,False,False,False
486099,130,223246.06,0,12.316039,5,10,False,True,False,False,False
865397,178,297.48,0,5.702048,7,10,False,True,False,False,False
308636,37,876645.25,0,13.68386,1,13,False,False,False,False,True
209225,19,211064.69,0,12.25993,0,19,False,True,False,False,False
2755730,688,112150.14,0,11.627612,28,16,False,True,False,False,False
1425674,251,3415.4,0,8.136635,10,11,False,False,False,False,True
684209,155,23608.6,0,10.069451,6,11,False,True,False,False,False
2210896,354,194621.31,0,12.178822,14,18,False,True,False,False,False
49291,11,443980.53,0,13.003541,0,11,False,False,False,False,True
2002461,328,250387.19,0,12.430772,13,16,False,True,False,False,False
1780359,300,229474.9,0,12.343557,12,12,False,True,False,False,False
2534999,401,42486.16,0,10.6569805,16,17,False,True,False,False,False
869906,179,214327.45,0,12.2752695,7,11,False,True,False,False,False
1391382,238,230528.1,0,12.348137,9,22,False,True,False,False,False
1956045,324,21580.37,1,9.979632,13,12,False,False,False,False,True
1562343,260,1814.9,0,7.504887,10,20,False,True,False,False,False
2591034,404,47764.94,0,10.774089,16,20,False,True,False,False,False
653805,141,249248.44,0,12.426213,5,21,False,True,False,False,False
1576440,262,280661.47,0,12.544911,10,22,False,False,False,False,True
2495655,398,82295.91,0,11.318101,16,14,False,True,False,False,False
705629,156,9740.46,0,9.184249,6,12,False,True,False,False,False
2036798,330,205294.94,0,12.232213,13,18,False,True,False,False,False
1647528,279,37448116.0,0,17.438467,11,15,False,False,False,False,True
2173294,352,442812.28,0,13.000906,14,16,False,True,False,False,False
237124,20,139084.55,0,11.842852,0,20,False,True,False,False,False
2531646,401,299773.88,0,12.61079,16,17,False,True,False,False,False
997252,187,149564.3,0,11.915495,7,19,False,True,False,False,False
1477841,254,132193.44,0,11.792037,10,14,False,True,False,False,False
1015156,188,1808015.9,0,14.407742,7,20,False,False,False,False,True
634950,140,144849.06,0,11.883461,5,20,False,True,False,False,False
1633837,278,994909.2,0,13.810409,11,14,False,False,False,False,True
164570,17,454593.84,0,13.027164,0,17,False,True,False,False,False
1443180,252,1745392.5,0,14.372491,10,12,False,False,False,False,True
2104587,346,219597.88,0,12.299562,14,10,False,True,False,False,False
2526610,400,57056.84,0,10.9518385,16,16,False,True,False,False,False
2357808,377,61501.77,0,11.026854,15,17,False,True,False,False,False
2038470,330,299308.8,0,12.609238,13,18,False,True,False,False,False
1543428,259,50512.04,0,10.830007,10,19,False,True,False,False,False
1296430,230,771877.6,0,13.556584,9,14,False,False,False,False,True
1396817,239,750843.8,0,13.528955,9,23,False,False,False,False,True
1404794,249,234604.58,0,12.365665,10,9,False,True,False,False,False
137472,16,195404.58,0,12.1828375,0,16,False,True,False,False,False
228920,20,1572972.1,0,14.268478,0,20,False,False,False,False,True
2242493,356,273718.12,0,12.519861,14,20,False,True,False,False,False
2514631,399,441734.75,0,12.998469,16,15,False,True,False,False,False
2360208,377,120993.16,0,11.7035055,15,17,False,True,False,False,False
1096149,204,201220.36,0,12.212166,8,12,False,True,False,False,False
357407,40,487631.2,0,13.097319,1,16,False,False,False,False,True
16481,9,756498.4,0,13.536458,0,9,False,False,False,False,True
807438,163,14406.61,0,9.575582,6,19,False,True,False,False,False
1335474,234,659076.5,0,13.398598,9,18,False,False,False,False,True
1888114,307,151528.23,0,11.92854,12,19,False,True,False,False,False
2712156,590,613967.2,0,13.3277,24,14,False,False,False,False,True
2346832,376,125183.4,0,11.737551,15,16,False,True,False,False,False
129772,15,75942.61,0,11.23776,0,15,False,True,False,False,False
1681281,282,205899.69,0,12.235154,11,18,False,True,False,False,False
1848260,306,75294.62,0,11.229191,12,18,False,True,False,False,False
2359407,377,41127.21,0,10.624474,15,17,False,True,False,False,False
2370677,378,427485.47,0,12.96568,15,18,False,False,False,False,True
2301632,372,112127.54,0,11.62741,15,12,False,True,False,False,False
1508167,256,37192.91,0,10.523928,10,16,False,True,False,False,False
272025,34,59077.73,0,10.986643,1,10,False,False,False,False,True
852468,177,399837.75,0,12.898819,7,9,False,False,False,False,True
723027,158,64491.84,0,11.074325,6,14,False,False,False,False,True
114057,15,367417.6,0,12.81426,0,15,False,True,False,False,False
210520,19,8709.86,0,9.072441,0,19,False,True,False,False,False
57717,11,333453.78,0,12.717265,0,11,False,True,False,False,False
2540910,401,302596.8,0,12.620163,16,17,False,True,False,False,False
2598642,404,114938.08,0,11.652166,16,20,False,True,False,False,False
798768,163,100520.39,0,11.518136,6,19,False,True,False,False,False
2235391,355,116640.69,0,11.666871,14,19,False,True,False,False,False
1273865,228,1749347.5,0,14.374755,9,12,False,False,False,False,True
1534029,259,284596.94,0,12.558836,10,19,False,True,False,False,False
240876,21,117401.13,0,11.673368,0,21,False,True,False,False,False
919339,182,75910.56,0,11.237337,7,14,False,True,False,False,False
1270010,228,228674.36,0,12.340063,9,12,False,True,False,False,False
683035,154,449189.84,0,13.015205,6,10,False,True,False,False,False
943915,184,27467.15,0,10.2208185,7,16,False,True,False,False,False
1636154,278,302797.75,0,12.620827,11,14,False,False,False,False,True
2126199,348,322988.4,0,12.685378,14,12,False,True,False,False,False
868308,179,59599.92,0,10.995443,7,11,False,True,False,False,False
574351,136,101046.01,0,11.523351,5,16,False,True,False,False,False
2457911,395,283846.47,0,12.556196,16,11,False,True,False,False,False
811580,163,163799.9,0,12.006413,6,19,False,True,False,False,False
453636,48,156463.81,0,11.960593,2,0,False,False,False,False,True
2131103,348,314475.84,0,12.6586685,14,12,False,True,False,False,False
978484,186,164878.2,0,12.012975,7,18,False,False,False,False,True
2274852,370,100914.47,0,11.522048,15,10,False,True,False,False,False
2130378,348,426258.5,0,12.962806,14,12,False,True,False,False,False
1404675,249,593741.8,0,13.294203,10,9,False,False,False,False,True
824700,164,194168.98,0,12.176495,6,20,False,True,False,False,False
264743,34,9198.95,0,9.127062,1,10,False,True,False,False,False
2282791,371,202816.9,0,12.220069,15,11,False,False,False,False,True
1102218,205,905532.2,0,13.71628,8,13,False,False,False,False,True
2037357,330,489113.03,0,13.100353,13,18,False,True,False,False,False
2523450,400,1433.22,0,7.2690735,16,16,False,True,False,False,False
2631491,469,131270.42,0,11.78503,19,13,False,True,False,False,False
952887,184,36201.97,0,10.496924,7,16,False,True,False,False,False
998302,187,250008.14,0,12.429256,7,19,False,True,False,False,False
48547,11,39052.41,0,10.572711,0,11,False,False,False,False,True
790035,162,232630.97,0,12.357217,6,18,False,True,False,False,False
1693631,283,148321.81,0,11.907153,11,19,False,True,False,False,False
466575,129,900384.7,0,13.71058,5,9,False,False,False,False,True
1085226,204,84637.99,0,11.346162,8,12,False,True,False,False,False
2674102,544,86530.61,0,11.368277,22,16,False,True,False,False,False
447672,46,201895.75,0,12.215517,1,22,False,True,False,False,False
2068670,332,111618.02,0,11.622856,13,20,False,False,False,False,True
2748393,686,198657.61,0,12.199348,28,14,False,True,False,False,False
221088,20,10928.55,0,9.299317,0,20,False,True,False,False,False
1493000,255,278307.3,0,12.536489,10,15,False,True,False,False,False
265255,34,229747.02,0,12.344743,1,10,False,True,False,False,False
1497881,256,79030.1,0,11.27761,10,16,False,True,False,False,False
1038963,190,98029.53,0,11.493045,7,22,False,True,False,False,False
2190925,353,138846.4,0,11.841138,14,17,False,True,False,False,False
560742,135,116788.1,0,11.668134,5,15,False,True,False,False,False
2695661,567,461201.94,0,13.041595,23,15,False,True,False,False,False
205262,19,225771.23,0,12.327287,0,19,False,True,False,False,False
818412,164,13468.32,0,9.5082445,6,20,False,True,False,False,False
1450421,252,130757.76,0,11.781117,10,12,False,True,False,False,False
2924,7,332783.94,0,12.715255,0,7,False,True,False,False,False
795318,162,112577.15,0,11.631412,6,18,False,True,False,False,False
2613395,407,262966.2,0,12.479789,16,23,False,True,False,False,False
396536,42,78703.16,0,11.273464,1,18,False,False,False,False,True
2737369,659,2796509.2,0,14.8438835,27,11,False,False,False,False,True
1385778,237,158635.4,0,11.974377,9,21,False,True,False,False,False
102072,14,158113.66,0,11.971082,0,14,False,True,False,False,False
1407304,249,257152.12,0,12.457431,10,9,False,True,False,False,False
1532833,258,228947.88,0,12.341258,10,18,False,False,False,False,True
586521,137,233816.08,0,12.362299,5,17,False,True,False,False,False
1252614,227,494423.16,0,13.111151,9,11,False,False,False,False,True
582109,137,394324.97,0,12.884935,5,17,False,True,False,False,False
1152990,208,48471.23,0,10.788767,8,16,False,True,False,False,False
1156996,209,2613.07,0,7.869046,8,17,False,True,False,False,False
1733971,297,306954.56,0,12.634461,12,9,False,True,False,False,False
624821,139,184563.06,0,12.125757,5,19,False,True,False,False,False
2484184,397,141256.94,0,11.85835,16,13,False,True,False,False,False
2688558,552,162347.64,0,11.997508,23,0,False,True,False,False,False
1063078,202,11072.39,0,9.31239,8,10,False,True,False,False,False
1592889,275,91044.13,0,11.419122,11,11,False,True,False,False,False
2115935,347,66803.86,0,11.109546,14,11,False,True,False,False,False
1170727,210,7569.78,0,8.932183,8,18,False,True,False,False,False
1674675,282,53463.34,0,10.886789,11,18,False,True,False,False,False
100353,14,34603.2,0,10.451759,0,14,False,True,False,False,False
2652212,518,141634.45,0,11.861019,21,14,False,True,False,False,False
1042851,191,254256.4,0,12.446106,7,23,False,False,False,False,True
532259,133,77079.17,0,11.252614,5,13,False,True,False,False,False
1640112,279,1326.88,0,7.192092,11,15,False,True,False,False,False
1724930,286,190084.06,0,12.155232,11,22,False,True,False,False,False
86973,13,365198.78,0,12.808203,0,13,False,True,False,False,False
2286217,371,38516.31,0,10.558889,15,11,False,True,False,False,False
606984,138,74148.47,0,11.213852,5,18,False,True,False,False,False
638971,140,199262.8,0,12.20239,5,20,False,True,False,False,False
1350068,235,312007.34,0,12.650788,9,19,False,True,False,False,False
2507573,399,296164.78,0,12.598678,16,15,False,True,False,False,False
1625071,277,210253.92,0,12.256081,11,13,False,False,False,False,True
1187706,211,615358.25,0,13.329963,8,19,False,False,False,False,True
1193381,211,167453.78,0,12.028475,8,19,False,True,False,False,False
1171473,210,1190223.0,0,13.989653,8,18,False,False,False,False,True
2361184,377,309531.34,0,12.642821,15,17,False,True,False,False,False
349648,40,677504.6,0,13.426174,1,16,False,True,False,False,False
1631512,278,273395.44,0,12.518682,11,14,False,True,False,False,False
1007838,187,30585.56,0,10.328349,7,19,False,True,False,False,False
2422345,382,40300.7,0,10.604174,15,22,False,True,False,False,False
1735517,297,137147.62,0,11.828828,12,9,False,True,False,False,False
1715164,284,84708.54,0,11.346995,11,20,False,True,False,False,False
2104235,346,121590.28,0,11.708428,14,10,False,True,False,False,False
1353608,235,328278.66,0,12.701624,9,19,False,False,False,False,True
1321585,232,596210.3,0,13.298352,9,16,False,True,False,False,False
509850,132,13505.73,0,9.511018,5,12,False,True,False,False,False
269280,34,107039.4,0,11.580971,1,10,False,True,False,False,False
1708952,284,35017.44,0,10.463658,11,20,False,True,False,False,False
462136,96,225782.12,0,12.327334,4,0,False,False,False,False,True
2510298,399,192293.05,0,12.166786,16,15,False,False,False,False,True
1117919,206,50710.19,0,10.833921,8,14,False,False,False,False,True
1390237,237,302488.0,0,12.619803,9,21,False,True,False,False,False
236736,20,49291.67,0,10.805551,0,20,False,True,False,False,False
2546717,402,14426.64,0,9.57697,16,18,False,True,False,False,False
366226,41,248962.14,0,12.425064,1,17,False,True,False,False,False
2252983,357,149736.9,0,11.916649,14,21,False,True,False,False,False
22906,9,53037.52,0,10.878793,0,9,False,True,False,False,False
457303,94,39765.31,0,10.5908,3,22,False,True,False,False,False
513738,132,194086.67,0,12.17607,5,12,False,True,False,False,False
815297,163,67914.22,0,11.12603,6,19,False,True,False,False,False
1178516,210,738161.06,0,13.51192,8,18,False,False,False,False,True
2645802,501,73328.47,1,11.202731,20,21,False,True,False,False,False
1333534,234,3817.75,0,8.24794,9,18,False,True,False,False,False
1728024,287,321862.88,0,12.681887,11,23,False,True,False,False,False
336133,38,48449.02,0,10.788309,1,14,False,True,False,False,False
483400,130,3369.27,0,8.123045,5,10,False,True,False,False,False
305947,36,1164027.6,0,13.967399,1,12,False,False,False,False,True
986716,186,125389.54,0,11.739197,7,18,False,True,False,False,False
273080,34,134350.78,0,11.808225,1,10,False,True,False,False,False
1145041,208,271834.9,0,12.512958,8,16,False,True,False,False,False
1706916,284,88434.23,0,11.390037,11,20,False,True,False,False,False
2457109,395,64703.12,0,11.077596,16,11,False,False,False,False,True
1274316,228,262082.25,0,12.476421,9,12,False,True,False,False,False
106909,14,506635.56,0,13.135551,0,14,False,True,False,False,False
1383186,236,21962.75,0,9.997194,9,20,False,True,False,False,False
2289351,371,4500.63,0,8.412417,15,11,False,False,False,False,True
387545,42,128484.76,0,11.763581,1,18,False,True,False,False,False
654085,141,205588.2,0,12.233641,5,21,False,True,False,False,False
1459291,253,233320.77,0,12.360178,10,13,False,True,False,False,False
350155,40,237848.1,0,12.3793955,1,16,False,True,False,False,False
464082,119,329404.47,0,12.705048,4,23,False,True,False,False,False
1698431,283,27642.59,0,10.227185,11,19,False,True,False,False,False
111485,14,134259.81,0,11.807547,0,14,False,True,False,False,False
1306267,231,166292.8,0,12.021518,9,15,False,True,False,False,False
2508423,399,354408.03,0,12.77821,16,15,False,False,False,False,True
1595,7,1675530.0,0,14.331641,0,7,False,False,False,False,True
2315115,373,184629.11,0,12.126115,15,13,False,True,False,False,False
953159,184,251941.3,0,12.436959,7,16,False,True,False,False,False
730572,158,103358.63,0,11.5459795,6,14,False,True,False,False,False
345327,39,200957.05,0,12.210856,1,15,False,False,False,False,True
2131647,348,168228.38,0,12.03309,14,12,False,True,False,False,False
2328693,374,123392.44,0,11.723142,15,14,False,True,False,False,False
1540275,259,247142.98,0,12.41773,10,19,False,False,False,False,True
573977,136,189201.06,0,12.150577,5,16,False,True,False,False,False
1868269,306,334262.28,0,12.719687,12,18,False,True,False,False,False
2711715,590,102690.52,0,11.5394945,24,14,False,True,False,False,False
1514545,257,42667.32,0,10.661236,10,17,False,True,False,False,False
1137906,207,552432.75,0,13.222091,8,15,False,True,False,False,False
1859598,306,2974.04,0,7.9983487,12,18,False,True,False,False,False
2677881,544,313938.7,0,12.65696,22,16,False,True,False,False,False
2245864,356,287688.0,0,12.569639,14,20,False,True,False,False,False
2121463,347,274026.62,0,12.5209875,14,11,False,True,False,False,False
135825,16,232593.08,0,12.357055,0,16,False,False,False,False,True
2478543,397,237644.98,0,12.378542,16,13,False,True,False,False,False
2425663,383,68547.27,0,11.135308,15,23,False,False,False,False,True
2758495,691,259362.58,0,12.46599,28,19,False,True,False,False,False
720335,157,336142.38,0,12.725296,6,13,False,True,False,False,False
496576,131,1373924.4,0,14.1331835,5,11,False,False,False,False,True
1796562,302,162985.34,0,12.001428,12,14,False,True,False,False,False
2481312,397,68789.81,0,11.13884,16,13,False,True,False,False,False
2678687,545,154531.56,0,11.948167,22,17,False,True,False,False,False
1428635,251,875104.5,0,13.682101,10,11,False,False,False,False,True
201898,19,518615.62,0,13.158922,0,19,False,False,False,False,True
2185458,353,228229.02,0,12.338114,14,17,False,True,False,False,False
2533263,401,185899.33,0,12.132972,16,17,False,True,False,False,False
449796,46,173304.95,0,12.0628195,1,22,False,True,False,False,False
1092253,204,101828.02,0,11.53106,8,12,False,True,False,False,False
2694383,566,416137.2,0,12.938775,23,14,False,True,False,False,False
1584737,274,275990.25,0,12.528128,11,10,False,True,False,False,False
1736874,297,330758.5,0,12.70915,12,9,False,True,False,False,False
1258545,227,26034.92,0,10.167271,9,11,False,True,False,False,False
2056991,331,392286.22,0,12.879752,13,19,False,True,False,False,False
951631,184,146488.94,0,11.894719,7,16,False,True,False,False,False
4821,8,33782.79,0,10.427766,0,8,False,True,False,False,False
583124,137,156206.23,0,11.958945,5,17,False,True,False,False,False
1264523,228,18348.93,0,9.817435,9,12,False,True,False,False,False
1970939,325,335497.3,0,12.723375,13,13,False,True,False,False,False
97825,14,262723.56,0,12.478866,0,14,False,True,False,False,False
1939998,323,29984.53,0,10.308503,13,11,False,False,False,False,True
1797727,302,120292.11,0,11.697695,12,14,False,True,False,False,False
2401012,380,154052.14,0,11.94506,15,20,False,True,False,False,False
1148297,208,276863.62,0,12.531287,8,16,False,True,False,False,False
1980043,326,5120223.0,0,15.448709,13,14,False,False,False,False,True
2116882,347,690564.8,0,13.445268,14,11,False,False,False,False,True
652755,141,1299591.2,0,14.077562,5,21,False,False,False,False,True
2179809,352,934520.4,0,13.747791,14,16,False,False,False,False,True
2378923,378,173482.44,0,12.063843,15,18,False,True,False,False,False
1748273,298,87524.44,0,11.379696,12,10,False,True,False,False,False
604320,138,690618.5,0,13.445346,5,18,False,True,False,False,False
816073,163,58229.34,0,10.972179,6,19,False,True,False,False,False
10385,8,118096.83,0,11.679277,0,8,False,True,False,False,False
560330,135,132285.03,0,11.792729,5,15,False,True,False,False,False
2430780,393,46191.19,0,10.740587,16,9,False,True,False,False,False
2466458,396,97413.16,0,11.486737,16,12,False,True,False,False,False
2421376,382,442505.0,0,13.000212,15,22,False,True,False,False,False
711501,157,43676.36,0,10.684608,6,13,False,True,False,False,False
2570344,403,148591.31,0,11.908968,16,19,False,True,False,False,False
2141300,349,76589.53,0,11.246242,14,13,False,True,False,False,False
767903,161,189570.38,0,12.152526,6,17,False,True,False,False,False
634264,140,52867.32,0,10.875579,5,20,False,True,False,False,False
550751,134,24286.58,0,10.097761,5,14,False,True,False,False,False
2045689,331,353979.53,0,12.777,13,19,False,True,False,False,False
8046,8,32942.45,0,10.402578,0,8,False,True,False,False,False
297818,36,176369.8,0,12.08035,1,12,False,True,False,False,False
957111,185,214747.36,0,12.277226,7,17,False,True,False,False,False
2725008,596,136414.39,0,11.823467,24,20,False,False,False,False,True
1280000,229,47047.63,0,10.758958,9,13,False,True,False,False,False
2368966,378,103843.58,0,11.55066,15,18,False,True,False,False,False
700630,156,52759.58,0,10.873539,6,12,False,True,False,False,False
1958734,324,300409.5,0,12.612908,13,12,False,True,False,False,False
2636383,485,471906.6,1,13.064541,20,5,False,False,False,False,True
2193624,353,26919.73,0,10.200689,14,17,False,True,False,False,False
1597712,275,309594.8,0,12.643026,11,11,False,True,False,False,False
1820456,304,147486.02,0,11.901503,12,16,False,True,False,False,False
685578,155,162186.12,0,11.996512,6,11,False,True,False,False,False
1217503,213,136817.33,0,11.826417,8,21,False,True,False,False,False
274515,34,529126.25,0,13.178987,1,10,False,True,False,False,False
1746315,298,66406.11,0,11.103575,12,10,False,True,False,False,False
1515404,257,127567.2,0,11.756414,10,17,False,False,False,False,True
2458800,395,244104.86,0,12.405361,16,11,False,True,False,False,False
502553,131,501159.2,0,13.124683,5,11,False,True,False,False,False
2669061,538,5505.88,0,8.613935,22,10,False,True,False,False,False
16634,9,373676.22,0,12.83115,0,9,False,True,False,False,False
630684,139,431096.84,0,12.9740925,5,19,False,False,False,False,True
752758,160,213064.14,0,12.269358,6,16,False,True,False,False,False
2212237,354,65581.48,0,11.091079,14,18,False,True,False,False,False
132898,16,75202.46,0,11.227966,0,16,False,True,False,False,False
2103783,346,169498.27,0,12.040609,14,10,False,True,False,False,False
1386046,237,84147.09,0,11.340345,9,21,False,True,False,False,False
1267574,228,697626.56,0,13.455442,9,12,False,False,False,False,True
944114,184,196220.02,0,12.187002,7,16,False,True,False,False,False
1944665,323,118707.36,0,11.684433,13,11,False,True,False,False,False
529180,133,2171.18,0,7.6839466,5,13,False,True,False,False,False
764366,161,383676.34,0,12.85756,6,17,False,True,False,False,False
110114,14,542587.06,0,13.204107,0,14,False,True,False,False,False
340818,39,504065.03,0,13.130465,1,15,False,True,False,False,False
1442725,252,173690.98,0,12.065044,10,12,False,True,False,False,False
364252,40,473725.56,0,13.068388,1,16,False,True,False,False,False
1954978,324,41768.09,0,10.6399355,13,12,False,True,False,False,False
2448656,394,1116543.1,0,13.92575,16,10,False,False,False,False,True
1058041,202,39234.03,0,10.577351,8,10,False,True,False,False,False
197072,19,163883.72,0,12.006925,0,19,False,True,False,False,False
288192,35,183372.33,0,12.119285,1,11,False,True,False,False,False
2489321,398,55485.47,0,10.923912,16,14,False,True,False,False,False
1775895,300,105013.64,0,11.561865,12,12,False,True,False,False,False
189967,18,21447.8,0,9.973471,0,18,False,False,False,False,True
2140988,349,248336.38,0,12.422547,14,13,False,True,False,False,False
2735574,644,69335.41,0,11.14674,26,20,False,True,False,False,False
544857,134,189026.34,0,12.1496525,5,14,False,True,False,False,False
2339769,375,905705.0,0,13.716471,15,15,False,False,False,False,True
1264880,228,263090.34,0,12.480261,9,12,False,True,False,False,False
14671,9,33111.87,0,10.407707,0,9,False,True,False,False,False
1921620,321,119188.82,0,11.688481,13,9,False,True,False,False,False
2757192,690,58753.47,0,10.981139,28,18,False,True,False,False,False
550191,134,88846.96,0,11.394693,5,14,False,False,False,False,True
502578,131,222478.8,0,12.312596,5,11,False,True,False,False,False
2430665,393,172471.77,0,12.058001,16,9,False,True,False,False,False
1550639,259,6242.06,0,8.739386,10,19,False,True,False,False,False
1670484,281,85557.29,0,11.356965,11,17,False,True,False,False,False
2181489,352,215085.25,0,12.278799,14,16,False,True,False,False,False
2667870,528,40092.72,0,10.599,22,0,False,True,False,False,False
798633,163,70862.5,0,11.168525,6,19,False,False,False,False,True
1915934,311,162553.66,0,11.9987755,12,23,False,True,False,False,False
2563720,402,82263.7,0,11.31771,16,18,False,False,False,False,True
1542242,259,114867.71,0,11.651554,10,19,False,True,False,False,False
1291001,230,358115.5,0,12.788616,9,14,False,True,False,False,False
17321,9,215505.66,0,12.280752,0,9,False,True,False,False,False
342458,39,4999.32,0,8.517457,1,15,False,True,False,False,False
1668021,281,123739.93,0,11.725953,11,17,False,True,False,False,False
2678612,545,162666.86,0,11.999472,22,17,False,False,False,False,True
1096166,204,255036.62,0,12.44917,8,12,False,True,False,False,False
1330239,233,647071.8,0,13.380216,9,17,False,False,False,False,True
2449037,394,2574195.0,0,14.761048,16,10,False,False,False,False,True
1174352,210,4176.84,0,8.337789,8,18,False,True,False,False,False
862625,178,247259.16,0,12.4182005,7,10,False,True,False,False,False
2285699,371,1996.42,0,7.600112,15,11,False,True,False,False,False
2453272,395,1592498.2,0,14.280816,16,11,False,False,False,False,True
910048,181,190006.27,0,12.154823,7,13,False,True,False,False,False
1556909,260,276211.75,0,12.528931,10,20,False,True,False,False,False
2267944,369,832227.75,0,13.631864,15,9,False,False,False,False,True
1470838,254,1184037.5,0,13.984443,10,14,False,False,False,False,True
996572,187,46709.23,0,10.7517395,7,19,False,True,False,False,False
600394,138,118321.64,0,11.681179,5,18,False,True,False,False,False
2499746,398,340352.5,0,12.737743,16,14,False,True,False,False,False
1462060,253,188593.8,0,12.147362,10,13,False,True,False,False,False
82448,13,205186.23,0,12.231683,0,13,False,True,False,False,False
42149,10,13176.87,0,9.48637,0,10,False,True,False,False,False
1675115,282,1073331.0,0,13.886279,11,18,False,False,False,False,True
1898275,308,133408.17,0,11.801184,12,20,False,True,False,False,False
440092,45,289910.9,0,12.577336,1,21,False,True,False,False,False
1731328,297,2714626.0,0,14.814165,12,9,False,False,False,False,True
1731147,297,1768294.5,0,14.385528,12,9,False,False,False,False,True
2712047,590,70641.67,0,11.165403,24,14,False,True,False,False,False
392178,42,253018.31,0,12.441225,1,18,False,False,False,False,True
2040311,330,52645.78,0,10.87138,13,18,False,True,False,False,False
580197,136,434448.3,0,12.981837,5,16,False,False,False,False,True
2307937,372,132163.81,0,11.791813,15,12,False,False,False,False,True
1770627,300,110380.96,0,11.6117115,12,12,False,True,False,False,False
1889671,307,250281.9,0,12.430351,12,19,False,True,False,False,False
1227690,225,6690.6,0,8.808758,9,9,False,True,False,False,False
771929,161,201069.81,0,12.211417,6,17,False,True,False,False,False
1541892,259,153615.34,0,11.94222,10,19,False,True,False,False,False
1925380,321,13095.36,0,9.480166,13,9,False,True,False,False,False
2484624,397,186911.9,0,12.138404,16,13,False,True,False,False,False
2112398,347,17956.28,0,9.795807,14,11,False,True,False,False,False
2681384,546,385733.1,0,12.862906,22,18,False,True,False,False,False
2104948,346,76083.75,0,11.239616,14,10,False,True,False,False,False
361806,40,289324.78,0,12.575312,1,16,False,True,False,False,False
1547075,259,64663.05,0,11.076976,10,19,False,True,False,False,False
2521742,400,322239.12,0,12.683056,16,16,False,False,False,False,True
719050,157,101998.57,0,11.532734,6,13,False,True,False,False,False
2038976,330,16392.06,0,9.704675,13,18,False,True,False,False,False
1454640,253,36373.16,0,10.501641,10,13,False,True,False,False,False
433485,44,215284.3,0,12.279724,1,20,False,False,False,False,True
1318504,232,143674.62,0,11.87532,9,16,False,True,False,False,False
826002,164,56769.93,0,10.946797,6,20,False,True,False,False,False
666014,153,399287.4,0,12.897442,6,9,False,True,False,False,False
949815,184,186803.48,0,12.137823,7,16,False,True,False,False,False
2095666,345,184393.14,0,12.124836,14,9,False,True,False,False,False
120219,15,267979.16,0,12.498672,0,15,False,True,False,False,False
638913,140,31686.88,0,10.363721,5,20,False,True,False,False,False
478846,130,338149.5,0,12.731249,5,10,False,True,False,False,False
2306418,372,99351.29,0,11.506437,15,12,False,True,False,False,False
2107877,346,282790.03,0,12.552467,14,10,False,True,False,False,False
2664156,525,304579.56,0,12.626695,21,21,False,False,False,False,True
688848,155,132647.19,0,11.795464,6,11,False,True,False,False,False
1717371,284,87276.33,0,11.376858,11,20,False,True,False,False,False
1130015,207,176584.14,0,12.081564,8,15,False,True,False,False,False
310692,37,94260.33,0,11.453837,1,13,False,True,False,False,False
2347327,376,202856.55,0,12.220264,15,16,False,True,False,False,False
1999300,327,17059.09,0,9.744555,13,15,False,True,False,False,False
2035578,330,71222.45,0,11.173592,13,18,False,True,False,False,False
764381,161,147235.55,0,11.899802,6,17,False,True,False,False,False
2391646,379,83403.46,0,11.33147,15,19,False,True,False,False,False
1709483,284,31830.16,0,10.368233,11,20,False,True,False,False,False
311380,37,148063.23,0,11.905408,1,13,False,True,False,False,False
74221,12,28436.84,0,10.255511,0,12,False,True,False,False,False
2025618,329,65702.22,0,11.092918,13,17,False,True,False,False,False
2007818,328,157177.16,0,11.965141,13,16,False,True,False,False,False
1795306,302,336375.62,0,12.725989,12,14,False,True,False,False,False
739749,159,78962.12,0,11.276749,6,15,False,True,False,False,False
1655697,280,219124.08,0,12.297402,11,16,False,True,False,False,False
1864092,306,190464.84,0,12.157233,12,18,False,False,False,False,True
1976072,325,118738.55,0,11.684696,13,13,False,True,False,False,False
1906603,309,227077.12,0,12.333054,12,21,False,True,False,False,False
2556838,402,426134.12,0,12.962514,16,18,False,True,False,False,False
2608815,406,256700.34,0,12.455672,16,22,False,True,False,False,False
1585032,274,42701.07,0,10.662026,11,10,False,True,False,False,False
1234590,225,155654.67,0,11.955408,9,9,False,True,False,False,False
805894,163,483047.9,0,13.087875,6,19,False,False,False,False,True
1623015,277,377739.53,0,12.841966,11,13,False,True,False,False,False
2379679,378,114246.75,0,11.646133,15,18,False,True,False,False,False
2654545,522,131271.78,0,11.785041,21,18,False,True,False,False,False
792378,162,130242.51,0,11.777169,6,18,False,True,False,False,False
922840,182,550640.75,0,13.218842,7,14,False,True,False,False,False
244964,22,8803.03,0,9.083078,0,22,False,True,False,False,False
1699184,283,86256.92,0,11.3651085,11,19,False,True,False,False,False
494364,131,463464.1,0,13.046489,5,11,False,False,False,False,True
2204685,354,69658.3,0,11.151386,14,18,False,True,False,False,False
1427833,251,227794.89,0,12.336209,10,11,False,True,False,False,False
442804,45,1007429.56,0,13.822915,1,21,False,False,False,False,True
2271826,370,277419.53,0,12.533294,15,10,False,True,False,False,False
1641925,279,185151.78,0,12.1289425,11,15,False,True,False,False,False
2747740,686,180375.44,0,12.102807,28,14,False,True,False,False,False
1605210,276,9333.11,0,9.141538,11,12,False,True,False,False,False
2468614,396,197579.19,0,12.193905,16,12,False,True,False,False,False
1371861,236,105004.01,0,11.561773,9,20,False,True,False,False,False
2428777,393,150818.77,0,11.923847,16,9,False,True,False,False,False
2215404,354,1205377.8,0,14.002305,14,18,False,False,False,False,True
437240,44,108853.67,0,11.597778,1,20,False,True,False,False,False
965457,185,79056.31,0,11.277941,7,17,False,True,False,False,False
253389,33,3295227.8,1,15.007986,1,9,False,False,False,False,True
1811345,303,352256.78,0,12.772121,12,15,False,True,False,False,False
702085,156,202590.38,0,12.218951,6,12,False,True,False,False,False
150850,16,433207.5,0,12.978977,0,16,False,False,False,False,True
1099921,205,84208.38,0,11.341074,8,13,False,True,False,False,False
2170945,351,3552699.5,0,15.083219,14,15,False,False,False,False,True
2452591,395,449099.62,0,13.015004,16,11,False,True,False,False,False
487039,130,1764261.2,0,14.383244,5,10,False,False,False,False,True
1686588,282,293540.78,0,12.589779,11,18,False,True,False,False,False
1647196,279,60287.03,0,11.006906,11,15,False,True,False,False,False
2451678,395,412081.12,0,12.928981,16,11,False,True,False,False,False
1955223,324,193764.9,0,12.174411,13,12,False,True,False,False,False
2191893,353,1486465.4,0,14.211913,14,17,False,False,False,False,True
2147073,349,7979.85,0,8.984925,14,13,False,False,False,False,True
241328,21,282646.94,0,12.551961,0,21,False,True,False,False,False
660962,144,125807.89,0,11.742527,6,0,False,True,False,False,False
2331829,374,236588.05,0,12.374084,15,14,False,True,False,False,False
480745,130,365953.94,0,12.810268,5,10,False,True,False,False,False
1141968,208,189590.81,0,12.152634,8,16,False,True,False,False,False
2679152,545,26443.08,0,10.182825,22,17,False,True,False,False,False
2214543,354,149403.92,0,11.914422,14,18,False,True,False,False,False
1976997,325,439223.28,0,12.992767,13,13,False,False,False,False,True
888025,180,977213.56,0,13.792462,7,12,False,False,False,False,True
1878489,307,1678.38,0,7.4267755,12,19,False,True,False,False,False
2761813,692,145618.61,0,11.88876,28,20,False,True,False,False,False
2188674,353,297264.7,0,12.602385,14,17,False,True,False,False,False
921743,182,1851.38,0,7.5247664,7,14,False,True,False,False,False
2583523,403,74138.94,0,11.213723,16,19,False,True,False,False,False
924875,183,211346.53,0,12.261264,7,15,False,True,False,False,False
1866957,306,173654.62,0,12.064836,12,18,False,False,False,False,True
739620,159,32344.66,0,10.384266,6,15,False,True,False,False,False
2240551,356,426327.6,0,12.962968,14,20,False,False,False,False,True
143247,16,159476.56,0,11.979665,0,16,False,True,False,False,False
1132442,207,319582.16,0,12.674776,8,15,False,True,False,False,False
2289708,371,181600.55,0,12.109576,15,11,False,True,False,False,False
440717,45,32158.16,0,10.378484,1,21,False,True,False,False,False
450854,47,3706.04,0,8.218259,1,23,False,True,False,False,False
1006376,187,87945.13,0,11.384491,7,19,False,True,False,False,False
560465,135,329713.5,0,12.705985,5,15,False,True,False,False,False
994066,187,112629.35,0,11.631875,7,19,False,True,False,False,False
488192,130,263118.3,0,12.480367,5,10,False,True,False,False,False
1116852,206,142425.38,0,11.866588,8,14,False,True,False,False,False
1877152,307,133548.17,0,11.802233,12,19,False,True,False,False,False
687966,155,131002.1,0,11.782984,6,11,False,True,False,False,False
1096265,204,236667.17,0,12.374418,8,12,False,False,False,False,True
2233375,355,180459.02,0,12.103271,14,19,False,True,False,False,False
238802,21,494032.84,0,13.110361,0,21,False,True,False,False,False
1116857,206,204453.77,0,12.2281065,8,14,False,True,False,False,False
67567,12,1031842.3,0,13.846858,0,12,False,False,False,False,True
499545,131,470703.62,0,13.061988,5,11,False,False,False,False,True
530320,133,1133043.0,0,13.940419,5,13,False,False,False,False,True
187354,18,15794.04,0,9.667515,0,18,False,True,False,False,False
2055225,331,270211.5,0,12.506968,13,19,False,True,False,False,False
2643171,499,488243.66,1,13.098574,20,19,False,False,False,False,True
977103,186,23914.22,0,10.082313,7,18,False,True,False,False,False
2441646,394,372724.03,0,12.828599,16,10,False,True,False,False,False
854818,177,294268.97,0,12.592257,7,9,False,True,False,False,False
1671924,281,123469.31,0,11.723764,11,17,False,True,False,False,False
1440928,252,915389.1,0,13.727107,10,12,False,False,False,False,True
2365486,378,231329.19,0,12.351605,15,18,False,True,False,False,False
2369504,378,356889.94,0,12.785189,15,18,False,True,False,False,False
1319418,232,75643.49,0,11.233813,9,16,False,True,False,False,False
1626169,277,55267.51,0,10.919977,11,13,False,True,False,False,False
1663599,281,638850.3,0,13.367429,11,17,False,False,False,False,True
1583358,273,47176.22,0,10.761687,11,9,False,True,False,False,False
700038,156,403908.84,0,12.90895,6,12,False,False,False,False,True
473494,129,69089.86,0,11.143192,5,9,False,True,False,False,False
276194,35,34038.36,0,10.435302,1,11,False,True,False,False,False
33082,10,170663.36,0,12.04746,0,10,False,True,False,False,False
2292892,371,36211.08,0,10.497175,15,11,False,True,False,False,False
1614526,276,27476.05,0,10.221143,11,12,False,True,False,False,False
550037,134,1306740.0,0,14.083048,5,14,False,False,False,False,True
2109180,347,287372.47,0,12.568542,14,11,False,True,False,False,False
31305,10,553547.75,0,13.224107,0,10,False,False,False,False,True
2469895,396,592353.4,0,13.2918625,16,12,False,False,False,False,True
61695,12,72097.16,0,11.185798,0,12,False,True,False,False,False
1120083,206,292648.9,0,12.586736,8,14,False,True,False,False,False
467208,129,286367.66,0,12.565039,5,9,False,True,False,False,False
2324226,374,581886.8,0,13.2740345,15,14,False,True,False,False,False
737650,159,209212.47,0,12.251115,6,15,False,True,False,False,False
2212020,354,106817.56,0,11.5788965,14,18,False,True,False,False,False
1368755,235,234330.8,0,12.364497,9,19,False,True,False,False,False
1561826,260,511139.72,0,13.1444025,10,20,False,False,False,False,True
1593579,275,62286.66,0,11.039535,11,11,False,True,False,False,False
481847,130,873525.2,0,13.680295,5,10,False,False,False,False,True
2561575,402,231251.7,0,12.351271,16,18,False,False,False,False,True
2431626,393,450339.3,0,13.017761,16,9,False,True,False,False,False
2595286,404,136957.69,0,11.827442,16,20,False,True,False,False,False
965849,185,66292.99,0,11.10187,7,17,False,True,False,False,False
593415,137,11054.18,0,9.310745,5,17,False,True,False,False,False
1231067,225,167802.44,0,12.030555,9,9,False,True,False,False,False
1370564,236,9217.27,0,9.129051,9,20,False,True,False,False,False
1437116,251,76466.4,0,11.244633,10,11,False,True,False,False,False
2192771,353,495112.28,0,13.112544,14,17,False,True,False,False,False
2140163,349,701416.06,0,13.460859,14,13,False,False,False,False,True
52226,11,48167.0,0,10.782471,0,11,False,True,False,False,False
49237,11,139337.14,0,11.8446665,0,11,False,True,False,False,False
2112539,347,218427.12,0,12.294217,14,11,False,True,False,False,False
2244143,356,234091.7,0,12.363477,14,20,False,True,False,False,False
1538237,259,66377.36,0,11.103142,10,19,False,True,False,False,False
12181,9,124793.29,0,11.73443,0,9,False,True,False,False,False
158090,17,101907.0,0,11.531836,0,17,False,True,False,False,False
2116517,347,7116.77,0,8.87049,14,11,False,True,False,False,False
1154178,208,194498.53,0,12.17819,8,16,False,False,False,False,True
1296683,230,94790.44,0,11.459445,9,14,False,True,False,False,False
877637,179,103117.79,0,11.543647,7,11,False,True,False,False,False
1373218,236,115851.24,0,11.66008,9,20,False,True,False,False,False
1479057,254,220047.3,0,12.301607,10,14,False,True,False,False,False
839687,165,153929.14,0,11.944261,6,21,False,False,False,False,True
687403,155,42287.96,0,10.652305,6,11,False,True,False,False,False
839661,165,165512.67,0,12.016815,6,21,False,True,False,False,False
887982,180,337441.53,0,12.729154,7,12,False,True,False,False,False
2062461,331,184150.52,0,12.12352,13,19,False,True,False,False,False
2233361,355,495124.16,0,13.112568,14,19,False,False,False,False,True
458871,94,203034.16,0,12.221139,3,22,False,False,False,False,True
1142490,208,305946.22,0,12.631171,8,16,False,True,False,False,False
2005922,328,51032.15,0,10.84025,13,16,False,True,False,False,False
959435,185,157234.94,0,11.965509,7,17,False,True,False,False,False
14123,9,160816.4,0,11.988031,0,9,False,True,False,False,False
1546025,259,49160.01,0,10.802876,10,19,False,True,False,False,False
2316102,373,223300.94,0,12.316284,15,13,False,True,False,False,False
70992,12,160983.31,0,11.989068,0,12,False,True,False,False,False
125045,15,29060.5,0,10.277204,0,15,False,False,False,False,True
909530,181,988931.25,0,13.804382,7,13,False,False,False,False,True
54633,11,94221.46,0,11.453424,0,11,False,True,False,False,False
2252461,356,86270.73,0,11.365269,14,20,False,True,False,False,False
555749,135,170663.62,0,12.0474615,5,15,False,True,False,False,False
659091,143,69486.61,0,11.148918,5,23,False,True,False,False,False
313802,37,158350.08,0,11.972576,1,13,False,True,False,False,False
1887858,307,74480.63,0,11.218321,12,19,False,True,False,False,False
2752892,688,422358.5,0,12.953614,28,16,False,False,False,False,True
1734385,297,325907.66,0,12.694376,12,9,False,True,False,False,False
2333541,374,243887.97,0,12.404472,15,14,False,True,False,False,False
52928,11,242029.42,0,12.396823,0,11,False,True,False,False,False
657378,142,14959.85,0,9.613259,5,22,False,True,False,False,False
2177451,352,520105.84,0,13.161792,14,16,False,True,False,False,False
1722775,285,16333.35,0,9.701087,11,21,False,True,False,False,False
2724115,596,194872.31,0,12.18011,24,20,False,True,False,False,False
2354028,376,53204.99,0,10.881945,15,16,False,True,False,False,False
802956,163,161758.98,0,11.9938755,6,19,False,True,False,False,False
1800672,302,143596.05,0,11.874773,12,14,False,True,False,False,False
2144519,349,46059.98,0,10.737743,14,13,False,True,False,False,False
705751,156,98051.8,0,11.493272,6,12,False,True,False,False,False
1603649,276,212126.7,0,12.264949,11,12,False,True,False,False,False
1062516,202,150775.4,0,11.92356,8,10,False,True,False,False,False
2084236,334,329678.5,0,12.705879,13,22,False,True,False,False,False
131290,15,54584.4,0,10.90754,0,15,False,True,False,False,False
1088068,204,384708.5,0,12.860247,8,12,False,True,False,False,False
1823267,304,500992.6,0,13.124351,12,16,False,False,False,False,True
20366,9,90397.4,0,11.411993,0,9,False,True,False,False,False
1018629,188,341575.84,0,12.741331,7,20,False,False,False,False,True
1619308,277,24338.67,0,10.099904,11,13,False,True,False,False,False
1248961,227,84223.29,0,11.34125,9,11,False,True,False,False,False
1076179,203,193798.53,0,12.174584,8,11,False,True,False,False,False
2567467,403,9805.96,0,9.190949,16,19,False,True,False,False,False
1857993,306,513813.1,0,13.149619,12,18,False,True,False,False,False
272460,34,170780.6,0,12.048146,1,10,False,True,False,False,False
2366108,378,380817.16,0,12.85008,15,18,False,True,False,False,False
13734,9,53295.22,0,10.883639,0,9,False,True,False,False,False
2132847,348,308287.75,0,12.638796,14,12,False,True,False,False,False
1824950,304,428183.9,0,12.967313,12,16,False,True,False,False,False
2589337,404,34207.39,0,10.440255,16,20,False,True,False,False,False
1900731,308,33020.63,0,10.404948,12,20,False,True,False,False,False
1676565,282,1258469.1,0,14.045408,11,18,False,False,False,False,True
50698,11,395465.75,0,12.887825,0,11,False,True,False,False,False
2545406,402,3214915.8,0,14.983313,16,18,False,False,False,False,True
196207,19,216927.8,0,12.287329,0,19,False,False,False,False,True
2464356,396,428521.56,0,12.9681015,16,12,False,True,False,False,False
1844572,305,338902.06,0,12.733473,12,17,False,True,False,False,False
348982,40,29430.47,0,10.289854,1,16,False,True,False,False,False
2065444,332,64594.24,0,11.0759115,13,20,False,True,False,False,False
1140442,207,324295.84,0,12.689418,8,15,False,True,False,False,False
1118484,206,40035.75,0,10.597578,8,14,False,True,False,False,False
388434,42,275179.78,0,12.5251875,1,18,False,True,False,False,False
1357483,235,305023.2,0,12.62815,9,19,False,True,False,False,False
727348,158,24449.09,0,10.10443,6,14,False,True,False,False,False
1570440,261,89051.2,0,11.396989,10,21,False,False,False,False,True
1689241,283,245701.22,0,12.41188,11,19,False,True,False,False,False
1612733,276,89512.55,0,11.402157,11,12,False,True,False,False,False
2457234,395,27007.45,0,10.203942,16,11,False,True,False,False,False
2499845,398,247130.34,0,12.417679,16,14,False,True,False,False,False
539928,134,352259.03,0,12.772128,5,14,False,True,False,False,False
24645,9,334499.03,0,12.720395,0,9,False,True,False,False,False
2594865,404,138149.16,0,11.836103,16,20,False,True,False,False,False
2729911,617,81046.99,0,11.302809,25,17,False,True,False,False,False
2323809,374,71932.27,0,11.183508,15,14,False,False,False,False,True
1507249,256,203117.55,0,12.22155,10,16,False,False,False,False,True
1193161,211,128330.72,0,11.762382,8,19,False,True,False,False,False
2244724,356,97842.84,0,11.491138,14,20,False,True,False,False,False
1536792,259,54626.58,0,10.908313,10,19,False,True,False,False,False
991112,187,152059.23,0,11.932038,7,19,False,True,False,False,False
171630,17,871434.44,0,13.677898,0,17,False,False,False,False,True
2295315,372,7586005.0,0,15.841816,15,12,False,False,False,False,True
123017,15,158421.89,0,11.97303,0,15,False,True,False,False,False
588680,137,84228.62,0,11.341313,5,17,False,False,False,False,True
20658,9,990079.2,0,13.805542,0,9,False,False,False,False,True
1835177,305,58792.45,0,10.981803,12,17,False,True,False,False,False
1386480,237,109788.1,0,11.606326,9,21,False,True,False,False,False
2360617,377,40685.89,0,10.613686,15,17,False,True,False,False,False
968248,185,23009.91,0,10.043767,7,17,False,True,False,False,False
1583716,273,84339.5,0,11.342629,11,9,False,True,False,False,False
1343530,234,81450.08,0,11.30777,9,18,False,True,False,False,False
2178661,352,115519.36,0,11.65721,14,16,False,True,False,False,False
1015134,188,123970.12,0,11.727812,7,20,False,True,False,False,False
665480,153,712100.9,0,13.475978,6,9,False,False,False,False,True
893064,180,645692.06,0,13.378081,7,12,False,True,False,False,False
1494663,255,339426.44,0,12.735019,10,15,False,True,False,False,False
255970,33,3684.02,0,8.212302,1,9,False,True,False,False,False
2755995,688,115001.35,0,11.652717,28,16,False,True,False,False,False
2668187,534,268397.72,0,12.500233,22,6,False,True,False,False,False
2473944,396,89911.9,0,11.406608,16,12,False,True,False,False,False
591636,137,326322.03,0,12.695646,5,17,False,True,False,False,False
348088,39,277117.6,0,12.532205,1,15,False,True,False,False,False
2673372,542,187269.42,0,12.140314,22,14,False,True,False,False,False
69800,12,291543.25,0,12.582951,0,12,False,True,False,False,False
1124133,206,213242.42,0,12.270194,8,14,False,True,False,False,False
516430,132,115679.0,0,11.658591,5,12,False,True,False,False,False
1887231,307,1121186.5,0,13.9299,12,19,False,False,False,False,True
179716,18,1938.37,0,7.570634,0,18,False,True,False,False,False
1999318,327,283797.56,0,12.556024,13,15,False,True,False,False,False
849146,177,404795.7,0,12.911142,7,9,False,True,False,False,False
1342529,234,383651.34,0,12.857494,9,18,False,True,False,False,False
2358011,377,523505.5,0,13.168306,15,17,False,True,False,False,False
1475431,254,306672.0,0,12.63354,10,14,False,True,False,False,False
957320,185,200457.22,0,12.208366,7,17,False,True,False,False,False
1817160,303,195947.42,0,12.185612,12,15,False,True,False,False,False
543163,134,375631.8,0,12.83637,5,14,False,True,False,False,False
1918171,312,607567.94,0,13.317223,13,0,False,True,False,False,False
1122939,206,37252.74,0,10.525535,8,14,False,True,False,False,False
261070,33,1889224.4,0,14.451678,1,9,False,False,False,False,True
645205,140,32359.11,0,10.384712,5,20,False,True,False,False,False
812058,163,65722.58,0,11.093228,6,19,False,True,False,False,False
2756799,690,286619.97,0,12.56592,28,18,False,True,False,False,False
2737799,659,216441.6,0,12.285086,27,11,False,True,False,False,False
568535,136,367594.9,0,12.814742,5,16,False,True,False,False,False
2025082,329,1264179.8,0,14.049935,13,17,False,False,False,False,True
2072469,332,293087.8,0,12.588234,13,20,False,True,False,False,False
598020,138,30005.39,0,10.309199,5,18,False,True,False,False,False
108715,14,119001.96,0,11.686913,0,14,False,True,False,False,False
2744731,683,188450.55,0,12.146602,28,11,False,False,False,False,True
2187577,353,1867832.9,0,14.44029,14,17,False,False,False,False,True
852709,177,295901.6,0,12.597789,7,9,False,True,False,False,False
957754,185,342240.88,0,12.743276,7,17,False,True,False,False,False
661339,144,258011.02,0,12.460765,6,0,False,True,False,False,False
695603,155,211575.38,0,12.262346,6,11,False,True,False,False,False
6153,8,8392.12,0,9.035287,0,8,False,True,False,False,False
1397566,240,343818.4,0,12.747875,10,0,False,True,False,False,False
1605592,276,152176.86,0,11.932812,11,12,False,True,False,False,False
1932554,322,140422.36,0,11.852425,13,10,False,False,False,False,True
399525,42,356681.84,0,12.784605,1,18,False,False,False,False,True
1035950,189,285687.97,0,12.562662,7,21,False,True,False,False,False
1146596,208,213859.42,0,12.273084,8,16,False,True,False,False,False
1886036,307,122609.9,0,11.71678,12,19,False,True,False,False,False
2070106,332,142058.67,0,11.86401,13,20,False,True,False,False,False
671458,154,88783.1,0,11.393974,6,10,False,True,False,False,False
64725,12,12044.08,0,9.396495,0,12,False,True,False,False,False
211570,19,389284.5,0,12.872071,0,19,False,True,False,False,False
1261092,227,119636.65,0,11.692231,9,11,False,False,False,False,True
758894,160,209374.84,0,12.251891,6,16,False,True,False,False,False
1858438,306,149543.9,0,11.915359,12,18,False,True,False,False,False
500269,131,18233.66,0,9.811134,5,11,False,True,False,False,False
2530454,401,424079.44,0,12.957681,16,17,False,True,False,False,False
1285132,229,87452.43,0,11.378873,9,13,False,True,False,False,False
2318803,373,397429.44,0,12.892777,15,13,False,True,False,False,False
1303770,231,1830580.1,0,14.420145,9,15,False,False,False,False,True
1334693,234,92145.74,0,11.431149,9,18,False,True,False,False,False
173074,18,208638.4,0,12.248367,0,18,False,True,False,False,False
206373,19,89119.4,0,11.397755,0,19,False,True,False,False,False
180512,18,41646.07,0,10.637011,0,18,False,True,False,False,False
174743,18,14756.6,0,9.599581,0,18,False,True,False,False,False
359308,40,96421.05,0,11.4765005,1,16,False,True,False,False,False
513440,132,17112.27,0,9.747668,5,12,False,True,False,False,False
808312,163,373768.88,0,12.831398,6,19,False,True,False,False,False
371734,41,14424.94,0,9.576853,1,17,False,True,False,False,False
168145,17,223088.77,0,12.315334,0,17,False,True,False,False,False
1595446,275,80095.74,0,11.291003,11,11,False,True,False,False,False
1723006,285,19238.69,0,9.864782,11,21,False,True,False,False,False
295281,36,272406.88,0,12.515059,1,12,False,True,False,False,False
2052650,331,234788.73,0,12.36645,13,19,False,True,False,False,False
2217344,354,175332.39,0,12.0744505,14,18,False,True,False,False,False
1847815,305,2893556.2,0,14.877997,12,17,False,False,False,False,True
2301427,372,380019.3,0,12.847982,15,12,False,True,False,False,False
1627939,278,13957.85,0,9.543941,11,14,False,True,False,False,False
2748985,686,116649.5,0,11.666946,28,14,False,True,False,False,False
1829119,304,476562.53,0,13.074358,12,16,False,True,False,False,False
1179847,210,168649.6,0,12.03559,8,18,False,True,False,False,False
316261,37,67693.74,0,11.122779,1,13,False,True,False,False,False
591223,137,88494.01,0,11.390713,5,17,False,True,False,False,False
1225188,215,159234.94,0,11.978148,8,23,False,True,False,False,False
1321409,232,17685.53,0,9.780615,9,16,False,True,False,False,False
2768527,714,423877.8,0,12.957205,29,18,False,True,False,False,False
1892619,308,219734.12,0,12.300182,12,20,False,True,False,False,False
727894,158,134476.86,0,11.809162,6,14,False,True,False,False,False
746738,159,4476.22,0,8.4069805,6,15,False,True,False,False,False
84344,13,42605.44,0,10.659784,0,13,False,True,False,False,False
2146081,349,5715.48,0,8.651283,14,13,False,True,False,False,False
1446905,252,80396.44,0,11.29475,10,12,False,True,False,False,False
709999,157,167270.34,0,12.027379,6,13,False,True,False,False,False
832977,164,326620.1,0,12.696559,6,20,False,True,False,False,False
2618178,420,106569.72,0,11.576573,17,12,False,True,False,False,False
1755107,299,13123.16,0,9.482286,12,11,False,True,False,False,False
2299868,372,118956.55,0,11.68653,15,12,False,True,False,False,False
859708,178,1045888.7,0,13.860379,7,10,False,False,False,False,True
1351014,235,181667.9,0,12.109946,9,19,False,True,False,False,False
1091678,204,164191.22,0,12.0088,8,12,False,True,False,False,False
1174698,210,34393.68,0,10.445686,8,18,False,True,False,False,False
2660704,522,126375.15,0,11.747026,21,18,False,True,False,False,False
316335,37,368385.22,0,12.81689,1,13,False,True,False,False,False
2198230,353,237875.8,0,12.379513,14,17,False,True,False,False,False
113838,15,1047306.7,0,13.861734,0,15,False,False,False,False,True
344338,39,38469.8,0,10.557681,1,15,False,True,False,False,False
1353491,235,71596.93,0,11.178836,9,19,False,True,False,False,False
1863471,306,128825.16,0,11.766227,12,18,False,True,False,False,False
2447675,394,919659.0,0,13.73176,16,10,False,False,False,False,True
1791156,301,156580.4,0,11.961338,12,13,False,True,False,False,False
840961,166,510038.9,0,13.142246,6,22,False,True,False,False,False
2326754,374,91328.79,0,11.422243,15,14,False,True,False,False,False
504586,131,224851.16,0,12.323203,5,11,False,True,False,False,False
1530930,258,170564.84,0,12.046883,10,18,False,True,False,False,False
1803546,302,311800.03,0,12.650124,12,14,False,True,False,False,False
1166971,209,387735.66,0,12.868084,8,17,False,True,False,False,False
624278,139,162825.8,0,12.000448,5,19,False,True,False,False,False
1386187,237,31249.37,0,10.349818,9,21,False,True,False,False,False
345691,39,85716.29,0,11.358822,1,15,False,True,False,False,False
211877,19,342664.12,0,12.744512,0,19,False,True,False,False,False
1535823,259,12331.5,0,9.420074,10,19,False,True,False,False,False
791885,162,109553.43,0,11.604186,6,18,False,True,False,False,False
702087,156,373912.12,0,12.831781,6,12,False,False,False,False,True
2385234,379,264275.25,0,12.484754,15,19,False,True,False,False,False
1464644,253,278847.5,0,12.538427,10,13,False,True,False,False,False
1085261,204,506723.06,0,13.135724,8,12,False,True,False,False,False
2683322,547,179727.06,0,12.099206,22,19,False,True,False,False,False
2553519,402,676271.0,0,13.424352,16,18,False,False,False,False,True
2646260,503,25467.58,0,10.14524,20,23,False,False,False,False,True
672492,154,1751239.8,0,14.375835,6,10,False,False,False,False,True
53216,11,737636.6,0,13.5112095,0,11,False,True,False,False,False
2499240,398,191751.92,0,12.163968,16,14,False,True,False,False,False
2627224,451,136350.19,0,11.822996,18,19,False,True,False,False,False
1737194,297,143176.36,0,11.871846,12,9,False,True,False,False,False
1842929,305,49627.7,0,10.812345,12,17,False,True,False,False,False
2218976,355,449743.3,0,13.016437,14,19,False,True,False,False,False
827410,164,98694.85,0,11.499808,6,20,False,True,False,False,False
2546065,402,294968.5,0,12.59463,16,18,False,True,False,False,False
284145,35,351610.47,0,12.770285,1,11,False,True,False,False,False
2035210,330,96485.67,0,11.477171,13,18,False,True,False,False,False
2234184,355,20054.1,0,9.906289,14,19,False,True,False,False,False
465571,120,32433.81,0,10.387018,5,0,False,True,False,False,False
2164994,351,406697.25,0,12.91583,14,15,False,True,False,False,False
2766962,709,131258.39,0,11.784939,29,13,False,True,False,False,False
2458915,395,976772.3,0,13.792011,16,11,False,False,False,False,True
2465232,396,129590.52,0,11.77215,16,12,False,True,False,False,False
87194,13,60638.37,0,11.012716,0,13,False,True,False,False,False
2010404,328,202014.22,0,12.216104,13,16,False,True,False,False,False
736305,159,264504.25,0,12.4856205,6,15,False,True,False,False,False
230778,20,135189.62,0,11.814448,0,20,False,True,False,False,False
629078,139,197592.52,0,12.193973,5,19,False,True,False,False,False
1153971,208,824385.9,0,13.622396,8,16,False,False,False,False,True
2474778,396,162026.03,0,11.995524,16,12,False,True,False,False,False
2502457,399,165431.44,0,12.016324,16,15,False,True,False,False,False
1177476,210,201264.31,0,12.212384,8,18,False,True,False,False,False
1706691,284,22872.56,0,10.037781,11,20,False,True,False,False,False
989099,186,112546.34,0,11.631138,7,18,False,True,False,False,False
1796324,302,251382.8,0,12.43474,12,14,False,True,False,False,False
163979,17,451747.72,0,13.020884,0,17,False,True,False,False,False
396021,42,8140.42,0,9.004843,1,18,False,True,False,False,False
295158,36,258797.92,0,12.463811,1,12,False,True,False,False,False
1903568,308,122242.98,0,11.713782,12,20,False,False,False,False,True
2730784,619,27404.04,0,10.218518,25,19,False,True,False,False,False
2073553,332,156619.36,0,11.961586,13,20,False,True,False,False,False
2476268,397,96905.5,0,11.481512,16,13,False,True,False,False,False
2234256,355,116416.26,0,11.664945,14,19,False,True,False,False,False
1121897,206,319198.16,0,12.6735735,8,14,False,True,False,False,False
1028653,188,93604.19,0,11.446852,7,20,False,True,False,False,False
2544548,401,435132.94,0,12.983412,16,17,False,True,False,False,False
1561477,260,97130.61,0,11.483832,10,20,False,True,False,False,False
223332,20,29625.3,0,10.296452,0,20,False,True,False,False,False
1952112,324,34930.14,0,10.461163,13,12,False,True,False,False,False
1038478,190,153829.4,0,11.943612,7,22,False,True,False,False,False
909083,181,359280.84,0,12.791865,7,13,False,True,False,False,False
2733612,637,605743.5,0,13.314216,26,13,False,False,False,False,True
1289451,230,59617.1,0,10.995731,9,14,False,True,False,False,False
1547226,259,7778.54,0,8.959381,10,19,False,True,False,False,False
956488,185,8166.49,0,9.008039,7,17,False,True,False,False,False
1893831,308,399717.06,0,12.898518,12,20,False,True,False,False,False
1941066,323,7228.77,0,8.886101,13,11,False,True,False,False,False
897687,181,9654.92,0,9.17543,7,13,False,True,False,False,False
939187,184,92582.69,0,11.435879,7,16,False,True,False,False,False
808659,163,192541.44,0,12.168077,6,19,False,True,False,False,False
754995,160,196726.28,0,12.189579,6,16,False,True,False,False,False
211134,19,473305.47,0,13.0675,0,19,False,True,False,False,False
1264010,228,338514.94,0,12.732329,9,12,False,True,False,False,False
1116486,206,522194.3,0,13.165799,8,14,False,True,False,False,False
2108082,346,54533.38,0,10.906605,14,10,False,True,False,False,False
2315907,373,114262.24,0,11.646269,15,13,False,False,False,False,True
1122985,206,717497.0,0,13.483527,8,14,False,False,False,False,True
424674,44,253780.12,0,12.444231,1,20,False,True,False,False,False
681266,154,558620.06,0,13.233229,6,10,False,True,False,False,False
447987,46,206548.05,0,12.238298,1,22,False,True,False,False,False
646390,140,185073.94,0,12.128522,5,20,False,True,False,False,False
2574114,403,500294.47,0,13.122956,16,19,False,True,False,False,False
1973745,325,255475.66,0,12.450891,13,13,False,True,False,False,False
574158,136,66547.1,0,11.105696,5,16,False,True,False,False,False
1538924,259,10668.42,0,9.27523,10,19,False,False,False,False,True
795469,162,95264.03,0,11.464429,6,18,False,True,False,False,False
2526477,400,196667.38,0,12.18928,16,16,False,True,False,False,False
845457,167,59659.4,0,10.996441,6,23,False,True,False,False,False
555590,135,215411.38,0,12.280314,5,15,False,True,False,False,False
2376942,378,45688.72,0,10.7296505,15,18,False,True,False,False,False
559689,135,225693.03,0,12.32694,5,15,False,True,False,False,False
2198232,353,142459.28,0,11.866825,14,17,False,True,False,False,False
2388278,379,38619.17,0,10.561556,15,19,False,True,False,False,False
313796,37,99004.22,0,11.502938,1,13,False,True,False,False,False
562348,135,71458.13,0,11.176895,5,15,False,True,False,False,False
1760419,299,338967.97,0,12.733666,12,11,False,True,False,False,False
1625366,277,11317.6,0,9.334291,11,13,False,True,False,False,False
1474784,254,282901.22,0,12.55286,10,14,False,True,False,False,False
1314135,232,226665.05,0,12.331238,9,16,False,True,False,False,False
153906,17,49038.73,0,10.800406,0,17,False,True,False,False,False
103029,14,235426.8,0,12.3691635,0,14,False,False,False,False,True
579519,136,244910.42,0,12.408656,5,16,False,True,False,False,False
2758174,690,1528541.2,0,14.239826,28,18,False,False,False,False,True
395464,42,198163.44,0,12.196857,1,18,False,True,False,False,False
284751,35,32770.17,0,10.397335,1,11,False,True,False,False,False
2003799,328,308104.47,0,12.638201,13,16,False,False,False,False,True
2667248,527,57968.49,0,10.9676895,21,23,False,True,False,False,False
2695877,567,394430.03,0,12.885202,23,15,False,True,False,False,False
1890880,308,207229.31,0,12.2415905,12,20,False,False,False,False,True
2168479,351,331317.12,0,12.710837,14,15,False,True,False,False,False
1199938,211,212955.75,0,12.268849,8,19,False,True,False,False,False
2055880,331,277159.12,0,12.532354,13,19,False,True,False,False,False
2079564,333,172693.27,0,12.059284,13,21,False,True,False,False,False
2223008,355,36810.66,0,10.5135975,14,19,False,True,False,False,False
379707,41,388169.84,0,12.869204,1,17,False,True,False,False,False
402928,43,33988.77,0,10.433845,1,19,False,True,False,False,False
2384696,379,396698.22,0,12.890936,15,19,False,True,False,False,False
2358242,377,929839.56,0,13.742769,15,17,False,False,False,False,True
1674962,282,141569.34,0,11.860559,11,18,False,True,False,False,False
2426601,383,461500.62,0,13.042243,15,23,False,False,False,False,True
1013007,187,22196.46,0,10.007778,7,19,False,True,False,False,False
103160,14,174070.27,0,12.067225,0,14,False,True,False,False,False
558189,135,70323.75,0,11.160893,5,15,False,True,False,False,False
2412610,380,132473.36,0,11.794152,15,20,False,True,False,False,False
77508,13,5758.47,0,8.658774,0,13,False,True,False,False,False
1903247,308,1421662.5,0,14.167339,12,20,False,False,False,False,True
313594,37,216167.64,0,12.283819,1,13,False,True,False,False,False
1401594,249,460010.72,0,13.039009,10,9,False,True,False,False,False
2501724,399,297656.56,0,12.603703,16,15,False,True,False,False,False
1841410,305,7047953.5,0,15.768249,12,17,False,False,False,False,True
2044202,330,10127.46,0,9.223204,13,18,False,True,False,False,False
962555,185,97644.88,0,11.489113,7,17,False,True,False,False,False
535899,133,19629.22,0,9.884876,5,13,False,True,False,False,False
2521367,400,56741.3,0,10.946293,16,16,False,True,False,False,False
1308143,231,192473.56,0,12.167725,9,15,False,False,False,False,True
2320774,373,90971.62,0,11.418324,15,13,False,True,False,False,False
1968825,325,304698.9,0,12.627086,13,13,False,True,False,False,False
1948501,323,7019.2,0,8.856689,13,11,False,True,False,False,False
2243510,356,201849.84,0,12.215289,14,20,False,True,False,False,False
999930,187,415294.1,0,12.936747,7,19,False,True,False,False,False
1468946,253,32252.47,0,10.381412,10,13,False,True,False,False,False
2331288,374,2565039.8,0,14.757485,15,14,False,False,False,False,True
2043055,330,145732.56,0,11.889543,13,18,False,True,False,False,False
2357990,377,80117.69,0,11.291277,15,17,False,True,False,False,False
607167,138,1343270.8,0,14.11062,5,18,False,False,False,False,True
1051622,201,298525.6,0,12.606618,8,9,False,True,False,False,False
550613,134,132942.23,0,11.797685,5,14,False,False,False,False,True
335037,38,174966.34,0,12.07236,1,14,False,True,False,False,False
1548393,259,344693.62,0,12.750417,10,19,False,True,False,False,False
2096093,345,374074.16,0,12.832214,14,9,False,True,False,False,False
2741910,679,199884.56,0,12.205505,28,7,False,True,False,False,False
1321510,232,34647.09,0,10.453027,9,16,False,True,False,False,False
1820055,304,157598.88,0,11.967821,12,16,False,True,False,False,False
1868417,306,27873.22,0,10.235494,12,18,False,True,False,False,False
2567710,403,77582.39,0,11.259122,16,19,False,False,False,False,True
1131807,207,37557.08,0,10.53367,8,15,False,True,False,False,False
894056,180,318803.53,0,12.672337,7,12,False,False,False,False,True
1588861,274,65621.6,0,11.091691,11,10,False,True,False,False,False
2467122,396,1546142.5,0,14.251275,16,12,False,False,False,False,True
1797641,302,320235.44,0,12.676818,12,14,False,True,False,False,False
770074,161,100154.48,0,11.514489,6,17,False,True,False,False,False
2158961,350,51700.0,0,10.853251,14,14,False,True,False,False,False
1241685,226,2420.94,0,7.792737,9,10,False,True,False,False,False
281584,35,120347.84,0,11.698158,1,11,False,True,False,False,False
1514223,257,73697.88,0,11.207756,10,17,False,True,False,False,False
818209,164,118720.57,0,11.684545,6,20,False,True,False,False,False
2716127,594,153629.88,0,11.942314,24,18,False,True,False,False,False
2200637,354,346427.38,0,12.755434,14,18,False,True,False,False,False
1764229,299,410656.6,0,12.925517,12,11,False,True,False,False,False
214052,19,89548.55,0,11.402558,0,19,False,True,False,False,False
2004009,328,112313.23,0,11.629065,13,16,False,True,False,False,False
1445912,252,92271.93,0,11.432517,10,12,False,False,False,False,True
1471421,254,225097.31,0,12.324297,10,14,False,True,False,False,False
2733157,637,106171.35,0,11.572828,26,13,False,False,False,False,True
299776,36,558886.5,0,13.2337055,1,12,False,True,False,False,False
1971896,325,247399.05,0,12.418766,13,13,False,True,False,False,False
1448296,252,202294.73,0,12.217491,10,12,False,True,False,False,False
691844,155,35140.14,0,10.467156,6,11,False,True,False,False,False
1991152,327,5208.72,0,8.558474,13,15,False,True,False,False,False
1760315,299,361338.94,0,12.797577,12,11,False,True,False,False,False
1217267,213,79030.19,0,11.277611,8,21,False,True,False,False,False
712541,157,218161.69,0,12.293001,6,13,False,False,False,False,True
180908,18,26282.24,0,10.176724,0,18,False,True,False,False,False
2039103,330,1096494.5,0,13.907631,13,18,False,False,False,False,True
1828353,304,572024.9,0,13.256941,12,16,False,False,False,False,True
867459,178,205922.73,0,12.235266,7,10,False,True,False,False,False
1414,6,46873.46,0,10.75525,0,6,False,True,False,False,False
1869628,307,107406.27,0,11.584393,12,19,False,True,False,False,False
153567,17,97675.93,0,11.489431,0,17,False,True,False,False,False
38817,10,7548.74,0,8.9294,0,10,False,True,False,False,False
112101,15,50738.01,0,10.83447,0,15,False,True,False,False,False
1549710,259,4214.96,0,8.346869,10,19,False,True,False,False,False
2073531,332,205412.56,0,12.232785,13,20,False,False,False,False,True
2709254,589,715497.0,0,13.480736,24,13,False,False,False,False,True
481926,130,59843.89,0,10.999528,5,10,False,True,False,False,False
1077366,203,35007.24,0,10.463367,8,11,False,True,False,False,False
489117,130,117010.36,0,11.670034,5,10,False,True,False,False,False
1631659,278,369686.0,0,12.820415,11,14,False,True,False,False,False
2330470,374,347754.16,0,12.759256,15,14,False,True,False,False,False
1201844,212,120723.1,0,11.701271,8,20,False,True,False,False,False
1007161,187,24850.95,0,10.120731,7,19,False,True,False,False,False
1874131,307,375055.38,0,12.834834,12,19,False,True,False,False,False
321675,37,143475.9,0,11.873937,1,13,False,True,False,False,False
1973300,325,242057.14,0,12.396937,13,13,False,True,False,False,False
474838,129,2074914.8,0,14.545432,5,9,False,False,False,False,True
815176,163,26743.79,0,10.194133,6,19,False,False,False,False,True
1285508,229,170712.45,0,12.047748,9,13,False,True,False,False,False
2569940,403,65929.31,0,11.096369,16,19,False,True,False,False,False
1799050,302,304799.72,0,12.627417,12,14,False,True,False,False,False
1080082,203,71170.83,0,11.172867,8,11,False,True,False,False,False
1203746,212,209488.88,0,12.252436,8,20,False,True,False,False,False
785636,162,23824.51,0,10.078554,6,18,False,True,False,False,False
2442005,394,211859.88,0,12.26369,16,10,False,True,False,False,False
2371416,378,204833.23,0,12.229961,15,18,False,True,False,False,False
2584068,403,96356.42,0,11.47583,16,19,False,True,False,False,False
2608439,406,165795.66,0,12.018523,16,22,False,True,False,False,False
431788,44,143804.9,0,11.876226,1,20,False,True,False,False,False
1491527,255,486528.84,0,13.095056,10,15,False,False,False,False,True
2294503,371,203277.06,0,12.222335,15,11,False,True,False,False,False
1442472,252,57188.91,0,10.95415,10,12,False,True,False,False,False
2347447,376,271705.78,0,12.512483,15,16,False,True,False,False,False
1372573,236,40313.91,0,10.604502,9,20,False,True,False,False,False
502001,131,46980.97,0,10.757541,5,11,False,True,False,False,False
704733,156,364745.56,0,12.806961,6,12,False,False,False,False,True
2740108,664,66859.76,0,11.110382,27,16,False,True,False,False,False
1039131,190,375585.0,0,12.836246,7,22,False,False,False,False,True
2464918,396,290815.3,0,12.580451,16,12,False,True,False,False,False
967208,185,244743.86,0,12.407976,7,17,False,True,False,False,False
475111,129,147798.64,0,11.90362,5,9,False,True,False,False,False
2376934,378,1128684.1,0,13.936564,15,18,False,False,False,False,True
2514598,399,46153.89,0,10.739779,16,15,False,True,False,False,False
2256576,357,219539.7,0,12.299297,14,21,False,True,False,False,False
2745045,684,94252.72,0,11.453756,28,12,False,True,False,False,False
1832683,305,21991.26,0,9.998491,12,17,False,True,False,False,False
2380990,379,30402.65,0,10.3223505,15,19,False,True,False,False,False
896158,181,2007427.5,0,14.512365,7,13,False,False,False,False,True
1727656,287,301588.53,0,12.616825,11,23,False,False,False,False,True
1023860,188,446323.66,0,13.008804,7,20,False,True,False,False,False
1058676,202,68943.4,0,11.14107,8,10,False,True,False,False,False
2023509,329,140807.34,0,11.855162,13,17,False,True,False,False,False
1406882,249,242230.81,0,12.397655,10,9,False,False,False,False,True
1096035,204,232738.92,0,12.357681,8,12,False,True,False,False,False
979891,186,192524.73,0,12.167991,7,18,False,True,False,False,False
1000169,187,290569.7,0,12.579606,7,19,False,True,False,False,False
1715270,284,130904.07,0,11.782235,11,20,False,True,False,False,False
1838786,305,512633.4,0,13.14732,12,17,False,True,False,False,False
2280182,370,88768.9,0,11.393814,15,10,False,True,False,False,False
2344106,375,45994.8,0,10.736327,15,15,False,True,False,False,False
369181,41,245700.05,0,12.411875,1,17,False,True,False,False,False
212795,19,137819.64,0,11.833715,0,19,False,True,False,False,False
1174914,210,153065.3,0,11.938633,8,18,False,False,False,False,True
818420,164,174401.48,0,12.069127,6,20,False,True,False,False,False
586029,137,218419.33,0,12.294181,5,17,False,False,False,False,True
2758718,691,73828.26,0,11.209524,28,19,False,True,False,False,False
810612,163,259419.52,0,12.466209,6,19,False,True,False,False,False
1011786,187,16087.8,0,9.685941,7,19,False,True,False,False,False
726128,158,230465.73,0,12.347866,6,14,False,True,False,False,False
1472894,254,103789.9,0,11.550143,10,14,False,True,False,False,False
494475,131,1486784.8,0,14.212128,5,11,False,False,False,False,True
2597095,404,47647.38,0,10.771625,16,20,False,True,False,False,False
2592688,404,144147.06,0,11.878603,16,20,False,True,False,False,False
650216,141,39026.14,0,10.572039,5,21,False,True,False,False,False
1518132,257,445089.4,0,13.006035,10,17,False,True,False,False,False
2047176,331,270639.34,0,12.50855,13,19,False,True,False,False,False
1016551,188,227336.48,0,12.334195,7,20,False,True,False,False,False
1678366,282,237205.42,0,12.37669,11,18,False,False,False,False,True
1282596,229,274485.06,0,12.522659,9,13,False,True,False,False,False
1901983,308,118354.99,0,11.68146,12,20,False,True,False,False,False
936073,183,2179.3,0,7.6876764,7,15,False,True,False,False,False
132378,15,5635.51,0,8.6371975,0,15,False,False,False,False,True
2301324,372,140889.52,0,11.855745,15,12,False,True,False,False,False
1313956,232,448442.22,0,13.013539,9,16,False,False,False,False,True
2635983,478,45972.57,0,10.735844,19,22,False,True,False,False,False
2549853,402,41695.89,0,10.638206,16,18,False,True,False,False,False
2702979,585,224152.1,0,12.320089,24,9,False,True,False,False,False
75357,13,435309.28,0,12.983817,0,13,False,False,False,False,True
536552,133,94115.95,0,11.452304,5,13,False,True,False,False,False
1517382,257,205807.06,0,12.234704,10,17,False,True,False,False,False
1216982,213,1115903.5,0,13.925177,8,21,False,False,False,False,True
1592232,274,301188.47,0,12.615499,11,10,False,True,False,False,False
1342989,234,1722114.9,0,14.359065,9,18,False,False,False,False,True
1005539,187,258281.47,0,12.461813,7,19,False,True,False,False,False
2327427,374,27645.66,0,10.227297,15,14,False,True,False,False,False
1094308,204,941288.44,0,13.755007,8,12,False,False,False,False,True
1398483,241,24356.72,0,10.100645,10,1,False,True,False,False,False
92800,14,66731.71,0,11.108465,0,14,False,True,False,False,False
1233148,225,387369.4,0,12.867139,9,9,False,True,False,False,False
636434,140,144884.72,0,11.883707,5,20,False,True,False,False,False
288365,35,213162.28,0,12.269818,1,11,False,True,False,False,False
2444638,394,362505.6,0,12.8008,16,10,False,True,False,False,False
841124,166,91253.07,0,11.421413,6,22,False,True,False,False,False
705120,156,345044.47,0,12.751434,6,12,False,True,False,False,False
1739637,298,110923.96,0,11.616618,12,10,False,True,False,False,False
2006943,328,209200.64,0,12.251059,13,16,False,True,False,False,False
185358,18,33604.75,0,10.4224825,0,18,False,True,False,False,False
610781,138,128617.03,0,11.76461,5,18,False,True,False,False,False
860437,178,113677.18,0,11.641135,7,10,False,True,False,False,False
490315,130,200195.02,0,12.207057,5,10,False,True,False,False,False
427060,44,435897.12,0,12.985167,1,20,False,False,False,False,True
864361,178,77996.77,0,11.264448,7,10,False,True,False,False,False
2746282,684,85816.25,0,11.359987,28,12,False,True,False,False,False
2388202,379,72210.29,0,11.187366,15,19,False,True,False,False,False
279937,35,95949.17,0,11.471595,1,11,False,True,False,False,False
725282,158,171005.11,0,12.04946,6,14,False,True,False,False,False
1462297,253,142702.31,0,11.86853,10,13,False,True,False,False,False
813632,163,10258.81,0,9.236087,6,19,False,True,False,False,False
795115,162,158336.9,0,11.972493,6,18,False,True,False,False,False
116731,15,84649.47,0,11.346298,0,15,False,True,False,False,False
1957572,324,147316.98,0,11.900355,13,12,False,True,False,False,False
280407,35,303833.25,0,12.624241,1,11,False,False,False,False,True
978978,186,349547.38,0,12.7644005,7,18,False,True,False,False,False
1587501,274,99465.4,0,11.507586,11,10,False,True,False,False,False
453361,48,173478.73,0,12.063822,2,0,False,True,False,False,False
2141215,349,169515.98,0,12.040714,14,13,False,True,False,False,False
789111,162,361020.03,0,12.796694,6,18,False,False,False,False,True
521040,132,308349.4,0,12.638995,5,12,False,True,False,False,False
176729,18,53901.71,0,10.894955,0,18,False,True,False,False,False
2676690,544,1146679.5,0,13.952383,22,16,False,False,False,False,True
644247,140,103182.21,0,11.544271,5,20,False,True,False,False,False
2102310,346,494498.38,0,13.111303,14,10,False,False,False,False,True
1727278,287,432986.62,0,12.978467,11,23,False,False,False,False,True
2080799,333,90700.46,0,11.415339,13,21,False,False,False,False,True
2440350,394,70583.04,0,11.164574,16,10,False,True,False,False,False
1751060,298,44427.36,0,10.701655,12,10,False,True,False,False,False
736494,159,783786.2,0,13.571894,6,15,False,False,False,False,True
125989,15,319735.1,0,12.675255,0,15,False,True,False,False,False
1310357,231,222644.44,0,12.31334,9,15,False,True,False,False,False
765008,161,1117468.0,0,13.926578,6,17,False,False,False,False,True
2357722,377,270539.84,0,12.508183,15,17,False,False,False,False,True
160696,17,234340.62,0,12.364539,0,17,False,True,False,False,False
853188,177,277928.62,0,12.535127,7,9,False,True,False,False,False
80417,13,364749.53,0,12.806972,0,13,False,True,False,False,False
2539480,401,312256.3,0,12.651587,16,17,False,True,False,False,False
706992,156,272939.1,0,12.517012,6,12,False,True,False,False,False
1212617,212,141678.53,0,11.86133,8,20,False,True,False,False,False
152395,16,287495.3,0,12.568969,0,16,False,True,False,False,False
248392,22,159175.06,0,11.977773,0,22,False,True,False,False,False
1686925,282,37236.1,0,10.525087,11,18,False,True,False,False,False
51891,11,155969.61,0,11.957429,0,11,False,False,False,False,True
1202351,212,92431.33,0,11.434243,8,20,False,True,False,False,False
1938948,323,548866.6,0,13.215614,13,11,False,False,False,False,True
690164,155,431008.75,0,12.973888,6,11,False,True,False,False,False
311723,37,162401.23,0,11.997838,1,13,False,True,False,False,False
2271235,369,329805.38,0,12.7062645,15,9,False,True,False,False,False
2457091,395,83194.24,0,11.328958,16,11,False,True,False,False,False
163252,17,45356.75,0,10.722359,0,17,False,True,False,False,False
1520757,258,256459.1,0,12.454732,10,18,False,True,False,False,False
2753910,688,139067.56,0,11.84273,28,16,False,True,False,False,False
426716,44,639312.1,0,13.368152,1,20,False,True,False,False,False
2310060,373,311127.4,0,12.6479645,15,13,False,True,False,False,False
1572048,261,249856.67,0,12.428651,10,21,False,True,False,False,False
1016860,188,141261.95,0,11.858385,7,20,False,True,False,False,False
362099,40,111285.0,0,11.619867,1,16,False,True,False,False,False
1591097,274,86026.44,0,11.362433,11,10,False,True,False,False,False
661505,144,127718.37,0,11.757599,6,0,False,True,False,False,False
366364,41,48034.16,0,10.77971,1,17,False,True,False,False,False
196124,19,506327.8,0,13.134944,0,19,False,False,False,False,True
2713385,591,330185.06,0,12.707415,24,15,False,True,False,False,False
1012473,187,14503.02,0,9.58225,7,19,False,True,False,False,False
1066231,202,258775.86,0,12.463725,8,10,False,True,False,False,False
1801058,302,479435.97,0,13.08037,12,14,False,True,False,False,False
628264,139,148971.88,0,11.911527,5,19,False,True,False,False,False
1268760,228,171427.34,0,12.051927,9,12,False,True,False,False,False
868192,179,245581.44,0,12.411392,7,11,False,True,False,False,False
1312058,232,161431.95,0,11.991852,9,16,False,True,False,False,False
1403467,249,204359.95,0,12.227648,10,9,False,True,False,False,False
2070210,332,285200.7,0,12.560955,13,20,False,True,False,False,False
6373,8,105261.31,0,11.56422,0,8,False,True,False,False,False
2271076,369,346050.66,0,12.754346,15,9,False,True,False,False,False
1213876,212,59652.11,0,10.996319,8,20,False,True,False,False,False
2327611,374,154706.69,0,11.949299,15,14,False,True,False,False,False
1688396,283,75000.33,0,11.225274,11,19,False,True,False,False,False
851280,177,644425.3,0,13.376118,7,9,False,False,False,False,True
1750307,298,317974.34,0,12.669732,12,10,False,True,False,False,False
2144106,349,494135.8,0,13.11057,14,13,False,True,False,False,False
1946519,323,292626.2,0,12.5866585,13,11,False,True,False,False,False
1169765,210,371543.53,0,12.825427,8,18,False,True,False,False,False
1387210,237,37026.57,0,10.519445,9,21,False,True,False,False,False
1309445,231,54485.36,0,10.905724,9,15,False,True,False,False,False
807807,163,9081.28,0,9.114191,6,19,False,True,False,False,False
367282,41,140035.56,0,11.849666,1,17,False,True,False,False,False
403021,43,145939.62,0,11.890962,1,19,False,True,False,False,False
1985180,326,85651.01,0,11.35806,13,14,False,True,False,False,False
310876,37,258779.17,0,12.463738,1,13,False,True,False,False,False
2536492,401,146457.7,0,11.8945055,16,17,False,True,False,False,False
1082907,203,72900.6,0,11.196879,8,11,False,True,False,False,False
1365286,235,102860.28,0,11.541146,9,19,False,True,False,False,False
222213,20,153045.7,0,11.938505,0,20,False,False,False,False,True
1063644,202,307984.97,0,12.637813,8,10,False,True,False,False,False
1636144,278,157858.5,0,11.969467,11,14,False,True,False,False,False
1389666,237,293946.62,0,12.591161,9,21,False,True,False,False,False
1910323,309,26305.5,0,10.177609,12,21,False,True,False,False,False
2648624,514,168224.16,0,12.033065,21,10,False,True,False,False,False
2306194,372,257880.7,0,12.46026,15,12,False,True,False,False,False
2138832,349,94992.77,0,11.461577,14,13,False,True,False,False,False
1292384,230,185120.75,0,12.128775,9,14,False,True,False,False,False
341175,39,117323.38,0,11.672707,1,15,False,True,False,False,False
748498,160,15992.55,0,9.680003,6,16,False,True,False,False,False
1695151,283,195847.39,0,12.1851015,11,19,False,True,False,False,False
2556678,402,159128.23,0,11.977478,16,18,False,True,False,False,False
461993,96,111740.55,0,11.623953,4,0,False,True,False,False,False
1149719,208,2278097.5,0,14.638852,8,16,False,False,False,False,True
452395,47,206399.02,0,12.2375765,1,23,False,True,False,False,False
2401895,380,149079.27,0,11.912247,15,20,False,True,False,False,False
1885992,307,223670.12,0,12.317937,12,19,False,True,False,False,False
2251157,356,153050.62,0,11.938538,14,20,False,True,False,False,False
1443835,252,241069.39,0,12.392848,10,12,False,True,False,False,False
682364,154,81285.54,0,11.305748,6,10,False,True,False,False,False
2244282,356,102463.32,0,11.53728,14,20,False,True,False,False,False
2591089,404,117138.67,0,11.671131,16,20,False,True,False,False,False
1386864,237,254181.73,0,12.445812,9,21,False,True,False,False,False
1547932,259,273276.22,0,12.518246,10,19,False,True,False,False,False
608989,138,217921.77,0,12.291901,5,18,False,False,False,False,True
59165,11,445060.38,0,13.00597,0,11,False,False,False,False,True
754980,160,189642.3,0,12.152905,6,16,False,True,False,False,False
1227820,225,344277.7,0,12.749209,9,9,False,True,False,False,False
2549405,402,32865.31,0,10.400234,16,18,False,True,False,False,False
2288649,371,5324.13,0,8.58038,15,11,False,True,False,False,False
443687,45,177875.06,0,12.088848,1,21,False,True,False,False,False
2212201,354,59981.57,0,11.001826,14,18,False,True,False,False,False
1395296,239,134018.05,0,11.805745,9,23,False,True,False,False,False
256439,33,306322.72,0,12.632401,1,9,False,True,False,False,False
500486,131,568605.06,0,13.250945,5,11,False,False,False,False,True
556253,135,19182.75,0,9.861871,5,15,False,True,False,False,False
1057429,202,201070.44,0,12.21142,8,10,False,True,False,False,False
2089619,335,65581.09,0,11.091073,13,23,False,True,False,False,False
873101,179,28089.81,0,10.243234,7,11,False,True,False,False,False
223725,20,51768.29,0,10.854571,0,20,False,True,False,False,False
137543,16,84381.98,0,11.343133,0,16,False,True,False,False,False
149770,16,111338.58,0,11.620349,0,16,False,True,False,False,False
40020,10,92775.6,0,11.437961,0,10,False,True,False,False,False
203890,19,6493.04,0,8.778794,0,19,False,True,False,False,False
1813614,303,436203.5,0,12.985868,12,15,False,True,False,False,False
13692,9,350425.03,0,12.766908,0,9,False,True,False,False,False
2470546,396,330807.22,0,12.709297,16,12,False,True,False,False,False
2635111,476,44628.75,0,10.706179,19,20,False,True,False,False,False
296645,36,184135.55,0,12.123438,1,12,False,True,False,False,False
581514,137,521047.56,0,13.163601,5,17,False,True,False,False,False
1293907,230,25752.36,0,10.15636,9,14,False,True,False,False,False
865199,178,157027.22,0,11.964188,7,10,False,True,False,False,False
1550237,259,123347.61,0,11.722778,10,19,False,True,False,False,False
2147825,349,108204.79,0,11.5918,14,13,False,True,False,False,False
1680773,282,264691.88,0,12.486329,11,18,False,True,False,False,False
920601,182,383831.34,0,12.857964,7,14,False,True,False,False,False
216377,19,738246.25,0,13.512035,0,19,False,False,False,False,True
450718,47,69050.52,0,11.142623,1,23,False,True,False,False,False
2449762,395,419340.16,0,12.946443,16,11,False,True,False,False,False
2714292,592,555140.1,0,13.226979,24,16,False,True,False,False,False
70881,12,337639.7,0,12.72974,0,12,False,True,False,False,False
2104561,346,29142.37,0,10.280017,14,10,False,True,False,False,False
1193508,211,444171.34,0,13.00397,8,19,False,True,False,False,False
1717243,284,311436.4,0,12.648957,11,20,False,False,False,False,True
1907472,309,62899.69,0,11.049329,12,21,False,True,False,False,False
1137837,207,12939.96,0,9.46823,8,15,False,True,False,False,False
877910,179,130101.68,0,11.776087,7,11,False,True,False,False,False
2614768,408,12767.4,0,9.454807,17,0,False,True,False,False,False
2220252,355,268963.62,0,12.502339,14,19,False,True,False,False,False
1184174,211,358287.0,0,12.789095,8,19,False,True,False,False,False
825723,164,152144.16,0,11.932597,6,20,False,True,False,False,False
2428113,385,620512.75,1,13.3383045,16,1,False,True,False,False,False
1183286,211,731319.25,0,13.502608,8,19,False,False,False,False,True
1281747,229,814183.9,0,13.609944,9,13,False,True,False,False,False
649954,141,353691.3,0,12.776185,5,21,False,True,False,False,False
1928834,322,187660.05,0,12.142398,13,10,False,True,False,False,False
1745610,298,36740.81,0,10.511698,12,10,False,True,False,False,False
2371172,378,60769.53,0,11.014876,15,18,False,True,False,False,False
2369396,378,30435.29,0,10.323423,15,18,False,True,False,False,False
377396,41,140015.56,0,11.849524,1,17,False,True,False,False,False
36292,10,43224.99,0,10.67422,0,10,False,True,False,False,False
1542884,259,98397.85,0,11.496795,10,19,False,True,False,False,False
2619850,426,169079.94,0,12.038138,17,18,False,True,False,False,False
2546372,402,234594.56,0,12.3656225,16,18,False,True,False,False,False
2415771,381,304380.44,0,12.62604,15,21,False,True,False,False,False
2270723,369,436104.16,0,12.9856415,15,9,False,False,False,False,True
1255857,227,77400.44,0,11.256774,9,11,False,True,False,False,False
2701329,573,93466.64,0,11.445381,23,21,False,True,False,False,False
568674,136,117842.1,0,11.677118,5,16,False,True,False,False,False
592630,137,657409.4,0,13.396066,5,17,False,False,False,False,True
1775351,300,111648.42,0,11.623128,12,12,False,True,False,False,False
1368845,235,37288.19,0,10.526485,9,19,False,True,False,False,False
41657,10,201386.6,0,12.212992,0,10,False,True,False,False,False
712061,157,988344.1,0,13.803788,6,13,False,False,False,False,True
1618624,277,156420.42,0,11.960316,11,13,False,True,False,False,False
2030825,330,142021.0,0,11.863745,13,18,False,True,False,False,False
2700510,573,142575.9,0,11.867644,23,21,False,True,False,False,False
1660003,280,180628.08,0,12.104206,11,16,False,True,False,False,False
645436,140,175081.8,0,12.07302,5,20,False,True,False,False,False
196434,19,81511.43,0,11.308523,0,19,False,True,False,False,False
1353464,235,359252.44,0,12.791786,9,19,False,True,False,False,False
1415688,250,2515.94,0,7.8311963,10,10,False,True,False,False,False
1770245,300,192652.05,0,12.168652,12,12,False,True,False,False,False
364340,40,371026.1,0,12.824033,1,16,False,True,False,False,False
125947,15,967111.0,0,13.782071,0,15,False,False,False,False,True
2625203,448,64145.49,0,11.06894,18,16,False,True,False,False,False
1436270,251,13000.29,0,9.47288,10,11,False,True,False,False,False
1622335,277,260251.7,0,12.469412,11,13,False,True,False,False,False
2212022,354,169312.7,0,12.039515,14,18,False,True,False,False,False
2055687,331,64953.05,0,11.08145,13,19,False,True,False,False,False
924052,182,128832.9,0,11.766287,7,14,False,True,False,False,False
2496522,398,621646.44,0,13.34013,16,14,False,False,False,False,True
322591,37,672251.3,0,13.41839,1,13,False,False,False,False,True
1485764,255,35109.67,0,10.466289,10,15,False,True,False,False,False
2588755,404,4255588.5,0,15.263744,16,20,False,False,False,False,True
2745483,684,81089.23,0,11.30333,28,12,False,True,False,False,False
2316170,373,257964.73,0,12.460586,15,13,False,True,False,False,False
487721,130,290550.3,0,12.579539,5,10,False,True,False,False,False
466751,129,53081.82,0,10.879627,5,9,False,True,False,False,False
378259,41,211206.31,0,12.2606,1,17,False,True,False,False,False
1988505,326,13747010.0,0,16.436333,13,14,False,False,False,False,True
2364862,378,45985.97,0,10.7361355,15,18,False,True,False,False,False
231321,20,26266.47,0,10.176125,0,20,False,True,False,False,False
1962680,324,311208.72,0,12.648226,13,12,False,True,False,False,False
2073904,332,4387.16,0,8.386893,13,20,False,True,False,False,False
1001799,187,179223.61,0,12.0964,7,19,False,True,False,False,False
1493323,255,430108.72,0,12.971798,10,15,False,True,False,False,False
25607,9,167693.6,0,12.029905,0,9,False,True,False,False,False
916836,182,704835.06,0,13.465722,7,14,False,False,False,False,True
1582425,273,85601.54,0,11.357482,11,9,False,True,False,False,False
1905276,308,225769.8,0,12.32728,12,20,False,True,False,False,False
1851048,306,104583.25,0,11.557757,12,18,False,True,False,False,False
2549991,402,546084.94,0,13.210533,16,18,False,False,False,False,True
1606008,276,863771.1,0,13.669065,11,12,False,False,False,False,True
829583,164,177680.55,1,12.087754,6,20,False,False,False,False,True
2140404,349,168178.16,0,12.032791,14,13,False,True,False,False,False
1872687,307,262929.4,0,12.479649,12,19,False,False,False,False,True
1414280,250,753824.3,0,13.532917,10,10,False,False,False,False,True
2433425,393,18012.52,0,9.798933,16,9,False,True,False,False,False
2694208,565,99747.33,0,11.510416,23,13,False,True,False,False,False
2155491,350,184309.5,0,12.124383,14,14,False,True,False,False,False
1412544,250,151841.6,0,11.930606,10,10,False,True,False,False,False
2709865,589,271275.0,0,12.510896,24,13,False,False,False,False,True
131368,15,116146.48,0,11.662624,0,15,False,True,False,False,False
948143,184,377935.94,0,12.842485,7,16,False,True,False,False,False
482463,130,314895.66,0,12.660003,5,10,False,True,False,False,False
160398,17,1257422.6,0,14.044577,0,17,False,False,False,False,True
1892864,308,135004.56,0,11.813079,12,20,False,True,False,False,False
2337927,375,113143.89,0,11.636434,15,15,False,True,False,False,False
2442029,394,4161045.5,0,15.241278,16,10,False,False,False,False,True
2454181,395,69346.19,0,11.146895,16,11,False,False,False,False,True
1735385,297,142143.02,0,11.864603,12,9,False,True,False,False,False
1942743,323,82240.92,0,11.317432,13,11,False,True,False,False,False
2030105,330,274657.2,0,12.523286,13,18,False,True,False,False,False
1408303,249,113514.41,0,11.639703,10,9,False,True,False,False,False
1342905,234,411072.7,0,12.92653,9,18,False,True,False,False,False
1737993,297,122573.89,0,11.716486,12,9,False,True,False,False,False
2461303,396,335654.78,0,12.723845,16,12,False,True,False,False,False
1478656,254,107834.23,0,11.588369,10,14,False,True,False,False,False
1367317,235,78718.32,0,11.273657,9,19,False,True,False,False,False
2053647,331,99852.95,0,11.511474,13,19,False,True,False,False,False
1980436,326,24205.96,0,10.094437,13,14,False,True,False,False,False
935044,183,271184.7,0,12.510563,7,15,False,True,False,False,False
1238324,226,157617.53,0,11.967939,9,10,False,True,False,False,False
46788,11,276745.38,0,12.53086,0,11,False,True,False,False,False
2669615,538,50484.13,0,10.829454,22,10,False,True,False,False,False
141263,16,157298.23,0,11.965912,0,16,False,True,False,False,False
167726,17,323365.25,0,12.686544,0,17,False,True,False,False,False
1206976,212,74455.89,0,11.217989,8,20,False,True,False,False,False
189303,18,253351.81,0,12.442542,0,18,False,True,False,False,False
1318930,232,289303.9,0,12.57524,9,16,False,False,False,False,True
228232,20,120791.47,0,11.701838,0,20,False,True,False,False,False
2647226,514,238818.27,0,12.383467,21,10,False,True,False,False,False
1385546,236,292841.12,0,12.587393,9,20,False,True,False,False,False
1162723,209,542326.1,0,13.203627,8,17,False,False,False,False,True
1599548,275,31213.27,0,10.348662,11,11,False,True,False,False,False
884024,180,77656.51,0,11.2600765,7,12,False,True,False,False,False
1563876,260,154202.19,0,11.946033,10,20,False,True,False,False,False
1527786,258,323537.06,0,12.687076,10,18,False,False,False,False,True
2766505,709,179339.83,0,12.097049,29,13,False,True,False,False,False
104377,14,36043.08,0,10.492526,0,14,False,True,False,False,False
38953,10,406236.34,0,12.914696,0,10,False,False,False,False,True
439525,45,192759.08,0,12.169207,1,21,False,True,False,False,False
1419962,250,1259858.6,0,14.046512,10,10,False,False,False,False,True
2208969,354,1666483.4,0,14.326227,14,18,False,False,False,False,True
1445847,252,691318.8,0,13.44636,10,12,False,False,False,False,True
678348,154,314867.8,0,12.659915,6,10,False,True,False,False,False
1369170,235,353751.38,0,12.776356,9,19,False,False,False,False,True
1662126,281,251652.47,0,12.435812,11,17,False,True,False,False,False
1682198,282,452743.47,0,13.023086,11,18,False,True,False,False,False
2759246,691,336004.75,0,12.724887,28,19,False,False,False,False,True
173011,18,5642.02,0,8.638351,0,18,False,True,False,False,False
2743145,681,922356.8,0,13.73469,28,9,False,False,False,False,True
2558252,402,116728.44,0,11.667623,16,18,False,True,False,False,False
222199,20,278378.75,0,12.536745,0,20,False,True,False,False,False
1013005,187,12607.71,0,9.442223,7,19,False,True,False,False,False
890351,180,68183.66,0,11.12999,7,12,False,True,False,False,False
438352,44,92249.59,0,11.432275,1,20,False,True,False,False,False
1626401,277,84163.59,0,11.340542,11,13,False,True,False,False,False
1934788,322,3260417.0,0,14.997366,13,10,False,False,False,False,True
369094,41,167563.36,0,12.029129,1,17,False,True,False,False,False
1659303,280,117394.61,0,11.673313,11,16,False,True,False,False,False
1199084,211,45970.49,0,10.735799,8,19,False,True,False,False,False
1832587,305,190878.44,0,12.159403,12,17,False,True,False,False,False
1556269,260,169823.8,0,12.042528,10,20,False,True,False,False,False
410537,43,320546.25,0,12.677788,1,19,False,True,False,False,False
909637,181,159919.9,0,11.982441,7,13,False,True,False,False,False
2355162,377,517004.6,0,13.155811,15,17,False,False,False,False,True
633595,140,30394.57,0,10.322085,5,20,False,True,False,False,False
2609865,406,159891.36,0,11.982263,16,22,False,True,False,False,False
1272001,228,133878.5,0,11.804703,9,12,False,True,False,False,False
2762771,692,93595.77,0,11.446762,28,20,False,True,False,False,False
573071,136,154823.56,0,11.950054,5,16,False,True,False,False,False
168378,17,233982.16,0,12.3630085,0,17,False,True,False,False,False
1187363,211,6391.42,0,8.763024,8,19,False,True,False,False,False
2457878,395,173575.86,0,12.064382,16,11,False,True,False,False,False
874907,179,37294.74,0,10.526661,7,11,False,True,False,False,False
12258,9,173451.05,0,12.063663,0,9,False,True,False,False,False
575459,136,253091.56,0,12.441515,5,16,False,False,False,False,True
388291,42,5020.8,0,8.521743,1,18,False,True,False,False,False
245261,22,116337.48,0,11.664268,0,22,False,True,False,False,False
2269607,369,15900.0,0,9.6742,15,9,False,True,False,False,False
1794920,302,154969.1,0,11.950994,12,14,False,True,False,False,False
434482,44,41489.6,0,10.633246,1,20,False,True,False,False,False
251448,26,169945.38,0,12.043244,1,2,False,True,False,False,False
921952,182,676338.6,0,13.424452,7,14,False,True,False,False,False
945199,184,44174.26,0,10.695943,7,16,False,True,False,False,False
606040,138,9534.07,0,9.162837,5,18,False,True,False,False,False
555549,135,366776.1,0,12.812512,5,15,False,True,False,False,False
880747,179,409113.28,0,12.921752,7,11,False,True,False,False,False
1308322,231,251641.48,0,12.435769,9,15,False,True,False,False,False
192092,18,5513.42,0,8.615303,0,18,False,True,False,False,False
1972,7,185882.89,0,12.132883,0,7,False,True,False,False,False
839192,165,22553.27,0,10.023724,6,21,False,True,False,False,False
522162,132,267015.5,0,12.4950695,5,12,False,False,False,False,True
778773,162,85766.91,0,11.359412,6,18,False,True,False,False,False
1192475,211,148123.28,0,11.905814,8,19,False,True,False,False,False
2575363,403,215999.02,0,12.283038,16,19,False,True,False,False,False
42691,10,1616964.5,0,14.296062,0,10,False,False,False,False,True
2237614,355,164461.8,0,12.010446,14,19,False,True,False,False,False
2150493,350,1115638.8,0,13.924939,14,14,False,False,False,False,True
1527481,258,154473.98,0,11.947794,10,18,False,True,False,False,False
1025587,188,120076.45,0,11.695901,7,20,False,True,False,False,False
1384971,236,33760.61,0,10.42711,9,20,False,True,False,False,False
441374,45,52767.68,0,10.8736925,1,21,False,True,False,False,False
1943545,323,323915.53,0,12.688244,13,11,False,True,False,False,False
256295,33,201129.73,0,12.211716,1,9,False,True,False,False,False
1193305,211,131045.14,0,11.783313,8,19,False,False,False,False,True
2231551,355,34840.48,0,10.458592,14,19,False,True,False,False,False
2350128,376,159078.45,0,11.977165,15,16,False,True,False,False,False
2284584,371,81590.92,0,11.309498,15,11,False,True,False,False,False
838599,165,297962.88,0,12.604731,6,21,False,True,False,False,False
1044441,192,239461.78,0,12.386157,8,0,False,True,False,False,False
1917556,311,1146566.4,0,13.952284,12,23,False,False,False,False,True
1968127,325,63993.7,0,11.066571,13,13,False,True,False,False,False
354006,40,42573.18,0,10.659027,1,16,False,True,False,False,False
839227,165,82430.72,0,11.319737,6,21,False,True,False,False,False
126534,15,179133.19,0,12.095896,0,15,False,True,False,False,False
812715,163,167916.52,0,12.031234,6,19,False,True,False,False,False
2604439,405,1047444.1,0,13.861866,16,21,False,False,False,False,True
1603046,275,198244.89,0,12.1972685,11,11,False,True,False,False,False
195067,18,103429.39,0,11.546664,0,18,False,True,False,False,False
640948,140,174798.08,0,12.071398,5,20,False,True,False,False,False
1105190,205,173218.42,0,12.06232,8,13,False,True,False,False,False
1855452,306,3404755.5,0,15.040685,12,18,False,False,False,False,True
1813088,303,186900.77,0,12.138344,12,15,False,True,False,False,False
529621,133,202242.98,0,12.217236,5,13,False,True,False,False,False
2638505,492,27763.24,0,10.23154,20,12,False,True,False,False,False
2415696,380,479732.88,0,13.080989,15,20,False,True,False,False,False
1919771,321,347730.94,0,12.75919,13,9,False,True,False,False,False
2475455,397,334444.12,0,12.720231,16,13,False,True,False,False,False
641535,140,6391.43,0,8.763026,5,20,False,True,False,False,False
1562073,260,265814.06,0,12.49056,10,20,False,True,False,False,False
2075142,332,46148.24,0,10.739657,13,20,False,True,False,False,False
2007605,328,243555.83,0,12.40311,13,16,False,True,False,False,False
1327766,233,241605.02,0,12.395068,9,17,False,True,False,False,False
776437,161,172414.1,0,12.057666,6,17,False,True,False,False,False
771345,161,24028.06,0,10.087061,6,17,False,True,False,False,False
78721,13,273373.3,0,12.5186,0,13,False,True,False,False,False
1131942,207,210591.9,0,12.257687,8,15,False,True,False,False,False
1358864,235,185881.7,0,12.132876,9,19,False,True,False,False,False
719699,157,183413.06,0,12.119507,6,13,False,True,False,False,False
2755080,688,1883.18,0,7.5417786,28,16,False,True,False,False,False
2509773,399,40249.1,0,10.602893,16,15,False,True,False,False,False
1236098,226,375972.4,0,12.837276,9,10,False,True,False,False,False
36290,10,83759.13,0,11.335725,0,10,False,True,False,False,False
2698996,571,277405.38,0,12.533242,23,19,False,True,False,False,False
1426075,251,346047.97,0,12.754338,10,11,False,True,False,False,False
1655608,280,89256.69,0,11.399294,11,16,False,True,False,False,False
2623150,429,180117.94,0,12.101378,17,21,False,True,False,False,False
2658136,522,3823058.5,0,15.156562,21,18,False,False,False,False,True
2051349,331,233495.12,0,12.360925,13,19,False,True,False,False,False
2753305,688,322398.97,0,12.683552,28,16,False,True,False,False,False
2418379,381,191018.62,0,12.160137,15,21,False,True,False,False,False
2261136,358,129624.84,0,11.772415,14,22,False,True,False,False,False
300404,36,365067.53,0,12.807843,1,12,False,True,False,False,False
2544062,401,178330.06,0,12.091403,16,17,False,True,False,False,False
1581161,273,86622.62,0,11.369339,11,9,False,True,False,False,False
858161,178,82156.37,0,11.316404,7,10,False,True,False,False,False
1033801,189,51460.6,0,10.848611,7,21,False,True,False,False,False
2236985,355,390637.16,0,12.87554,14,19,False,False,False,False,True
203500,19,109836.34,0,11.606765,0,19,False,True,False,False,False
1979494,326,4752451.5,0,15.374171,13,14,False,False,False,False,True
405502,43,57039.87,0,10.951541,1,19,False,False,False,False,True
399134,42,490.51,0,6.199515,1,18,False,True,False,False,False
200448,19,196553.44,0,12.1887,0,19,False,False,False,False,True
273641,34,153465.48,0,11.941244,1,10,False,True,False,False,False
2708990,589,508105.9,0,13.138449,24,13,False,True,False,False,False
492775,131,300568.7,0,12.613439,5,11,False,True,False,False,False
1370657,236,213279.02,0,12.270366,9,20,False,True,False,False,False
1640997,279,177857.2,0,12.088748,11,15,False,False,False,False,True
631864,139,44888.94,0,10.711991,5,19,False,True,False,False,False
2526806,400,161090.78,0,11.989736,16,16,False,True,False,False,False
2750198,687,1132323.4,0,13.939784,28,15,False,False,False,False,True
2351807,376,794311.0,0,13.585233,15,16,False,False,False,False,True
2426129,383,305372.66,0,12.629294,15,23,False,False,False,False,True
1321439,232,224813.52,0,12.323035,9,16,False,True,False,False,False
2565217,403,219301.58,0,12.298212,16,19,False,True,False,False,False
2209387,354,90096.5,0,11.408659,14,18,False,True,False,False,False
1838214,305,1043750.5,0,13.858333,12,17,False,False,False,False,True
689428,155,3889.84,0,8.266638,6,11,False,True,False,False,False
2704768,587,127653.57,0,11.7570915,24,11,False,True,False,False,False
648825,141,11229.75,0,9.3265,5,21,False,True,False,False,False
1588818,274,109296.15,0,11.601834,11,10,False,False,False,False,True
165260,17,17131.79,0,9.748808,0,17,False,True,False,False,False
224716,20,99814.54,0,11.511089,0,20,False,True,False,False,False
779294,162,174522.86,0,12.069822,6,18,False,True,False,False,False
1719258,285,68005.74,0,11.127377,11,21,False,True,False,False,False
486241,130,414351.22,0,12.934474,5,10,False,True,False,False,False
1925689,321,215985.38,0,12.282975,13,9,False,True,False,False,False
1674222,282,338640.78,0,12.732701,11,18,False,True,False,False,False
111287,14,1393182.0,0,14.147102,0,14,False,False,False,False,True
1800387,302,9333801.0,0,16.049152,12,14,False,False,False,False,True
2524989,400,1996705.6,0,14.50701,16,16,False,False,False,False,True
797599,163,139440.05,0,11.845405,6,19,False,True,False,False,False
565216,135,127824.4,0,11.758429,5,15,False,True,False,False,False
681452,154,225156.62,0,12.32456,6,10,False,True,False,False,False
1640799,279,189454.7,0,12.151916,11,15,False,True,False,False,False
121614,15,340399.66,0,12.737882,0,15,False,True,False,False,False
2657171,522,164654.06,0,12.011614,21,18,False,True,False,False,False
74627,12,57842.22,0,10.965508,0,12,False,True,False,False,False
1413514,250,139011.45,0,11.842326,10,10,False,True,False,False,False
1318401,232,278726.88,0,12.537994,9,16,False,True,False,False,False
2698102,570,363673.34,0,12.804017,23,18,False,True,False,False,False
2323596,374,243501.23,0,12.402885,15,14,False,True,False,False,False
1127030,206,48826.04,0,10.79606,8,14,False,True,False,False,False
1857015,306,162798.98,0,12.000284,12,18,False,True,False,False,False
2497952,398,112182.38,0,11.627899,16,14,False,True,False,False,False
501180,131,275569.78,0,12.526604,5,11,False,True,False,False,False
651248,141,130006.0,0,11.775352,5,21,False,True,False,False,False
1740451,298,4281.66,0,8.362563,12,10,False,True,False,False,False
924696,182,112599.92,0,11.631614,7,14,False,True,False,False,False
599942,138,252526.44,0,12.43928,5,18,False,True,False,False,False
2151388,350,297567.6,0,12.603403,14,14,False,True,False,False,False
1398137,240,346675.28,0,12.756149,10,0,False,True,False,False,False
2257508,357,44866.27,0,10.711486,14,21,False,True,False,False,False
94491,14,214188.28,0,12.27462,0,14,False,False,False,False,True
1307373,231,41373.5,0,10.630445,9,15,False,True,False,False,False
1158141,209,127231.23,0,11.7537775,8,17,False,True,False,False,False
368792,41,166313.73,0,12.021644,1,17,False,True,False,False,False
1721891,285,273164.5,0,12.517837,11,21,False,True,False,False,False
2394299,379,340545.06,0,12.738309,15,19,False,True,False,False,False
733276,158,28109.93,0,10.243949,6,14,False,True,False,False,False
2525334,400,179590.05,0,12.098443,16,16,False,True,False,False,False
1576852,262,52481.53,0,10.868255,10,22,False,True,False,False,False
726397,158,169513.64,0,12.040701,6,14,False,True,False,False,False
2442008,394,6983986.0,0,15.7591305,16,10,False,False,False,False,True
1224357,215,57853.22,0,10.965699,8,23,False,False,False,False,True
705978,156,150513.89,0,11.9218235,6,12,False,True,False,False,False
900666,181,611149.8,0,13.323101,7,13,False,True,False,False,False
2127786,348,305701.94,0,12.630372,14,12,False,True,False,False,False
2756310,690,49464.58,0,10.809052,28,18,False,True,False,False,False
2362047,377,187895.3,0,12.143651,15,17,False,True,False,False,False
152496,16,154551.52,0,11.948296,0,16,False,True,False,False,False
1648777,279,10765.17,0,9.284257,11,15,False,True,False,False,False
283889,35,65694.82,0,11.092806,1,11,False,True,False,False,False
1965774,325,456578.9,0,13.031521,13,13,False,True,False,False,False
56860,11,185944.66,0,12.133215,0,11,False,True,False,False,False
71827,12,314246.88,0,12.657941,0,12,False,True,False,False,False
2179090,352,176799.22,0,12.082782,14,16,False,True,False,False,False
1202610,212,532624.94,0,13.185576,8,20,False,True,False,False,False
1198167,211,266604.53,0,12.493529,8,19,False,True,False,False,False
1004297,187,258939.2,0,12.464356,7,19,False,True,False,False,False
2232094,355,198200.23,0,12.197043,14,19,False,True,False,False,False
1996821,327,4631094.5,0,15.348304,13,15,False,False,False,False,True
2492812,398,977636.7,0,13.792895,16,14,False,False,False,False,True
2088340,335,36442.9,0,10.503557,13,23,False,True,False,False,False
524413,133,184112.3,0,12.123312,5,13,False,True,False,False,False
1575240,262,278107.62,0,12.53577,10,22,False,True,False,False,False
2616559,416,449452.62,0,13.01579,17,8,False,True,False,False,False
1469857,254,51158.11,0,10.842715,10,14,False,True,False,False,False
407406,43,120735.27,0,11.701372,1,19,False,True,False,False,False
2642761,495,38711.51,0,10.563944,20,15,False,True,False,False,False
1518436,257,345321.62,0,12.752237,10,17,False,True,False,False,False
2235097,355,89759.4,0,11.40491,14,19,False,True,False,False,False
2521123,400,235484.2,0,12.369408,16,16,False,True,False,False,False
1639685,279,87525.54,0,11.379709,11,15,False,True,False,False,False
731851,158,152587.2,0,11.935505,6,14,False,False,False,False,True
240094,21,111319.03,0,11.620173,0,21,False,True,False,False,False
687711,155,155132.23,0,11.952046,6,11,False,True,False,False,False
2107659,346,91813.86,0,11.427541,14,10,False,True,False,False,False
599647,138,99422.05,0,11.50715,5,18,False,False,False,False,True
2291759,371,276675.44,0,12.530607,15,11,False,True,False,False,False
413805,43,1204667.5,0,14.001716,1,19,False,False,False,False,True
448406,46,85528.49,0,11.356628,1,22,False,True,False,False,False
551288,134,190908.7,0,12.159561,5,14,False,True,False,False,False
505370,131,137213.78,0,11.82931,5,11,False,True,False,False,False
501302,131,496375.4,0,13.115092,5,11,False,True,False,False,False
1314457,232,1403197.2,0,14.154265,9,16,False,False,False,False,True
1980114,326,374236.28,0,12.832648,13,14,False,True,False,False,False
1278641,229,87535.29,0,11.37982,9,13,False,True,False,False,False
1710952,284,21884.83,0,9.99364,11,20,False,True,False,False,False
1783766,301,5279.57,0,8.571979,12,13,False,True,False,False,False
2109685,347,57164.27,0,10.953719,14,11,False,True,False,False,False
2524976,400,505600.38,0,13.133506,16,16,False,True,False,False,False
1176305,210,176395.84,0,12.080497,8,18,False,True,False,False,False
1018347,188,144264.23,0,11.8794155,7,20,False,True,False,False,False
2457022,395,223030.02,0,12.315071,16,11,False,True,False,False,False
993725,187,86821.79,0,11.371636,7,19,False,True,False,False,False
1738410,297,129237.61,0,11.7694235,12,9,False,True,False,False,False
528917,133,16375.77,0,9.70368,5,13,False,True,False,False,False
769677,161,173873.64,0,12.066095,6,17,False,True,False,False,False
976618,186,301122.94,0,12.61528,7,18,False,True,False,False,False
2705106,587,2724481.5,0,14.817789,24,11,False,False,False,False,True
1004734,187,10222.44,0,9.232536,7,19,False,True,False,False,False
190491,18,18886.78,0,9.846323,0,18,False,False,False,False,True
812888,163,54598.37,0,10.907796,6,19,False,True,False,False,False
2297982,372,3898.54,0,8.26887,15,12,False,True,False,False,False
539592,133,51898.4,0,10.857081,5,13,False,True,False,False,False
941014,184,425191.7,0,12.9603,7,16,False,True,False,False,False
1741522,298,203340.48,0,12.222647,12,10,False,True,False,False,False
1817091,303,103826.09,0,11.550492,12,15,False,True,False,False,False
2564863,403,883335.2,0,13.6914625,16,19,False,False,False,False,True
2713978,592,77375.55,0,11.256452,24,16,False,True,False,False,False
706295,156,183272.4,0,12.11874,6,12,False,True,False,False,False
2650984,518,236704.78,0,12.3745775,21,14,False,True,False,False,False
1421388,250,203074.77,0,12.221339,10,10,False,True,False,False,False
1644462,279,648110.4,0,13.38182,11,15,False,False,False,False,True
683690,155,121267.43,0,11.7057705,6,11,False,True,False,False,False
1868773,307,772987.2,0,13.558021,12,19,False,False,False,False,True
2676941,544,247384.7,0,12.418708,22,16,False,True,False,False,False
991270,187,309466.12,0,12.642611,7,19,False,True,False,False,False
2262922,359,211542.44,0,12.262191,14,23,False,False,False,False,True
1480374,254,388174.2,0,12.869215,10,14,False,True,False,False,False
2579510,403,104149.99,0,11.553607,16,19,False,True,False,False,False
1259732,227,340936.9,0,12.739459,9,11,False,True,False,False,False
2273029,370,285702.84,0,12.562715,15,10,False,True,False,False,False
1705221,284,99547.66,0,11.508411,11,20,False,False,False,False,True
2222042,355,811999.75,0,13.607258,14,19,False,False,False,False,True
581612,137,70277.99,0,11.160242,5,17,False,True,False,False,False
2699068,571,1705672.6,0,14.349471,23,19,False,False,False,False,True
1702966,283,336183.8,0,12.725419,11,19,False,False,False,False,True
1794744,302,506510.56,0,13.135304,12,14,False,True,False,False,False
1248385,227,293489.0,0,12.589602,9,11,False,True,False,False,False
2087102,334,62397.2,0,11.041307,13,22,False,True,False,False,False
1591210,274,13785.78,0,9.531538,11,10,False,True,False,False,False
1665289,281,176378.23,0,12.080398,11,17,False,True,False,False,False
619513,139,181997.05,0,12.111756,5,19,False,True,False,False,False
1525663,258,303852.5,0,12.624304,10,18,False,False,False,False,True
875777,179,318704.2,0,12.672025,7,11,False,True,False,False,False
163626,17,27003.11,0,10.203781,0,17,False,True,False,False,False
2010762,328,31771.45,0,10.366386,13,16,False,True,False,False,False
1229177,225,80596.39,0,11.297234,9,9,False,True,False,False,False
555185,135,338415.34,0,12.732036,5,15,False,True,False,False,False
253642,33,64788.44,0,11.078914,1,9,False,True,False,False,False
184583,18,342310.66,0,12.74348,0,18,False,False,False,False,True
2162219,351,168747.31,0,12.03617,14,15,False,True,False,False,False
2466762,396,131926.69,0,11.790017,16,12,False,False,False,False,True
2510512,399,74349.35,0,11.2165575,16,15,False,True,False,False,False
2019256,329,42948.44,0,10.667802,13,17,False,True,False,False,False
1421548,250,368811.1,0,12.818046,10,10,False,True,False,False,False
490664,131,191995.25,0,12.165236,5,11,False,True,False,False,False
1604768,276,145455.31,0,11.887638,11,12,False,True,False,False,False
308099,37,139783.1,0,11.847861,1,13,False,True,False,False,False
315609,37,454615.53,0,13.027212,1,13,False,True,False,False,False
1965871,325,840124.06,0,13.641307,13,13,False,False,False,False,True
702979,156,193342.47,0,12.172229,6,12,False,True,False,False,False
310658,37,216751.8,0,12.286517,1,13,False,True,False,False,False
903864,181,39065.79,0,10.573053,7,13,False,True,False,False,False
1670525,281,21495.74,0,9.975703,11,17,False,True,False,False,False
1487541,255,166844.94,0,12.024832,10,15,False,True,False,False,False
1468927,253,129601.28,0,11.772233,10,13,False,True,False,False,False
2018368,329,339898.9,0,12.736409,13,17,False,True,False,False,False
2005208,328,1110559.4,0,13.920376,13,16,False,False,False,False,True
1219877,213,22790.4,0,10.034183,8,21,False,True,False,False,False
646976,140,1295949.1,0,14.074756,5,20,False,False,False,False,True
1617386,277,141128.75,0,11.857442,11,13,False,False,False,False,True
1318660,232,417509.5,0,12.942067,9,16,False,False,False,False,True
2447916,394,570404.75,0,13.254105,16,10,False,False,False,False,True
708848,156,745496.5,0,13.521809,6,12,False,False,False,False,True
2687460,550,2093130.5,0,14.5541725,22,22,False,False,False,False,True
2496569,398,154863.12,0,11.95031,16,14,False,True,False,False,False
1601732,275,220403.31,0,12.303224,11,11,False,True,False,False,False
2720340,595,67469.42,0,11.119459,24,19,False,False,False,False,True
182640,18,574618.06,0,13.261464,0,18,False,False,False,False,True
8480,8,384693.06,0,12.860207,0,8,False,False,False,False,True
461696,96,326597.84,0,12.696491,4,0,False,True,False,False,False
1510422,257,403363.12,0,12.907598,10,17,False,True,False,False,False
1597267,275,273175.0,0,12.517876,11,11,False,False,False,False,True
2383640,379,170273.4,0,12.045173,15,19,False,False,False,False,True
2331974,374,230511.48,0,12.348064,15,14,False,True,False,False,False
2608152,406,1100955.5,0,13.911691,16,22,False,False,False,False,True
2332485,374,89283.95,0,11.399599,15,14,False,False,False,False,True
467943,129,268443.7,0,12.500404,5,9,False,True,False,False,False
2684334,548,160723.67,0,11.987454,22,20,False,True,False,False,False
1116269,206,449581.78,0,13.016078,8,14,False,True,False,False,False
738366,159,472218.2,0,13.065201,6,15,False,False,False,False,True
379345,41,32682.75,0,10.394664,1,17,False,True,False,False,False
2758790,691,183531.28,0,12.1201515,28,19,False,True,False,False,False
1022656,188,237652.06,0,12.3785715,7,20,False,True,False,False,False
1015649,188,167075.2,0,12.026212,7,20,False,True,False,False,False
841542,166,298337.03,0,12.605986,6,22,False,False,False,False,True
1710950,284,65455.32,0,11.089153,11,20,False,True,False,False,False
2717526,594,90192.11,0,11.409719,24,18,False,True,False,False,False
1269396,228,176978.84,0,12.0837965,9,12,False,True,False,False,False
1275755,229,149602.17,0,11.915749,9,13,False,True,False,False,False
448880,46,280012.72,0,12.542598,1,22,False,True,False,False,False
726884,158,358871.38,0,12.790725,6,14,False,True,False,False,False
1814877,303,97693.09,0,11.489607,12,15,False,True,False,False,False
2760167,691,253980.23,0,12.44502,28,19,False,True,False,False,False
144717,16,139871.14,0,11.848491,0,16,False,True,False,False,False
1292879,230,44800.91,0,10.710029,9,14,False,True,False,False,False
631463,139,165691.73,0,12.017897,5,19,False,False,False,False,True
1333554,234,243114.06,0,12.401295,9,18,False,True,False,False,False
2372709,378,29981.59,0,10.308406,15,18,False,True,False,False,False
2623031,429,93005.73,0,11.440438,17,21,False,True,False,False,False
1892143,308,2466540.2,0,14.7183275,12,20,False,False,False,False,True
2146195,349,498129.38,0,13.118619,14,13,False,True,False,False,False
250199,24,84483.09,0,11.344331,1,0,False,True,False,False,False
1164497,209,59503.76,0,10.993829,8,17,False,True,False,False,False
1805763,302,488912.6,0,13.099943,12,14,False,False,False,False,True
1786644,301,205663.0,0,12.234004,12,13,False,True,False,False,False
1183250,210,237872.55,0,12.3794985,8,18,False,True,False,False,False
691724,155,1166116.8,0,13.969192,6,11,False,False,False,False,True
1270979,228,46185.49,0,10.740464,9,12,False,True,False,False,False
210236,19,418293.16,0,12.943943,0,19,False,True,False,False,False
2359376,377,139313.69,0,11.844498,15,17,False,True,False,False,False
128834,15,544907.4,0,13.208375,0,15,False,False,False,False,True
2697652,570,51463.18,0,10.84866,23,18,False,True,False,False,False
1406058,249,90823.42,0,11.416695,10,9,False,True,False,False,False
183537,18,284050.06,0,12.556912,0,18,False,True,False,False,False
2293116,371,154803.8,0,11.949926,15,11,False,True,False,False,False
1191195,211,13833.73,0,9.535009,8,19,False,True,False,False,False
1870100,307,155389.64,0,11.953704,12,19,False,True,False,False,False
2075781,332,44033.01,0,10.69274,13,20,False,True,False,False,False
102367,14,11178.06,0,9.321887,0,14,False,True,False,False,False
1210739,212,157433.36,0,11.96677,8,20,False,True,False,False,False
1165187,209,209651.06,0,12.253209,8,17,False,True,False,False,False
2647117,514,237271.75,0,12.37697,21,10,False,True,False,False,False
2205642,354,31381.51,0,10.354038,14,18,False,True,False,False,False
329971,38,164267.97,0,12.009267,1,14,False,True,False,False,False
1527398,258,75444.71,0,11.231182,10,18,False,True,False,False,False
913072,182,316884.4,0,12.666299,7,14,False,True,False,False,False
2297041,372,590969.3,0,13.289523,15,12,False,False,False,False,True
1110589,205,406720.8,0,12.915887,8,13,False,True,False,False,False
528472,133,260133.25,0,12.468957,5,13,False,True,False,False,False
2715065,592,172341.23,0,12.057243,24,16,False,True,False,False,False
43821,11,636498.94,0,13.363741,0,11,False,True,False,False,False
274866,34,907638.3,0,13.718603,1,10,False,False,False,False,True
1831098,304,231101.67,0,12.350622,12,16,False,True,False,False,False
446889,46,85994.97,0,11.362067,1,22,False,True,False,False,False
183770,18,491446.8,0,13.105113,0,18,False,True,False,False,False
1802697,302,28591.27,0,10.260926,12,14,False,True,False,False,False
2554657,402,36495.5,0,10.504999,16,18,False,True,False,False,False
1652690,280,153160.31,0,11.939254,11,16,False,True,False,False,False
1924796,321,281829.88,0,12.549066,13,9,False,True,False,False,False
797846,163,117684.35,0,11.675778,6,19,False,True,False,False,False
1825542,304,23664.51,0,10.071816,12,16,False,True,False,False,False
1065106,202,192284.4,0,12.166741,8,10,False,False,False,False,True
744338,159,373512.56,0,12.830712,6,15,False,True,False,False,False
1568509,261,89702.14,0,11.404272,10,21,False,False,False,False,True
1798479,302,311300.06,0,12.648519,12,14,False,True,False,False,False
2520219,400,328647.5,0,12.702747,16,16,False,False,False,False,True
2540639,401,224643.03,0,12.322277,16,17,False,True,False,False,False
700954,156,17700.23,0,9.7814455,6,12,False,True,False,False,False
433241,44,193877.8,0,12.1749935,1,20,False,True,False,False,False
571926,136,350313.62,0,12.76659,5,16,False,False,False,False,True
946147,184,439630.66,0,12.993695,7,16,False,True,False,False,False
440063,45,200400.98,0,12.208086,1,21,False,True,False,False,False
1674531,282,143665.02,0,11.875254,11,18,False,True,False,False,False
1004386,187,16398.98,0,9.705096,7,19,False,True,False,False,False
18144,9,174674.61,0,12.070692,0,9,False,True,False,False,False
315941,37,67263.47,0,11.116403,1,13,False,True,False,False,False
78576,13,304674.88,0,12.6270075,0,13,False,True,False,False,False
489516,130,72237.91,0,11.187748,5,10,False,True,False,False,False
2394091,379,170458.8,0,12.046261,15,19,False,True,False,False,False
1757812,299,128003.75,0,11.75983,12,11,False,True,False,False,False
288336,35,528127.56,0,13.177097,1,11,False,True,False,False,False
2537988,401,42677.36,0,10.66147,16,17,False,True,False,False,False
351860,40,147079.94,0,11.898746,1,16,False,True,False,False,False
1360283,235,244012.05,0,12.404981,9,19,False,False,False,False,True
2452118,395,30654.04,0,10.330585,16,11,False,True,False,False,False
1289112,230,161843.86,0,11.9944,9,14,False,True,False,False,False
1317781,232,113282.57,0,11.637658,9,16,False,True,False,False,False
539642,133,390230.72,0,12.874498,5,13,False,False,False,False,True
143216,16,602184.1,0,13.308322,0,16,False,True,False,False,False
476058,130,14019.07,0,9.548317,5,10,False,True,False,False,False
154121,17,64177.96,0,11.069447,0,17,False,True,False,False,False
2038324,330,8519.4,0,9.050336,13,18,False,False,False,False,True
1770370,300,250362.72,0,12.430674,12,12,False,True,False,False,False
1232216,225,134927.78,0,11.81251,9,9,False,True,False,False,False
2568430,403,193568.77,0,12.173399,16,19,False,True,False,False,False
1185413,211,128955.96,0,11.7672415,8,19,False,True,False,False,False
363726,40,377912.5,0,12.842423,1,16,False,True,False,False,False
2526642,400,423673.78,0,12.956724,16,16,False,True,False,False,False
2759204,691,48920.15,0,10.797985,28,19,False,True,False,False,False
172992,18,224556.52,0,12.321892,0,18,False,True,False,False,False
1362867,235,7757.69,0,8.956697,9,19,False,True,False,False,False
77492,13,61048.02,0,11.019449,0,13,False,True,False,False,False
719036,157,330698.12,0,12.708967,6,13,False,True,False,False,False
205991,19,168582.45,0,12.0351925,0,19,False,True,False,False,False
1307259,231,255349.5,0,12.450397,9,15,False,True,False,False,False
2406548,380,275793.4,0,12.527414,15,20,False,True,False,False,False
1312949,232,294832.03,0,12.594168,9,16,False,True,False,False,False
174827,18,97501.02,0,11.487638,0,18,False,True,False,False,False
2191394,353,94954.57,0,11.461175,14,17,False,True,False,False,False
520574,132,74853.96,0,11.223321,5,12,False,True,False,False,False
870571,179,7877.92,0,8.972073,7,11,False,True,False,False,False
334532,38,112380.41,0,11.6296625,1,14,False,True,False,False,False
1445107,252,204360.75,0,12.227652,10,12,False,True,False,False,False
2157864,350,474367.03,0,13.069741,14,14,False,True,False,False,False
1385100,236,37419.07,0,10.529989,9,20,False,True,False,False,False
149349,16,114711.3,0,11.650191,0,16,False,True,False,False,False
1649190,279,37075.62,0,10.520769,11,15,False,True,False,False,False
88533,13,56427.07,0,10.94074,0,13,False,True,False,False,False
2564935,403,162084.78,0,11.995887,16,19,False,True,False,False,False
731089,158,446622.8,0,13.009474,6,14,False,True,False,False,False
945124,184,220132.9,0,12.301996,7,16,False,False,False,False,True
1709653,284,52522.22,0,10.86903,11,20,False,True,False,False,False
1094172,204,174149.62,0,12.067681,8,12,False,True,False,False,False
1719049,285,207477.27,0,12.242786,11,21,False,False,False,False,True
709979,157,516342.28,0,13.154529,6,13,False,True,False,False,False
1684432,282,198617.22,0,12.199144,11,18,False,True,False,False,False
2191979,353,106324.79,0,11.574272,14,17,False,True,False,False,False
1365400,235,224879.97,0,12.323331,9,19,False,True,False,False,False
105036,14,211680.97,0,12.262845,0,14,False,True,False,False,False
2666217,525,787540.1,0,13.576673,21,21,False,False,False,False,True
1713516,284,85354.21,0,11.3545885,11,20,False,True,False,False,False
292937,36,136316.02,0,11.822746,1,12,False,True,False,False,False
276532,35,396039.06,0,12.889274,1,11,False,True,False,False,False
136335,16,162663.9,0,11.999454,0,16,False,False,False,False,True
2524963,400,2154146.2,0,14.582906,16,16,False,False,False,False,True
1914573,310,208582.27,0,12.248098,12,22,False,False,False,False,True
1352799,235,235768.16,0,12.370613,9,19,False,True,False,False,False
374327,41,50486.26,0,10.829496,1,17,False,True,False,False,False
1311849,232,230679.2,0,12.348792,9,16,False,True,False,False,False
2200999,354,962828.5,0,13.777633,14,18,False,False,False,False,True
2495782,398,46944.12,0,10.756756,16,14,False,False,False,False,True
1980128,326,41219.27,0,10.62671,13,14,False,True,False,False,False
1129705,207,49575.84,0,10.811299,8,15,False,True,False,False,False
1058127,202,78848.05,0,11.275303,8,10,False,True,False,False,False
1934158,322,193989.08,0,12.175568,13,10,False,True,False,False,False
1253163,227,284838.0,0,12.559683,9,11,False,True,False,False,False
1860804,306,156418.78,0,11.960305,12,18,False,True,False,False,False
2512156,399,161442.73,0,11.991919,16,15,False,True,False,False,False
241187,21,131005.15,0,11.783008,0,21,False,True,False,False,False
1656963,280,46367.82,0,10.744404,11,16,False,True,False,False,False
2054421,331,13632.91,0,9.520389,13,19,False,True,False,False,False
2014504,329,746071.56,0,13.522579,13,17,False,False,False,False,True
2756219,690,387582.03,0,12.867688,28,18,False,True,False,False,False
1664835,281,129035.1,0,11.767856,11,17,False,True,False,False,False
2560029,402,601494.1,0,13.307176,16,18,False,False,False,False,True
932758,183,537633.0,0,13.194935,7,15,False,False,False,False,True
182229,18,219646.62,0,12.299785,0,18,False,True,False,False,False
2448302,394,3054599.5,0,14.932159,16,10,False,False,False,False,True
746249,159,850066.94,0,13.653072,6,15,False,False,False,False,True
2690952,564,215732.02,0,12.281801,23,12,False,True,False,False,False
460292,95,182349.02,0,12.113688,3,23,False,True,False,False,False
913974,182,284915.12,0,12.559954,7,14,False,True,False,False,False
1795502,302,249445.02,0,12.427002,12,14,False,True,False,False,False
782989,162,109537.75,0,11.604043,6,18,False,True,False,False,False
997572,187,1193171.9,0,13.992127,7,19,False,False,False,False,True
557314,135,463076.25,0,13.045651,5,15,False,False,False,False,True
1093403,204,295026.5,0,12.594828,8,12,False,False,False,False,True
315632,37,103467.7,0,11.547034,1,13,False,True,False,False,False
236483,20,128433.73,0,11.763184,0,20,False,True,False,False,False
1450448,252,158406.98,0,11.972936,10,12,False,True,False,False,False
548283,134,72811.65,0,11.195659,5,14,False,True,False,False,False
777257,162,95887.86,0,11.470956,6,18,False,True,False,False,False
2253490,357,154279.53,0,11.946534,14,21,False,True,False,False,False
2764156,694,50941.12,0,10.838465,28,22,False,True,False,False,False
740305,159,41735.72,0,10.63916,6,15,False,True,False,False,False
2484958,397,40432.88,0,10.607448,16,13,False,True,False,False,False
963422,185,188519.64,0,12.146968,7,17,False,True,False,False,False
1773336,300,220012.33,0,12.301448,12,12,False,True,False,False,False
642353,140,9997.26,0,9.210266,5,20,False,True,False,False,False
981351,186,26682.24,0,10.191829,7,18,False,True,False,False,False
875559,179,415149.75,0,12.936399,7,11,False,True,False,False,False
304277,36,209292.81,0,12.251499,1,12,False,True,False,False,False
1550254,259,273053.2,0,12.517429,10,19,False,True,False,False,False
776768,162,90314.51,0,11.411076,6,18,False,True,False,False,False
956682,185,66306.79,0,11.1020775,7,17,False,True,False,False,False
112136,15,255124.5,0,12.449514,0,15,False,True,False,False,False
725225,158,122014.38,0,11.71191,6,14,False,True,False,False,False
362637,40,21921.19,0,9.9953,1,16,False,True,False,False,False
274480,34,34087.34,0,10.43674,1,10,False,True,False,False,False
382210,42,184635.69,0,12.126151,1,18,False,True,False,False,False
2352996,376,85695.96,0,11.358584,15,16,False,True,False,False,False
51081,11,157268.9,0,11.965725,0,11,False,True,False,False,False
804474,163,90812.7,0,11.416576,6,19,False,True,False,False,False
1871349,307,34432.21,0,10.446806,12,19,False,True,False,False,False
2010871,328,59437.35,0,10.992712,13,16,False,True,False,False,False
226105,20,261974.31,0,12.476009,0,20,False,False,False,False,True
2110386,347,81760.6,0,11.311575,14,11,False,True,False,False,False
1300168,231,1071412.6,0,13.88449,9,15,False,False,False,False,True
930505,183,371876.62,0,12.826323,7,15,False,True,False,False,False
369738,41,219213.12,0,12.297809,1,17,False,False,False,False,True
1849153,306,219729.95,0,12.300163,12,18,False,True,False,False,False
530419,133,17271.65,0,9.756938,5,13,False,True,False,False,False
2040956,330,105077.21,0,11.5624695,13,18,False,True,False,False,False
1886393,307,176426.02,0,12.080668,12,19,False,True,False,False,False
2209780,354,217920.05,0,12.291893,14,18,False,False,False,False,True
2101027,346,2738949.0,0,14.823086,14,10,False,False,False,False,True
2110045,347,176000.4,0,12.078253,14,11,False,True,False,False,False
1327287,233,92385.33,0,11.433745,9,17,False,True,False,False,False
2698951,571,177058.45,0,12.084247,23,19,False,True,False,False,False
728001,158,51753.61,0,10.854288,6,14,False,True,False,False,False
1767090,300,254269.45,0,12.446157,12,12,False,True,False,False,False
1072173,203,163922.83,0,12.007163,8,11,False,True,False,False,False
628742,139,304324.28,0,12.625855,5,19,False,True,False,False,False
1604580,276,50304.35,0,10.825887,11,12,False,True,False,False,False
1385483,236,235120.3,0,12.367861,9,20,False,False,False,False,True
847319,168,535440.1,0,13.190848,7,0,False,True,False,False,False
1950112,323,9986.17,0,9.209157,13,11,False,True,False,False,False
1762515,299,344127.38,0,12.748773,12,11,False,True,False,False,False
242192,21,164272.22,0,12.009293,0,21,False,True,False,False,False
2691101,564,91.92,0,4.5424433,23,12,False,True,False,False,False
626403,139,160131.89,0,11.983766,5,19,False,True,False,False,False
384578,42,5383.18,0,8.591406,1,18,False,True,False,False,False
661703,144,78632.73,0,11.272569,6,0,False,False,False,False,True
1692439,283,77316.36,0,11.255687,11,19,False,True,False,False,False
1861611,306,764.93,0,6.6423955,12,18,False,True,False,False,False
1537847,259,13314.98,0,9.496796,10,19,False,True,False,False,False
1884208,307,532170.2,0,13.184722,12,19,False,True,False,False,False
478529,130,538998.3,0,13.197472,5,10,False,True,False,False,False
345608,39,36397.3,0,10.502305,1,15,False,True,False,False,False
1994500,327,26597.23,0,10.188638,13,15,False,True,False,False,False
1173996,210,92765.51,0,11.437852,8,18,False,True,False,False,False
1609713,276,27226.62,0,10.212024,11,12,False,False,False,False,True
1551766,259,45878.1,0,10.733787,10,19,False,True,False,False,False
1632982,278,100284.32,0,11.515784,11,14,False,False,False,False,True
1114069,205,87404.88,0,11.378329,8,13,False,True,False,False,False
17998,9,189769.9,0,12.153578,0,9,False,True,False,False,False
727833,158,586606.9,0,13.282114,6,14,False,True,False,False,False
1412014,250,381296.97,0,12.851339,10,10,False,True,False,False,False
1499303,256,145140.92,0,11.885474,10,16,False,True,False,False,False
927211,183,169478.95,0,12.040496,7,15,False,True,False,False,False
2329766,374,85959.84,0,11.361659,15,14,False,True,False,False,False
657159,142,81418.59,0,11.307384,5,22,False,True,False,False,False
317845,37,20704.54,0,9.938205,1,13,False,True,False,False,False
1453786,252,332281.03,0,12.713742,10,12,False,True,False,False,False
1697553,283,215648.81,0,12.281416,11,19,False,True,False,False,False
521506,132,421791.44,0,12.952271,5,12,False,True,False,False,False
1365630,235,384355.0,0,12.859327,9,19,False,True,False,False,False
654715,141,56527.97,0,10.942526,5,21,False,True,False,False,False
621015,139,319460.9,0,12.6743965,5,19,False,True,False,False,False
1793406,301,361203.34,0,12.797202,12,13,False,True,False,False,False
2246311,356,10984.78,0,9.304448,14,20,False,True,False,False,False
469338,129,153931.02,0,11.944273,5,9,False,True,False,False,False
2156854,350,278123.03,0,12.535826,14,14,False,True,False,False,False
438582,44,10186.75,0,9.229039,1,20,False,False,False,False,True
1437848,251,124748.91,0,11.734075,10,11,False,False,False,False,True
1143622,208,281201.84,0,12.546835,8,16,False,True,False,False,False
2255093,357,3251.18,0,8.087388,14,21,False,True,False,False,False
1358861,235,122492.51,0,11.715821,9,19,False,True,False,False,False
1022791,188,174162.6,0,12.067756,7,20,False,True,False,False,False
1156138,209,57669.06,0,10.962511,8,17,False,True,False,False,False
2501711,399,160505.0,0,11.986093,16,15,False,True,False,False,False
31370,10,73608.73,0,11.206546,0,10,False,True,False,False,False
359676,40,311386.34,0,12.648796,1,16,False,True,False,False,False
1279756,229,141542.2,0,11.860368,9,13,False,True,False,False,False
1165354,209,357908.97,0,12.788039,8,17,False,False,False,False,True
1240264,226,160712.17,0,11.987383,9,10,False,True,False,False,False
2629808,469,38793.69,0,10.566065,19,13,False,True,False,False,False
1467557,253,267026.62,0,12.495111,10,13,False,False,False,False,True
895263,180,35146.62,0,10.46734,7,12,False,True,False,False,False
1133524,207,3791940.5,0,15.148389,8,15,False,False,False,False,True
516985,132,338559.53,0,12.732461,5,12,False,True,False,False,False
2062305,331,51901.39,0,10.85714,13,19,False,True,False,False,False
2446792,394,1048124.9,0,13.862515,16,10,False,False,False,False,True
1524111,258,333372.8,0,12.717023,10,18,False,True,False,False,False
2582679,403,46828.89,0,10.754298,16,19,False,True,False,False,False
1109479,205,240651.23,0,12.391112,8,13,False,False,False,False,True
481160,130,125526.08,0,11.740285,5,10,False,True,False,False,False
1848116,306,138957.28,0,11.841936,12,18,False,False,False,False,True
1193945,211,183323.23,0,12.119017,8,19,False,True,False,False,False
469522,129,13868.84,0,9.537544,5,9,False,True,False,False,False
2001859,328,350587.5,0,12.767371,13,16,False,True,False,False,False
1840855,305,1734878.2,0,14.366449,12,17,False,False,False,False,True
545029,134,496813.72,0,13.115974,5,14,False,False,False,False,True
1096138,204,257393.72,0,12.45837,8,12,False,True,False,False,False
494942,131,344334.44,0,12.749374,5,11,False,True,False,False,False
2453601,395,164966.25,0,12.013509,16,11,False,True,False,False,False
596120,137,384836.7,0,12.8605795,5,17,False,True,False,False,False
910244,182,253873.03,0,12.444597,7,14,False,True,False,False,False
1223679,215,214902.02,0,12.277946,8,23,False,True,False,False,False
2049561,331,39164.46,0,10.575576,13,19,False,True,False,False,False
238561,21,88648.67,0,11.392459,0,21,False,True,False,False,False
1504000,256,166084.25,0,12.020263,10,16,False,True,False,False,False
1360459,235,356132.7,0,12.783064,9,19,False,False,False,False,True
36911,10,406683.6,0,12.915795,0,10,False,True,False,False,False
2574341,403,13447.08,0,9.506666,16,19,False,True,False,False,False
281673,35,37676.92,0,10.536856,1,11,False,False,False,False,True
794769,162,39456.66,0,10.583009,6,18,False,True,False,False,False
2104951,346,62685.66,0,11.04592,14,10,False,True,False,False,False
2183482,352,29672.98,0,10.298059,14,16,False,True,False,False,False
1007130,187,220049.55,0,12.301617,7,19,False,True,False,False,False
44036,11,244086.2,0,12.405285,0,11,False,True,False,False,False
2728468,612,103680.77,0,11.549091,25,12,False,True,False,False,False
2206614,354,69918.97,0,11.155121,14,18,False,True,False,False,False
1357683,235,99525.91,0,11.508193,9,19,False,True,False,False,False
895521,180,12662.07,0,9.446525,7,12,False,True,False,False,False
755477,160,149469.61,0,11.914862,6,16,False,True,False,False,False
2715448,592,101528.9,0,11.528118,24,16,False,True,False,False,False
1921801,321,120873.33,0,11.702515,13,9,False,True,False,False,False
1253084,227,112437.9,0,11.630174,9,11,False,True,False,False,False
1820512,304,13146.06,0,9.48403,12,16,False,True,False,False,False
2408002,380,104632.62,0,11.558229,15,20,False,True,False,False,False
712755,157,677866.94,0,13.426709,6,13,False,False,False,False,True
570476,136,78513.28,0,11.271049,5,16,False,True,False,False,False
1217271,213,52606.66,0,10.870636,8,21,False,True,False,False,False
4431,8,1030502.56,0,13.845559,0,8,False,False,False,False,True
2558916,402,144039.58,0,11.877857,16,18,False,True,False,False,False
1760613,299,430737.8,0,12.97326,12,11,False,True,False,False,False
1560470,260,13687.5,0,9.5243845,10,20,False,True,False,False,False
384834,42,8049.03,0,8.993555,1,18,False,True,False,False,False
1615903,277,52053.58,0,10.860067,11,13,False,True,False,False,False
1475850,254,50104.46,0,10.821905,10,14,False,False,False,False,True
735935,159,31069.22,0,10.344037,6,15,False,False,False,False,True
325299,38,400506.44,0,12.90049,1,14,False,True,False,False,False
336840,38,315907.1,0,12.66321,1,14,False,True,False,False,False
2047366,331,52221.0,0,10.863278,13,19,False,True,False,False,False
882090,180,108385.99,0,11.5934725,7,12,False,True,False,False,False
475723,130,1187702.8,0,13.987534,5,10,False,False,False,False,True
1524408,258,214271.08,0,12.275006,10,18,False,True,False,False,False
1204705,212,109252.9,0,11.6014385,8,20,False,True,False,False,False
1691122,283,143120.72,0,11.871458,11,19,False,False,False,False,True
2378446,378,96524.26,0,11.477571,15,18,False,True,False,False,False
2145359,349,453826.3,0,13.025475,14,13,False,True,False,False,False
2208560,354,307435.1,0,12.636025,14,18,False,True,False,False,False
628212,139,158399.27,0,11.972887,5,19,False,False,False,False,True
2062821,331,316164.53,0,12.664024,13,19,False,True,False,False,False
770737,161,123357.91,0,11.722861,6,17,False,True,False,False,False
611965,139,282510.25,0,12.551477,5,19,False,False,False,False,True
680119,154,43160.89,0,10.672736,6,10,False,True,False,False,False
781591,162,207040.48,0,12.24068,6,18,False,True,False,False,False
71098,12,76225.3,0,11.241475,0,12,False,True,False,False,False
226131,20,56126.64,0,10.935402,0,20,False,True,False,False,False
1959720,324,1698975.0,0,14.345537,13,12,False,False,False,False,True
1487887,255,8344.01,0,9.029539,10,15,False,True,False,False,False
374742,41,48226.04,0,10.783696,1,17,False,True,False,False,False
1757611,299,417885.1,0,12.942966,12,11,False,True,False,False,False
819744,164,144309.4,0,11.879729,6,20,False,True,False,False,False
812315,163,282924.1,0,12.552941,6,19,False,False,False,False,True
1486463,255,1343479.8,0,14.110775,10,15,False,False,False,False,True
473932,129,1433716.4,0,14.175782,5,9,False,False,False,False,True
2612971,407,65696.88,0,11.092837,16,23,False,False,False,False,True
518215,132,171378.27,0,12.0516405,5,12,False,True,False,False,False
201292,19,21924.62,0,9.995457,0,19,False,True,False,False,False
27459,9,68022.53,0,11.127624,0,9,False,True,False,False,False
1609203,276,373302.62,0,12.83015,11,12,False,False,False,False,True
2020508,329,522696.97,0,13.166761,13,17,False,True,False,False,False
1296225,230,284665.66,0,12.559077,9,14,False,True,False,False,False
2179371,352,325207.2,0,12.692224,14,16,False,True,False,False,False
2080321,333,235018.78,0,12.367429,13,21,False,True,False,False,False
1286482,229,376804.16,0,12.839486,9,13,False,True,False,False,False
1011210,187,433292.2,0,12.979172,7,19,False,False,False,False,True
1133087,207,213907.08,0,12.273306,8,15,False,True,False,False,False
481276,130,170062.3,0,12.043932,5,10,False,True,False,False,False
679181,154,99892.67,0,11.511871,6,10,False,True,False,False,False
310961,37,335550.38,0,12.723534,1,13,False,True,False,False,False
682711,154,89382.11,0,11.400699,6,10,False,True,False,False,False
2450321,395,200790.34,0,12.210027,16,11,False,True,False,False,False
1153633,208,264720.9,0,12.486439,8,16,False,True,False,False,False
582659,137,88726.41,0,11.393335,5,17,False,True,False,False,False
473484,129,379920.3,0,12.847722,5,9,False,True,False,False,False
446506,46,2426492.8,0,14.701959,1,22,False,False,False,False,True
1115744,206,353466.16,0,12.775549,8,14,False,True,False,False,False
241738,21,50075.93,0,10.821336,0,21,False,True,False,False,False
430248,44,308037.34,0,12.637982,1,20,False,True,False,False,False
232902,20,278208.94,0,12.536135,0,20,False,True,False,False,False
1503592,256,216524.52,0,12.285468,10,16,False,True,False,False,False
830258,164,136986.84,0,11.827655,6,20,False,True,False,False,False
2087539,335,119682.51,0,11.692615,13,23,False,True,False,False,False
2198884,353,498080.53,0,13.118521,14,17,False,True,False,False,False
379368,41,244289.7,0,12.406118,1,17,False,True,False,False,False
2214005,354,200533.81,0,12.208748,14,18,False,False,False,False,True
310047,37,225242.2,0,12.324941,1,13,False,False,False,False,True
1964242,324,970180.0,0,13.785239,13,12,False,False,False,False,True
2570269,403,130784.65,0,11.7813225,16,19,False,True,False,False,False
2646960,514,104263.91,0,11.5547,21,10,False,True,False,False,False
231767,20,72460.4,0,11.190824,0,20,False,True,False,False,False
721564,157,27236.52,0,10.212387,6,13,False,True,False,False,False
2063083,331,413431.22,0,12.932251,13,19,False,False,False,False,True
1517155,257,152724.67,0,11.936405,10,17,False,True,False,False,False
195393,18,32490.44,0,10.388762,0,18,False,True,False,False,False
1252561,227,186804.8,0,12.13783,9,11,False,True,False,False,False
802447,163,10401.65,0,9.249912,6,19,False,True,False,False,False
475010,129,498179.28,0,13.118719,5,9,False,True,False,False,False
2087114,334,249395.94,0,12.4268055,13,22,False,True,False,False,False
803097,163,11600.0,0,9.3589325,6,19,False,True,False,False,False
1824003,304,19423.4,0,9.874337,12,16,False,True,False,False,False
1204469,212,93536.5,0,11.446129,8,20,False,True,False,False,False
493027,131,271506.97,0,12.51175,5,11,False,True,False,False,False
1880203,307,163092.6,0,12.002086,12,19,False,True,False,False,False
2414910,380,122900.27,0,11.719145,15,20,False,True,False,False,False
153028,17,187946.34,0,12.143923,0,17,False,True,False,False,False
2168833,351,189377.55,0,12.151508,14,15,False,True,False,False,False
460670,95,333778.56,0,12.718239,3,23,False,False,False,False,True
825794,164,276196.6,0,12.528875,6,20,False,True,False,False,False
1608469,276,92742.32,0,11.437602,11,12,False,True,False,False,False
287679,35,94096.44,0,11.452097,1,11,False,True,False,False,False
947928,184,97362.7,0,11.486219,7,16,False,True,False,False,False
361269,40,114114.87,0,11.644979,1,16,False,True,False,False,False
1698029,283,95969.16,0,11.471803,11,19,False,True,False,False,False
25876,9,10693.2,0,9.277551,0,9,False,True,False,False,False
1977669,325,167135.61,0,12.026573,13,13,False,True,False,False,False
695946,155,146878.06,0,11.897371,6,11,False,True,False,False,False
1120959,206,177624.5,0,12.087439,8,14,False,True,False,False,False
2703682,586,427838.12,0,12.966505,24,10,False,True,False,False,False
2006219,328,745014.1,0,13.521161,13,16,False,False,False,False,True
1074028,203,7849.15,0,8.968415,8,11,False,True,False,False,False
2333449,374,364371.62,0,12.805935,15,14,False,False,False,False,True
612624,139,408612.03,0,12.9205265,5,19,False,True,False,False,False
99956,14,199837.28,0,12.205269,0,14,False,True,False,False,False
1702558,283,204665.62,0,12.229142,11,19,False,True,False,False,False
1741426,298,218527.16,0,12.294675,12,10,False,True,False,False,False
1205726,212,55400.78,0,10.922385,8,20,False,True,False,False,False
879904,179,41438.23,0,10.632008,7,11,False,True,False,False,False
1206681,212,190470.39,0,12.157263,8,20,False,True,False,False,False
2431864,393,21845.16,0,9.991826,16,9,False,False,False,False,True
797615,163,24779.82,0,10.117866,6,19,False,True,False,False,False
140115,16,534232.2,0,13.18859,0,16,False,False,False,False,True
900943,181,97038.15,0,11.48288,7,13,False,True,False,False,False
130266,15,511285.78,0,13.144688,0,15,False,True,False,False,False
1853265,306,190669.69,0,12.158308,12,18,False,True,False,False,False
1113611,205,5865.6,0,8.677201,8,13,False,True,False,False,False
585516,137,2174.58,0,7.68551,5,17,False,True,False,False,False
2126382,348,114483.36,0,11.648202,14,12,False,True,False,False,False
403982,43,508205.4,0,13.138645,1,19,False,True,False,False,False
2382984,379,174102.2,0,12.0674095,15,19,False,True,False,False,False
2274682,370,340849.12,0,12.739202,15,10,False,True,False,False,False
2347377,376,255.05,0,5.5492706,15,16,False,True,False,False,False
311039,37,157259.69,0,11.965667,1,13,False,True,False,False,False
2524685,400,271608.97,0,12.512126,16,16,False,True,False,False,False
1789312,301,371905.28,0,12.8264,12,13,False,True,False,False,False
1034425,189,270457.53,0,12.507877,7,21,False,True,False,False,False
1591501,274,146352.83,0,11.893789,11,10,False,True,False,False,False
829257,164,185141.94,0,12.128889,6,20,False,True,False,False,False
2595551,404,31847.96,0,10.368792,16,20,False,True,False,False,False
2028610,330,520344.53,0,13.1622505,13,18,False,False,False,False,True
2503331,399,261087.8,0,12.47262,16,15,False,True,False,False,False
9412,8,1510655.0,0,14.228055,0,8,False,False,False,False,True
876837,179,92419.33,0,11.4341135,7,11,False,True,False,False,False
2298445,372,159144.62,0,11.977581,15,12,False,True,False,False,False
2482943,397,1155607.2,0,13.960138,16,13,False,False,False,False,True
576610,136,273015.56,0,12.517291,5,16,False,True,False,False,False
502298,131,768745.5,0,13.552518,5,11,False,False,False,False,True
249709,23,87228.18,0,11.376306,0,23,False,True,False,False,False
296038,36,184529.7,0,12.125577,1,12,False,True,False,False,False
1350192,235,207517.52,0,12.242981,9,19,False,True,False,False,False
2032709,330,58942.64,0,10.984354,13,18,False,True,False,False,False
858192,178,200101.88,0,12.206592,7,10,False,True,False,False,False
1156456,209,133639.67,0,11.8029175,8,17,False,False,False,False,True
2575193,403,27368.55,0,10.217223,16,19,False,True,False,False,False
1743119,298,339798.16,0,12.736113,12,10,False,True,False,False,False
2667092,527,42987.17,0,10.668703,21,23,False,True,False,False,False
899433,181,81535.45,0,11.308818,7,13,False,True,False,False,False
55702,11,45427.88,0,10.723926,0,11,False,True,False,False,False
1677385,282,99965.3,0,11.512598,11,18,False,True,False,False,False
2357746,377,209194.61,0,12.25103,15,17,False,True,False,False,False
1129911,207,51574.67,0,10.850824,8,15,False,True,False,False,False
900965,181,1440023.4,0,14.180171,7,13,False,False,False,False,True
2252731,357,729105.94,0,13.4995775,14,21,False,False,False,False,True
221386,20,208641.69,0,12.2483835,0,20,False,True,False,False,False
2204294,354,245620.77,0,12.411552,14,18,False,True,False,False,False
1777980,300,183388.69,0,12.119374,12,12,False,True,False,False,False
860751,178,159147.7,0,11.977601,7,10,False,True,False,False,False
1014424,188,162194.77,0,11.996566,7,20,False,True,False,False,False
1885719,307,72032.06,0,11.184895,12,19,False,True,False,False,False
309784,37,228458.05,0,12.339117,1,13,False,True,False,False,False
2392280,379,171322.23,0,12.051313,15,19,False,False,False,False,True
507440,132,818008.94,0,13.614631,5,12,False,False,False,False,True
2324010,374,363353.1,0,12.803136,15,14,False,True,False,False,False
2502071,399,844605.44,0,13.646627,16,15,False,False,False,False,True
218796,19,223482.86,0,12.317099,0,19,False,True,False,False,False
2433135,393,13582.7,0,9.5167,16,9,False,True,False,False,False
1241843,226,93188.81,0,11.442405,9,10,False,True,False,False,False
96361,14,435632.56,0,12.984559,0,14,False,False,False,False,True
89364,13,133098.94,0,11.798863,0,13,False,True,False,False,False
1040993,190,96856.71,0,11.481009,7,22,False,False,False,False,True
2170612,351,226308.22,0,12.329662,14,15,False,True,False,False,False
861975,178,44067.18,0,10.693516,7,10,False,True,False,False,False
1374280,236,29265.52,0,10.284234,9,20,False,True,False,False,False
1557236,260,39539.74,0,10.585112,10,20,False,True,False,False,False
2594205,404,240561.1,0,12.390738,16,20,False,True,False,False,False
325013,38,455654.03,0,13.029493,1,14,False,False,False,False,True
558451,135,233694.77,0,12.36178,5,15,False,False,False,False,True
914946,182,118726.87,0,11.684598,7,14,False,False,False,False,True
2500059,398,549467.1,0,13.216708,16,14,False,True,False,False,False
496111,131,210529.98,0,12.257393,5,11,False,True,False,False,False
2695235,567,31479.08,0,10.357142,23,15,False,True,False,False,False
1170982,210,1265271.5,0,14.050799,8,18,False,False,False,False,True
1435887,251,137538.4,0,11.831673,10,11,False,True,False,False,False
1460720,253,88357.47,0,11.389169,10,13,False,True,False,False,False
1663024,281,633790.9,0,13.359478,11,17,False,False,False,False,True
879500,179,146769.45,0,11.896632,7,11,False,True,False,False,False
2660915,522,89212.79,0,11.398802,21,18,False,True,False,False,False
94681,14,195466.22,0,12.183153,0,14,False,True,False,False,False
33214,10,1108916.5,0,13.918896,0,10,False,False,False,False,True
2508524,399,155192.55,0,11.952435,16,15,False,True,False,False,False
2700006,571,135563.06,0,11.817207,23,19,False,False,False,False,True
1128336,206,173696.95,0,12.065079,8,14,False,True,False,False,False
656771,142,123639.35,0,11.725141,5,22,False,True,False,False,False
1014259,188,25276.96,0,10.137728,7,20,False,True,False,False,False
581354,137,101515.04,0,11.527982,5,17,False,False,False,False,True
2278046,370,5233935.5,0,15.4706745,15,10,False,False,False,False,True
1301886,231,25848.19,0,10.160073,9,15,False,True,False,False,False
313484,37,319804.2,0,12.67547,1,13,False,True,False,False,False
2213674,354,1145374.8,0,13.951244,14,18,False,False,False,False,True
1723713,286,127892.71,0,11.758963,11,22,False,False,False,False,True
2311544,373,459483.06,0,13.037862,15,13,False,True,False,False,False
374056,41,444187.34,0,13.004006,1,17,False,True,False,False,False
1873108,307,606788.4,0,13.315939,12,19,False,True,False,False,False
29446,10,50789.01,0,10.835475,0,10,False,True,False,False,False
1650206,280,469592.12,0,13.059624,11,16,False,False,False,False,True
2074684,332,197251.19,0,12.192244,13,20,False,True,False,False,False
2230589,355,141931.7,0,11.863115,14,19,False,True,False,False,False
1531286,258,98275.41,0,11.495549,10,18,False,True,False,False,False
162080,17,82783.89,0,11.324013,0,17,False,True,False,False,False
2593272,404,361958.0,0,12.799289,16,20,False,True,False,False,False
1225203,215,1162.82,0,7.060322,8,23,False,True,False,False,False
2745310,684,139016.81,0,11.842364,28,12,False,True,False,False,False
1724060,286,372022.2,0,12.8267145,11,22,False,True,False,False,False
1774055,300,345003.75,0,12.751316,12,12,False,True,False,False,False
214430,19,123481.88,0,11.7238655,0,19,False,True,False,False,False
1500183,256,34654.48,0,10.45324,10,16,False,True,False,False,False
2327919,374,147745.92,0,11.903263,15,14,False,True,False,False,False
573552,136,260514.6,0,12.470422,5,16,False,True,False,False,False
754424,160,177481.55,0,12.086634,6,16,False,True,False,False,False
2433604,393,17263.25,0,9.756451,16,9,False,True,False,False,False
1531963,258,63279.78,0,11.055353,10,18,False,False,False,False,True
1535377,259,697144.4,0,13.454751,10,19,False,False,False,False,True
1805383,302,127106.08,0,11.752793,12,14,False,True,False,False,False
2482708,397,85256.13,0,11.353438,16,13,False,True,False,False,False
2091359,345,105131.65,0,11.562987,14,9,False,True,False,False,False
2757761,690,399664.47,0,12.898386,28,18,False,False,False,False,True
240337,21,280514.06,0,12.544386,0,21,False,True,False,False,False
1594889,275,217145.78,0,12.288334,11,11,False,True,False,False,False
1394811,238,64124.49,0,11.068613,9,22,False,True,False,False,False
600426,138,234561.48,0,12.365481,5,18,False,True,False,False,False
423093,44,149928.42,0,11.917927,1,20,False,True,False,False,False
959024,185,78946.55,0,11.276551,7,17,False,True,False,False,False
2755491,688,146293.62,0,11.893385,28,16,False,True,False,False,False
2737737,659,3442060.0,0,15.051581,27,11,False,False,False,False,True
444342,45,153201.6,0,11.939523,1,21,False,True,False,False,False
2627870,452,412541.38,0,12.930097,18,20,False,True,False,False,False
2356708,377,195080.05,0,12.181175,15,17,False,True,False,False,False
1788119,301,97710.2,0,11.489781,12,13,False,True,False,False,False
1579413,263,70898.87,0,11.169038,10,23,False,True,False,False,False
2697540,570,72620.9,0,11.193035,23,18,False,True,False,False,False
1315867,232,11663.26,0,9.36437,9,16,False,True,False,False,False
1843036,305,98637.45,0,11.499227,12,17,False,True,False,False,False
389883,42,48930.56,0,10.798199,1,18,False,True,False,False,False
2181425,352,460475.8,0,13.04002,14,16,False,True,False,False,False
2056115,331,146456.19,0,11.894495,13,19,False,True,False,False,False
2406296,380,1082165.0,0,13.894476,15,20,False,False,False,False,True
448642,46,108101.43,0,11.590844,1,22,False,False,False,False,True
2285908,371,331346.12,0,12.710925,15,11,False,True,False,False,False
1432558,251,226292.3,0,12.329592,10,11,False,True,False,False,False
2689461,563,148600.81,0,11.909033,23,11,False,True,False,False,False
178676,18,368675.56,0,12.8176775,0,18,False,False,False,False,True
867448,178,300405.94,0,12.612897,7,10,False,True,False,False,False
929492,183,709914.25,0,13.472902,7,15,False,False,False,False,True
217517,19,174481.44,0,12.069585,0,19,False,True,False,False,False
1416304,250,35133.44,0,10.466966,10,10,False,True,False,False,False
2350179,376,135574.84,0,11.817294,15,16,False,True,False,False,False
2156458,350,239506.83,0,12.386346,14,14,False,True,False,False,False
2248047,356,50692.37,0,10.8335705,14,20,False,True,False,False,False
2132246,348,112946.57,0,11.634687,14,12,False,True,False,False,False
1578438,263,189492.55,0,12.152116,10,23,False,False,False,False,True
1164991,209,54009.96,0,10.896961,8,17,False,True,False,False,False
2085100,334,2886512.8,0,14.875561,13,22,False,False,False,False,True
1183867,211,18223.42,0,9.810573,8,19,False,True,False,False,False
264616,34,339747.62,0,12.735964,1,10,False,True,False,False,False
2485812,397,67155.66,0,11.114799,16,13,False,True,False,False,False
2201772,354,1480191.8,0,14.207684,14,18,False,False,False,False,True
163116,17,103235.11,0,11.544784,0,17,False,True,False,False,False
98487,14,214923.7,0,12.278048,0,14,False,True,False,False,False
2161539,351,60740.9,0,11.014405,14,15,False,True,False,False,False
1811732,303,243333.12,0,12.402195,12,15,False,True,False,False,False
1135422,207,99809.97,0,11.511044,8,15,False,True,False,False,False
25353,9,14954.86,0,9.612926,0,9,False,True,False,False,False
1897337,308,67131.86,0,11.114444,12,20,False,True,False,False,False
1001076,187,176273.8,0,12.079805,7,19,False,True,False,False,False
905716,181,284178.84,0,12.557366,7,13,False,True,False,False,False
1363254,235,592569.4,0,13.292227,9,19,False,False,False,False,True
1104432,205,3463.89,0,8.150724,8,13,False,True,False,False,False
295375,36,323309.22,0,12.686371,1,12,False,True,False,False,False
1137633,207,133436.12,0,11.8013935,8,15,False,True,False,False,False
924926,183,226807.92,0,12.331867,7,15,False,True,False,False,False
1842735,305,19509.79,0,9.878774,12,17,False,True,False,False,False
2317622,373,161117.31,0,11.989901,15,13,False,True,False,False,False
933479,183,29556.96,0,10.294142,7,15,False,True,False,False,False
1981878,326,417838.94,0,12.942856,13,14,False,True,False,False,False
1067771,203,184847.47,0,12.127297,8,11,False,True,False,False,False
821965,164,98252.47,0,11.4953165,6,20,False,True,False,False,False
1306257,231,707924.6,0,13.470096,9,15,False,True,False,False,False
582098,137,3869.64,0,8.261434,5,17,False,True,False,False,False
2523061,400,362074.3,0,12.79961,16,16,False,True,False,False,False
1227151,217,173293.56,0,12.062754,9,1,False,False,False,False,True
1893614,308,668358.6,0,13.412583,12,20,False,False,False,False,True
2686262,548,1711812.6,0,14.353065,22,20,False,False,False,False,True
2255671,357,23573.36,0,10.067957,14,21,False,True,False,False,False
1930881,322,219358.38,0,12.298471,13,10,False,True,False,False,False
311959,37,88691.78,0,11.392945,1,13,False,True,False,False,False
1043076,191,2166791.2,0,14.588758,7,23,False,False,False,False,True
1254644,227,69453.75,0,11.148445,9,11,False,True,False,False,False
1503799,256,388380.4,0,12.869746,10,16,False,False,False,False,True
2607342,405,166905.98,0,12.025198,16,21,False,True,False,False,False
434229,44,21562.07,0,9.978784,1,20,False,True,False,False,False
979731,186,269885.47,0,12.50576,7,18,False,False,False,False,True
1177201,210,164998.48,0,12.013703,8,18,False,True,False,False,False
191689,18,47710.97,0,10.772959,0,18,False,False,False,False,True
2276063,370,1232644.2,0,14.024673,15,10,False,False,False,False,True
1337494,234,129097.84,0,11.768341,9,18,False,True,False,False,False
1967605,325,206548.56,0,12.2383,13,13,False,True,False,False,False
2742670,681,57102.14,0,10.952632,28,9,False,True,False,False,False
2275320,370,1232021.1,0,14.024168,15,10,False,False,False,False,True
2643065,496,168066.97,0,12.032129,20,16,False,True,False,False,False
960232,185,162684.05,0,11.9995775,7,17,False,True,False,False,False
954916,185,37586.4,0,10.534451,7,17,False,True,False,False,False
2606824,405,75222.78,0,11.228236,16,21,False,True,False,False,False
1064142,202,174964.1,0,12.072348,8,10,False,True,False,False,False
1782141,301,176814.75,0,12.08287,12,13,False,True,False,False,False
266907,34,178855.52,0,12.094345,1,10,False,True,False,False,False
1070913,203,637524.3,0,13.365351,8,11,False,False,False,False,True
1704895,284,136245.52,0,11.822228,11,20,False,True,False,False,False
643102,140,24434.98,0,10.103853,5,20,False,True,False,False,False
557251,135,75926.43,0,11.237547,5,15,False,True,False,False,False
303999,36,276301.38,0,12.529255,1,12,False,True,False,False,False
306657,36,402094.3,0,12.904447,1,12,False,True,False,False,False
915792,182,108947.61,0,11.59864,7,14,False,True,False,False,False
1532939,258,399373.56,0,12.897657,10,18,False,True,False,False,False
2400718,380,3064.5,0,8.028292,15,20,False,True,False,False,False
1642214,279,91120.26,0,11.419957,11,15,False,True,False,False,False
101760,14,32810.28,0,10.398559,0,14,False,True,False,False,False
2627442,451,216053.05,0,12.283289,18,19,False,True,False,False,False
1792597,301,226303.53,0,12.329641,12,13,False,True,False,False,False
708828,156,127177.9,0,11.753358,6,12,False,True,False,False,False
708766,156,192587.72,0,12.168318,6,12,False,True,False,False,False
2655665,522,203028.3,0,12.22111,21,18,False,True,False,False,False
236798,20,314083.5,0,12.65742,0,20,False,True,False,False,False
2003660,328,261034.5,0,12.472416,13,16,False,True,False,False,False
926442,183,259128.12,0,12.465086,7,15,False,False,False,False,True
1677422,282,155569.58,0,11.954862,11,18,False,False,False,False,True
1979892,326,101323.16,0,11.52609,13,14,False,True,False,False,False
792394,162,16586.45,0,9.716462,6,18,False,True,False,False,False
415711,43,87034.3,0,11.374081,1,19,False,False,False,False,True
2517054,400,229902.95,0,12.345421,16,16,False,True,False,False,False
2361092,377,489460.66,0,13.101064,15,17,False,False,False,False,True
2167707,351,308522.72,0,12.639557,14,15,False,True,False,False,False
1403747,249,87746.95,0,11.382236,10,9,False,True,False,False,False
2716120,594,423948.6,0,12.957373,24,18,False,False,False,False,True
148985,16,47199.65,0,10.762184,0,16,False,True,False,False,False
2319391,373,524041.72,0,13.169331,15,13,False,True,False,False,False
2273709,370,189065.23,0,12.149858,15,10,False,True,False,False,False
1596922,275,1668.31,0,7.4207644,11,11,False,True,False,False,False
1546936,259,30091.25,0,10.312057,10,19,False,True,False,False,False
1426710,251,63713.01,0,11.062176,10,11,False,True,False,False,False
2516675,400,365766.2,0,12.809755,16,16,False,True,False,False,False
2523924,400,23871.12,0,10.080508,16,16,False,True,False,False,False
652494,141,1719742.2,0,14.357686,5,21,False,False,False,False,True
2324376,374,165232.7,0,12.015122,15,14,False,True,False,False,False
365101,41,14840.93,0,9.605279,1,17,False,True,False,False,False
191654,18,233478.16,0,12.360852,0,18,False,True,False,False,False
1460824,253,1755691.4,0,14.378374,10,13,False,False,False,False,True
196515,19,168335.69,0,12.033728,0,19,False,True,False,False,False
1179311,210,125527.3,0,11.740294,8,18,False,True,False,False,False
600301,138,793475.6,0,13.584181,5,18,False,False,False,False,True
2063985,332,104346.77,0,11.555494,13,20,False,True,False,False,False
2202734,354,378083.12,0,12.842875,14,18,False,True,False,False,False
1187011,211,325531.25,0,12.69322,8,19,False,True,False,False,False
1778069,300,64492.22,0,11.074331,12,12,False,True,False,False,False
2500017,398,111293.91,0,11.619947,16,14,False,True,False,False,False
1706630,284,87826.52,0,11.3831415,11,20,False,True,False,False,False
149660,16,2913.36,0,7.977749,0,16,False,True,False,False,False
2195838,353,196600.23,0,12.188938,14,17,False,True,False,False,False
1720254,285,278569.5,0,12.53743,11,21,False,True,False,False,False
2165743,351,490544.88,0,13.103276,14,15,False,True,False,False,False
2253894,357,207563.39,0,12.243202,14,21,False,True,False,False,False
1857720,306,398760.5,0,12.896121,12,18,False,True,False,False,False
1544727,259,110440.7,0,11.612252,10,19,False,True,False,False,False
2720728,595,129651.11,0,11.772617,24,19,False,True,False,False,False
1927749,322,415082.62,0,12.936237,13,10,False,True,False,False,False
1400536,249,389614.53,0,12.872918,10,9,False,True,False,False,False
317513,37,656117.25,0,13.394098,1,13,False,True,False,False,False
2639291,492,162718.38,0,11.999788,20,12,False,True,False,False,False
2296172,372,127549.13,0,11.756272,15,12,False,True,False,False,False
2601894,405,98739.78,0,11.500263,16,21,False,False,False,False,True
2702945,585,86871.2,0,11.372205,24,9,False,True,False,False,False
1409991,250,228063.98,0,12.33739,10,10,False,True,False,False,False
1249920,227,85011.26,0,11.350562,9,11,False,True,False,False,False
2050404,331,238117.48,0,12.3805275,13,19,False,True,False,False,False
1285156,229,580205.06,0,13.27114,9,13,False,True,False,False,False
1293106,230,172996.6,0,12.061039,9,14,False,True,False,False,False
2359903,377,1761190.5,0,14.381502,15,17,False,False,False,False,True
1354892,235,98302.22,0,11.495822,9,19,False,True,False,False,False
1064348,202,55993.51,0,10.933027,8,10,False,True,False,False,False
711421,157,229541.81,0,12.343849,6,13,False,True,False,False,False
1256074,227,94482.92,0,11.456196,9,11,False,True,False,False,False
530190,133,237228.31,0,12.376787,5,13,False,True,False,False,False
1330117,233,283135.28,0,12.553687,9,17,False,True,False,False,False
1558335,260,349656.62,0,12.764712,10,20,False,True,False,False,False
2309995,373,226682.17,0,12.331313,15,13,False,True,False,False,False
652876,141,167137.9,0,12.026587,5,21,False,True,False,False,False
1986089,326,1213958.2,0,14.009398,13,14,False,False,False,False,True
633519,140,268906.12,0,12.502125,5,20,False,False,False,False,True
304431,36,360548.03,0,12.795386,1,12,False,True,False,False,False
809650,163,48357.92,0,10.786427,6,19,False,True,False,False,False
1454396,253,143575.23,0,11.874628,10,13,False,True,False,False,False
1223672,215,55870.6,0,10.930829,8,23,False,True,False,False,False
63447,12,266948.75,0,12.49482,0,12,False,True,False,False,False
1225430,216,216000.72,0,12.283047,9,0,False,True,False,False,False
1374719,236,128556.27,0,11.764137,9,20,False,True,False,False,False
1883235,307,176564.56,0,12.081453,12,19,False,True,False,False,False
871294,179,1366152.8,0,14.127511,7,11,False,False,False,False,True
1003728,187,466.08,0,6.148639,7,19,False,False,False,False,True
684361,155,302909.34,0,12.621196,6,11,False,True,False,False,False
1777289,300,212869.6,0,12.268444,12,12,False,True,False,False,False
2264698,360,196584.98,0,12.18886,15,0,False,False,False,False,True
2440246,394,169378.02,0,12.0399,16,10,False,True,False,False,False
1395872,239,994433.4,0,13.809931,9,23,False,False,False,False,True
1335414,234,326469.72,0,12.696098,9,18,False,True,False,False,False
361570,40,328231.88,0,12.701482,1,16,False,True,False,False,False
2111593,347,122588.46,0,11.716604,14,11,False,True,False,False,False
404618,43,436169.3,0,12.98579,1,19,False,True,False,False,False
383285,42,101946.42,0,11.532223,1,18,False,True,False,False,False
2318501,373,153034.48,0,11.938432,15,13,False,True,False,False,False
712655,157,38786.15,0,10.56587,6,13,False,True,False,False,False
1981734,326,172397.83,0,12.057571,13,14,False,True,False,False,False
491235,131,83170.32,0,11.32867,5,11,False,True,False,False,False
2001179,327,22254.36,0,10.010383,13,15,False,True,False,False,False
2762958,692,21786.58,0,9.989141,28,20,False,True,False,False,False
1728564,287,539926.94,0,13.199193,11,23,False,False,False,False,True
2091685,345,152144.8,0,11.932601,14,9,False,True,False,False,False
455044,93,45584.76,0,10.727373,3,21,False,True,False,False,False
2166392,351,145479.88,0,11.887807,14,15,False,True,False,False,False
1864262,306,29290.18,0,10.285076,12,18,False,True,False,False,False
2435083,393,364858.1,0,12.807269,16,9,False,True,False,False,False
1221031,214,24058.83,0,10.088341,8,22,False,True,False,False,False
1834276,305,26959.75,0,10.202174,12,17,False,True,False,False,False
730749,158,34535.39,0,10.449798,6,14,False,True,False,False,False
223943,20,94890.08,0,11.460496,0,20,False,True,False,False,False
593835,137,33692.33,0,10.425085,5,17,False,True,False,False,False
105502,14,360973.97,0,12.796567,0,14,False,True,False,False,False
1965246,325,90001.61,0,11.407605,13,13,False,True,False,False,False
1475452,254,221947.45,0,12.3102045,10,14,False,True,False,False,False
998517,187,128669.75,0,11.76502,7,19,False,False,False,False,True
151880,16,104560.37,0,11.557539,0,16,False,True,False,False,False
2356778,377,247326.47,0,12.418472,15,17,False,True,False,False,False
1297177,230,135147.83,0,11.814139,9,14,False,True,False,False,False
661819,145,189263.16,0,12.150905,6,1,False,True,False,False,False
845220,167,143749.67,0,11.875843,6,23,False,True,False,False,False
1619223,277,72339.14,0,11.189148,11,13,False,True,False,False,False
1834788,305,94012.15,0,11.4512005,12,17,False,True,False,False,False
43324,11,265404.22,0,12.489017,0,11,False,False,False,False,True
58146,11,255143.34,0,12.449589,0,11,False,True,False,False,False
2010620,328,136483.78,0,11.823976,13,16,False,True,False,False,False
367079,41,847771.8,0,13.65037,1,17,False,False,False,False,True
1746429,298,15720094.0,0,16.57045,12,10,False,False,False,False,True
724763,158,138494.7,0,11.838602,6,14,False,True,False,False,False
2283581,371,67699.01,0,11.122856,15,11,False,True,False,False,False
571453,136,244558.0,0,12.407216,5,16,False,True,False,False,False
1739495,298,171014.52,0,12.049516,12,10,False,True,False,False,False
1844702,305,262521.78,0,12.478097,12,17,False,True,False,False,False
1109160,205,96410.2,0,11.476388,8,13,False,True,False,False,False
732470,158,336208.34,0,12.7254925,6,14,False,True,False,False,False
563770,135,84743.03,0,11.347403,5,15,False,True,False,False,False
1176569,210,980116.6,0,13.795429,8,18,False,False,False,False,True
2261229,358,91820.81,0,11.427616,14,22,False,True,False,False,False
1522947,258,4819.28,0,8.480795,10,18,False,True,False,False,False
941564,184,131002.54,0,11.782988,7,16,False,False,False,False,True
2349495,376,6794.13,0,8.824109,15,16,False,True,False,False,False
1284547,229,314655.22,0,12.659239,9,13,False,True,False,False,False
2603853,405,70206.59,0,11.159226,16,21,False,True,False,False,False
2196896,353,151100.5,0,11.925714,14,17,False,True,False,False,False
1584997,274,75391.34,0,11.230474,11,10,False,True,False,False,False
2550433,402,192666.12,0,12.168724,16,18,False,True,False,False,False
1766647,300,412751.2,0,12.930605,12,12,False,True,False,False,False
543631,134,152572.52,0,11.935409,5,14,False,True,False,False,False
1382638,236,214826.08,0,12.277594,9,20,False,True,False,False,False
2590992,404,321824.16,0,12.6817665,16,20,False,True,False,False,False
1947845,323,215469.05,0,12.280581,13,11,False,True,False,False,False
2149499,350,1370561.9,0,14.130733,14,14,False,False,False,False,True
2547807,402,2641618.2,0,14.786903,16,18,False,False,False,False,True
2569372,403,226124.69,0,12.328851,16,19,False,True,False,False,False
1934271,322,77762.92,0,11.261446,13,10,False,True,False,False,False
332848,38,210907.61,0,12.259185,1,14,False,True,False,False,False
1980679,326,179615.08,0,12.098582,13,14,False,True,False,False,False
1204053,212,114429.57,0,11.647733,8,20,False,True,False,False,False
1881910,307,188365.0,0,12.146148,12,19,False,True,False,False,False
867662,179,190639.33,0,12.158149,7,11,False,True,False,False,False
2618599,422,235700.1,0,12.370324,17,14,False,True,False,False,False
1958466,324,16246.95,0,9.695784,13,12,False,True,False,False,False
422412,44,362416.4,0,12.800554,1,20,False,True,False,False,False
796352,163,104197.15,0,11.554059,6,19,False,True,False,False,False
388380,42,857413.1,0,13.661677,1,18,False,False,False,False,True
2284014,371,468495.5,0,13.057286,15,11,False,False,False,False,True
2431050,393,271908.25,0,12.513227,16,9,False,True,False,False,False
1216942,213,105716.44,0,11.568535,8,21,False,True,False,False,False
1702794,283,117403.87,0,11.673392,11,19,False,False,False,False,True
1213736,212,59554.12,0,10.994675,8,20,False,True,False,False,False
2483133,397,227520.05,0,12.335003,16,13,False,True,False,False,False
1551998,259,139026.38,0,11.842433,10,19,False,True,False,False,False
2330691,374,90973.7,0,11.418347,15,14,False,True,False,False,False
707141,156,32642.37,0,10.393428,6,12,False,True,False,False,False
770391,161,369414.4,0,12.81968,6,17,False,True,False,False,False
2055735,331,72260.79,0,11.188065,13,19,False,True,False,False,False
433295,44,358231.6,0,12.78894,1,20,False,False,False,False,True
2539398,401,206207.34,0,12.236648,16,17,False,False,False,False,True
609333,138,89749.18,0,11.404797,5,18,False,True,False,False,False
424861,44,93595.67,0,11.446761,1,20,False,False,False,False,True
2673189,542,657032.6,0,13.395492,22,14,False,False,False,False,True
47495,11,172799.62,0,12.059899,0,11,False,True,False,False,False
582975,137,91535.08,0,11.4244995,5,17,False,True,False,False,False
909353,181,61382.46,0,11.024912,7,13,False,True,False,False,False
2563207,402,161946.95,0,11.995036,16,18,False,True,False,False,False
2574037,403,247387.77,0,12.41872,16,19,False,True,False,False,False
2052732,331,167907.31,0,12.031179,13,19,False,True,False,False,False
837394,165,349256.56,0,12.763568,6,21,False,True,False,False,False
1973939,325,938354.6,0,13.751885,13,13,False,False,False,False,True
1346371,234,450489.28,1,13.018094,9,18,False,True,False,False,False
847199,168,49080.4,0,10.801256,7,0,False,False,False,False,True
2385886,379,356314.94,0,12.783576,15,19,False,True,False,False,False
169636,17,60896.96,0,11.016972,0,17,False,True,False,False,False
2587597,404,283440.9,0,12.554766,16,20,False,True,False,False,False
1719043,285,253533.84,0,12.44326,11,21,False,True,False,False,False
826261,164,27947.12,0,10.238141,6,20,False,True,False,False,False
1381438,236,140957.33,0,11.856227,9,20,False,True,False,False,False
1245926,226,402286.4,0,12.904924,9,10,False,True,False,False,False
947654,184,1222381.8,0,14.016314,7,16,False,False,False,False,True
2240896,356,128382.21,0,11.762783,14,20,False,True,False,False,False
2052757,331,197008.1,0,12.19101,13,19,False,False,False,False,True
413931,43,59116.48,0,10.987299,1,19,False,True,False,False,False
300752,36,170738.28,0,12.047899,1,12,False,True,False,False,False
1695228,283,55709.27,0,10.9279375,11,19,False,True,False,False,False
1664538,281,230375.73,0,12.347476,11,17,False,True,False,False,False
2071514,332,83817.98,0,11.336427,13,20,False,True,False,False,False
1129218,207,126649.73,0,11.749196,8,15,False,True,False,False,False
1969681,325,196850.03,0,12.1902075,13,13,False,True,False,False,False
1068427,203,622644.0,0,13.341734,8,11,False,True,False,False,False
1614753,276,11790.78,0,9.375243,11,12,False,True,False,False,False
2263681,359,305955.06,0,12.6312,14,23,False,True,False,False,False
2691505,564,196838.52,0,12.190149,23,12,False,True,False,False,False
1963897,324,107257.55,0,11.583007,13,12,False,True,False,False,False
1539395,259,116279.16,0,11.663766,10,19,False,True,False,False,False
1005924,187,267588.0,0,12.497211,7,19,False,True,False,False,False
2054858,331,746637.56,0,13.523338,13,19,False,False,False,False,True
185267,18,126716.69,0,11.749725,0,18,False,True,False,False,False
763944,161,307426.53,0,12.635998,6,17,False,True,False,False,False
1646942,279,150219.95,0,11.919869,11,15,False,False,False,False,True
1061357,202,275337.97,0,12.525762,8,10,False,True,False,False,False
988485,186,227742.52,0,12.335979,7,18,False,True,False,False,False
1780340,300,158680.52,0,11.974661,12,12,False,True,False,False,False
350825,40,91342.03,0,11.422388,1,16,False,False,False,False,True
1853009,306,309379.47,0,12.64233,12,18,False,True,False,False,False
1259116,227,104749.96,0,11.559351,9,11,False,True,False,False,False
736893,159,450498.16,0,13.018114,6,15,False,True,False,False,False
1637209,278,470683.4,0,13.061945,11,14,False,True,False,False,False
390349,42,212534.67,0,12.26687,1,18,False,True,False,False,False
2179290,352,188880.34,0,12.14888,14,16,False,True,False,False,False
1148362,208,97969.77,0,11.4924345,8,16,False,True,False,False,False
2551610,402,330826.2,0,12.709354,16,18,False,False,False,False,True
586500,137,537619.9,0,13.194911,5,17,False,True,False,False,False
1697816,283,158882.02,0,11.97593,11,19,False,True,False,False,False
1304735,231,22864.0,0,10.037406,9,15,False,True,False,False,False
511138,132,98091.02,0,11.493671,5,12,False,True,False,False,False
523141,132,100495.52,0,11.517888,5,12,False,True,False,False,False
2217550,354,320471.44,0,12.677555,14,18,False,True,False,False,False
1318738,232,42891.1,0,10.666467,9,16,False,True,False,False,False
2204722,354,570609.0,0,13.254463,14,18,False,False,False,False,True
437517,44,336440.3,0,12.726182,1,20,False,True,False,False,False
336221,38,257114.12,0,12.457283,1,14,False,False,False,False,True
2216312,354,639266.7,0,13.36808,14,18,False,False,False,False,True
635042,140,180095.4,0,12.1012535,5,20,False,False,False,False,True
895333,180,211986.55,0,12.264288,7,12,False,False,False,False,True
2172339,351,255143.22,0,12.449588,14,15,False,True,False,False,False
2093113,345,880549.2,0,13.688303,14,9,False,False,False,False,True
335336,38,1090634.9,0,13.902272,1,14,False,False,False,False,True
1555301,260,1643.95,0,7.406073,10,20,False,True,False,False,False
874999,179,123433.36,0,11.723473,7,11,False,True,False,False,False
2421522,382,291237.8,0,12.5819025,15,22,False,True,False,False,False
2575990,403,163915.42,0,12.007118,16,19,False,True,False,False,False
341383,39,111644.94,0,11.623096,1,15,False,False,False,False,True
1282455,229,138948.7,0,11.841874,9,13,False,True,False,False,False
1901044,308,171915.62,0,12.05477,12,20,False,True,False,False,False
2339114,375,281502.53,0,12.547904,15,15,False,True,False,False,False
1935275,322,158722.3,0,11.974924,13,10,False,True,False,False,False
1216449,213,14395.4,0,9.574803,8,21,False,True,False,False,False
1634569,278,35259.09,0,10.470535,11,14,False,False,False,False,True
854685,177,169615.97,0,12.041304,7,9,False,True,False,False,False
1025265,188,7446.3,0,8.915741,7,20,False,True,False,False,False
1744000,298,285045.12,0,12.56041,12,10,False,True,False,False,False
439047,45,313429.53,0,12.655336,1,21,False,False,False,False,True
12138,9,225942.9,0,12.328047,0,9,False,True,False,False,False
368642,41,27065.16,0,10.206077,1,17,False,True,False,False,False
233072,20,437092.53,0,12.987905,0,20,False,True,False,False,False
808090,163,51351.3,0,10.846484,6,19,False,True,False,False,False
224790,20,100571.4,0,11.518643,0,20,False,True,False,False,False
1840716,305,212736.95,0,12.267821,12,17,False,True,False,False,False
1191769,211,12664.78,0,9.446738,8,19,False,True,False,False,False
2448106,394,207047.05,0,12.240711,16,10,False,True,False,False,False
330037,38,511527.38,0,13.145161,1,14,False,True,False,False,False
644320,140,88935.45,0,11.395689,5,20,False,True,False,False,False
2742293,681,91205.81,0,11.420896,28,9,False,True,False,False,False
2223968,355,63005.14,0,11.051003,14,19,False,True,False,False,False
1349988,235,425837.12,0,12.961817,9,19,False,False,False,False,True
291910,36,81730.73,0,11.31121,1,12,False,True,False,False,False
590726,137,332771.56,0,12.715218,5,17,False,True,False,False,False
2507766,399,11798.67,0,9.375912,16,15,False,True,False,False,False
761139,160,11785.92,0,9.37483,6,16,False,True,False,False,False
600694,138,262078.67,0,12.476408,5,18,False,True,False,False,False
754389,160,104844.37,0,11.560251,6,16,False,True,False,False,False
2756886,690,195846.6,0,12.185097,28,18,False,True,False,False,False
692377,155,131305.7,0,11.785298,6,11,False,True,False,False,False
600001,138,545557.44,0,13.209567,5,18,False,False,False,False,True
819412,164,119285.34,0,11.689291,6,20,False,True,False,False,False
1169260,210,210176.44,0,12.2557125,8,18,False,True,False,False,False
2740420,664,198512.73,0,12.198619,27,16,False,True,False,False,False
2384203,379,129551.45,0,11.771849,15,19,False,True,False,False,False
501785,131,52619.16,0,10.870873,5,11,False,True,False,False,False
1550418,259,157848.6,0,11.969404,10,19,False,True,False,False,False
547309,134,237048.75,0,12.37603,5,14,False,True,False,False,False
1380122,236,273298.25,0,12.518327,9,20,False,True,False,False,False
2609299,406,399470.53,0,12.897901,16,22,False,False,False,False,True
357142,40,432622.78,0,12.977626,1,16,False,True,False,False,False
1490543,255,700569.0,0,13.459651,10,15,False,False,False,False,True
2181967,352,251821.7,0,12.436484,14,16,False,True,False,False,False
2311573,373,116361.0,0,11.66447,15,13,False,True,False,False,False
115103,15,337285.47,0,12.728691,0,15,False,True,False,False,False
953749,185,221870.02,0,12.309856,7,17,False,True,False,False,False
852961,177,55517.68,0,10.924493,7,9,False,True,False,False,False
193745,18,40125.54,0,10.599818,0,18,False,True,False,False,False
504611,131,411129.7,0,12.926669,5,11,False,True,False,False,False
305932,36,580921.1,0,13.272374,1,12,False,True,False,False,False
646802,140,10778.13,0,9.2854595,5,20,False,True,False,False,False
2615206,408,191679.58,0,12.16359,17,0,False,True,False,False,False
1565970,260,143392.27,0,11.873353,10,20,False,True,False,False,False
1112900,205,437523.9,0,12.988892,8,13,False,False,False,False,True
1557659,260,55558.92,0,10.925236,10,20,False,True,False,False,False
1903995,308,47923.33,0,10.777399,12,20,False,True,False,False,False
629479,139,212242.1,0,12.265492,5,19,False,True,False,False,False
1986676,326,140684.45,0,11.854289,13,14,False,True,False,False,False
399163,42,199777.12,0,12.2049675,1,18,False,True,False,False,False
2507311,399,20435.65,0,9.925134,16,15,False,True,False,False,False
238366,21,190094.58,0,12.155288,0,21,False,True,False,False,False
1508697,257,1075463.8,0,13.888265,10,17,False,False,False,False,True
2562934,402,166667.31,0,12.023767,16,18,False,True,False,False,False
555225,135,10486.63,0,9.258047,5,15,False,True,False,False,False
2677630,544,72946.05,0,11.197503,22,16,False,True,False,False,False
2023545,329,107748.92,0,11.587578,13,17,False,True,False,False,False
1007404,187,181221.1,0,12.107484,7,19,False,True,False,False,False
899279,181,333342.75,0,12.716932,7,13,False,True,False,False,False
2493768,398,367798.12,0,12.815295,16,14,False,True,False,False,False
346473,39,3232.99,0,8.081781,1,15,False,True,False,False,False
1455943,253,345311.12,0,12.752207,10,13,False,True,False,False,False
30853,10,494675.4,0,13.111661,0,10,False,False,False,False,True
1790785,301,60356.9,0,11.008063,12,13,False,True,False,False,False
908531,181,64055.55,0,11.067537,7,13,False,True,False,False,False
169553,17,10641.79,0,9.272732,0,17,False,True,False,False,False
976432,186,114118.76,0,11.645013,7,18,False,False,False,False,True
2000512,327,648817.2,0,13.38291,13,15,False,True,False,False,False
2154508,350,148163.48,0,11.906085,14,14,False,True,False,False,False
1733085,297,228624.31,0,12.339844,12,9,False,True,False,False,False
992930,187,1784148.0,0,14.394453,7,19,False,False,False,False,True
1663885,281,74910.32,0,11.224073,11,17,False,True,False,False,False
1443378,252,291638.5,0,12.583277,10,12,False,True,False,False,False
468377,129,1352427.0,0,14.117413,5,9,False,False,False,False,True
796321,163,180530.84,0,12.103668,6,19,False,True,False,False,False
1573920,262,1377582.5,0,14.135842,10,22,False,False,False,False,True
837412,165,200980.86,0,12.210975,6,21,False,True,False,False,False
141187,16,216278.5,0,12.284331,0,16,False,True,False,False,False
239973,21,81630.05,0,11.309978,0,21,False,True,False,False,False
2111849,347,190649.12,0,12.1582,14,11,False,True,False,False,False
798565,163,193349.22,0,12.172264,6,19,False,True,False,False,False
2643316,500,343856.62,0,12.747986,20,20,False,False,False,False,True
42744,10,204268.31,0,12.2272,0,10,False,False,False,False,True
1607164,276,66625.47,0,11.106873,11,12,False,True,False,False,False
1425550,251,357977.12,0,12.78823,10,11,False,True,False,False,False
1712816,284,458328.97,0,13.035347,11,20,False,True,False,False,False
1087499,204,61597.71,0,11.028413,8,12,False,True,False,False,False
390921,42,88935.87,0,11.395693,1,18,False,True,False,False,False
1499327,256,114650.13,0,11.649658,10,16,False,True,False,False,False
1350575,235,222923.27,0,12.314592,9,19,False,True,False,False,False
118846,15,238623.84,0,12.382652,0,15,False,True,False,False,False
258667,33,118938.87,0,11.686381,1,9,False,True,False,False,False
1218447,213,15531.44,0,9.65075,8,21,False,True,False,False,False
549702,134,425818.5,0,12.961773,5,14,False,True,False,False,False
233091,20,315221.03,0,12.661036,0,20,False,True,False,False,False
1044185,192,328266.16,0,12.701586,8,0,False,False,False,False,True
34344,10,239282.69,0,12.385409,0,10,False,True,False,False,False
325794,38,935310.4,0,13.748636,1,14,False,False,False,False,True
1384758,236,459096.03,0,13.037019,9,20,False,False,False,False,True
315107,37,167383.4,0,12.028054,1,13,False,True,False,False,False
626380,139,99375.21,0,11.506679,5,19,False,True,False,False,False
203881,19,252225.06,0,12.438085,0,19,False,True,False,False,False
733226,158,296257.97,0,12.598992,6,14,False,True,False,False,False
2556477,402,203305.34,0,12.222474,16,18,False,True,False,False,False
1450527,252,218683.27,0,12.295389,10,12,False,True,False,False,False
991095,187,1700225.6,0,14.346272,7,19,False,False,False,False,True
1093478,204,27017.44,0,10.204312,8,12,False,True,False,False,False
1175930,210,95089.18,0,11.462591,8,18,False,True,False,False,False
981316,186,304808.5,0,12.627445,7,18,False,True,False,False,False
1095798,204,88948.14,0,11.395831,8,12,False,True,False,False,False
1456357,253,336898.84,0,12.727544,10,13,False,False,False,False,True
2215878,354,12711.26,0,9.450401,14,18,False,True,False,False,False
2560305,402,470565.97,0,13.061696,16,18,False,False,False,False,True
2179214,352,121327.75,0,11.706267,14,16,False,True,False,False,False
635973,140,256663.9,0,12.45553,5,20,False,True,False,False,False
2299382,372,224732.52,0,12.322675,15,12,False,True,False,False,False
1114674,205,190888.27,0,12.159454,8,13,False,True,False,False,False
1365784,235,759552.94,0,13.540488,9,19,False,False,False,False,True
1290740,230,1068748.6,0,13.882001,9,14,False,False,False,False,True
1956208,324,9248.43,0,9.132425,13,12,False,True,False,False,False
2677613,544,136855.62,0,11.826696,22,16,False,True,False,False,False
1557107,260,238770.5,0,12.383266,10,20,False,True,False,False,False
1710347,284,17473.35,0,9.768547,11,20,False,True,False,False,False
2503256,399,300278.7,0,12.612473,16,15,False,True,False,False,False
2231941,355,30593.26,0,10.3286,14,19,False,True,False,False,False
2269011,369,363744.56,0,12.804213,15,9,False,True,False,False,False
846297,167,136434.39,0,11.823614,6,23,False,True,False,False,False
663220,153,123026.33,0,11.72017,6,9,False,True,False,False,False
1728792,288,209662.05,0,12.253262,12,0,False,True,False,False,False
1623330,277,335665.16,0,12.723875,11,13,False,True,False,False,False
76408,13,172432.84,0,12.057775,0,13,False,True,False,False,False
2693493,565,533174.9,0,13.186608,23,13,False,False,False,False,True
479932,130,197655.8,0,12.194293,5,10,False,True,False,False,False
650779,141,31843.31,0,10.368646,5,21,False,True,False,False,False
334585,38,458520.4,0,13.035765,1,14,False,False,False,False,True
276537,35,71966.38,0,11.183982,1,11,False,True,False,False,False
1704212,284,38442.07,0,10.55696,11,20,False,True,False,False,False
2756289,690,372588.1,0,12.828234,28,18,False,False,False,False,True
435124,44,96574.9,0,11.478095,1,20,False,True,False,False,False
1834902,305,126248.63,0,11.746024,12,17,False,True,False,False,False
412825,43,133430.56,0,11.801352,1,19,False,False,False,False,True
21323,9,378437.1,0,12.84381,0,9,False,True,False,False,False
1407198,249,192896.28,0,12.169918,10,9,False,False,False,False,True
827015,164,31442.1,0,10.355967,6,20,False,True,False,False,False
1366886,235,97336.3,0,11.485948,9,19,False,True,False,False,False
890624,180,1185854.5,0,13.985976,7,12,False,False,False,False,True
286783,35,467425.03,0,13.054998,1,11,False,True,False,False,False
1279426,229,182261.39,0,12.113208,9,13,False,True,False,False,False
751492,160,90985.84,0,11.418481,6,16,False,True,False,False,False
2541712,401,35871.72,0,10.487761,16,17,False,False,False,False,True
864295,178,94554.67,0,11.456955,7,10,False,True,False,False,False
106457,14,95686.95,0,11.468858,0,14,False,True,False,False,False
2244621,356,52156.72,0,10.862046,14,20,False,True,False,False,False
1951940,324,51448.29,0,10.8483715,13,12,False,True,False,False,False
740433,159,140865.45,0,11.855575,6,15,False,False,False,False,True
2079485,333,262195.88,0,12.476854,13,21,False,True,False,False,False
1977230,325,138645.23,0,11.839688,13,13,False,True,False,False,False
404135,43,687528.2,0,13.440861,1,19,False,False,False,False,True
1701536,283,112492.75,0,11.630662,11,19,False,True,False,False,False
934452,183,356860.66,0,12.785107,7,15,False,True,False,False,False
2393674,379,312476.38,0,12.65229,15,19,False,False,False,False,True
893026,180,291695.38,0,12.583472,7,12,False,True,False,False,False
866755,178,23168.46,0,10.050633,7,10,False,True,False,False,False
2541635,401,138017.34,0,11.835149,16,17,False,True,False,False,False
2726320,598,215142.86,0,12.279067,24,22,False,True,False,False,False
205816,19,71988.27,0,11.184286,0,19,False,True,False,False,False
1953512,324,369642.84,0,12.820298,13,12,False,True,False,False,False
1848397,306,114380.6,0,11.647305,12,18,False,True,False,False,False
1013216,187,200614.9,0,12.209152,7,19,False,True,False,False,False
812008,163,98554.7,0,11.498387,6,19,False,True,False,False,False
2032543,330,192832.89,0,12.16959,13,18,False,True,False,False,False
604096,138,191863.2,0,12.164548,5,18,False,True,False,False,False
1826095,304,1452122.2,0,14.188538,12,16,False,False,False,False,True
1855359,306,348603.1,0,12.761695,12,18,False,False,False,False,True
1633559,278,2960134.5,0,14.900746,11,14,False,False,False,False,True
533697,133,40768.19,0,10.615706,5,13,False,True,False,False,False
603837,138,93992.02,0,11.450987,5,18,False,True,False,False,False
768388,161,142860.77,0,11.869639,6,17,False,True,False,False,False
1789867,301,153293.4,0,11.940123,12,13,False,True,False,False,False
2107904,346,190756.95,0,12.158766,14,10,False,True,False,False,False
1763723,299,402741.8,0,12.906056,12,11,False,True,False,False,False
2651736,518,1586724.1,0,14.277184,21,14,False,False,False,False,True
11309,8,1685270.2,0,14.337438,0,8,False,False,False,False,True
787468,162,205451.52,0,12.232975,6,18,False,True,False,False,False
1468366,253,259580.27,0,12.466829,10,13,False,True,False,False,False
54913,11,410182.6,0,12.924362,0,11,False,True,False,False,False
2530205,401,718358.3,0,13.484727,16,17,False,False,False,False,True
516031,132,329985.47,0,12.70681,5,12,False,True,False,False,False
1703551,283,179355.73,0,12.097137,11,19,False,True,False,False,False
2453196,395,166840.66,0,12.024807,16,11,False,True,False,False,False
1058286,202,414456.84,0,12.934729,8,10,False,False,False,False,True
134272,16,339070.5,0,12.73397,0,16,False,True,False,False,False
99140,14,342250.7,0,12.743304,0,14,False,True,False,False,False
2742862,681,436095.5,0,12.985621,28,9,False,True,False,False,False
2386243,379,192232.34,0,12.166471,15,19,False,True,False,False,False
1465497,253,588536.5,0,13.285398,10,13,False,True,False,False,False
379286,41,15423.72,0,9.643791,1,17,False,True,False,False,False
1278602,229,129573.27,0,11.7720175,9,13,False,False,False,False,True
2752754,688,851115.94,0,13.654306,28,16,False,False,False,False,True
2136159,349,198070.27,0,12.196387,14,13,False,True,False,False,False
1768302,300,53044.58,0,10.878925,12,12,False,True,False,False,False
2182644,352,463690.28,0,13.046976,14,16,False,False,False,False,True
2358337,377,185702.33,0,12.131911,15,17,False,False,False,False,True
2721113,595,93912.22,0,11.450137,24,19,False,False,False,False,True
1688639,283,52785.57,0,10.874031,11,19,False,True,False,False,False
34045,10,158627.66,0,11.974328,0,10,False,False,False,False,True
1259436,227,421449.88,0,12.951461,9,11,False,True,False,False,False
2508684,399,65207.68,0,11.085363,16,15,False,True,False,False,False
1430909,251,162096.0,0,11.995956,10,11,False,True,False,False,False
1090124,204,1272595.5,0,14.056571,8,12,False,False,False,False,True
1930633,322,158088.98,0,11.970926,13,10,False,True,False,False,False
20843,9,430846.0,0,12.973511,0,9,False,True,False,False,False
1634245,278,222799.94,0,12.314038,11,14,False,True,False,False,False
2562553,402,42873.48,0,10.666056,16,18,False,True,False,False,False
1737949,297,1847246.2,0,14.429208,12,9,False,False,False,False,True
1989266,326,152054.88,0,11.93201,13,14,False,True,False,False,False
874169,179,150493.16,0,11.921686,7,11,False,True,False,False,False
1905723,308,275030.44,0,12.524644,12,20,False,True,False,False,False
320646,37,105705.76,0,11.568434,1,13,False,True,False,False,False
1997204,327,136360.4,0,11.8230715,13,15,False,True,False,False,False
1156329,209,204587.48,0,12.228761,8,17,False,True,False,False,False
369830,41,34416.91,0,10.446362,1,17,False,True,False,False,False
462318,96,758105.7,0,13.538581,4,0,False,False,False,False,True
1817458,303,272154.16,0,12.514132,12,15,False,True,False,False,False
2541145,401,504790.66,0,13.131903,16,17,False,True,False,False,False
1071825,203,31001.92,0,10.341869,8,11,False,True,False,False,False
2316131,373,89392.02,0,11.400809,15,13,False,True,False,False,False
1693950,283,5168.43,0,8.550712,11,19,False,True,False,False,False
388282,42,27633.29,0,10.226849,1,18,False,True,False,False,False
2175847,352,207401.4,0,12.242421,14,16,False,True,False,False,False
2167895,351,72200.66,0,11.187232,14,15,False,True,False,False,False
24144,9,724495.44,0,13.493234,0,9,False,True,False,False,False
789371,162,194497.44,0,12.1781845,6,18,False,True,False,False,False
730919,158,1514490.6,0,14.230591,6,14,False,False,False,False,True
1743977,298,828865.94,0,13.627816,12,10,False,False,False,False,True
14874,9,1667586.9,0,14.326889,0,9,False,False,False,False,True
2037090,330,200837.25,0,12.21026,13,18,False,True,False,False,False
2292869,371,148227.44,0,11.906517,15,11,False,True,False,False,False
1497293,256,26580.71,0,10.188016,10,16,False,False,False,False,True
2563536,402,342292.62,0,12.743427,16,18,False,True,False,False,False
121503,15,383332.6,0,12.856664,0,15,False,True,False,False,False
2584911,403,312745.6,0,12.6531515,16,19,False,True,False,False,False
109546,14,109885.23,0,11.60721,0,14,False,True,False,False,False
808104,163,94979.14,0,11.461433,6,19,False,True,False,False,False
768811,161,131427.31,0,11.786224,6,17,False,True,False,False,False
806612,163,74852.15,0,11.223297,6,19,False,True,False,False,False
2039395,330,56672.16,0,10.945074,13,18,False,True,False,False,False
114065,15,366767.5,0,12.812489,0,15,False,False,False,False,True
644715,140,241718.06,0,12.395535,5,20,False,True,False,False,False
1742863,298,167623.38,0,12.029487,12,10,False,True,False,False,False
1017372,188,548912.8,0,13.215698,7,20,False,False,False,False,True
547230,134,13571.72,0,9.515891,5,14,False,True,False,False,False
1977694,325,507402.03,0,13.137063,13,13,False,True,False,False,False
685035,155,30600.45,0,10.3288355,6,11,False,True,False,False,False
1225908,216,26010.65,0,10.166338,9,0,False,True,False,False,False
1659242,280,235097.05,0,12.367763,11,16,False,True,False,False,False
2055084,331,110328.36,0,11.611235,13,19,False,True,False,False,False
1036530,189,35258.32,0,10.470513,7,21,False,True,False,False,False
260201,33,120082.61,0,11.695951,1,9,False,True,False,False,False
1375061,236,142501.34,0,11.867121,9,20,False,True,False,False,False
1933281,322,141334.69,0,11.8589,13,10,False,True,False,False,False
749749,160,33183.99,0,10.4098835,6,16,False,True,False,False,False
2083001,333,295146.56,0,12.595234,13,21,False,True,False,False,False
2421961,382,753705.25,0,13.53276,15,22,False,False,False,False,True
173757,18,8484.14,0,9.046189,0,18,False,True,False,False,False
643151,140,227068.6,0,12.333016,5,20,False,False,False,False,True
515167,132,123737.65,0,11.725935,5,12,False,True,False,False,False
2744973,683,276635.38,0,12.530463,28,11,False,True,False,False,False
1433472,251,516983.44,0,13.15577,10,11,False,True,False,False,False
1549815,259,67025.39,0,11.112857,10,19,False,True,False,False,False
1039711,190,337098.78,0,12.728137,7,22,False,True,False,False,False
822485,164,154864.7,0,11.95032,6,20,False,True,False,False,False
1699744,283,127228.69,0,11.753757,11,19,False,True,False,False,False
1086062,204,438100.78,0,12.990209,8,12,False,True,False,False,False
133973,16,590092.6,0,13.288038,0,16,False,False,False,False,True
690844,155,1500934.5,0,14.2216,6,11,False,False,False,False,True
995130,187,24974.81,0,10.125703,7,19,False,True,False,False,False
2669161,538,156639.45,0,11.961715,22,10,False,True,False,False,False
2527350,400,140662.44,0,11.854133,16,16,False,True,False,False,False
1182512,210,173978.66,0,12.066699,8,18,False,True,False,False,False
742545,159,181571.5,0,12.109416,6,15,False,True,False,False,False
230090,20,31601.07,0,10.36101,0,20,False,True,False,False,False
255063,33,875253.8,0,13.682272,1,9,False,False,False,False,True
1049983,201,151397.16,0,11.927675,8,9,False,False,False,False,True
2106843,346,640097.7,0,13.369379,14,10,False,False,False,False,True
2392576,379,263313.9,0,12.48111,15,19,False,True,False,False,False
1311092,231,558021.25,0,13.232156,9,15,False,True,False,False,False
1322917,232,63674.17,0,11.061565,9,16,False,False,False,False,True
242032,21,141155.3,0,11.85763,0,21,False,False,False,False,True
1499919,256,214454.12,0,12.275861,10,16,False,True,False,False,False
108361,14,82136.95,0,11.316168,0,14,False,True,False,False,False
539842,133,716510.0,0,13.48215,5,13,False,True,False,False,False
2085479,334,963529.0,0,13.77836,13,22,False,False,False,False,True
1463139,253,484219.7,0,13.090298,10,13,False,False,False,False,True
933071,183,183025.23,0,12.117391,7,15,False,True,False,False,False
1671512,281,158694.11,0,11.974747,11,17,False,True,False,False,False
1742492,298,198876.33,0,12.200449,12,10,False,True,False,False,False
1051292,201,103395.33,0,11.546334,8,9,False,True,False,False,False
1303227,231,452572.03,0,13.022707,9,15,False,True,False,False,False
2532755,401,277403.88,0,12.533237,16,17,False,True,False,False,False
488477,130,119243.48,0,11.688939,5,10,False,True,False,False,False
1146606,208,214025.75,0,12.273861,8,16,False,True,False,False,False
2673271,542,167874.1,0,12.030981,22,14,False,False,False,False,True
1671248,281,230735.02,0,12.349034,11,17,False,True,False,False,False
387762,42,251471.38,0,12.435092,1,18,False,False,False,False,True
526401,133,412379.56,0,12.929705,5,13,False,True,False,False,False
1650153,280,45324.2,0,10.721641,11,16,False,True,False,False,False
528657,133,51633.28,0,10.85196,5,13,False,True,False,False,False
297502,36,497905.8,0,13.11817,1,12,False,False,False,False,True
218529,19,341908.38,0,12.742304,0,19,False,True,False,False,False
1223384,215,193823.62,0,12.174714,8,23,False,True,False,False,False
1145010,208,175461.0,0,12.075184,8,16,False,True,False,False,False
1746546,298,78676.62,0,11.273127,12,10,False,True,False,False,False
1059473,202,47107.77,0,10.760236,8,10,False,True,False,False,False
2656230,522,30982.2,0,10.341232,21,18,False,True,False,False,False
1368195,235,17546.29,0,9.772712,9,19,False,True,False,False,False
1997966,327,8899577.0,0,16.001514,13,15,False,False,False,False,True
2482462,397,251249.06,0,12.434208,16,13,False,True,False,False,False
2410566,380,123069.21,0,11.720518,15,20,False,True,False,False,False
1825525,304,146369.95,0,11.893907,12,16,False,True,False,False,False
1804081,302,133922.39,0,11.805031,12,14,False,True,False,False,False
498811,131,1568975.5,0,14.265935,5,11,False,False,False,False,True
291094,36,18604.19,0,9.831249,1,12,False,True,False,False,False
487403,130,269330.38,0,12.503701,5,10,False,True,False,False,False
1649920,280,309537.97,0,12.642842,11,16,False,True,False,False,False
33708,10,383002.5,0,12.855803,0,10,False,True,False,False,False
1634400,278,60286.65,0,11.006899,11,14,False,True,False,False,False
2468114,396,199359.12,0,12.202873,16,12,False,True,False,False,False
2159738,350,1938846.9,0,14.477605,14,14,False,False,False,False,True
21861,9,254580.55,0,12.44738,0,9,False,True,False,False,False
170981,17,912096.3,0,13.723503,0,17,False,False,False,False,True
2696345,567,215076.53,0,12.278759,23,15,False,True,False,False,False
1512443,257,785581.4,0,13.574182,10,17,False,False,False,False,True
390389,42,116868.73,0,11.668824,1,18,False,False,False,False,True
2563998,402,67696.17,0,11.122814,16,18,False,True,False,False,False
2140739,349,375114.44,0,12.834991,14,13,False,True,False,False,False
437345,44,73575.44,0,11.206094,1,20,False,True,False,False,False
1708880,284,169812.02,0,12.0424595,11,20,False,True,False,False,False
2051363,331,153998.45,0,11.944711,13,19,False,True,False,False,False
1314009,232,3468.86,0,8.152158,9,16,False,True,False,False,False
1567996,260,361057.3,0,12.796798,10,20,False,True,False,False,False
2646230,503,213843.17,0,12.273007,20,23,False,True,False,False,False
2050955,331,32886.47,0,10.400877,13,19,False,False,False,False,True
462609,96,83544.58,0,11.333159,4,0,False,True,False,False,False
2723059,596,392668.53,0,12.880726,24,20,False,False,False,False,True
701141,156,658260.2,0,13.397359,6,12,False,False,False,False,True
406438,43,182362.56,0,12.113763,1,19,False,True,False,False,False
2474247,396,144152.1,0,11.878638,16,12,False,True,False,False,False
495823,131,61578.22,0,11.028096,5,11,False,True,False,False,False
784211,162,90649.81,0,11.414782,6,18,False,True,False,False,False
2501521,399,3295.1,0,8.100799,16,15,False,True,False,False,False
1139500,207,95330.34,0,11.465124,8,15,False,True,False,False,False
833153,164,1200063.1,0,13.997887,6,20,False,False,False,False,True
2585017,403,145980.72,0,11.891244,16,19,False,False,False,False,True
554662,134,213760.31,0,12.27262,5,14,False,True,False,False,False
1721208,285,1680009.5,0,14.3343115,11,21,False,False,False,False,True
126636,15,158676.45,0,11.974635,0,15,False,True,False,False,False
1635067,278,199618.95,0,12.204176,11,14,False,True,False,False,False
2352927,376,133661.66,0,11.8030815,15,16,False,True,False,False,False
349337,40,318137.3,0,12.670244,1,16,False,True,False,False,False
199309,19,204821.34,0,12.229903,0,19,False,True,False,False,False
615080,139,539626.8,0,13.198637,5,19,False,False,False,False,True
1955212,324,172669.12,0,12.059144,13,12,False,True,False,False,False
2400704,380,245920.4,0,12.412771,15,20,False,True,False,False,False
793033,162,79518.75,0,11.283773,6,18,False,True,False,False,False
770192,161,319329.12,0,12.673984,6,17,False,True,False,False,False
951826,184,11471.08,0,9.347758,7,16,False,True,False,False,False
2436118,393,266290.66,0,12.492352,16,9,False,True,False,False,False
1903702,308,9966.87,0,9.207223,12,20,False,True,False,False,False
2403499,380,63309.81,0,11.055827,15,20,False,True,False,False,False
606154,138,193595.44,0,12.173536,5,18,False,True,False,False,False
406504,43,152419.34,0,11.934404,1,19,False,True,False,False,False
943334,184,91654.55,0,11.425804,7,16,False,True,False,False,False
374875,41,230028.4,0,12.345966,1,17,False,True,False,False,False
604077,138,328645.03,0,12.70274,5,18,False,True,False,False,False
81593,13,216626.14,0,12.285937,0,13,False,True,False,False,False
1936469,322,93870.75,0,11.449696,13,10,False,True,False,False,False
178176,18,36355.41,0,10.501153,0,18,False,True,False,False,False
135783,16,24058.06,0,10.088308,0,16,False,True,False,False,False
1375413,236,235797.73,0,12.370738,9,20,False,True,False,False,False
1303803,231,533490.75,0,13.187201,9,15,False,True,False,False,False
1310383,231,129578.81,0,11.77206,9,15,False,True,False,False,False
818456,164,4417355.0,0,15.301052,6,20,False,False,False,False,True
976249,186,123874.86,0,11.727043,7,18,False,True,False,False,False
551591,134,330212.47,0,12.707498,5,14,False,True,False,False,False
1593479,275,157479.61,0,11.967064,11,11,False,True,False,False,False
284492,35,37512.79,0,10.532491,1,11,False,True,False,False,False
1439821,252,292444.1,0,12.586036,10,12,False,False,False,False,True
2060477,331,272240.4,0,12.514448,13,19,False,False,False,False,True
1669199,281,15339.17,0,9.638295,11,17,False,True,False,False,False
2290095,371,135346.92,0,11.815611,15,11,False,True,False,False,False
2717763,594,130132.1,0,11.77632,24,18,False,True,False,False,False
1980089,326,96560.04,0,11.477941,13,14,False,True,False,False,False
462435,96,392780.56,0,12.881012,4,0,False,True,False,False,False
592914,137,66423.47,0,11.103836,5,17,False,True,False,False,False
2672158,542,582880.56,0,13.275741,22,14,False,True,False,False,False
1409875,250,168714.47,0,12.0359745,10,10,False,True,False,False,False
866143,178,1134472.5,0,13.94168,7,10,False,False,False,False,True
2543529,401,125903.5,0,11.743287,16,17,False,True,False,False,False
2423474,382,1707490.9,0,14.350536,15,22,False,False,False,False,True
1295255,230,36606.46,0,10.508035,9,14,False,True,False,False,False
532435,133,377286.47,0,12.840765,5,13,False,False,False,False,True
2454496,395,156221.44,0,11.959043,16,11,False,True,False,False,False
1361961,235,256956.16,0,12.456669,9,19,False,False,False,False,True
865698,178,106054.45,0,11.571727,7,10,False,True,False,False,False
1334701,234,236020.58,0,12.371683,9,18,False,True,False,False,False
511767,132,9577.04,0,9.167333,5,12,False,True,False,False,False
1389004,237,71143.35,0,11.172481,9,21,False,True,False,False,False
2352534,376,109174.47,0,11.60072,15,16,False,True,False,False,False
2567480,403,248099.56,0,12.421594,16,19,False,True,False,False,False
2475535,397,164488.03,0,12.010605,16,13,False,True,False,False,False
489501,130,489262.5,0,13.100658,5,10,False,True,False,False,False
2122489,348,180433.6,0,12.103129,14,12,False,True,False,False,False
2709753,589,18973.71,0,9.850915,24,13,False,True,False,False,False
225593,20,44885.98,0,10.7119255,0,20,False,True,False,False,False
813692,163,348380.34,0,12.761056,6,19,False,True,False,False,False
1415608,250,290889.7,0,12.580707,10,10,False,True,False,False,False
188887,18,94163.05,0,11.452805,0,18,False,True,False,False,False
4930,8,270972.7,0,12.509781,0,8,False,True,False,False,False
2375803,378,17531.43,0,9.771865,15,18,False,True,False,False,False
2203413,354,167641.25,0,12.029593,14,18,False,True,False,False,False
378898,41,243473.23,0,12.402771,1,17,False,True,False,False,False
645401,140,393752.72,0,12.883484,5,20,False,True,False,False,False
2096349,345,968692.5,0,13.783705,14,9,False,False,False,False,True
738803,159,1115958.9,0,13.925226,6,15,False,False,False,False,True
2233496,355,161829.66,0,11.994312,14,19,False,True,False,False,False
930039,183,181403.69,0,12.108491,7,15,False,True,False,False,False
1688377,283,244818.89,0,12.408282,11,19,False,True,False,False,False
1304229,231,156072.6,0,11.95809,9,15,False,True,False,False,False
2432217,393,29117.11,0,10.27915,16,9,False,True,False,False,False
970849,186,337674.3,0,12.729843,7,18,False,False,False,False,True
175904,18,268017.12,0,12.498814,0,18,False,True,False,False,False
263184,34,82810.66,0,11.324336,1,10,False,True,False,False,False
2426497,383,56313.94,0,10.938733,15,23,False,True,False,False,False
1316645,232,19907.46,0,9.898951,9,16,False,True,False,False,False
765537,161,599506.4,0,13.303865,6,17,False,False,False,False,True
1866119,306,76782.79,0,11.248762,12,18,False,True,False,False,False
2756770,690,343514.47,0,12.74699,28,18,False,True,False,False,False
184847,18,249491.06,0,12.427186,0,18,False,True,False,False,False
2729147,614,140172.67,0,11.850645,25,14,False,True,False,False,False
985920,186,549660.4,0,13.217059,7,18,False,True,False,False,False
815589,163,1165037.8,0,13.968266,6,19,False,False,False,False,True
271324,34,106467.54,0,11.575614,1,10,False,True,False,False,False
2534701,401,50327.97,0,10.826356,16,17,False,True,False,False,False
1345226,234,380613.22,0,12.849545,9,18,False,True,False,False,False
2371351,378,398595.12,0,12.895706,15,18,False,False,False,False,True
1347030,235,110171.62,0,11.609813,9,19,False,True,False,False,False
1272355,228,260410.83,0,12.470023,9,12,False,True,False,False,False
2061575,331,233829.27,0,12.362355,13,19,False,True,False,False,False
1166065,209,420750.88,0,12.949801,8,17,False,True,False,False,False
2228522,355,158528.1,0,11.9737,14,19,False,True,False,False,False
2192981,353,191664.8,0,12.163514,14,17,False,True,False,False,False
1494805,255,278235.62,0,12.536231,10,15,False,True,False,False,False
1890719,308,601447.8,0,13.307098,12,20,False,False,False,False,True
1962920,324,144447.95,0,11.880689,13,12,False,True,False,False,False
1427310,251,920407.3,0,13.7325735,10,11,False,False,False,False,True
2131964,348,71436.27,0,11.176589,14,12,False,True,False,False,False
2273965,370,4017638.5,0,15.206205,15,10,False,False,False,False,True
2073064,332,99885.01,0,11.511795,13,20,False,True,False,False,False
2456727,395,126521.14,0,11.74818,16,11,False,True,False,False,False
1856068,306,114481.34,0,11.648185,12,18,False,True,False,False,False
226718,20,27790.43,0,10.232519,0,20,False,True,False,False,False
2642556,495,44204.22,0,10.696621,20,15,False,True,False,False,False
2274896,370,30607.55,0,10.329067,15,10,False,True,False,False,False
1560836,260,102055.61,0,11.533293,10,20,False,True,False,False,False
1373775,236,105008.4,0,11.561814,9,20,False,True,False,False,False
1793398,301,136148.67,0,11.821517,12,13,False,True,False,False,False
2190201,353,166967.55,0,12.025567,14,17,False,True,False,False,False
502834,131,12104.25,0,9.401477,5,11,False,True,False,False,False
1178365,210,128914.97,0,11.766924,8,18,False,False,False,False,True
231654,20,78163.47,0,11.266583,0,20,False,True,False,False,False
2446565,394,38901.67,0,10.568844,16,10,False,True,False,False,False
1678262,282,105412.44,0,11.565655,11,18,False,True,False,False,False
83250,13,396287.3,0,12.8899,0,13,False,False,False,False,True
1302310,231,129595.7,0,11.77219,9,15,False,True,False,False,False
678057,154,148270.48,0,11.906807,6,10,False,False,False,False,True
2487107,397,327485.1,0,12.6992035,16,13,False,True,False,False,False
896414,181,110972.93,0,11.61706,7,13,False,True,False,False,False
1143289,208,1745572.5,0,14.372594,8,16,False,False,False,False,True
857103,178,129992.26,0,11.775246,7,10,False,True,False,False,False
2562686,402,181394.64,0,12.108441,16,18,False,True,False,False,False
550464,134,143826.92,0,11.87638,5,14,False,True,False,False,False
2707493,589,283407.44,0,12.554648,24,13,False,True,False,False,False
1404596,249,514458.72,0,13.150874,10,9,False,False,False,False,True
786647,162,34360.97,0,10.444735,6,18,False,True,False,False,False
469300,129,151123.66,0,11.925867,5,9,False,True,False,False,False
386303,42,74495.11,0,11.218515,1,18,False,True,False,False,False
2139173,349,216579.92,0,12.285725,14,13,False,True,False,False,False
1278295,229,108081.98,0,11.590664,9,13,False,True,False,False,False
2579983,403,26887.33,0,10.199485,16,19,False,False,False,False,True
436760,44,293791.25,0,12.5906315,1,20,False,True,False,False,False
636561,140,148688.77,0,11.909624,5,20,False,True,False,False,False
15451,9,153348.48,0,11.940481,0,9,False,True,False,False,False
59142,11,386180.62,0,12.864066,0,11,False,True,False,False,False
420125,43,124453.19,0,11.731701,1,19,False,True,False,False,False
495808,131,636076.5,0,13.363077,5,11,False,True,False,False,False
149497,16,100757.71,0,11.5204935,0,16,False,True,False,False,False
2294273,371,3378.5,0,8.125779,15,11,False,True,False,False,False
2038587,330,713749.06,0,13.47829,13,18,False,False,False,False,True
2623910,436,232308.6,0,12.35583,18,4,False,True,False,False,False
2440987,394,31244.16,0,10.349651,16,10,False,True,False,False,False
1238357,226,91975.7,0,11.429301,9,10,False,True,False,False,False
2322638,374,145509.94,0,11.888014,15,14,False,True,False,False,False
695352,155,94829.24,0,11.459854,6,11,False,True,False,False,False
1922388,321,185079.61,0,12.128552,13,9,False,True,False,False,False
1546910,259,178674.58,0,12.093332,10,19,False,True,False,False,False
2664431,525,176510.75,0,12.081148,21,21,False,True,False,False,False
1637092,278,60102.79,0,11.003845,11,14,False,True,False,False,False
990207,186,231375.22,0,12.351805,7,18,False,False,False,False,True
1004997,187,34672.43,0,10.453758,7,19,False,True,False,False,False
423485,44,1027503.94,0,13.842645,1,20,False,False,False,False,True
1497673,256,370110.1,0,12.821561,10,16,False,False,False,False,True
1746655,298,426365.44,0,12.963057,12,10,False,True,False,False,False
2282552,371,41688.69,0,10.638033,15,11,False,True,False,False,False
1238215,226,2844026.2,0,14.860732,9,10,False,False,False,False,True
1167055,209,37432.09,0,10.530337,8,17,False,True,False,False,False
1688391,283,15796.42,0,9.6676655,11,19,False,True,False,False,False
993243,187,152512.53,0,11.935015,7,19,False,True,False,False,False
2589788,404,229110.31,0,12.341968,16,20,False,True,False,False,False
385725,42,1205611.1,0,14.002499,1,18,False,False,False,False,True
1380156,236,192992.62,0,12.170418,9,20,False,True,False,False,False
2151276,350,157882.98,0,11.969622,14,14,False,True,False,False,False
1735478,297,468589.72,0,13.0574875,12,9,False,True,False,False,False
1862240,306,519186.6,0,13.160023,12,18,False,False,False,False,True
2577502,403,155476.06,0,11.95426,16,19,False,True,False,False,False
1128720,207,379164.6,0,12.845731,8,15,False,True,False,False,False
1653905,280,1398831.5,0,14.15115,11,16,False,False,False,False,True
2588223,404,124712.94,0,11.733786,16,20,False,False,False,False,True
880100,179,257955.22,0,12.460549,7,11,False,True,False,False,False
1519245,257,136788.66,0,11.826207,10,17,False,True,False,False,False
2546086,402,122926.99,0,11.719362,16,18,False,True,False,False,False
1411822,250,189597.02,0,12.152667,10,10,False,False,False,False,True
799864,163,123764.85,0,11.726155,6,19,False,True,False,False,False
2565357,403,150771.08,0,11.923532,16,19,False,True,False,False,False
71633,12,491655.03,0,13.105536,0,12,False,True,False,False,False
2441364,394,22924.01,0,10.040028,16,10,False,True,False,False,False
2011117,328,189514.19,0,12.152229,13,16,False,False,False,False,True
374790,41,219997.84,0,12.301382,1,17,False,True,False,False,False
1770173,300,58493.2,0,10.9767,12,12,False,True,False,False,False
24137,9,183504.95,0,12.1200075,0,9,False,True,False,False,False
2000999,327,301359.56,0,12.616066,13,15,False,True,False,False,False
466271,129,62255.33,0,11.039032,5,9,False,True,False,False,False
2618025,420,8370.37,0,9.032692,17,12,False,True,False,False,False
1078476,203,152367.47,0,11.934064,8,11,False,True,False,False,False
1032022,189,494902.6,0,13.112121,7,21,False,True,False,False,False
2376320,378,83388.04,0,11.3312845,15,18,False,True,False,False,False
2229908,355,164609.55,0,12.011344,14,19,False,True,False,False,False
1831234,304,98602.51,0,11.498873,12,16,False,True,False,False,False
2455774,395,223509.44,0,12.317218,16,11,False,True,False,False,False
2748940,686,92103.87,0,11.430694,28,14,False,False,False,False,True
2158251,350,826273.9,0,13.624684,14,14,False,False,False,False,True
741828,159,344659.62,0,12.750319,6,15,False,True,False,False,False
1302401,231,2808.11,0,7.940979,9,15,False,True,False,False,False
2149090,350,1961327.5,0,14.489133,14,14,False,False,False,False,True
2152608,350,356688.62,0,12.784624,14,14,False,True,False,False,False
2619052,423,85415.33,0,11.355305,17,15,False,True,False,False,False
2089118,335,319080.16,0,12.673203,13,23,False,False,False,False,True
649928,141,187155.5,0,12.139706,5,21,False,True,False,False,False
1985999,326,161936.75,0,11.994973,13,14,False,True,False,False,False
694566,155,54527.16,0,10.906491,6,11,False,True,False,False,False
2086512,334,977524.4,0,13.792781,13,22,False,False,False,False,True
921110,182,194826.48,0,12.179875,7,14,False,True,False,False,False
1289665,230,146473.03,0,11.89461,9,14,False,True,False,False,False
1502269,256,612697.0,0,13.325629,10,16,False,False,False,False,True
1950447,323,158947.62,0,11.976342,13,11,False,True,False,False,False
1046906,201,754988.9,0,13.534461,8,9,False,False,False,False,True
129360,15,541916.7,0,13.202871,0,15,False,True,False,False,False
1086275,204,359468.38,0,12.792387,8,12,False,True,False,False,False
177549,18,126657.97,0,11.749262,0,18,False,False,False,False,True
93785,14,285461.0,0,12.561868,0,14,False,True,False,False,False
1384601,236,122714.22,0,11.717629,9,20,False,True,False,False,False
137877,16,197515.3,0,12.193582,0,16,False,True,False,False,False
2530556,401,47712.91,0,10.772999,16,17,False,True,False,False,False
1375222,236,192983.58,0,12.170371,9,20,False,True,False,False,False
1882384,307,246583.12,0,12.4154625,12,19,False,True,False,False,False
2002068,328,2369579.5,0,14.678224,13,16,False,False,False,False,True
2529369,400,189218.8,0,12.15067,16,16,False,True,False,False,False
2514451,399,372984.1,0,12.829296,16,15,False,False,False,False,True
1921644,321,383703.25,0,12.85763,13,9,False,True,False,False,False
1146425,208,248268.19,0,12.422273,8,16,False,True,False,False,False
2455677,395,218129.4,0,12.292853,16,11,False,True,False,False,False
1859813,306,85723.96,0,11.358911,12,18,False,True,False,False,False
1312010,232,556195.56,0,13.228879,9,16,False,False,False,False,True
53212,11,372370.53,0,12.82765,0,11,False,True,False,False,False
337257,38,477275.94,0,13.075854,1,14,False,True,False,False,False
364104,40,243676.11,0,12.403604,1,16,False,True,False,False,False
893067,180,131393.84,0,11.78597,7,12,False,True,False,False,False
1140454,207,110057.89,0,11.60878,8,15,False,False,False,False,True
2536586,401,148590.78,0,11.908965,16,17,False,True,False,False,False
2647506,514,245317.92,0,12.410318,21,10,False,True,False,False,False
145519,16,177802.0,0,12.088437,0,16,False,True,False,False,False
964778,185,173861.95,0,12.066029,7,17,False,True,False,False,False
157304,17,98330.61,0,11.496111,0,17,False,False,False,False,True
227940,20,90493.46,0,11.413055,0,20,False,True,False,False,False
43255,11,251471.52,0,12.435093,0,11,False,True,False,False,False
705024,156,239584.98,0,12.386672,6,12,False,True,False,False,False
1417633,250,285222.6,0,12.561032,10,10,False,True,False,False,False
1090607,204,476686.84,0,13.074619,8,12,False,True,False,False,False
267251,34,75839.41,0,11.2364,1,10,False,True,False,False,False
25705,9,105845.44,0,11.569754,0,9,False,True,False,False,False
876410,179,124933.98,0,11.735557,7,11,False,True,False,False,False
2141198,349,599470.2,0,13.303805,14,13,False,False,False,False,True
1214311,212,87875.03,0,11.383694,8,20,False,True,False,False,False
2124375,348,127833.91,0,11.758503,14,12,False,True,False,False,False
2068900,332,13753.5,0,9.529194,13,20,False,True,False,False,False
1702418,283,42941.13,0,10.667632,11,19,False,True,False,False,False
2419841,381,192804.12,0,12.16944,15,21,False,False,False,False,True
2733350,637,111885.17,0,11.625246,26,13,False,True,False,False,False
906196,181,247961.31,0,12.421036,7,13,False,True,False,False,False
2411916,380,315295.9,0,12.661273,15,20,False,True,False,False,False
1981594,326,32056.42,0,10.375315,13,14,False,True,False,False,False
1394367,238,615024.5,0,13.329421,9,22,False,False,False,False,True
2550493,402,78652.08,0,11.272815,16,18,False,True,False,False,False
445408,45,81768.73,0,11.311675,1,21,False,True,False,False,False
1212943,212,114416.32,0,11.647616,8,20,False,True,False,False,False
72902,12,261038.94,0,12.472432,0,12,False,True,False,False,False
796176,163,211158.31,0,12.260373,6,19,False,True,False,False,False
792704,162,15711.45,0,9.662272,6,18,False,True,False,False,False
2103797,346,222413.33,0,12.312302,14,10,False,True,False,False,False
700873,156,4438.28,0,8.398473,6,12,False,True,False,False,False
2740210,664,165067.98,0,12.014125,27,16,False,True,False,False,False
958634,185,241791.31,0,12.395839,7,17,False,True,False,False,False
1322176,232,495002.25,0,13.112322,9,16,False,True,False,False,False
2365408,378,95535.87,0,11.467278,15,18,False,True,False,False,False
2420574,381,133400.42,0,11.801126,15,21,False,True,False,False,False
1906819,309,284050.16,0,12.556913,12,21,False,True,False,False,False
986930,186,124531.19,0,11.732327,7,18,False,True,False,False,False
1390821,237,265610.66,0,12.489795,9,21,False,True,False,False,False
1334916,234,7997.91,0,8.9871855,9,18,False,True,False,False,False
275736,35,229478.78,0,12.343575,1,11,False,True,False,False,False
1972725,325,398068.12,0,12.894383,13,13,False,True,False,False,False
981961,186,63227.52,0,11.054526,7,18,False,True,False,False,False
2177267,352,112059.05,0,11.626799,14,16,False,True,False,False,False
1309260,231,178941.05,0,12.094823,9,15,False,True,False,False,False
588981,137,403327.4,0,12.907509,5,17,False,False,False,False,True
1139916,207,78611.95,0,11.272305,8,15,False,True,False,False,False
598771,138,52039.52,0,10.8597975,5,18,False,True,False,False,False
2261923,359,171565.33,0,12.0527315,14,23,False,True,False,False,False
320978,37,98436.66,0,11.497189,1,13,False,True,False,False,False
2469568,396,30837.63,0,10.3365555,16,12,False,True,False,False,False
1091503,204,6246.76,0,8.740138,8,12,False,True,False,False,False
501289,131,2367371.5,0,14.677292,5,11,False,False,False,False,True
2050998,331,243082.88,0,12.401166,13,19,False,False,False,False,True
2105148,346,13414.8,0,9.504263,14,10,False,True,False,False,False
2700489,573,125847.54,0,11.742843,23,21,False,True,False,False,False
383230,42,150795.06,0,11.92369,1,18,False,True,False,False,False
2455541,395,206084.5,0,12.236052,16,11,False,True,False,False,False
2370140,378,98325.67,0,11.49606,15,18,False,True,False,False,False
818243,164,485274.88,0,13.092475,6,20,False,False,False,False,True
1789150,301,22855.46,0,10.037033,12,13,False,True,False,False,False
715671,157,323650.7,0,12.687427,6,13,False,True,False,False,False
574669,136,253871.73,0,12.444592,5,16,False,False,False,False,True
2162701,351,426055.78,0,12.96233,14,15,False,False,False,False,True
247938,22,96838.4,0,11.48082,0,22,False,True,False,False,False
2341305,375,96239.2,0,11.474613,15,15,False,True,False,False,False
830032,164,531071.6,0,13.182656,6,20,False,False,False,False,True
1803714,302,9180.73,0,9.12508,12,14,False,True,False,False,False
2693089,565,233590.94,0,12.361336,23,13,False,True,False,False,False
2625762,449,170211.19,0,12.044807,18,17,False,True,False,False,False
934629,183,1307.1,0,7.177095,7,15,False,True,False,False,False
1498947,256,33445.72,0,10.417739,10,16,False,True,False,False,False
837855,165,56267.74,0,10.937912,6,21,False,True,False,False,False
1127325,206,169292.17,0,12.039393,8,14,False,True,False,False,False
1576096,262,651917.94,0,13.387677,10,22,False,False,False,False,True
1165152,209,174698.03,0,12.070826,8,17,False,True,False,False,False
662048,147,572615.9,0,13.257974,6,3,False,False,False,False,True
1741033,298,749423.7,0,13.527062,12,10,False,False,False,False,True
1909426,309,71777.69,0,11.181356,12,21,False,True,False,False,False
2099436,346,422966.22,0,12.955052,14,10,False,True,False,False,False
2754465,688,99598.26,0,11.50892,28,16,False,True,False,False,False
768870,161,87020.02,0,11.373917,6,17,False,True,False,False,False
1173323,210,188481.9,0,12.146768,8,18,False,True,False,False,False
2661325,522,2158148.0,0,14.584762,21,18,False,False,False,False,True
43618,11,168289.44,0,12.033453,0,11,False,False,False,False,True
363801,40,34009.82,0,10.4344635,1,16,False,True,False,False,False
188743,18,81956.53,0,11.313969,0,18,False,True,False,False,False
254585,33,197729.66,0,12.194666,1,9,False,True,False,False,False
366013,41,244987.05,0,12.408969,1,17,False,True,False,False,False
2421174,381,69382.47,0,11.147418,15,21,False,True,False,False,False
1675020,282,352175.66,0,12.771891,11,18,False,True,False,False,False
2059165,331,510925.88,0,13.143984,13,19,False,False,False,False,True
2090579,336,190376.69,0,12.156771,14,0,False,True,False,False,False
1469129,253,168876.69,0,12.036936,10,13,False,True,False,False,False
2675470,544,223428.6,0,12.316856,22,16,False,True,False,False,False
2144711,349,60322.75,0,11.007498,14,13,False,True,False,False,False
481932,130,147109.27,0,11.898945,5,10,False,True,False,False,False
1696,7,139484.1,0,11.84572,0,7,False,True,False,False,False
2056952,331,193199.17,0,12.171487,13,19,False,False,False,False,True
1979299,326,255946.02,0,12.452729,13,14,False,True,False,False,False
65676,12,1533282.8,0,14.242923,0,12,False,False,False,False,True
1058888,202,2970.67,0,7.9972157,8,10,False,True,False,False,False
737704,159,41301.06,0,10.628692,6,15,False,True,False,False,False
2322028,374,310907.78,0,12.647258,15,14,False,True,False,False,False
2251715,356,212426.44,0,12.26636,14,20,False,True,False,False,False
1067490,203,69359.72,0,11.14709,8,11,False,False,False,False,True
769287,161,167900.88,0,12.031141,6,17,False,True,False,False,False
2328009,374,340808.56,0,12.739082,15,14,False,True,False,False,False
1269942,228,2184443.8,0,14.596872,9,12,False,False,False,False,True
54961,11,204326.64,0,12.227485,0,11,False,True,False,False,False
764687,161,15753.94,0,9.664972,6,17,False,True,False,False,False
1000079,187,104310.45,0,11.555146,7,19,False,True,False,False,False
1005094,187,6853.32,0,8.83278,7,19,False,True,False,False,False
379254,41,351398.47,0,12.769682,1,17,False,True,False,False,False
2317444,373,157937.16,0,11.969965,15,13,False,True,False,False,False
71157,12,379420.75,0,12.846406,0,12,False,True,False,False,False
1326959,233,4153.84,0,8.33227,9,17,False,True,False,False,False
1277919,229,1007184.9,0,13.822672,9,13,False,False,False,False,True
719408,157,247800.66,0,12.420388,6,13,False,True,False,False,False
1538101,259,74836.37,0,11.223086,10,19,False,False,False,False,True
6571,8,184462.98,0,12.125215,0,8,False,True,False,False,False
2258846,358,17164.36,0,9.750707,14,22,False,True,False,False,False
1058754,202,229107.06,0,12.341953,8,10,False,False,False,False,True
2103436,346,59923.73,0,11.000861,14,10,False,True,False,False,False
542781,134,549539.0,0,13.216839,5,14,False,True,False,False,False
1672528,281,168742.31,0,12.0361395,11,17,False,True,False,False,False
31687,10,31969.58,0,10.372602,0,10,False,True,False,False,False
1536010,259,65075.44,0,11.083333,10,19,False,True,False,False,False
2115691,347,463606.38,0,13.046796,14,11,False,True,False,False,False
912033,182,597516.6,0,13.300541,7,14,False,False,False,False,True
1969737,325,197997.05,0,12.196017,13,13,False,True,False,False,False
2693829,565,68816.54,0,11.139229,23,13,False,True,False,False,False
544247,134,172231.48,0,12.056606,5,14,False,True,False,False,False
1107908,205,181862.31,0,12.111016,8,13,False,True,False,False,False
2316970,373,99779.7,0,11.51074,15,13,False,True,False,False,False
1932165,322,16993.36,0,9.740696,13,10,False,True,False,False,False
266469,34,39250.3,0,10.577765,1,10,False,True,False,False,False
1115920,206,236239.64,0,12.37261,8,14,False,True,False,False,False
2468586,396,163862.84,0,12.006797,16,12,False,False,False,False,True
2641225,493,244443.55,0,12.406748,20,13,False,True,False,False,False
1743122,298,80456.7,0,11.2955,12,10,False,True,False,False,False
2402356,380,378646.5,0,12.844363,15,20,False,False,False,False,True
2297328,372,141562.38,0,11.86051,15,12,False,True,False,False,False
608411,138,229615.28,0,12.34417,5,18,False,True,False,False,False
2611380,406,27960.64,0,10.238625,16,22,False,True,False,False,False
2122520,348,132.59,0,4.902233,14,12,False,True,False,False,False
357329,40,330463.66,0,12.708258,1,16,False,True,False,False,False
328647,38,127342.47,0,11.754651,1,14,False,True,False,False,False
1689950,283,76131.86,0,11.240249,11,19,False,True,False,False,False
1432091,251,139120.06,0,11.843107,10,11,False,True,False,False,False
217359,19,233250.77,0,12.359878,0,19,False,True,False,False,False
1483650,255,124503.02,0,11.732101,10,15,False,True,False,False,False
2390591,379,36391.84,0,10.502155,15,19,False,True,False,False,False
902456,181,103140.18,0,11.543863,7,13,False,True,False,False,False
2069265,332,291807.4,0,12.583857,13,20,False,True,False,False,False
1270926,228,91352.08,0,11.422499,9,12,False,False,False,False,True
2219658,355,1799010.2,0,14.402748,14,19,False,False,False,False,True
373126,41,422959.38,0,12.955036,1,17,False,True,False,False,False
267166,34,203523.33,0,12.223546,1,10,False,True,False,False,False
2474622,396,4003.08,0,8.295319,16,12,False,True,False,False,False
988789,186,274494.28,0,12.522693,7,18,False,False,False,False,True
205305,19,141667.8,0,11.861255,0,19,False,True,False,False,False
601011,138,169483.66,0,12.040524,5,18,False,True,False,False,False
605457,138,187654.45,0,12.142368,5,18,False,True,False,False,False
2147648,349,318712.53,0,12.672051,14,13,False,False,False,False,True
231025,20,319109.94,0,12.673297,0,20,False,False,False,False,True
1216036,213,867897.06,0,13.673831,8,21,False,False,False,False,True
2105553,346,55667.64,0,10.92719,14,10,False,True,False,False,False
1971141,325,47709.08,0,10.772919,13,13,False,True,False,False,False
669525,153,87469.21,0,11.379065,6,9,False,True,False,False,False
2490845,398,112928.62,0,11.634529,16,14,False,True,False,False,False
2383704,379,6762.96,0,8.819511,15,19,False,True,False,False,False
1883179,307,345277.06,0,12.752109,12,19,False,True,False,False,False
2023655,329,201552.53,0,12.213816,13,17,False,True,False,False,False
572697,136,128879.26,0,11.766646,5,16,False,True,False,False,False
899608,181,143060.27,0,11.871036,7,13,False,True,False,False,False
816801,163,96568.42,0,11.478027,6,19,False,True,False,False,False
579605,136,633238.0,0,13.358604,5,16,False,False,False,False,True
1750244,298,460794.03,0,13.04071,12,10,False,True,False,False,False
1200457,212,272113.84,0,12.513983,8,20,False,True,False,False,False
1035874,189,237793.52,0,12.379167,7,21,False,False,False,False,True
1373750,236,278486.72,0,12.537133,9,20,False,True,False,False,False
2346146,376,194289.67,0,12.177115,15,16,False,True,False,False,False
2649775,514,179506.75,0,12.09798,21,10,False,True,False,False,False
2313178,373,256741.95,0,12.455834,15,13,False,True,False,False,False
1320368,232,173624.52,0,12.064662,9,16,False,False,False,False,True
312482,37,297974.66,0,12.604771,1,13,False,True,False,False,False
72509,12,244283.7,0,12.406094,0,12,False,True,False,False,False
415029,43,64079.83,0,11.067916,1,19,False,True,False,False,False
375448,41,166937.9,0,12.02539,1,17,False,True,False,False,False
95226,14,132494.14,0,11.794309,0,14,False,True,False,False,False
1613445,276,188139.03,0,12.144947,11,12,False,True,False,False,False
632945,140,90738.14,0,11.415755,5,20,False,True,False,False,False
2247260,356,69613.91,0,11.150748,14,20,False,True,False,False,False
709291,157,369779.78,0,12.820668,6,13,False,True,False,False,False
1016010,188,455221.94,0,13.028544,7,20,False,False,False,False,True
2457412,395,333350.53,0,12.716956,16,11,False,True,False,False,False
1568614,261,95372.19,0,11.465563,10,21,False,True,False,False,False
1605275,276,260939.34,0,12.472051,11,12,False,True,False,False,False
663766,153,107624.52,0,11.586422,6,9,False,True,False,False,False
2215160,354,130935.9,0,11.782478,14,18,False,True,False,False,False
2469852,396,914900.3,0,13.726573,16,12,False,False,False,False,True
523252,132,9024.73,0,9.107945,5,12,False,True,False,False,False
396240,42,4804.96,0,8.47782,1,18,False,True,False,False,False
2717245,594,87059.05,0,11.374365,24,18,False,True,False,False,False
1306803,231,127834.42,0,11.758507,9,15,False,True,False,False,False
242931,21,173178.16,0,12.062088,0,21,False,False,False,False,True
752274,160,270943.38,0,12.509672,6,16,False,True,False,False,False
71425,12,240719.58,0,12.3913965,0,12,False,True,False,False,False
1784664,301,154729.31,0,11.949446,12,13,False,True,False,False,False
1113728,205,164760.36,0,12.0122595,8,13,False,True,False,False,False
1412315,250,241785.06,0,12.395813,10,10,False,True,False,False,False
2699994,571,457551.5,0,13.033649,23,19,False,False,False,False,True
2740555,667,265225.0,0,12.488341,27,19,False,True,False,False,False
1561361,260,267914.62,0,12.498431,10,20,False,True,False,False,False
649806,141,538664.94,0,13.196853,5,21,False,False,False,False,True
2141203,349,312270.78,0,12.651632,14,13,False,True,False,False,False
65084,12,338211.9,0,12.731434,0,12,False,True,False,False,False
2369714,378,22978.47,0,10.0424,15,18,False,True,False,False,False
531061,133,1662749.6,0,14.323984,5,13,False,False,False,False,True
1579008,263,43955.57,0,10.69098,10,23,False,True,False,False,False
360145,40,299273.34,0,12.609119,1,16,False,True,False,False,False
424530,44,531634.5,0,13.183715,1,20,False,True,False,False,False
1131715,207,38860.45,0,10.567783,8,15,False,True,False,False,False
593904,137,54203.55,0,10.900538,5,17,False,True,False,False,False
1025859,188,179726.9,0,12.099205,7,20,False,True,False,False,False
1118283,206,383401.9,0,12.856844,8,14,False,True,False,False,False
1081923,203,66269.41,0,11.101514,8,11,False,True,False,False,False
1827685,304,7072014.5,0,15.771656,12,16,False,False,False,False,True
1679529,282,240434.56,0,12.390212,11,18,False,True,False,False,False
2590055,404,137568.55,0,11.831892,16,20,False,True,False,False,False
2279441,370,87980.89,0,11.384897,15,10,False,True,False,False,False
1899388,308,1639458.0,0,14.309877,12,20,False,False,False,False,True
1490394,255,24490.25,0,10.1061125,10,15,False,True,False,False,False
1038500,190,74426.61,0,11.217596,7,22,False,True,False,False,False
1137835,207,245268.9,0,12.410119,8,15,False,True,False,False,False
1649493,280,82330.02,0,11.318516,11,16,False,True,False,False,False
1443570,252,172819.38,0,12.060014,10,12,False,True,False,False,False
1547109,259,467677.9,0,13.055539,10,19,False,True,False,False,False
957013,185,657542.6,0,13.396268,7,17,False,True,False,False,False
2162492,351,163769.7,0,12.006228,14,15,False,True,False,False,False
280048,35,325838.22,0,12.694162,1,11,False,True,False,False,False
523454,132,506566.78,0,13.135415,5,12,False,True,False,False,False
492470,131,330576.2,0,12.708598,5,11,False,True,False,False,False
1907029,309,226719.81,0,12.331479,12,21,False,False,False,False,True
1927077,322,469171.9,0,13.058729,13,10,False,True,False,False,False
2232812,355,123653.05,0,11.725251,14,19,False,False,False,False,True
1538587,259,250587.23,0,12.43157,10,19,False,True,False,False,False
1283177,229,258679.89,0,12.463354,9,13,False,True,False,False,False
1988212,326,52661.68,0,10.871681,13,14,False,True,False,False,False
2484780,397,1407964.0,0,14.157657,16,13,False,False,False,False,True
1939544,323,316296.12,0,12.66444,13,11,False,True,False,False,False
1883892,307,157332.39,0,11.966128,12,19,False,True,False,False,False
1137204,207,39484.98,0,10.583726,8,15,False,True,False,False,False
1636131,278,188313.31,0,12.145873,11,14,False,True,False,False,False
778365,162,237226.69,0,12.37678,6,18,False,True,False,False,False
2454960,395,124971.77,0,11.735859,16,11,False,True,False,False,False
698000,156,1571705.9,0,14.2676735,6,12,False,False,False,False,True
1559121,260,47559.58,0,10.76978,10,20,False,True,False,False,False
1378075,236,234792.4,0,12.366466,9,20,False,True,False,False,False
227655,20,114643.2,0,11.649597,0,20,False,True,False,False,False
861834,178,85747.72,0,11.359188,7,10,False,True,False,False,False
1117577,206,12034.45,0,9.395695,8,14,False,True,False,False,False
2300112,372,355543.34,0,12.781408,15,12,False,True,False,False,False
1470330,254,49564.57,0,10.811072,10,14,False,True,False,False,False
1122261,206,152773.1,0,11.936722,8,14,False,True,False,False,False
2085309,334,207734.23,0,12.244024,13,22,False,True,False,False,False
1617468,277,140263.48,0,11.851293,11,13,False,True,False,False,False
3769,8,83220.25,0,11.32927,0,8,False,True,False,False,False
34869,10,5677.45,0,8.644609,0,10,False,True,False,False,False
1683983,282,448362.88,0,13.013363,11,18,False,True,False,False,False
2487179,397,1654098.8,0,14.3187685,16,13,False,False,False,False,True
293323,36,47367.12,0,10.765726,1,12,False,True,False,False,False
585868,137,408077.12,0,12.919216,5,17,False,True,False,False,False
251615,33,390827.6,0,12.876027,1,9,False,True,False,False,False
2325450,374,188636.25,0,12.147587,15,14,False,True,False,False,False
1154081,208,397409.84,0,12.892729,8,16,False,False,False,False,True
2606101,405,128900.57,0,11.766812,16,21,False,True,False,False,False
2442579,394,22948.6,0,10.0411,16,10,False,True,False,False,False
448954,46,109607.54,0,11.60468,1,22,False,True,False,False,False
2156559,350,44549.13,0,10.704392,14,14,False,True,False,False,False
509249,132,91695.49,0,11.42625,5,12,False,True,False,False,False
788381,162,104701.04,0,11.558884,6,18,False,True,False,False,False
2660356,522,167231.9,0,12.027149,21,18,False,False,False,False,True
2676407,544,353888.28,0,12.776742,22,16,False,True,False,False,False
2207517,354,98684.47,0,11.499703,14,18,False,True,False,False,False
1941794,323,1119065.1,0,13.928006,13,11,False,False,False,False,True
2259190,358,10011.43,0,9.211682,14,22,False,True,False,False,False
807075,163,167205.92,0,12.026994,6,19,False,True,False,False,False
1912738,310,221068.67,0,12.306238,12,22,False,True,False,False,False
2589534,404,58070.03,0,10.9694395,16,20,False,True,False,False,False
2101136,346,375949.0,0,12.837214,14,10,False,True,False,False,False
843914,166,398527.4,0,12.895536,6,22,False,True,False,False,False
1119030,206,199124.73,0,12.201696,8,14,False,False,False,False,True
2503940,399,127471.82,0,11.755667,16,15,False,True,False,False,False
894192,180,63612.6,0,11.060598,7,12,False,True,False,False,False
284159,35,208042.69,0,12.245508,1,11,False,True,False,False,False
210710,19,37607.86,0,10.535022,0,19,False,True,False,False,False
1814247,303,95196.8,0,11.463722,12,15,False,True,False,False,False
1717365,284,56993.99,0,10.950736,11,20,False,True,False,False,False
1330304,233,190537.03,0,12.157613,9,17,False,True,False,False,False
1034154,189,285019.6,0,12.56032,7,21,False,True,False,False,False
1309425,231,198530.5,0,12.198709,9,15,False,True,False,False,False
726049,158,74982.81,0,11.22504,6,14,False,True,False,False,False
1706654,284,153378.05,0,11.940674,11,20,False,True,False,False,False
2134396,348,106757.3,0,11.578332,14,12,False,True,False,False,False
869506,179,1821341.1,0,14.415085,7,11,False,False,False,False,True
1877978,307,18243.46,0,9.811671,12,19,False,True,False,False,False
1494732,255,144743.62,0,11.882733,10,15,False,True,False,False,False
345222,39,930684.3,0,13.743677,1,15,False,False,False,False,True
510444,132,55726.52,0,10.928247,5,12,False,True,False,False,False
2640726,493,1093299.6,0,13.904713,20,13,False,False,False,False,True
1099101,204,91365.31,0,11.422643,8,12,False,True,False,False,False
2646300,503,108252.06,0,11.5922365,20,23,False,True,False,False,False
2485010,397,16886.03,0,9.734361,16,13,False,True,False,False,False
2687871,550,158007.45,0,11.97041,22,22,False,True,False,False,False
543330,134,285226.03,0,12.561045,5,14,False,True,False,False,False
1750116,298,93766.97,0,11.448589,12,10,False,True,False,False,False
724186,158,68977.89,0,11.14157,6,14,False,True,False,False,False
1400275,249,213090.83,0,12.269484,10,9,False,True,False,False,False
2558810,402,109529.38,0,11.603967,16,18,False,True,False,False,False
2029884,330,27464.94,0,10.220738,13,18,False,True,False,False,False
2278006,370,195535.9,0,12.18351,15,10,False,True,False,False,False
143028,16,502132.78,0,13.126624,0,16,False,False,False,False,True
1938007,322,137482.64,0,11.831267,13,10,False,True,False,False,False
2118529,347,166589.38,0,12.023299,14,11,False,True,False,False,False
2132656,348,134669.23,0,11.810592,14,12,False,True,False,False,False
1080512,203,1443217.4,0,14.182386,8,11,False,False,False,False,True
107426,14,232671.69,0,12.357392,0,14,False,True,False,False,False
503052,131,296037.47,0,12.5982485,5,11,False,True,False,False,False
995192,187,60107.02,0,11.003915,7,19,False,True,False,False,False
2521249,400,411653.97,0,12.927943,16,16,False,True,False,False,False
2413430,380,82145.06,0,11.316266,15,20,False,True,False,False,False
1500515,256,193455.94,0,12.172815,10,16,False,True,False,False,False
2154521,350,392099.16,0,12.879275,14,14,False,True,False,False,False
1935716,322,58363.36,0,10.974478,13,10,False,True,False,False,False
180830,18,585143.1,0,13.279615,0,18,False,False,False,False,True
2220090,355,347767.03,0,12.759294,14,19,False,True,False,False,False
1611265,276,268424.0,0,12.500331,11,12,False,False,False,False,True
1246009,226,116955.79,0,11.669568,9,10,False,True,False,False,False
2431009,393,3505943.0,0,15.069971,16,9,False,False,False,False,True
2243544,356,259807.48,0,12.467704,14,20,False,False,False,False,True
373215,41,275991.16,0,12.5281315,1,17,False,True,False,False,False
2694435,566,201965.55,0,12.215862,23,14,False,True,False,False,False
1836990,305,286147.2,0,12.564269,12,17,False,False,False,False,True
1565517,260,273139.6,0,12.517746,10,20,False,True,False,False,False
904400,181,242120.6,0,12.3972,7,13,False,False,False,False,True
2478571,397,302106.56,0,12.618542,16,13,False,True,False,False,False
1558260,260,301002.0,0,12.614879,10,20,False,False,False,False,True
2439811,394,372053.56,0,12.826798,16,10,False,True,False,False,False
2661630,522,80834.42,0,11.300183,21,18,False,True,False,False,False
1409260,250,73592.5,0,11.206326,10,10,False,False,False,False,True
758893,160,163760.88,0,12.006175,6,16,False,True,False,False,False
1676927,282,95014.86,0,11.46181,11,18,False,True,False,False,False
2406095,380,49694.19,0,10.8136835,15,20,False,True,False,False,False
1565856,260,64058.56,0,11.067584,10,20,False,True,False,False,False
1822647,304,10184411.0,0,16.13637,12,16,False,False,False,False,True
1093483,204,93656.33,0,11.447409,8,12,False,True,False,False,False
1848821,306,40490.07,0,10.608862,12,18,False,True,False,False,False
1585971,274,92714.83,0,11.437305,11,10,False,False,False,False,True
2168220,351,261616.62,0,12.474643,14,15,False,True,False,False,False
1822928,304,165716.48,0,12.018045,12,16,False,True,False,False,False
1912582,310,86928.89,0,11.372869,12,22,False,False,False,False,True
1842189,305,158710.02,0,11.974847,12,17,False,True,False,False,False
559455,135,199184.73,0,12.201998,5,15,False,False,False,False,True
1111994,205,61518.99,0,11.027134,8,13,False,True,False,False,False
1375804,236,107725.66,0,11.587361,9,20,False,True,False,False,False
540490,134,144436.47,0,11.880609,5,14,False,True,False,False,False
2464602,396,235879.42,0,12.371084,16,12,False,True,False,False,False
462177,96,52770.97,0,10.8737545,4,0,False,False,False,False,True
771942,161,135093.6,0,11.813738,6,17,False,True,False,False,False
1674243,282,66195.99,0,11.100406,11,18,False,True,False,False,False
430558,44,753031.7,0,13.531865,1,20,False,True,False,False,False
681208,154,433800.4,0,12.980345,6,10,False,True,False,False,False
1146109,208,117389.05,0,11.673266,8,16,False,False,False,False,True
1215879,213,8807.2,0,9.083552,8,21,False,True,False,False,False
1236451,226,75454.1,0,11.231306,9,10,False,True,False,False,False
1115864,206,71270.35,0,11.174264,8,14,False,False,False,False,True
2187731,353,4134.45,0,8.327593,14,17,False,True,False,False,False
2003378,328,153575.33,0,11.941959,13,16,False,True,False,False,False
1520186,257,93175.42,0,11.442261,10,17,False,True,False,False,False
1435174,251,361544.7,0,12.798146,10,11,False,True,False,False,False
1504042,256,885236.75,0,13.693613,10,16,False,False,False,False,True
218517,19,7253.63,0,8.889533,0,19,False,True,False,False,False
616271,139,111474.07,0,11.621565,5,19,False,True,False,False,False
457596,94,17886.88,0,9.791935,3,22,False,True,False,False,False
1602658,275,131855.11,0,11.7894745,11,11,False,True,False,False,False
308246,37,176589.27,0,12.0815935,1,13,False,True,False,False,False
2453626,395,132296.03,0,11.792812,16,11,False,True,False,False,False
1228076,225,19804.02,0,9.893742,9,9,False,False,False,False,True
111119,14,498017.75,0,13.118395,0,14,False,True,False,False,False
392396,42,149240.56,0,11.913328,1,18,False,True,False,False,False
1985442,326,186830.12,0,12.137966,13,14,False,True,False,False,False
461287,95,71121.24,0,11.17217,3,23,False,True,False,False,False
1521296,258,58080.99,0,10.969628,10,18,False,True,False,False,False
1650354,280,43372.67,0,10.677631,11,16,False,True,False,False,False
11302,8,866364.56,0,13.672064,0,8,False,False,False,False,True
1235741,226,40809.21,0,10.616713,9,10,False,True,False,False,False
515424,132,1007838.44,0,13.82332,5,12,False,False,False,False,True
1211408,212,48537.06,0,10.790124,8,20,False,True,False,False,False
2671315,540,2126784.5,0,14.570123,22,12,False,False,False,False,True
82408,13,189195.56,0,12.150547,0,13,False,True,False,False,False
2415279,380,513532.1,0,13.149072,15,20,False,False,False,False,True
2733798,637,498866.53,0,13.120098,26,13,False,True,False,False,False
727740,158,108599.98,0,11.595445,6,14,False,True,False,False,False
1047096,201,340178.4,0,12.737231,8,9,False,True,False,False,False
2100151,346,87327.24,0,11.37744,14,10,False,True,False,False,False
973734,186,302611.28,0,12.620211,7,18,False,True,False,False,False
492837,131,203199.19,0,12.2219515,5,11,False,True,False,False,False
2351545,376,127661.15,0,11.757151,15,16,False,True,False,False,False
798747,163,111792.08,0,11.6244135,6,19,False,True,False,False,False
1985345,326,28431.73,0,10.255331,13,14,False,True,False,False,False
2297022,372,318807.6,0,12.672349,15,12,False,True,False,False,False
2580771,403,196188.77,0,12.186843,16,19,False,True,False,False,False
2510160,399,330951.78,0,12.709734,16,15,False,True,False,False,False
2216439,354,184959.34,0,12.127902,14,18,False,True,False,False,False
1383049,236,65815.57,0,11.094642,9,20,False,True,False,False,False
359147,40,210677.02,0,12.258091,1,16,False,True,False,False,False
691106,155,334946.44,0,12.721732,6,11,False,True,False,False,False
757580,160,8572.86,0,9.05659,6,16,False,True,False,False,False
2003918,328,1215767.1,0,14.010887,13,16,False,False,False,False,True
333828,38,348008.03,0,12.759987,1,14,False,True,False,False,False
2047047,331,169076.3,0,12.038117,13,19,False,True,False,False,False
1393397,238,60258.78,0,11.006436,9,22,False,True,False,False,False
368173,41,90711.46,0,11.415461,1,17,False,True,False,False,False
1518825,257,59006.62,0,10.985439,10,17,False,True,False,False,False
1833465,305,10000000.0,0,16.118095,12,17,False,False,False,False,True
2430728,393,3288.01,0,8.098646,16,9,False,True,False,False,False
1393057,238,31435.96,0,10.355771,9,22,False,True,False,False,False
1545025,259,221276.8,0,12.3071785,10,19,False,True,False,False,False
2483586,397,86211.59,0,11.364583,16,13,False,True,False,False,False
2534242,401,59559.29,0,10.994761,16,17,False,False,False,False,True
1986096,326,465228.1,0,13.050287,13,14,False,True,False,False,False
2267273,369,130768.44,0,11.7811985,15,9,False,True,False,False,False
716023,157,191949.17,0,12.164996,6,13,False,True,False,False,False
1066716,203,67869.55,0,11.125372,8,11,False,True,False,False,False
2653405,520,271589.28,0,12.5120535,21,16,False,True,False,False,False
384740,42,165395.52,0,12.016108,1,18,False,True,False,False,False
2507268,399,473692.16,0,13.068317,16,15,False,True,False,False,False
1897706,308,1099110.0,0,13.910013,12,20,False,False,False,False,True
1543521,259,260401.66,0,12.469988,10,19,False,True,False,False,False
2030708,330,153494.64,0,11.941434,13,18,False,True,False,False,False
1881282,307,385979.78,0,12.863545,12,19,False,True,False,False,False
351425,40,448138.7,0,13.012862,1,16,False,False,False,False,True
2300439,372,24969.05,0,10.125472,15,12,False,True,False,False,False
1717414,284,6492.11,0,8.778651,11,20,False,True,False,False,False
2073084,332,1709414.4,0,14.351663,13,20,False,False,False,False,True
958581,185,255975.19,0,12.452844,7,17,False,False,False,False,True
2630854,469,111364.27,0,11.62058,19,13,False,True,False,False,False
856941,178,948972.75,0,13.763138,7,10,False,False,False,False,True
265656,34,675279.44,0,13.422885,1,10,False,False,False,False,True
343421,39,33709.21,0,10.425586,1,15,False,True,False,False,False
1108621,205,273683.16,0,12.519733,8,13,False,True,False,False,False
857691,178,325637.97,0,12.693547,7,10,False,True,False,False,False
1782248,301,200862.6,0,12.210386,12,13,False,True,False,False,False
2214132,354,1295184.2,0,14.074165,14,18,False,False,False,False,True
1576489,262,177030.69,0,12.084089,10,22,False,True,False,False,False
708784,156,155266.58,0,11.952911,6,12,False,True,False,False,False
103220,14,32519.64,0,10.389661,0,14,False,True,False,False,False
11462,8,288238.06,0,12.571549,0,8,False,False,False,False,True
464782,119,38248.98,0,10.551925,4,23,False,True,False,False,False
1950608,323,314260.2,0,12.657983,13,11,False,True,False,False,False
1104511,205,80257.2,0,11.293016,8,13,False,True,False,False,False
35809,10,643957.9,0,13.375392,0,10,False,False,False,False,True
801266,163,114117.6,0,11.645002,6,19,False,True,False,False,False
1421883,250,230744.3,0,12.349074,10,10,False,True,False,False,False
1599235,275,120965.01,0,11.703273,11,11,False,True,False,False,False
82957,13,116060.93,0,11.661888,0,13,False,True,False,False,False
366126,41,1014631.25,0,13.830038,1,17,False,False,False,False,True
963153,185,509960.72,0,13.142093,7,17,False,True,False,False,False
1870850,307,76921.94,0,11.250572,12,19,False,True,False,False,False
1173251,210,105960.39,0,11.57084,8,18,False,True,False,False,False
1356998,235,288546.56,0,12.5726185,9,19,False,True,False,False,False
1269438,228,917581.75,0,13.729499,9,12,False,False,False,False,True
2573477,403,1142081.1,0,13.948364,16,19,False,False,False,False,True
1827359,304,158086.12,0,11.970908,12,16,False,True,False,False,False
1149800,208,55842.96,0,10.930335,8,16,False,True,False,False,False
1252306,227,341862.0,0,12.742168,9,11,False,True,False,False,False
54333,11,126014.91,0,11.744171,0,11,False,True,False,False,False
39516,10,229655.1,0,12.344342,0,10,False,True,False,False,False
939598,184,10587.33,0,9.267602,7,16,False,True,False,False,False
720590,157,30331.71,0,10.320015,6,13,False,True,False,False,False
736929,159,133780.64,0,11.803971,6,15,False,True,False,False,False
2479990,397,157483.95,0,11.967092,16,13,False,True,False,False,False
1493401,255,121135.62,0,11.704682,10,15,False,True,False,False,False
919947,182,79907.41,0,11.288649,7,14,False,True,False,False,False
718684,157,16203.0,0,9.693075,6,13,False,True,False,False,False
29915,10,134206.4,0,11.807149,0,10,False,True,False,False,False
570047,136,159011.9,0,11.976747,5,16,False,True,False,False,False
2154190,350,151937.88,0,11.93124,14,14,False,True,False,False,False
772435,161,289354.22,0,12.575414,6,17,False,True,False,False,False
1259117,227,137566.44,0,11.831877,9,11,False,True,False,False,False
712774,157,162670.3,0,11.999493,6,13,False,True,False,False,False
439746,45,125940.34,0,11.74358,1,21,False,True,False,False,False
2480152,397,121000.82,0,11.703569,16,13,False,False,False,False,True
2398100,379,289574.44,0,12.576175,15,19,False,True,False,False,False
2451971,395,1203474.6,0,14.000725,16,11,False,False,False,False,True
889793,180,130340.01,0,11.777917,7,12,False,True,False,False,False
1370050,236,66905.62,0,11.111068,9,20,False,True,False,False,False
1888663,307,399919.38,0,12.899023,12,19,False,True,False,False,False
2549529,402,53958.03,0,10.895999,16,18,False,True,False,False,False
1133516,207,271047.0,0,12.510055,8,15,False,False,False,False,True
1026157,188,65950.0,0,11.096683,7,20,False,True,False,False,False
2503229,399,117800.71,0,11.676766,16,15,False,True,False,False,False
533908,133,66271.57,0,11.101546,5,13,False,True,False,False,False
2538428,401,471527.53,0,13.063737,16,17,False,False,False,False,True
1878843,307,45879.27,0,10.733812,12,19,False,True,False,False,False
405572,43,89143.57,0,11.3980255,1,19,False,True,False,False,False
1577224,262,7498.14,0,8.922677,10,22,False,False,False,False,True
2656618,522,169297.25,0,12.039423,21,18,False,True,False,False,False
678640,154,335745.34,0,12.724114,6,10,False,True,False,False,False
2379329,378,113245.82,0,11.637334,15,18,False,True,False,False,False
159032,17,223895.19,0,12.318942,0,17,False,True,False,False,False
1037586,190,180490.45,0,12.103444,7,22,False,True,False,False,False
2282590,371,149824.0,0,11.91723,15,11,False,True,False,False,False
597138,138,165912.83,0,12.01923,5,18,False,True,False,False,False
79831,13,197087.33,0,12.191412,0,13,False,False,False,False,True
2703478,585,85944.36,0,11.361479,24,9,False,True,False,False,False
1416564,250,325496.22,0,12.693112,10,10,False,True,False,False,False
2147168,349,184534.7,0,12.125604,14,13,False,False,False,False,True
1508100,256,118638.39,0,11.683852,10,16,False,True,False,False,False
2584796,403,59480.55,0,10.993439,16,19,False,True,False,False,False
2752788,688,366149.88,0,12.810803,28,16,False,True,False,False,False
323632,37,43793.0,0,10.687275,1,13,False,True,False,False,False
593526,137,252771.03,0,12.440248,5,17,False,True,False,False,False
1541089,259,28449.25,0,10.255947,10,19,False,True,False,False,False
1929820,322,19252.56,0,9.865503,13,10,False,True,False,False,False
1842216,305,41688.0,0,10.638017,12,17,False,True,False,False,False
381540,41,82326.35,0,11.318471,1,17,False,True,False,False,False
1148345,208,374290.66,0,12.832793,8,16,False,True,False,False,False
740751,159,248478.58,0,12.42312,6,15,False,False,False,False,True
2351395,376,425882.4,0,12.961924,15,16,False,True,False,False,False
501819,131,379034.34,0,12.845387,5,11,False,False,False,False,True
773527,161,148199.72,0,11.906329,6,17,False,True,False,False,False
820232,164,122794.34,0,11.718283,6,20,False,True,False,False,False
531111,133,654461.7,0,13.391571,5,13,False,False,False,False,True
1668676,281,68534.4,0,11.13512,11,17,False,True,False,False,False
837937,165,2429823.8,0,14.70333,6,21,False,False,False,False,True
1527622,258,60693.31,0,11.013621,10,18,False,False,False,False,True
1688838,283,195329.19,0,12.182452,11,19,False,True,False,False,False
1214340,212,182829.89,0,12.1163225,8,20,False,True,False,False,False
701394,156,73810.25,0,11.20928,6,12,False,True,False,False,False
1847147,305,229676.88,0,12.344438,12,17,False,True,False,False,False
1305993,231,129291.45,0,11.76984,9,15,False,True,False,False,False
2415168,380,29243.42,0,10.283479,15,20,False,True,False,False,False
1128929,207,780066.25,0,13.567137,8,15,False,False,False,False,True
412796,43,230772.52,0,12.349196,1,19,False,True,False,False,False
2200940,354,1327915.5,0,14.099123,14,18,False,False,False,False,True
1834367,305,30741.95,0,10.333448,12,17,False,True,False,False,False
1320492,232,79901.2,0,11.288571,9,16,False,True,False,False,False
2191540,353,204086.98,0,12.226312,14,17,False,True,False,False,False
2388939,379,39459.43,0,10.583079,15,19,False,True,False,False,False
2332054,374,341928.97,0,12.742364,15,14,False,True,False,False,False
326058,38,435896.75,0,12.985166,1,14,False,True,False,False,False
1809809,303,74272.4,0,11.215522,12,15,False,True,False,False,False
2377676,378,55026.11,0,10.9156,15,18,False,True,False,False,False
627989,139,442744.6,0,13.000752,5,19,False,False,False,False,True
981257,186,291605.53,0,12.583164,7,18,False,True,False,False,False
1701161,283,69710.5,0,11.152135,11,19,False,False,False,False,True
2387685,379,213918.6,0,12.27336,15,19,False,False,False,False,True
879104,179,192968.77,0,12.170294,7,11,False,True,False,False,False
2322208,374,162000.9,0,11.99537,15,14,False,True,False,False,False
727445,158,377689.28,0,12.841832,6,14,False,False,False,False,True
2739625,661,555949.56,0,13.228436,27,13,False,True,False,False,False
1720817,285,345172.0,0,12.751804,11,21,False,True,False,False,False
1751819,298,4048.89,0,8.306692,12,10,False,True,False,False,False
1790078,301,1596694.1,0,14.283447,12,13,False,False,False,False,True
356081,40,326744.25,0,12.696939,1,16,False,True,False,False,False
768241,161,89975.13,0,11.4073105,6,17,False,True,False,False,False
1782343,301,69120.31,0,11.143633,12,13,False,True,False,False,False
2627260,451,258412.19,0,12.462319,18,19,False,True,False,False,False
426724,44,109135.34,0,11.600363,1,20,False,True,False,False,False
1438052,251,61002.75,0,11.018707,10,11,False,True,False,False,False
51594,11,11754.9,0,9.372195,0,11,False,True,False,False,False
760887,160,364901.25,0,12.807387,6,16,False,True,False,False,False
694596,155,379434.5,0,12.846442,6,11,False,True,False,False,False
2078107,332,44425.52,0,10.701614,13,20,False,True,False,False,False
2167639,351,107875.12,0,11.588748,14,15,False,True,False,False,False
2115799,347,119048.74,0,11.687305,14,11,False,True,False,False,False
1808322,303,91204.74,0,11.420884,12,15,False,True,False,False,False
913817,182,15395.86,0,9.641984,7,14,False,True,False,False,False
550226,134,334712.6,0,12.721033,5,14,False,False,False,False,True
2409414,380,290248.12,0,12.578499,15,20,False,True,False,False,False
2250452,356,196186.02,0,12.186829,14,20,False,True,False,False,False
2197801,353,163306.62,0,12.003397,14,17,False,True,False,False,False
488723,130,175907.06,0,12.077723,5,10,False,True,False,False,False
990792,186,25572.43,0,10.149348,7,18,False,True,False,False,False
2733088,637,251452.45,0,12.435018,26,13,False,True,False,False,False
1639629,279,256889.98,0,12.456411,11,15,False,True,False,False,False
1025164,188,403558.28,0,12.908081,7,20,False,False,False,False,True
824886,164,106569.81,0,11.576574,6,20,False,True,False,False,False
2212512,354,81847.74,0,11.31264,14,18,False,False,False,False,True
780268,162,76805.58,0,11.249059,6,18,False,True,False,False,False
915379,182,51419.37,0,10.847809,7,14,False,True,False,False,False
1926298,321,1241439.4,0,14.031784,13,9,False,False,False,False,True
508346,132,20100.09,0,9.908579,5,12,False,True,False,False,False
64853,12,186549.78,0,12.136464,0,12,False,True,False,False,False
996495,187,214214.31,0,12.274741,7,19,False,True,False,False,False
734321,158,145452.17,0,11.887616,6,14,False,True,False,False,False
418303,43,159452.94,0,11.979517,1,19,False,True,False,False,False
1776726,300,141602.62,0,11.860794,12,12,False,True,False,False,False
682478,154,238197.05,0,12.380862,6,10,False,True,False,False,False
1439396,252,73463.76,0,11.204575,10,12,False,True,False,False,False
1024437,188,150005.88,0,11.918443,7,20,False,True,False,False,False
1230079,225,338983.94,0,12.733714,9,9,False,True,False,False,False
1513546,257,288369.62,0,12.572005,10,17,False,True,False,False,False
2453559,395,118165.83,0,11.679861,16,11,False,True,False,False,False
635438,140,213690.38,0,12.272293,5,20,False,True,False,False,False
454059,49,159120.89,0,11.977432,2,1,False,True,False,False,False
694834,155,178074.7,0,12.08997,6,11,False,True,False,False,False
2011041,328,182206.05,0,12.112905,13,16,False,True,False,False,False
1059991,202,120739.0,0,11.701403,8,10,False,True,False,False,False
922843,182,11082.22,0,9.313278,7,14,False,True,False,False,False
1905575,308,195833.14,0,12.185028,12,20,False,True,False,False,False
1640358,279,61258.87,0,11.022897,11,15,False,True,False,False,False
313674,37,790485.1,0,13.580404,1,13,False,False,False,False,True
1654845,280,98423.24,0,11.497052,11,16,False,True,False,False,False
372560,41,264917.38,0,12.487181,1,17,False,True,False,False,False
550683,134,199408.36,0,12.20312,5,14,False,True,False,False,False
1012317,187,42529.54,0,10.658001,7,19,False,True,False,False,False
1625185,277,62764.93,0,11.047184,11,13,False,True,False,False,False
2445702,394,195282.62,0,12.182214,16,10,False,True,False,False,False
1055019,202,154769.72,0,11.949707,8,10,False,True,False,False,False
319346,37,77166.09,0,11.253741,1,13,False,True,False,False,False
1787981,301,99664.78,0,11.509588,12,13,False,True,False,False,False
1936394,322,75284.18,0,11.229052,13,10,False,True,False,False,False
1126490,206,47959.55,0,10.778155,8,14,False,True,False,False,False
1957996,324,93877.12,0,11.449763,13,12,False,True,False,False,False
1681995,282,213038.12,0,12.269236,11,18,False,True,False,False,False
824289,164,121475.89,0,11.707487,6,20,False,True,False,False,False
872466,179,216556.19,0,12.285615,7,11,False,True,False,False,False
1082192,203,142554.77,0,11.867496,8,11,False,True,False,False,False
1575875,262,279763.44,0,12.541707,10,22,False,False,False,False,True
597403,138,374532.56,0,12.83344,5,18,False,True,False,False,False
1751666,298,260147.12,0,12.46901,12,10,False,True,False,False,False
1759620,299,179661.06,0,12.098839,12,11,False,True,False,False,False
300253,36,665288.25,0,13.407979,1,12,False,True,False,False,False
935698,183,27831.25,0,10.233987,7,15,False,True,False,False,False
547353,134,70393.48,0,11.161884,5,14,False,True,False,False,False
1798578,302,19834.83,0,9.895296,12,14,False,True,False,False,False
202184,19,290930.84,0,12.580848,0,19,False,True,False,False,False
517432,132,58579.49,0,10.978174,5,12,False,True,False,False,False
2053859,331,138198.31,0,11.836459,13,19,False,True,False,False,False
1230499,225,340386.12,0,12.737842,9,9,False,True,False,False,False
1429001,251,323088.3,0,12.685687,10,11,False,True,False,False,False
116979,15,51593.78,0,10.851195,0,15,False,True,False,False,False
965093,185,63332.26,0,11.056182,7,17,False,True,False,False,False
2529203,400,193696.31,0,12.174057,16,16,False,True,False,False,False
2044888,330,222106.36,0,12.310921,13,18,False,True,False,False,False
1538716,259,233228.19,0,12.359781,10,19,False,True,False,False,False
530667,133,483892.53,0,13.0896225,5,13,False,True,False,False,False
2188339,353,976387.9,0,13.791617,14,17,False,False,False,False,True
1988959,326,1968219.1,0,14.4926405,13,14,False,False,False,False,True
1591382,274,98724.15,0,11.500105,11,10,False,True,False,False,False
184748,18,763320.75,0,13.545436,0,18,False,False,False,False,True
1735476,297,168035.1,0,12.03194,12,9,False,True,False,False,False
1930137,322,34741.99,0,10.455762,13,10,False,True,False,False,False
700620,156,361044.56,0,12.796762,6,12,False,False,False,False,True
1146480,208,3054281.2,0,14.932055,8,16,False,False,False,False,True
2479885,397,41121.61,0,10.624338,16,13,False,True,False,False,False
1589574,274,104878.02,0,11.560573,11,10,False,True,False,False,False
2654355,522,432336.97,0,12.976965,21,18,False,False,False,False,True
155344,17,84114.21,0,11.339954,0,17,False,True,False,False,False
2152198,350,2969863.8,0,14.904027,14,14,False,False,False,False,True
1156396,209,264378.6,0,12.485145,8,17,False,True,False,False,False
2078990,333,1817875.4,0,14.41318,13,21,False,False,False,False,True
441732,45,102925.55,0,11.54178,1,21,False,True,False,False,False
2629705,469,42415.8,0,10.655323,19,13,False,True,False,False,False
976964,186,111716.23,0,11.623735,7,18,False,True,False,False,False
85471,13,122580.91,0,11.716543,0,13,False,True,False,False,False
855824,178,44027.98,0,10.692626,7,10,False,True,False,False,False
1541316,259,167710.45,0,12.030006,10,19,False,True,False,False,False
2654513,522,151746.62,0,11.92998,21,18,False,True,False,False,False
552742,134,223801.23,0,12.318522,5,14,False,True,False,False,False
779586,162,63513.44,0,11.059038,6,18,False,True,False,False,False
138623,16,1713607.9,0,14.354113,0,16,False,False,False,False,True
2107953,346,88040.18,0,11.3855715,14,10,False,True,False,False,False
127503,15,167601.4,0,12.029356,0,15,False,True,False,False,False
2043211,330,148223.17,0,11.906487,13,18,False,True,False,False,False
1652432,280,226098.66,0,12.328735,11,16,False,True,False,False,False
1933819,322,198474.36,0,12.198425,13,10,False,True,False,False,False
2604885,405,73784.32,0,11.208929,16,21,False,True,False,False,False
1637193,278,36806.07,0,10.513473,11,14,False,True,False,False,False
191179,18,20652.03,0,9.935666,0,18,False,True,False,False,False
507784,132,87879.52,0,11.383745,5,12,False,True,False,False,False
2559654,402,233127.4,0,12.359349,16,18,False,True,False,False,False
2201315,354,142204.08,0,11.865032,14,18,False,True,False,False,False
1819571,304,71001.09,0,11.170479,12,16,False,True,False,False,False
127861,15,329090.56,0,12.704094,0,15,False,True,False,False,False
1569708,261,228479.02,0,12.339209,10,21,False,True,False,False,False
656118,142,115232.09,0,11.654721,5,22,False,True,False,False,False
107513,14,148521.45,0,11.908498,0,14,False,True,False,False,False
1047110,201,13072.56,0,9.478424,8,9,False,True,False,False,False
641346,140,203243.52,0,12.22217,5,20,False,True,False,False,False
600443,138,415263.62,0,12.936674,5,18,False,True,False,False,False
1622459,277,2364.67,0,7.769239,11,13,False,True,False,False,False
485251,130,222805.55,0,12.314064,5,10,False,True,False,False,False
2208788,354,30416.58,0,10.322809,14,18,False,True,False,False,False
1994341,327,172371.81,0,12.057421,13,15,False,True,False,False,False
1873645,307,68186.45,0,11.130031,12,19,False,True,False,False,False
1544753,259,69399.81,0,11.147668,10,19,False,True,False,False,False
4576,8,753106.8,0,13.531965,0,8,False,False,False,False,True
1118345,206,310217.06,0,12.645034,8,14,False,True,False,False,False
1990495,327,321921.56,0,12.68207,13,15,False,True,False,False,False
54711,11,65358.13,0,11.087667,0,11,False,True,False,False,False
396585,42,106551.06,0,11.576399,1,18,False,True,False,False,False
2551719,402,66553.46,0,11.105791,16,18,False,True,False,False,False
215446,19,15202.24,0,9.62933,0,19,False,True,False,False,False
980328,186,15813.8,0,9.668765,7,18,False,True,False,False,False
1060959,202,287665.62,0,12.569561,8,10,False,True,False,False,False
868692,179,247374.97,0,12.418669,7,11,False,True,False,False,False
1242033,226,221780.56,0,12.309453,9,10,False,True,False,False,False
1323182,232,63569.91,0,11.059927,9,16,False,False,False,False,True
252875,33,216705.6,0,12.286304,1,9,False,True,False,False,False
2140110,349,738375.1,0,13.51221,14,13,False,False,False,False,True
2120376,347,30640.66,0,10.330149,14,11,False,True,False,False,False
1718419,285,190105.27,0,12.155344,11,21,False,True,False,False,False
890834,180,82511.99,0,11.320724,7,12,False,True,False,False,False
306467,36,362799.22,0,12.80161,1,12,False,True,False,False,False
1751317,298,536559.1,0,13.192936,12,10,False,True,False,False,False
367480,41,139042.03,0,11.8425455,1,17,False,True,False,False,False
2191067,353,1129536.9,0,13.93732,14,17,False,False,False,False,True
1097954,204,184821.11,0,12.127154,8,12,False,True,False,False,False
1811190,303,110861.14,0,11.616052,12,15,False,True,False,False,False
299978,36,113470.99,0,11.63932,1,12,False,True,False,False,False
147571,16,62616.68,0,11.044819,0,16,False,True,False,False,False
450158,47,70254.39,0,11.159906,1,23,False,True,False,False,False
926272,183,101071.96,0,11.523608,7,15,False,True,False,False,False
1177473,210,88918.62,0,11.395499,8,18,False,True,False,False,False
239066,21,31917.67,0,10.370977,0,21,False,True,False,False,False
2353182,376,115619.08,0,11.658073,15,16,False,True,False,False,False
626036,139,100235.04,0,11.515293,5,19,False,True,False,False,False
231244,20,626.85,0,6.443893,0,20,False,True,False,False,False
1163252,209,318638.75,0,12.67182,8,17,False,True,False,False,False
2508207,399,24309.08,0,10.098687,16,15,False,True,False,False,False
2376091,378,146091.44,0,11.892002,15,18,False,True,False,False,False
208923,19,858765.25,0,13.663253,0,19,False,False,False,False,True
665211,153,470959.56,0,13.062531,6,9,False,False,False,False,True
1881720,307,360646.6,0,12.795659,12,19,False,False,False,False,True
610317,138,50820.76,0,10.8361,5,18,False,True,False,False,False
756454,160,166396.11,0,12.022139,6,16,False,True,False,False,False
793137,162,396777.22,0,12.891135,6,18,False,True,False,False,False
1120117,206,117537.43,0,11.674529,8,14,False,True,False,False,False
334944,38,161296.45,0,11.991012,1,14,False,True,False,False,False
2679870,546,161034.8,0,11.989388,22,18,False,True,False,False,False
582889,137,105134.48,0,11.563015,5,17,False,True,False,False,False
2066660,332,355121.62,0,12.780221,13,20,False,True,False,False,False
929907,183,87505.59,0,11.379481,7,15,False,True,False,False,False
1737887,297,538205.06,0,13.195999,12,9,False,False,False,False,True
1079694,203,228520.97,0,12.339392,8,11,False,True,False,False,False
83623,13,28011.69,0,10.240449,0,13,False,True,False,False,False
1010979,187,389563.4,0,12.872787,7,19,False,True,False,False,False
1723976,286,162119.97,0,11.996104,11,22,False,True,False,False,False
2191642,353,117627.56,0,11.675296,14,17,False,True,False,False,False
223281,20,94985.51,0,11.461501,0,20,False,True,False,False,False
1560073,260,97581.15,0,11.488461,10,20,False,True,False,False,False
1103634,205,153092.12,0,11.938808,8,13,False,True,False,False,False
635305,140,20458.82,0,9.926268,5,20,False,True,False,False,False
155865,17,233902.7,0,12.362669,0,17,False,True,False,False,False
504834,131,460458.8,0,13.039983,5,11,False,True,False,False,False
1390319,237,281528.2,0,12.547995,9,21,False,True,False,False,False
2518062,400,80801.35,0,11.299774,16,16,False,False,False,False,True
361462,40,12038.32,0,9.396016,1,16,False,False,False,False,True
2728317,612,332014.12,0,12.712939,25,12,False,True,False,False,False
656587,142,113863.2,0,11.642771,5,22,False,True,False,False,False
1647486,279,64526.42,0,11.074862,11,15,False,False,False,False,True
172259,17,17787.92,0,9.786387,0,17,False,True,False,False,False
1681229,282,480609.38,0,13.082814,11,18,False,True,False,False,False
1843197,305,76201.9,0,11.241168,12,17,False,True,False,False,False
669176,153,34835.38,0,10.4584465,6,9,False,True,False,False,False
1892277,308,152518.05,0,11.935051,12,20,False,True,False,False,False
524348,133,233530.98,0,12.361078,5,13,False,True,False,False,False
1187685,211,201673.88,0,12.214417,8,19,False,True,False,False,False
400948,43,199434.27,0,12.20325,1,19,False,True,False,False,False
906079,181,33103.5,0,10.4074545,7,13,False,True,False,False,False
2270297,369,44314.04,0,10.699102,15,9,False,True,False,False,False
2715082,592,166441.06,0,12.0224085,24,16,False,True,False,False,False
1606530,276,273474.8,0,12.518972,11,12,False,True,False,False,False
889655,180,11463.72,0,9.347117,7,12,False,True,False,False,False
517811,132,253898.31,0,12.444697,5,12,False,True,False,False,False
464921,119,66898.87,0,11.110968,4,23,False,True,False,False,False
1311610,232,625317.25,0,13.346018,9,16,False,False,False,False,True
265446,34,30957.05,0,10.340421,1,10,False,True,False,False,False
2006658,328,76924.02,0,11.2506,13,16,False,True,False,False,False
2524192,400,467902.6,0,13.05602,16,16,False,False,False,False,True
1470653,254,143912.8,0,11.876977,10,14,False,True,False,False,False
459107,94,52786.95,0,10.874057,3,22,False,False,False,False,True
614193,139,216801.69,0,12.286748,5,19,False,True,False,False,False
637328,140,146271.05,0,11.89323,5,20,False,True,False,False,False
1871908,307,100535.48,0,11.518286,12,19,False,True,False,False,False
1184208,211,510494.16,0,13.143139,8,19,False,False,False,False,True
707390,156,1034327.1,0,13.849263,6,12,False,False,False,False,True
2310762,373,65676.45,0,11.092526,15,13,False,True,False,False,False
1829832,304,134544.36,0,11.809664,12,16,False,False,False,False,True
2246274,356,5079014.5,0,15.440628,14,20,False,False,False,False,True
1820575,304,140916.56,0,11.855937,12,16,False,True,False,False,False
821038,164,59225.21,0,10.989137,6,20,False,True,False,False,False
2739988,661,215280.06,0,12.279704,27,13,False,True,False,False,False
2378422,378,33074.74,0,10.406586,15,18,False,True,False,False,False
1807139,302,17564.07,0,9.773725,12,14,False,True,False,False,False
1123083,206,177590.06,0,12.087244,8,14,False,True,False,False,False
2407151,380,158038.44,0,11.970606,15,20,False,True,False,False,False
503310,131,101303.39,0,11.525895,5,11,False,True,False,False,False
2477884,397,731.83,0,6.5982776,16,13,False,True,False,False,False
928800,183,42313.72,0,10.652914,7,15,False,True,False,False,False
1312747,232,22068.36,0,10.001991,9,16,False,True,False,False,False
2386208,379,75605.12,0,11.233306,15,19,False,True,False,False,False
2521230,400,234144.55,0,12.363703,16,16,False,True,False,False,False
29231,10,91061.54,0,11.4193125,0,10,False,True,False,False,False
2349979,376,265090.1,0,12.487833,15,16,False,True,False,False,False
2650651,517,371434.94,0,12.825134,21,13,False,True,False,False,False
1140291,207,254018.52,0,12.44517,8,15,False,True,False,False,False
1834814,305,291506.84,0,12.582826,12,17,False,True,False,False,False
2152467,350,319746.5,0,12.67529,14,14,False,True,False,False,False
2563394,402,108533.02,0,11.594829,16,18,False,True,False,False,False
1486219,255,315517.72,0,12.661977,10,15,False,True,False,False,False
54047,11,115070.29,0,11.653316,0,11,False,True,False,False,False
2038236,330,113216.25,0,11.637073,13,18,False,True,False,False,False
1906649,309,120576.92,0,11.70006,12,21,False,True,False,False,False
789926,162,765370.9,0,13.548119,6,18,False,False,False,False,True
836259,165,86151.95,0,11.363892,6,21,False,True,False,False,False
2461576,396,148965.98,0,11.911487,16,12,False,True,False,False,False
1750890,298,321063.94,0,12.679401,12,10,False,True,False,False,False
208530,19,43251.51,0,10.674833,0,19,False,True,False,False,False
1499272,256,227746.38,0,12.335997,10,16,False,True,False,False,False
1061171,202,287162.56,0,12.567811,8,10,False,True,False,False,False
2672075,542,96015.09,0,11.472281,22,14,False,True,False,False,False
213609,19,48444.89,0,10.788223,0,19,False,False,False,False,True
14678,9,59305.55,0,10.990492,0,9,False,True,False,False,False
1631950,278,590210.56,0,13.288239,11,14,False,False,False,False,True
1822558,304,61644.06,0,11.029164,12,16,False,True,False,False,False
1304044,231,12977.53,0,9.471128,9,15,False,True,False,False,False
1268441,228,5048.19,0,8.527182,9,12,False,True,False,False,False
1584992,274,231347.95,0,12.3516865,11,10,False,True,False,False,False
1677320,282,87565.64,0,11.380167,11,18,False,True,False,False,False
973536,186,1611454.2,0,14.292649,7,18,False,False,False,False,True
1977312,325,377409.06,0,12.84109,13,13,False,True,False,False,False
2441620,394,384294.94,0,12.859171,16,10,False,True,False,False,False
242036,21,801823.1,0,13.5946455,0,21,False,False,False,False,True
1474232,254,163509.27,0,12.004637,10,14,False,True,False,False,False
304937,36,607015.06,0,13.316312,1,12,False,False,False,False,True
399143,42,181061.06,0,12.106601,1,18,False,True,False,False,False
1026771,188,271595.38,0,12.512076,7,20,False,True,False,False,False
230938,20,554811.94,0,13.226388,0,20,False,True,False,False,False
808597,163,204665.52,0,12.229142,6,19,False,True,False,False,False
2244202,356,114565.86,0,11.648923,14,20,False,True,False,False,False
1285261,229,88274.54,0,11.388229,9,13,False,True,False,False,False
785725,162,368337.84,0,12.816761,6,18,False,True,False,False,False
109154,14,71215.93,0,11.1735,0,14,False,True,False,False,False
2468261,396,227769.66,0,12.336099,16,12,False,True,False,False,False
1811533,303,160465.12,0,11.985845,12,15,False,True,False,False,False
1824333,304,6342.64,0,8.755365,12,16,False,True,False,False,False
2579602,403,184526.64,0,12.12556,16,19,False,True,False,False,False
1326966,233,97499.76,0,11.487626,9,17,False,True,False,False,False
2220255,355,937803.9,0,13.751298,14,19,False,False,False,False,True
116516,15,164916.39,0,12.0132065,0,15,False,True,False,False,False
800375,163,96440.3,0,11.4767,6,19,False,True,False,False,False
744540,159,130508.38,0,11.779208,6,15,False,True,False,False,False
2573209,403,341630.28,0,12.74149,16,19,False,False,False,False,True
142803,16,16931.1,0,9.737025,0,16,False,True,False,False,False
200276,19,299686.2,0,12.610497,0,19,False,True,False,False,False
329852,38,215085.9,0,12.278802,1,14,False,True,False,False,False
1464377,253,391989.25,0,12.878995,10,13,False,True,False,False,False
711640,157,115443.72,0,11.656556,6,13,False,True,False,False,False
141979,16,18752.66,0,9.839197,0,16,False,True,False,False,False
261014,33,181640.88,0,12.1097975,1,9,False,True,False,False,False
59358,12,967474.1,0,13.782446,0,12,False,False,False,False,True
346898,39,243776.69,0,12.4040165,1,15,False,True,False,False,False
1696694,283,257465.95,0,12.458651,11,19,False,True,False,False,False
2019809,329,106694.41,0,11.577743,13,17,False,True,False,False,False
2156338,350,790591.25,0,13.580539,14,14,False,False,False,False,True
922013,182,20712.79,0,9.938603,7,14,False,True,False,False,False
1434539,251,396511.03,0,12.890464,10,11,False,True,False,False,False
2328784,374,605403.25,0,13.313653,15,14,False,False,False,False,True
1271433,228,59958.43,0,11.00144,9,12,False,True,False,False,False
1106862,205,1284400.6,0,14.0658045,8,13,False,False,False,False,True
1338696,234,477001.06,0,13.075278,9,18,False,False,False,False,True
835032,165,114082.19,0,11.644692,6,21,False,True,False,False,False
596018,137,91303.18,0,11.421963,5,17,False,True,False,False,False
131872,15,10975.31,0,9.303586,0,15,False,True,False,False,False
1731380,297,97207.1,0,11.48462,12,9,False,True,False,False,False
1566861,260,132209.66,0,11.792159,10,20,False,True,False,False,False
466892,129,356360.53,0,12.783704,5,9,False,True,False,False,False
84909,13,159948.84,0,11.982622,0,13,False,True,False,False,False
1864821,306,667265.1,0,13.410946,12,18,False,False,False,False,True
971057,186,236638.86,0,12.374299,7,18,False,True,False,False,False
1903682,308,1001328.1,0,13.81684,12,20,False,False,False,False,True
269805,34,20211.35,0,9.914099,1,10,False,True,False,False,False
416751,43,291160.16,0,12.581635,1,19,False,True,False,False,False
851176,177,529146.56,0,13.179025,7,9,False,True,False,False,False
55256,11,105310.83,0,11.564691,0,11,False,True,False,False,False
1004673,187,224498.56,0,12.321633,7,19,False,False,False,False,True
95510,14,131307.47,0,11.785313,0,14,False,True,False,False,False
2263911,359,22871.25,0,10.037724,14,23,False,True,False,False,False
1376478,236,121930.99,0,11.711227,9,20,False,True,False,False,False
2531037,401,199939.48,0,12.20578,16,17,False,True,False,False,False
293517,36,102154.44,0,11.534261,1,12,False,True,False,False,False
1261042,227,486264.72,0,13.094513,9,11,False,True,False,False,False
447535,46,52887.89,0,10.875968,1,22,False,True,False,False,False
536332,133,587944.8,0,13.284391,5,13,False,False,False,False,True
2660271,522,258819.53,0,12.463894,21,18,False,True,False,False,False
1334884,234,157954.94,0,11.9700775,9,18,False,True,False,False,False
665865,153,390507.38,0,12.875207,6,9,False,True,False,False,False
1282867,229,110831.17,0,11.615782,9,13,False,True,False,False,False
1725766,286,229262.95,0,12.342633,11,22,False,True,False,False,False
2302083,372,129014.18,0,11.7676935,15,12,False,False,False,False,True
1940735,323,304764.7,0,12.627302,13,11,False,True,False,False,False
558280,135,77865.0,0,11.262757,5,15,False,True,False,False,False
459332,94,249439.36,0,12.426979,3,22,False,True,False,False,False
1014042,188,168382.84,0,12.034007,7,20,False,True,False,False,False
2600733,404,252677.17,0,12.439876,16,20,False,True,False,False,False
2114722,347,138423.25,0,11.838086,14,11,False,True,False,False,False
255438,33,665265.2,0,13.407944,1,9,False,True,False,False,False
163698,17,92688.06,0,11.4370165,0,17,False,True,False,False,False
2335241,375,188806.06,0,12.148486,15,15,False,True,False,False,False
1472573,254,112244.99,0,11.628457,10,14,False,True,False,False,False
531898,133,156712.81,0,11.962183,5,13,False,True,False,False,False
1712021,284,101951.89,0,11.532276,11,20,False,True,False,False,False
1061844,202,290847.03,0,12.58056,8,10,False,False,False,False,True
2010859,328,118786.51,0,11.6851,13,16,False,True,False,False,False
1966703,325,227471.48,0,12.334789,13,13,False,True,False,False,False
67963,12,50375.49,0,10.8273,0,12,False,True,False,False,False
45490,11,114639.48,0,11.649565,0,11,False,True,False,False,False
879782,179,101256.52,0,11.525433,7,11,False,True,False,False,False
1764171,299,211872.16,0,12.263748,12,11,False,True,False,False,False
466385,129,354783.6,0,12.779269,5,9,False,True,False,False,False
2704954,587,1120846.0,0,13.929596,24,11,False,False,False,False,True
1194131,211,198381.73,0,12.197959,8,19,False,True,False,False,False
151736,16,127027.37,0,11.752173,0,16,False,True,False,False,False
2324180,374,72333.73,0,11.189074,15,14,False,True,False,False,False
264328,34,95329.09,0,11.465112,1,10,False,True,False,False,False
1740715,298,28018.21,0,10.240682,12,10,False,True,False,False,False
1995580,327,13815.29,0,9.533676,13,15,False,True,False,False,False
525560,133,169837.23,0,12.042607,5,13,False,True,False,False,False
1510323,257,151733.64,0,11.929895,10,17,False,True,False,False,False
433049,44,317718.4,0,12.668927,1,20,False,True,False,False,False
2380047,379,293276.97,0,12.58888,15,19,False,True,False,False,False
1340970,234,271004.94,0,12.5099,9,18,False,True,False,False,False
1191603,211,185776.92,0,12.132313,8,19,False,True,False,False,False
1632876,278,109768.61,0,11.606148,11,14,False,True,False,False,False
201470,19,85483.49,0,11.356102,0,19,False,True,False,False,False
1063376,202,237398.77,0,12.377505,8,10,False,False,False,False,True
2136495,349,33000.59,0,10.404342,14,13,False,True,False,False,False
2475527,397,63442.5,0,11.05792,16,13,False,True,False,False,False
822389,164,210996.55,0,12.259606,6,20,False,True,False,False,False
2332258,374,2807.72,0,7.9408402,15,14,False,True,False,False,False
1144252,208,176807.8,0,12.082829,8,16,False,True,False,False,False
2002464,328,73884.04,0,11.210279,13,16,False,True,False,False,False
186697,18,99818.48,0,11.511128,0,18,False,True,False,False,False
2008264,328,4073607.0,0,15.22004,13,16,False,False,False,False,True
559590,135,127167.02,0,11.753272,5,15,False,True,False,False,False
165014,17,189831.89,0,12.153905,0,17,False,True,False,False,False
1775110,300,103184.69,0,11.544295,12,12,False,True,False,False,False
1066981,203,156792.69,0,11.962692,8,11,False,True,False,False,False
1900160,308,81774.14,0,11.311741,12,20,False,True,False,False,False
324647,38,52883.82,0,10.875891,1,14,False,False,False,False,True
1310142,231,1799621.2,0,14.403088,9,15,False,False,False,False,True
1891288,308,107752.85,0,11.587614,12,20,False,True,False,False,False
1791255,301,55755.73,0,10.928771,12,13,False,True,False,False,False
2002945,328,172395.97,0,12.057561,13,16,False,True,False,False,False
835696,165,476783.78,0,13.074822,6,21,False,False,False,False,True
1090025,204,142035.4,0,11.863846,8,12,False,True,False,False,False
484217,130,276746.62,0,12.530865,5,10,False,True,False,False,False
2004415,328,128664.21,0,11.7649765,13,16,False,True,False,False,False
1938489,323,247097.38,0,12.417546,13,11,False,True,False,False,False
2624111,439,131383.2,0,11.785889,18,7,False,True,False,False,False
846940,168,659025.7,0,13.39852,7,0,False,False,False,False,True
1019909,188,25615.54,0,10.151032,7,20,False,True,False,False,False
1157203,209,47704.67,0,10.772826,8,17,False,True,False,False,False
2216130,354,219181.66,0,12.297666,14,18,False,True,False,False,False
1802386,302,459242.7,0,13.037338,12,14,False,True,False,False,False
1731797,297,223553.9,0,12.317417,12,9,False,True,False,False,False
1672675,281,76037.91,0,11.239014,11,17,False,True,False,False,False
647202,140,198253.98,0,12.197314,5,20,False,True,False,False,False
319107,37,11398.05,0,9.341373,1,13,False,True,False,False,False
1864212,306,105369.87,0,11.565251,12,18,False,True,False,False,False
2544633,401,95093.86,0,11.462641,16,17,False,True,False,False,False
1247534,227,24112.52,0,10.0905695,9,11,False,True,False,False,False
991514,187,394276.1,0,12.884811,7,19,False,True,False,False,False
1858988,306,42738.32,0,10.662898,12,18,False,True,False,False,False
2174304,352,95855.48,0,11.470618,14,16,False,True,False,False,False
2258664,358,192331.58,0,12.166986,14,22,False,True,False,False,False
874355,179,384146.47,0,12.858785,7,11,False,False,False,False,True
2722299,596,1037778.7,0,13.852595,24,20,False,False,False,False,True
684569,155,121471.97,0,11.707456,6,11,False,True,False,False,False
517815,132,118000.2,0,11.678458,5,12,False,True,False,False,False
2360313,377,167441.69,0,12.028402,15,17,False,True,False,False,False
195001,18,633056.8,0,13.358318,0,18,False,False,False,False,True
2408456,380,196232.38,0,12.187065,15,20,False,True,False,False,False
1784698,301,875933.0,0,13.683047,12,13,False,False,False,False,True
615179,139,20640.0,0,9.935083,5,19,False,True,False,False,False
200632,19,32668.93,0,10.394241,0,19,False,False,False,False,True
134597,16,241217.44,0,12.393462,0,16,False,True,False,False,False
1250975,227,198845.48,0,12.200294,9,11,False,True,False,False,False
2669580,538,376631.03,0,12.839026,22,10,False,True,False,False,False
2433862,393,56633.7,0,10.944395,16,9,False,True,False,False,False
1674680,282,177551.27,0,12.087026,11,18,False,True,False,False,False
1264036,228,101133.46,0,11.524216,9,12,False,True,False,False,False
97975,14,187878.66,0,12.143562,0,14,False,True,False,False,False
155652,17,316781.22,0,12.665973,0,17,False,True,False,False,False
1530821,258,15539.99,0,9.6513,10,18,False,True,False,False,False
866315,178,525141.1,0,13.171426,7,10,False,False,False,False,True
2685433,548,186631.7,0,12.136903,22,20,False,True,False,False,False
644449,140,1024979.94,0,13.840185,5,20,False,False,False,False,True
1936931,322,62572.29,0,11.044109,13,10,False,True,False,False,False
261580,33,195618.56,0,12.183932,1,9,False,True,False,False,False
921991,182,314706.8,0,12.659403,7,14,False,False,False,False,True
1237386,226,33007.86,0,10.404562,9,10,False,True,False,False,False
909023,181,943054.75,0,13.756882,7,13,False,False,False,False,True
2551925,402,281857.94,0,12.549166,16,18,False,True,False,False,False
944833,184,2167164.8,0,14.588931,7,16,False,False,False,False,True
1115608,206,68993.57,0,11.141798,8,14,False,True,False,False,False
941009,184,150546.48,0,11.922041,7,16,False,True,False,False,False
1793889,301,462311.34,0,13.043998,12,13,False,True,False,False,False
1328572,233,209652.44,0,12.253216,9,17,False,False,False,False,True
488213,130,179586.2,0,12.098422,5,10,False,True,False,False,False
1090133,204,99022.52,0,11.503123,8,12,False,True,False,False,False
1222584,214,1315861.5,0,14.090004,8,22,False,False,False,False,True
1088296,204,253943.45,0,12.444875,8,12,False,False,False,False,True
1779511,300,366766.38,0,12.812486,12,12,False,True,False,False,False
563251,135,221449.58,0,12.30796,5,15,False,True,False,False,False
2306310,372,132533.3,0,11.794604,15,12,False,True,False,False,False
1915298,311,306521.9,0,12.633051,12,23,False,True,False,False,False
1006051,187,1356351.8,0,14.120311,7,19,False,False,False,False,True
1754032,299,311933.56,0,12.650552,12,11,False,False,False,False,True
1559847,260,90550.23,0,11.413682,10,20,False,True,False,False,False
1016324,188,157029.31,0,11.964201,7,20,False,True,False,False,False
1015911,188,28367.31,0,10.253063,7,20,False,True,False,False,False
2564275,402,24619.06,0,10.111358,16,18,False,True,False,False,False
541169,134,304091.25,0,12.62509,5,14,False,True,False,False,False
1649884,280,154594.75,0,11.948575,11,16,False,True,False,False,False
1933227,322,108914.56,0,11.598337,13,10,False,True,False,False,False
2030727,330,886326.6,0,13.694843,13,18,False,False,False,False,True
2471486,396,149772.9,0,11.916889,16,12,False,True,False,False,False
1193394,211,128243.47,0,11.761702,8,19,False,True,False,False,False
979894,186,127779.42,0,11.758077,7,18,False,True,False,False,False
1586599,274,188438.58,0,12.146538,11,10,False,True,False,False,False
1743722,298,639423.1,0,13.368325,12,10,False,False,False,False,True
235941,20,1620.28,0,7.3915877,0,20,False,True,False,False,False
88478,13,238173.61,0,12.380764,0,13,False,True,False,False,False
1027651,188,113010.18,0,11.635251,7,20,False,True,False,False,False
1742930,298,239453.64,0,12.386124,12,10,False,True,False,False,False
2273230,370,130451.11,0,11.7787695,15,10,False,True,False,False,False
2643107,496,41343.48,0,10.629719,20,16,False,True,False,False,False
152347,16,266893.16,0,12.494611,0,16,False,True,False,False,False
851557,177,19588.62,0,9.882806,7,9,False,True,False,False,False
1184305,211,73465.37,0,11.2045965,8,19,False,True,False,False,False
1418824,250,102578.63,0,11.538404,10,10,False,True,False,False,False
1861672,306,114623.04,0,11.649422,12,18,False,True,False,False,False
712057,157,262264.7,0,12.477118,6,13,False,True,False,False,False
106823,14,283529.03,0,12.555077,0,14,False,True,False,False,False
2732942,637,53458.69,0,10.886702,26,13,False,True,False,False,False
939839,184,705899.0,0,13.46723,7,16,False,True,False,False,False
2419008,381,136771.66,0,11.826083,15,21,False,True,False,False,False
2653635,520,225274.53,0,12.325084,21,16,False,True,False,False,False
2051863,331,900292.3,0,13.710477,13,19,False,False,False,False,True
1538361,259,269382.97,0,12.503897,10,19,False,True,False,False,False
669652,153,190426.73,0,12.157033,6,9,False,False,False,False,True
2037638,330,46264.83,0,10.742181,13,18,False,True,False,False,False
812452,163,12027.02,0,9.395078,6,19,False,True,False,False,False
2761543,692,212628.05,0,12.267309,28,20,False,True,False,False,False
610404,138,282947.5,0,12.553023,5,18,False,True,False,False,False
164360,17,460719.88,0,13.04055,0,17,False,True,False,False,False
2685920,548,66542.13,0,11.10562,22,20,False,False,False,False,True
2054385,331,178452.84,0,12.092091,13,19,False,True,False,False,False
1462277,253,128993.35,0,11.767531,10,13,False,True,False,False,False
782147,162,47649.44,0,10.771668,6,18,False,True,False,False,False
279412,35,39216.38,0,10.5769005,1,11,False,True,False,False,False
1747883,298,373270.9,0,12.830065,12,10,False,True,False,False,False
946054,184,657681.8,0,13.39648,7,16,False,False,False,False,True
1771587,300,142362.8,0,11.866148,12,12,False,True,False,False,False
2093328,345,198386.58,0,12.197983,14,9,False,True,False,False,False
1766314,299,85499.79,0,11.356293,12,11,False,True,False,False,False
1569980,261,276793.4,0,12.5310335,10,21,False,True,False,False,False
2241379,356,91742.64,0,11.4267645,14,20,False,True,False,False,False
1162172,209,206453.48,0,12.23784,8,17,False,True,False,False,False
685194,155,1744026.2,0,14.371708,6,11,False,False,False,False,True
225313,20,172767.08,0,12.059711,0,20,False,True,False,False,False
2269572,369,195651.97,0,12.184103,15,9,False,True,False,False,False
1189382,211,54570.82,0,10.907291,8,19,False,True,False,False,False
2454584,395,305837.97,0,12.630817,16,11,False,True,False,False,False
1153250,208,53702.11,0,10.891245,8,16,False,True,False,False,False
2083091,333,509766.16,0,13.141711,13,21,False,False,False,False,True
2674467,544,327647.28,0,12.699699,22,16,False,True,False,False,False
1394351,238,492867.1,0,13.107999,9,22,False,True,False,False,False
2091002,337,125369.71,0,11.739038,14,1,False,True,False,False,False
1220616,214,106658.72,0,11.577408,8,22,False,True,False,False,False
363128,40,323946.75,0,12.68834,1,16,False,False,False,False,True
1703690,283,305818.22,0,12.630753,11,19,False,False,False,False,True
480305,130,411264.94,0,12.926998,5,10,False,True,False,False,False
2256748,357,99693.96,0,11.50988,14,21,False,True,False,False,False
483949,130,132599.52,0,11.795104,5,10,False,True,False,False,False
618484,139,10043.91,0,9.214921,5,19,False,True,False,False,False
2596920,404,356684.6,0,12.784613,16,20,False,False,False,False,True
447103,46,11598.84,0,9.358832,1,22,False,True,False,False,False
1568511,261,1802406.4,0,14.404634,10,21,False,False,False,False,True
1355246,235,282015.75,0,12.549726,9,19,False,True,False,False,False
701125,156,259639.56,0,12.467057,6,12,False,False,False,False,True
2204234,354,257265.55,0,12.457871,14,18,False,True,False,False,False
2762417,692,3785.74,0,8.239525,28,20,False,True,False,False,False
60190,12,81516.61,0,11.308587,0,12,False,True,False,False,False
1024568,188,282178.88,0,12.550303,7,20,False,True,False,False,False
2513325,399,138170.83,0,11.836261,16,15,False,True,False,False,False
1714808,284,2620.13,0,7.8717422,11,20,False,True,False,False,False
153816,17,181106.73,0,12.106853,0,17,False,True,False,False,False
2424686,382,391110.38,0,12.87675,15,22,False,False,False,False,True
2125400,348,802305.75,0,13.595247,14,12,False,False,False,False,True
1086506,204,130726.37,0,11.780877,8,12,False,True,False,False,False
1729879,289,289539.1,0,12.576053,12,1,False,True,False,False,False
915321,182,197102.55,0,12.191489,7,14,False,True,False,False,False
1654102,280,181783.2,0,12.110581,11,16,False,True,False,False,False
2674298,544,158345.05,0,11.972545,22,16,False,True,False,False,False
1703644,283,238198.73,0,12.380869,11,19,False,True,False,False,False
1113207,205,936183.8,0,13.749569,8,13,False,False,False,False,True
228773,20,366282.62,0,12.811166,0,20,False,False,False,False,True
2156306,350,127392.71,0,11.755046,14,14,False,True,False,False,False
1241456,226,4553518.5,0,15.331411,9,10,False,False,False,False,True
1163959,209,82891.59,0,11.325314,8,17,False,True,False,False,False
2650351,517,138619.98,0,11.839506,21,13,False,True,False,False,False
834716,165,15012.21,0,9.616753,6,21,False,True,False,False,False
1323515,232,214331.81,0,12.27529,9,16,False,True,False,False,False
1587892,274,69214.24,0,11.144991,11,10,False,True,False,False,False
649310,141,199063.77,0,12.20139,5,21,False,True,False,False,False
2134023,348,203712.16,0,12.224473,14,12,False,True,False,False,False
949589,184,126275.54,0,11.746238,7,16,False,True,False,False,False
760859,160,78819.17,0,11.274937,6,16,False,True,False,False,False
531978,133,427371.47,0,12.965414,5,13,False,True,False,False,False
459488,95,146501.9,0,11.894808,3,23,False,True,False,False,False
1511598,257,108171.5,0,11.591492,10,17,False,True,False,False,False
19591,9,145421.53,0,11.887405,0,9,False,True,False,False,False
416467,43,326936.25,0,12.697527,1,19,False,True,False,False,False
1704457,284,174534.27,0,12.069888,11,20,False,True,False,False,False
2396168,379,17036.6,0,9.743237,15,19,False,True,False,False,False
924245,182,96178.45,0,11.473982,7,14,False,True,False,False,False
250557,24,301905.6,0,12.617876,1,0,False,False,False,False,True
122236,15,111731.14,0,11.623869,0,15,False,True,False,False,False
1083401,204,361892.25,0,12.799108,8,12,False,True,False,False,False
451233,47,179246.5,0,12.096528,1,23,False,True,False,False,False
2019856,329,82506.44,0,11.320656,13,17,False,True,False,False,False
643268,140,437181.8,0,12.988109,5,20,False,True,False,False,False
2627794,452,638852.0,0,13.367432,18,20,False,False,False,False,True
1304867,231,273821.75,1,12.52024,9,15,False,False,False,False,True
1621778,277,56453.97,0,10.941216,11,13,False,True,False,False,False
991546,187,16293.43,0,9.69864,7,19,False,True,False,False,False
484791,130,309562.22,0,12.6429205,5,10,False,True,False,False,False
1181603,210,234672.06,0,12.3659525,8,18,False,True,False,False,False
2497093,398,66966.93,0,11.111984,16,14,False,True,False,False,False
2667911,529,278295.72,0,12.536447,22,1,False,True,False,False,False
2664819,525,195651.2,0,12.184099,21,21,False,True,False,False,False
1253741,227,271826.97,0,12.512928,9,11,False,True,False,False,False
2144723,349,1129376.2,0,13.937178,14,13,False,False,False,False,True
1474737,254,177123.78,0,12.084616,10,14,False,True,False,False,False
1683224,282,72687.43,0,11.193952,11,18,False,True,False,False,False
1016838,188,71402.39,0,11.176115,7,20,False,True,False,False,False
1293677,230,192672.31,0,12.1687565,9,14,False,True,False,False,False
1799877,302,1504.09,0,7.317272,12,14,False,True,False,False,False
259966,33,650946.25,0,13.386186,1,9,False,True,False,False,False
362511,40,126657.05,0,11.749254,1,16,False,True,False,False,False
729390,158,71767.52,0,11.181215,6,14,False,True,False,False,False
2456808,395,244484.1,0,12.406914,16,11,False,True,False,False,False
2508021,399,117080.89,0,11.670637,16,15,False,True,False,False,False
388523,42,438337.88,0,12.99075,1,18,False,True,False,False,False
145451,16,430348.4,0,12.972355,0,16,False,True,False,False,False
660554,143,573825.06,0,13.260083,5,23,False,False,False,False,True
2334031,375,333025.06,0,12.715979,15,15,False,True,False,False,False
1590573,274,156023.02,0,11.957771,11,10,False,True,False,False,False
1159528,209,118813.76,0,11.685329,8,17,False,True,False,False,False
1545761,259,445263.2,0,13.006425,10,19,False,False,False,False,True
1478849,254,11421.35,0,9.343414,10,14,False,False,False,False,True
1815247,303,19840.13,0,9.895563,12,15,False,True,False,False,False
727976,158,262742.84,0,12.478939,6,14,False,True,False,False,False
2685941,548,30343.92,0,10.320417,22,20,False,True,False,False,False
2110823,347,749209.2,0,13.526776,14,11,False,False,False,False,True
2482301,397,214926.88,0,12.278063,16,13,False,True,False,False,False
761103,160,153939.66,0,11.944329,6,16,False,False,False,False,True
180115,18,329861.5,0,12.706434,0,18,False,True,False,False,False
2049255,331,188084.42,0,12.144657,13,19,False,False,False,False,True
1689947,283,329161.34,0,12.704309,11,19,False,False,False,False,True
2722380,596,2305271.2,0,14.65071,24,20,False,False,False,False,True
2145509,349,49936.68,0,10.818551,14,13,False,True,False,False,False
834312,164,92990.13,0,11.44027,6,20,False,True,False,False,False
1986673,326,89238.07,0,11.399085,13,14,False,True,False,False,False
1448438,252,118318.68,0,11.681154,10,12,False,True,False,False,False
1271200,228,150230.75,0,11.919941,9,12,False,True,False,False,False
84767,13,36809.85,0,10.513576,0,13,False,False,False,False,True
748734,160,126554.45,0,11.748444,6,16,False,True,False,False,False
1091055,204,133137.69,0,11.799154,8,12,False,True,False,False,False
1753988,299,107860.45,0,11.588613,12,11,False,False,False,False,True
1578205,263,385218.38,0,12.861571,10,23,False,False,False,False,True
131055,15,28442.16,0,10.255698,0,15,False,True,False,False,False
2157125,350,218244.81,0,12.293382,14,14,False,True,False,False,False
916801,182,249573.11,0,12.427515,7,14,False,True,False,False,False
224761,20,1559543.0,0,14.259905,0,20,False,False,False,False,True
308724,37,2411600.2,0,14.695802,1,13,False,False,False,False,True
242295,21,79255.69,0,11.280459,0,21,False,True,False,False,False
1749493,298,82789.74,0,11.324083,12,10,False,True,False,False,False
201351,19,351321.0,0,12.769462,0,19,False,True,False,False,False
1724686,286,70786.72,0,11.167455,11,22,False,True,False,False,False
1444564,252,131240.77,0,11.784804,10,12,False,True,False,False,False
2741063,668,1576531.5,1,14.270739,27,20,False,True,False,False,False
31161,10,61285.58,0,11.023333,0,10,False,True,False,False,False
2697027,569,455015.7,0,13.028091,23,17,False,False,False,False,True
2070489,332,32251.73,0,10.381389,13,20,False,False,False,False,True
2095616,345,89002.63,0,11.396443,14,9,False,False,False,False,True
410700,43,59761.11,0,10.998144,1,19,False,True,False,False,False
2763992,694,91355.27,0,11.422533,28,22,False,False,False,False,True
1725144,286,142706.36,0,11.868559,11,22,False,True,False,False,False
1675463,282,172247.56,0,12.0567,11,18,False,True,False,False,False
1721754,285,56655.61,0,10.944781,11,21,False,True,False,False,False
1718580,285,117611.67,0,11.67516,11,21,False,True,False,False,False
110073,14,61379.68,0,11.024867,0,14,False,True,False,False,False
417683,43,41948.37,0,10.644242,1,19,False,True,False,False,False
514513,132,240188.19,0,12.389186,5,12,False,True,False,False,False
1133929,207,250152.2,0,12.429832,8,15,False,True,False,False,False
2025032,329,169860.98,0,12.0427475,13,17,False,True,False,False,False
2569627,403,192490.4,0,12.167812,16,19,False,True,False,False,False
842840,166,411189.7,0,12.926815,6,22,False,True,False,False,False
1400767,249,113920.38,0,11.643272,10,9,False,True,False,False,False
1533229,258,81107.62,0,11.303556,10,18,False,True,False,False,False
368096,41,128036.55,0,11.760087,1,17,False,True,False,False,False
2117334,347,213337.77,0,12.270641,14,11,False,True,False,False,False
1816440,303,145968.02,0,11.891156,12,15,False,True,False,False,False
2579300,403,145094.19,0,11.885152,16,19,False,True,False,False,False
2753923,688,8506.45,0,9.048815,28,16,False,True,False,False,False
1649750,280,292072.12,0,12.584763,11,16,False,False,False,False,True
517615,132,95116.48,0,11.462878,5,12,False,True,False,False,False
1712830,284,401681.1,0,12.903419,11,20,False,True,False,False,False
1192295,211,315017.56,0,12.66039,8,19,False,True,False,False,False
1280497,229,204770.16,0,12.229653,9,13,False,True,False,False,False
2523767,400,209285.5,0,12.251464,16,16,False,True,False,False,False
2480293,397,67810.8,0,11.124506,16,13,False,True,False,False,False
2076854,332,516631.34,0,13.155088,13,20,False,False,False,False,True
714391,157,228992.02,0,12.341452,6,13,False,True,False,False,False
2123200,348,289272.97,0,12.575133,14,12,False,True,False,False,False
1592038,274,175833.88,0,12.077307,11,10,False,True,False,False,False
82074,13,418606.47,0,12.944692,0,13,False,True,False,False,False
781438,162,177535.89,0,12.08694,6,18,False,True,False,False,False
808341,163,318784.66,0,12.672277,6,19,False,True,False,False,False
1629307,278,130924.64,0,11.7823925,11,14,False,True,False,False,False
204759,19,340302.06,0,12.737595,0,19,False,False,False,False,True
306279,36,14099.12,0,9.554009,1,12,False,True,False,False,False
822488,164,26177.97,0,10.1727495,6,20,False,True,False,False,False
1370744,236,188914.44,0,12.14906,9,20,False,True,False,False,False
1742380,298,89564.63,0,11.402739,12,10,False,False,False,False,True
2530086,401,129883.73,0,11.77441,16,17,False,True,False,False,False
1743608,298,243457.34,0,12.402705,12,10,False,True,False,False,False
1507499,256,83728.8,0,11.335362,10,16,False,True,False,False,False
217572,19,137092.05,0,11.828423,0,19,False,True,False,False,False
1592825,275,391071.9,0,12.876652,11,11,False,False,False,False,True
2316908,373,219541.16,0,12.299304,15,13,False,True,False,False,False
1394180,238,33342.93,0,10.414661,9,22,False,True,False,False,False
1981,7,117762.75,0,11.676444,0,7,False,True,False,False,False
1569593,261,53400.79,0,10.885618,10,21,False,True,False,False,False
639687,140,165654.19,0,12.01767,5,20,False,True,False,False,False
486800,130,483007.66,0,13.087792,5,10,False,True,False,False,False
2299492,372,32507.53,0,10.389289,15,12,False,True,False,False,False
2066489,332,46439.81,0,10.745955,13,20,False,True,False,False,False
1277250,229,209927.02,0,12.254525,9,13,False,True,False,False,False
1702646,283,204359.6,0,12.227646,11,19,False,True,False,False,False
1062959,202,115383.55,0,11.656034,8,10,False,True,False,False,False
690558,155,1039453.5,0,13.854208,6,11,False,False,False,False,True
2654628,522,49921.3,0,10.818243,21,18,False,True,False,False,False
616770,139,395767.22,0,12.888587,5,19,False,True,False,False,False
884855,180,473971.53,0,13.068907,7,12,False,True,False,False,False
1062176,202,111954.61,0,11.625867,8,10,False,True,False,False,False
2360951,377,59516.56,0,10.994043,15,17,False,True,False,False,False
1506782,256,169773.61,0,12.0422325,10,16,False,True,False,False,False
285355,35,179003.62,0,12.095173,1,11,False,True,False,False,False
2302906,372,388821.38,0,12.87088,15,12,False,True,False,False,False
1136075,207,280813.47,0,12.545453,8,15,False,True,False,False,False
2339793,375,229928.23,0,12.345531,15,15,False,True,False,False,False
2616709,416,149883.7,0,11.917628,17,8,False,False,False,False,True
2158341,350,163851.9,0,12.00673,14,14,False,True,False,False,False
306842,36,57686.62,0,10.962815,1,12,False,True,False,False,False
1924752,321,3969809.2,0,15.194229,13,9,False,False,False,False,True
2678115,545,221947.33,0,12.3102045,22,17,False,True,False,False,False
636485,140,81220.1,0,11.304943,5,20,False,True,False,False,False
2004881,328,196117.77,0,12.1864805,13,16,False,True,False,False,False
2640400,492,63094.68,0,11.0524235,20,12,False,True,False,False,False
1117808,206,44550.87,0,10.704432,8,14,False,True,False,False,False
752883,160,840341.4,0,13.641566,6,16,False,False,False,False,True
378240,41,327287.06,0,12.698599,1,17,False,False,False,False,True
185697,18,180100.47,0,12.101281,0,18,False,True,False,False,False
1377875,236,306795.22,0,12.633943,9,20,False,True,False,False,False
491108,131,1865777.2,0,14.439189,5,11,False,False,False,False,True
219623,19,270265.4,0,12.507167,0,19,False,True,False,False,False
1080334,203,137167.56,0,11.828973,8,11,False,True,False,False,False
1435435,251,906248.25,0,13.717071,10,11,False,False,False,False,True
2620812,426,68010.55,0,11.127447,17,18,False,True,False,False,False
597975,138,86570.09,0,11.368732,5,18,False,True,False,False,False
1245644,226,288452.16,0,12.572291,9,10,False,True,False,False,False
2125049,348,109377.95,0,11.602583,14,12,False,True,False,False,False
202212,19,177804.78,0,12.088452,0,19,False,True,False,False,False
2332470,374,247517.77,0,12.419246,15,14,False,True,False,False,False
2335173,375,138525.6,0,11.838825,15,15,False,True,False,False,False
1979538,326,939694.5,0,13.753312,13,14,False,False,False,False,True
692179,155,481588.88,0,13.08485,6,11,False,True,False,False,False
381504,41,188436.84,0,12.146529,1,17,False,True,False,False,False
1538675,259,61259.88,0,11.022913,10,19,False,True,False,False,False
1844790,305,35481.91,0,10.476834,12,17,False,True,False,False,False
1351749,235,1217163.4,0,14.012035,9,19,False,False,False,False,True
1221201,214,49221.51,0,10.804127,8,22,False,False,False,False,True
1593710,275,375661.66,0,12.83645,11,11,False,True,False,False,False
2072480,332,158003.89,0,11.970387,13,20,False,True,False,False,False
2034728,330,173106.61,0,12.061674,13,18,False,False,False,False,True
650947,141,196.43,0,5.2904363,5,21,False,False,False,False,True
384280,42,121163.11,0,11.704909,1,18,False,True,False,False,False
2573704,403,172674.6,0,12.0591755,16,19,False,False,False,False,True
2199266,354,6486924.5,0,15.6853,14,18,False,False,False,False,True
2272432,370,349676.3,0,12.764769,15,10,False,True,False,False,False
2016161,329,223942.38,0,12.319153,13,17,False,True,False,False,False
1577610,263,293138.3,0,12.588407,10,23,False,False,False,False,True
2463639,396,77439.75,0,11.257281,16,12,False,True,False,False,False
1855058,306,108872.52,0,11.597951,12,18,False,True,False,False,False
2425558,383,1138227.2,0,13.944984,15,23,False,False,False,False,True
1042862,191,74402.58,0,11.217273,7,23,False,False,False,False,True
368800,41,170870.14,0,12.048671,1,17,False,True,False,False,False
2240166,356,95805.26,0,11.470094,14,20,False,True,False,False,False
990361,186,7794.31,0,8.961406,7,18,False,True,False,False,False
2078952,333,373287.84,0,12.830111,13,21,False,True,False,False,False
2034221,330,121100.93,0,11.704396,13,18,False,True,False,False,False
1422899,251,257994.23,0,12.4607,10,11,False,True,False,False,False
755611,160,22078.06,0,10.00243,6,16,False,True,False,False,False
2376376,378,168296.44,0,12.033494,15,18,False,True,False,False,False
2447980,394,218057.03,0,12.292521,16,10,False,True,False,False,False
1722727,285,12892.66,0,9.464568,11,21,False,True,False,False,False
514102,132,60212.49,0,11.005669,5,12,False,True,False,False,False
1466894,253,177191.55,0,12.084998,10,13,False,True,False,False,False
790727,162,75267.88,0,11.228835,6,18,False,True,False,False,False
2534461,401,478356.1,0,13.0781145,16,17,False,True,False,False,False
2155802,350,148941.25,0,11.911321,14,14,False,True,False,False,False
699847,156,116062.98,0,11.661905,6,12,False,True,False,False,False
2274106,370,55344.29,0,10.921365,15,10,False,True,False,False,False
2053291,331,241103.19,0,12.392988,13,19,False,True,False,False,False
1522005,258,148045.73,0,11.90529,10,18,False,True,False,False,False
467897,129,399479.75,0,12.897923,5,9,False,True,False,False,False
2745538,684,362434.12,0,12.800604,28,12,False,True,False,False,False
1370982,236,65983.08,0,11.097184,9,20,False,True,False,False,False
2470275,396,12830.01,0,9.459698,16,12,False,True,False,False,False
947231,184,270868.47,0,12.509396,7,16,False,True,False,False,False
602651,138,117493.44,0,11.674155,5,18,False,True,False,False,False
2371965,378,43217.0,0,10.674035,15,18,False,True,False,False,False
1467265,253,150607.52,0,11.922446,10,13,False,False,False,False,True
2194495,353,280267.6,0,12.543508,14,17,False,True,False,False,False
1240136,226,227314.12,0,12.334097,9,10,False,True,False,False,False
446729,46,49288.11,0,10.805479,1,22,False,True,False,False,False
2077897,332,178465.16,0,12.09216,13,20,False,True,False,False,False
2443315,394,970202.56,0,13.785262,16,10,False,False,False,False,True
2420380,381,24055.03,0,10.088182,15,21,False,True,False,False,False
2404123,380,151484.11,0,11.928249,15,20,False,True,False,False,False
1569619,261,140652.75,0,11.854064,10,21,False,True,False,False,False
1218747,213,71192.38,0,11.173169,8,21,False,True,False,False,False
890536,180,66647.59,0,11.107204,7,12,False,True,False,False,False
1115347,206,186590.8,0,12.136684,8,14,False,True,False,False,False
1010660,187,406041.34,0,12.914215,7,19,False,False,False,False,True
897082,181,16098.35,0,9.686596,7,13,False,False,False,False,True
2306520,372,199290.67,0,12.20253,15,12,False,True,False,False,False
1383192,236,102796.11,0,11.540523,9,20,False,False,False,False,True
2264517,360,158491.4,0,11.973469,15,0,False,True,False,False,False
2513399,399,295703.06,0,12.597117,16,15,False,True,False,False,False
2418543,381,247676.8,0,12.4198885,15,21,False,True,False,False,False
1542243,259,174022.84,0,12.066954,10,19,False,True,False,False,False
2034758,330,52056.55,0,10.860125,13,18,False,False,False,False,True
2686609,549,794779.7,0,13.585823,22,21,False,False,False,False,True
817341,163,279229.3,0,12.539796,6,19,False,True,False,False,False
596568,137,335336.28,0,12.722895,5,17,False,True,False,False,False
2321232,374,124878.38,0,11.735111,15,14,False,True,False,False,False
1985413,326,286462.75,0,12.565371,13,14,False,True,False,False,False
794742,162,75136.74,0,11.227092,6,18,False,True,False,False,False
797331,163,428158.03,0,12.967253,6,19,False,True,False,False,False
1365700,235,142952.33,0,11.87028,9,19,False,True,False,False,False
152296,16,299911.6,0,12.61125,0,16,False,False,False,False,True
573628,136,121161.94,0,11.7049,5,16,False,True,False,False,False
940078,184,168316.69,0,12.033614,7,16,False,True,False,False,False
2046422,331,309412.75,0,12.642438,13,19,False,True,False,False,False
164850,17,298218.75,0,12.605589,0,17,False,True,False,False,False
2279387,370,39788.84,0,10.5913925,15,10,False,False,False,False,True
293263,36,26053.61,0,10.167989,1,12,False,True,False,False,False
89114,13,131673.56,0,11.788096,0,13,False,True,False,False,False
459980,95,71326.12,0,11.175046,3,23,False,False,False,False,True
2699023,571,156885.33,0,11.963284,23,19,False,True,False,False,False
1219211,213,141855.56,0,11.862578,8,21,False,True,False,False,False
890572,180,117714.57,0,11.676035,7,12,False,True,False,False,False
1858888,306,207973.56,0,12.245176,12,18,False,True,False,False,False
2452418,395,301752.97,0,12.617371,16,11,False,True,False,False,False
2426908,383,98283.83,0,11.495635,15,23,False,True,False,False,False
1243511,226,196452.25,0,12.188185,9,10,False,True,False,False,False
2190754,353,554043.4,0,13.225002,14,17,False,True,False,False,False
2644956,500,297945.44,0,12.604672,20,20,False,False,False,False,True
2367241,378,133016.33,0,11.798243,15,18,False,True,False,False,False
462735,96,79393.51,0,11.282197,4,0,False,True,False,False,False
881011,179,220629.23,0,12.304248,7,11,False,True,False,False,False
1412685,250,2934511.0,0,14.892052,10,10,False,False,False,False,True
1587880,274,36674.81,0,10.5099,11,10,False,False,False,False,True
2744390,683,216356.4,0,12.284692,28,11,False,True,False,False,False
2020406,329,233297.8,0,12.36008,13,17,False,True,False,False,False
1239861,226,234760.75,0,12.366331,9,10,False,True,False,False,False
1565435,260,166023.52,0,12.0198965,10,20,False,True,False,False,False
2308596,373,554297.9,0,13.225461,15,13,False,True,False,False,False
2587068,404,28525.6,0,10.258627,16,20,False,True,False,False,False
1300305,231,350485.28,0,12.767079,9,15,False,True,False,False,False
1054843,202,336993.28,0,12.727824,8,10,False,True,False,False,False
2138085,349,138189.66,0,11.836397,14,13,False,True,False,False,False
754305,160,398953.4,0,12.896605,6,16,False,True,False,False,False
289836,36,118044.53,0,11.678834,1,12,False,True,False,False,False
2142172,349,261896.48,0,12.475712,14,13,False,True,False,False,False
229123,20,201561.52,0,12.21386,0,20,False,True,False,False,False
10328,8,491435.78,0,13.105091,0,8,False,True,False,False,False
1988101,326,143962.34,0,11.877321,13,14,False,True,False,False,False
1575451,262,449831.28,0,13.016632,10,22,False,False,False,False,True
859333,178,41717.16,0,10.638716,7,10,False,True,False,False,False
1508740,257,320838.75,0,12.6787,10,17,False,True,False,False,False
2178805,352,174213.6,0,12.0680485,14,16,False,True,False,False,False
1137284,207,76498.98,0,11.245059,8,15,False,True,False,False,False
2390356,379,56398.66,0,10.940236,15,19,False,True,False,False,False
2298659,372,76952.88,0,11.250975,15,12,False,True,False,False,False
2259759,358,79829.29,0,11.287671,14,22,False,False,False,False,True
1235967,226,192302.67,0,12.166836,9,10,False,True,False,False,False
2129288,348,114918.02,0,11.651992,14,12,False,True,False,False,False
1302562,231,495729.53,0,13.11379,9,15,False,True,False,False,False
1640387,279,380179.38,0,12.848404,11,15,False,True,False,False,False
1075449,203,435483.12,0,12.984216,8,11,False,False,False,False,True
385612,42,201600.92,0,12.214055,1,18,False,True,False,False,False
2377617,378,292151.5,0,12.585034,15,18,False,True,False,False,False
1711495,284,48661.24,0,10.792679,11,20,False,True,False,False,False
1595645,275,127473.32,0,11.755678,11,11,False,True,False,False,False
1716991,284,87631.61,0,11.380919,11,20,False,False,False,False,True
59020,11,223005.33,0,12.31496,0,11,False,True,False,False,False
1497320,256,134089.8,0,11.80628,10,16,False,True,False,False,False
980492,186,174135.67,0,12.067601,7,18,False,False,False,False,True
1791477,301,1088527.8,0,13.900338,12,13,False,False,False,False,True
1871036,307,82020.32,0,11.314747,12,19,False,True,False,False,False
217665,19,231683.03,0,12.353134,0,19,False,True,False,False,False
1314703,232,137924.03,0,11.834473,9,16,False,True,False,False,False
2490082,398,144403.44,0,11.880381,16,14,False,True,False,False,False
548331,134,90322.24,0,11.411161,5,14,False,True,False,False,False
758182,160,159840.1,0,11.981942,6,16,False,False,False,False,True
1046663,201,404373.75,0,12.9101,8,9,False,False,False,False,True
1712444,284,103108.34,0,11.543555,11,20,False,True,False,False,False
623966,139,416529.16,0,12.939716,5,19,False,False,False,False,True
1281577,229,212716.28,0,12.267724,9,13,False,True,False,False,False
2030153,330,204391.62,0,12.227803,13,18,False,True,False,False,False
360879,40,1240.64,0,7.1249933,1,16,False,True,False,False,False
733779,158,189707.66,0,12.15325,6,14,False,True,False,False,False
1069016,203,114246.76,0,11.646133,8,11,False,True,False,False,False
725382,158,227873.58,0,12.3365555,6,14,False,True,False,False,False
2653582,520,34317.21,0,10.44346,21,16,False,True,False,False,False
904381,181,377683.97,0,12.841819,7,13,False,False,False,False,True
496456,131,108378.7,0,11.593406,5,11,False,True,False,False,False
612727,139,65628.4,0,11.091794,5,19,False,True,False,False,False
1332879,234,606783.3,0,13.31593,9,18,False,False,False,False,True
1613771,276,151040.31,0,11.925315,11,12,False,True,False,False,False
161884,17,373957.3,0,12.8319025,0,17,False,True,False,False,False
2097156,345,1594218.6,0,14.281896,14,9,False,False,False,False,True
1892728,308,44519.46,0,10.703727,12,20,False,True,False,False,False
344784,39,154155.8,0,11.945732,1,15,False,True,False,False,False
849357,177,26459.77,0,10.183456,7,9,False,True,False,False,False
2060181,331,285923.62,0,12.563487,13,19,False,True,False,False,False
28590,10,47522.13,0,10.768992,0,10,False,True,False,False,False
1734566,297,522781.84,0,13.1669235,12,9,False,True,False,False,False
1001212,187,128639.37,0,11.764784,7,19,False,True,False,False,False
2630033,469,91900.1,0,11.428479,19,13,False,True,False,False,False
939116,184,415754.97,0,12.937857,7,16,False,False,False,False,True
386154,42,208049.38,0,12.245541,1,18,False,True,False,False,False
1411049,250,348918.03,0,12.762598,10,10,False,True,False,False,False
1467865,253,422404.2,0,12.953723,10,13,False,False,False,False,True
2295413,372,158661.52,0,11.974541,15,12,False,True,False,False,False
1320807,232,269727.06,0,12.505174,9,16,False,True,False,False,False
437835,44,77138.03,0,11.253378,1,20,False,True,False,False,False
217065,19,21046.37,0,9.954578,0,19,False,False,False,False,True
833184,164,264289.53,0,12.484808,6,20,False,True,False,False,False
2553742,402,292128.28,0,12.584955,16,18,False,True,False,False,False
1130971,207,98607.0,0,11.498918,8,15,False,False,False,False,True
1199117,211,189708.6,0,12.153255,8,19,False,True,False,False,False
130707,15,370715.97,0,12.823196,0,15,False,True,False,False,False
2444357,394,175454.83,0,12.075149,16,10,False,True,False,False,False
1150905,208,325858.62,0,12.694225,8,16,False,True,False,False,False
1403034,249,28468.72,0,10.256632,10,9,False,True,False,False,False
224669,20,291591.38,0,12.583116,0,20,False,False,False,False,True
1479101,254,14869.0,0,9.607168,10,14,False,True,False,False,False
868141,179,17938.48,0,9.794815,7,11,False,True,False,False,False
1768946,300,216198.47,0,12.283961,12,12,False,True,False,False,False
192188,18,162116.34,0,11.996082,0,18,False,True,False,False,False
1858748,306,194778.7,0,12.179629,12,18,False,True,False,False,False
2550978,402,13765.91,0,9.530096,16,18,False,True,False,False,False
1285095,229,313228.0,0,12.654693,9,13,False,True,False,False,False
2547084,402,175122.38,0,12.073252,16,18,False,True,False,False,False
1844834,305,80379.34,0,11.294538,12,17,False,True,False,False,False
699492,156,289560.88,0,12.576128,6,12,False,True,False,False,False
1938163,322,1701285.8,0,14.346896,13,10,False,False,False,False,True
2208501,354,59431.4,0,10.992612,14,18,False,True,False,False,False
498011,131,601954.0,0,13.30794,5,11,False,False,False,False,True
1048632,201,118021.87,0,11.678642,8,9,False,True,False,False,False
518337,132,134059.98,0,11.806058,5,12,False,True,False,False,False
1492347,255,154738.58,0,11.949505,10,15,False,True,False,False,False
480510,130,285700.5,0,12.562706,5,10,False,True,False,False,False
1944421,323,112647.05,0,11.632032,13,11,False,True,False,False,False
703116,156,636599.8,0,13.363899,6,12,False,False,False,False,True
1258514,227,330985.62,0,12.709836,9,11,False,True,False,False,False
2291943,371,219330.94,0,12.2983465,15,11,False,True,False,False,False
842034,166,113621.35,0,11.640644,6,22,False,True,False,False,False
1321197,232,89739.03,0,11.404683,9,16,False,True,False,False,False
484480,130,2160329.8,0,14.5857725,5,10,False,False,False,False,True
1713607,284,109592.45,0,11.604542,11,20,False,True,False,False,False
1838534,305,291434.1,0,12.582576,12,17,False,True,False,False,False
547888,134,189756.94,0,12.15351,5,14,False,True,False,False,False
117547,15,311431.47,0,12.648941,0,15,False,True,False,False,False
1671563,281,324947.4,0,12.691424,11,17,False,True,False,False,False
2429929,393,201483.6,0,12.213473,16,9,False,True,False,False,False
1597239,275,293926.5,0,12.591092,11,11,False,True,False,False,False
2729931,617,187975.47,0,12.144077,25,17,False,True,False,False,False
1419589,250,109382.14,0,11.602621,10,10,False,True,False,False,False
933124,183,400175.06,0,12.899662,7,15,False,False,False,False,True
283338,35,48519.34,0,10.789759,1,11,False,True,False,False,False
805357,163,136418.66,0,11.823499,6,19,False,True,False,False,False
2231147,355,98734.43,0,11.500209,14,19,False,True,False,False,False
154935,17,37410.92,0,10.529772,0,17,False,True,False,False,False
347364,39,347450.62,0,12.758384,1,15,False,True,False,False,False
2396404,379,85906.67,0,11.36104,15,19,False,True,False,False,False
2577195,403,47255.04,0,10.763357,16,19,False,True,False,False,False
1249509,227,30501.28,0,10.325589,9,11,False,True,False,False,False
2198217,353,292079.8,0,12.584789,14,17,False,True,False,False,False
1833421,305,208383.84,0,12.247147,12,17,False,True,False,False,False
271108,34,1039039.9,0,13.853809,1,10,False,False,False,False,True
2414379,380,104871.27,0,11.560508,15,20,False,True,False,False,False
1707197,284,123688.62,0,11.725539,11,20,False,True,False,False,False
932681,183,10307.57,0,9.240828,7,15,False,True,False,False,False
536077,133,156788.4,0,11.962666,5,13,False,True,False,False,False
2330144,374,148893.5,0,11.911,15,14,False,False,False,False,True
750188,160,85504.28,0,11.356345,6,16,False,True,False,False,False
1067021,203,405783.4,0,12.91358,8,11,False,False,False,False,True
1051022,201,102624.38,0,11.538851,8,9,False,True,False,False,False
2184376,352,63839.53,0,11.064159,14,16,False,True,False,False,False
164450,17,14160.08,0,9.558323,0,17,False,True,False,False,False
285799,35,101056.71,0,11.523457,1,11,False,True,False,False,False
1079668,203,1001380.6,0,13.816893,8,11,False,False,False,False,True
2061778,331,389746.6,0,12.873258,13,19,False,True,False,False,False
2528797,400,158219.23,0,11.971749,16,16,False,True,False,False,False
2429854,393,58436.68,0,10.975734,16,9,False,True,False,False,False
1020108,188,302008.84,0,12.618218,7,20,False,True,False,False,False
1971730,325,414125.8,0,12.93393,13,13,False,True,False,False,False
298687,36,46834.03,0,10.754408,1,12,False,True,False,False,False
1626426,277,158008.89,0,11.970419,11,13,False,True,False,False,False
370436,41,201213.48,0,12.2121315,1,17,False,True,False,False,False
1750544,298,145153.19,0,11.885559,12,10,False,True,False,False,False
99528,14,336575.38,0,12.7265835,0,14,False,True,False,False,False
1367145,235,238113.44,0,12.380511,9,19,False,True,False,False,False
2270206,369,106267.08,0,11.5737295,15,9,False,True,False,False,False
1442030,252,1044828.56,0,13.859365,10,12,False,False,False,False,True
2757877,690,467940.38,0,13.056101,28,18,False,False,False,False,True
1310669,231,109238.19,0,11.601304,9,15,False,True,False,False,False
1699357,283,156781.7,0,11.962623,11,19,False,True,False,False,False
1284556,229,236101.31,0,12.372025,9,13,False,True,False,False,False
1773739,300,370901.94,0,12.823698,12,12,False,False,False,False,True
2263228,359,13332.53,0,9.498113,14,23,False,True,False,False,False
674966,154,141644.75,0,11.861092,6,10,False,True,False,False,False
759528,160,808384.1,0,13.602796,6,16,False,True,False,False,False
2545098,401,1115698.5,0,13.9249935,16,17,False,False,False,False,True
311733,37,77809.83,0,11.262049,1,13,False,True,False,False,False
1085201,204,388852.53,0,12.87096,8,12,False,False,False,False,True
2467045,396,228145.02,0,12.337746,16,12,False,True,False,False,False
1383179,236,48331.11,0,10.785872,9,20,False,False,False,False,True
716003,157,46936.53,0,10.756595,6,13,False,True,False,False,False
1594874,275,71970.19,0,11.184035,11,11,False,True,False,False,False
1099253,204,4858.27,0,8.48885,8,12,False,True,False,False,False
2103886,346,1772174.9,0,14.387719,14,10,False,False,False,False,True
2224135,355,24655.07,0,10.112819,14,19,False,True,False,False,False
1478347,254,113716.76,0,11.641483,10,14,False,True,False,False,False
2149471,350,124338.39,0,11.730778,14,14,False,True,False,False,False
706891,156,460290.78,0,13.0396185,6,12,False,True,False,False,False
1147666,208,116265.48,0,11.663649,8,16,False,False,False,False,True
1752133,298,278934.66,0,12.53874,12,10,False,False,False,False,True
533007,133,452554.38,0,13.022668,5,13,False,True,False,False,False
594213,137,577084.7,0,13.265748,5,17,False,False,False,False,True
934388,183,31571.91,0,10.360086,7,15,False,True,False,False,False
117811,15,325590.56,0,12.693402,0,15,False,True,False,False,False
2168860,351,688485.2,0,13.442252,14,15,False,False,False,False,True
270133,34,235369.66,0,12.368921,1,10,False,True,False,False,False
256951,33,452861.5,0,13.023346,1,9,False,True,False,False,False
2323395,374,308276.88,0,12.638761,15,14,False,True,False,False,False
19174,9,58007.37,0,10.96836,0,9,False,True,False,False,False
59175,11,175242.36,0,12.073936,0,11,False,True,False,False,False
2384579,379,237358.52,0,12.377336,15,19,False,True,False,False,False
510347,132,333556.72,0,12.717574,5,12,False,True,False,False,False
142032,16,349026.16,0,12.762908,0,16,False,True,False,False,False
2059777,331,20644.28,0,9.93529,13,19,False,True,False,False,False
1483970,255,9892.66,0,9.199751,10,15,False,True,False,False,False
1951395,323,6319.15,0,8.751657,13,11,False,True,False,False,False
1020554,188,108947.25,0,11.598638,7,20,False,True,False,False,False
2015351,329,332676.44,0,12.7149315,13,17,False,True,False,False,False
741408,159,289165.8,0,12.574762,6,15,False,True,False,False,False
2077903,332,260299.02,0,12.469594,13,20,False,True,False,False,False
51583,11,28158.19,0,10.245665,0,11,False,True,False,False,False
1206059,212,167218.44,0,12.027068,8,20,False,True,False,False,False
684686,155,131371.95,0,11.785803,6,11,False,True,False,False,False
1504329,256,180653.78,0,12.104349,10,16,False,True,False,False,False
2366059,378,287626.88,0,12.569427,15,18,False,True,False,False,False
1635196,278,548427.9,0,13.214815,11,14,False,True,False,False,False
1772550,300,166714.95,0,12.024053,12,12,False,True,False,False,False
1988739,326,406607.16,0,12.915607,13,14,False,True,False,False,False
850241,177,84005.67,0,11.338663,7,9,False,True,False,False,False
1356275,235,22989.59,0,10.042884,9,19,False,True,False,False,False
857828,178,454173.1,0,13.026238,7,10,False,True,False,False,False
1507549,256,193706.47,0,12.174109,10,16,False,True,False,False,False
2418118,381,353484.56,0,12.7756,15,21,False,True,False,False,False
1536317,259,130926.88,0,11.78241,10,19,False,True,False,False,False
1133724,207,85711.13,0,11.358762,8,15,False,True,False,False,False
635904,140,251470.28,0,12.435088,5,20,False,True,False,False,False
140386,16,105396.98,0,11.565508,0,16,False,True,False,False,False
130381,15,495928.75,0,13.114192,0,15,False,False,False,False,True
116423,15,66162.71,0,11.099902,0,15,False,True,False,False,False
245666,22,67783.67,0,11.124106,0,22,False,True,False,False,False
1214012,212,103483.38,0,11.547186,8,20,False,True,False,False,False
27607,9,135402.34,0,11.816021,0,9,False,True,False,False,False
488586,130,131151.97,0,11.784127,5,10,False,True,False,False,False
1573140,261,176487.9,0,12.081019,10,21,False,False,False,False,True
790332,162,226419.78,0,12.330154,6,18,False,True,False,False,False
606909,138,319464.56,0,12.674408,5,18,False,True,False,False,False
1986810,326,370772.34,0,12.823349,13,14,False,True,False,False,False
1816239,303,19686.7,0,9.8878,12,15,False,True,False,False,False
2117642,347,217758.31,0,12.29115,14,11,False,True,False,False,False
1477773,254,405094.25,0,12.9118805,10,14,False,True,False,False,False
492384,131,150609.06,0,11.922456,5,11,False,True,False,False,False
105015,14,80684.94,0,11.298332,0,14,False,True,False,False,False
1419533,250,65006.32,0,11.082271,10,10,False,True,False,False,False
611654,139,170446.2,0,12.046186,5,19,False,True,False,False,False
2574598,403,115337.55,0,11.655636,16,19,False,True,False,False,False
2372946,378,29482.9,0,10.291634,15,18,False,False,False,False,True
146737,16,556902.25,0,13.230148,0,16,False,False,False,False,True
1352089,235,40541.46,0,10.610129,9,19,False,True,False,False,False
2029333,330,1505065.1,0,14.224348,13,18,False,False,False,False,True
2603683,405,222178.94,0,12.311248,16,21,False,True,False,False,False
2303057,372,290557.7,0,12.579564,15,12,False,True,False,False,False
510899,132,499018.75,0,13.120403,5,12,False,True,False,False,False
525595,133,133853.58,0,11.804517,5,13,False,True,False,False,False
300568,36,171548.44,0,12.052632,1,12,False,True,False,False,False
1607132,276,78971.31,0,11.276865,11,12,False,True,False,False,False
1395869,239,1056754.8,0,13.870715,9,23,False,False,False,False,True
2760724,692,23026.49,0,10.044487,28,20,False,True,False,False,False
531353,133,128405.16,0,11.762961,5,13,False,True,False,False,False
1993316,327,346559.03,0,12.755815,13,15,False,True,False,False,False
2019785,329,68799.35,0,11.138979,13,17,False,True,False,False,False
2299748,372,123202.85,0,11.721603,15,12,False,True,False,False,False
2186322,353,85255.53,0,11.353432,14,17,False,True,False,False,False
1931606,322,68730.87,0,11.137982,13,10,False,True,False,False,False
2301195,372,101950.88,0,11.532266,15,12,False,True,False,False,False
996668,187,497635.62,0,13.117627,7,19,False,True,False,False,False
104509,14,88424.08,0,11.389922,0,14,False,True,False,False,False
2127587,348,226275.12,0,12.329515,14,12,False,True,False,False,False
1723005,285,687417.2,0,13.4407,11,21,False,True,False,False,False
2457846,395,103865.01,0,11.550867,16,11,False,True,False,False,False
1596127,275,76483.39,0,11.244855,11,11,False,False,False,False,True
719181,157,91108.12,0,11.419825,6,13,False,True,False,False,False
1042159,191,82359.55,0,11.318874,7,23,False,True,False,False,False
2303513,372,287118.03,0,12.567656,15,12,False,True,False,False,False
2620356,426,228957.48,0,12.3413,17,18,False,True,False,False,False
352950,40,193343.48,0,12.172234,1,16,False,True,False,False,False
2134312,348,4296969.0,0,15.273421,14,12,False,False,False,False,True
1864791,306,84408.63,0,11.343449,12,18,False,True,False,False,False
1874069,307,398426.38,0,12.895283,12,19,False,True,False,False,False
2514289,399,3345010.2,0,15.022981,16,15,False,False,False,False,True
1986929,326,355856.84,0,12.7822895,13,14,False,True,False,False,False
2024210,329,125875.39,0,11.743064,13,17,False,True,False,False,False
464302,119,177950.38,0,12.089272,4,23,False,True,False,False,False
2032432,330,102633.14,0,11.538936,13,18,False,True,False,False,False
360449,40,292823.03,0,12.587331,1,16,False,True,False,False,False
2571321,403,321220.34,0,12.679889,16,19,False,False,False,False,True
666195,153,501768.72,0,13.125898,6,9,False,True,False,False,False
1109861,205,13493.02,0,9.510076,8,13,False,True,False,False,False
2744162,683,365695.0,0,12.809561,28,11,False,True,False,False,False
391715,42,33685.72,0,10.424889,1,18,False,True,False,False,False
2511489,399,121202.6,0,11.7052355,16,15,False,True,False,False,False
1679716,282,167409.53,0,12.028211,11,18,False,True,False,False,False
264351,34,66664.01,0,11.1074505,1,10,False,True,False,False,False
1326993,233,531101.1,0,13.182712,9,17,False,True,False,False,False
1559468,260,207359.03,0,12.242217,10,20,False,True,False,False,False
1763503,299,47642.14,0,10.771515,12,11,False,True,False,False,False
1724790,286,254123.94,0,12.445585,11,22,False,True,False,False,False
927331,183,2582.74,0,7.8573804,7,15,False,True,False,False,False
2084534,334,420807.94,0,12.949937,13,22,False,True,False,False,False
2625136,448,303209.78,0,12.622187,18,16,False,True,False,False,False
913574,182,140609.23,0,11.853754,7,14,False,True,False,False,False
417498,43,1635.86,0,7.401146,1,19,False,True,False,False,False
2018855,329,415385.06,0,12.936966,13,17,False,True,False,False,False
411500,43,749439.44,0,13.527083,1,19,False,True,False,False,False
1172411,210,696169.94,0,13.453352,8,18,False,False,False,False,True
917924,182,49955.85,0,10.818935,7,14,False,True,False,False,False
298911,36,106665.16,0,11.577469,1,12,False,False,False,False,True
1199836,211,297191.44,0,12.6021385,8,19,False,True,False,False,False
2668253,534,1390332.4,1,14.145055,22,6,False,True,False,False,False
2431804,393,197143.48,0,12.191697,16,9,False,True,False,False,False
1015511,188,151137.69,0,11.92596,7,20,False,False,False,False,True
416963,43,259131.48,0,12.465098,1,19,False,True,False,False,False
20168,9,342909.97,0,12.745229,0,9,False,True,False,False,False
366945,41,310075.03,0,12.644576,1,17,False,True,False,False,False
1077976,203,204805.72,0,12.229827,8,11,False,True,False,False,False
1984137,326,283938.8,0,12.556521,13,14,False,True,False,False,False
588347,137,52277.22,0,10.864354,5,17,False,True,False,False,False
1389660,237,55864.33,0,10.930717,9,21,False,True,False,False,False
2208660,354,1359502.5,0,14.122631,14,18,False,False,False,False,True
2330103,374,241854.05,0,12.396098,15,14,False,True,False,False,False
1038915,190,380071.38,0,12.84812,7,22,False,False,False,False,True
2484796,397,27006.63,0,10.203912,16,13,False,True,False,False,False
1107485,205,265914.78,0,12.490939,8,13,False,True,False,False,False
633363,140,833395.06,0,13.6332655,5,20,False,False,False,False,True
20220,9,329454.16,0,12.705198,0,9,False,False,False,False,True
1873139,307,573287.06,0,13.259146,12,19,False,False,False,False,True
1108642,205,62926.56,0,11.049755,8,13,False,True,False,False,False
1483795,255,388526.62,0,12.870122,10,15,False,True,False,False,False
846480,167,173025.05,0,12.061203,6,23,False,True,False,False,False
2320065,373,140260.38,0,11.85127,15,13,False,True,False,False,False
2078839,333,367484.06,0,12.814441,13,21,False,True,False,False,False
1240581,226,113050.61,0,11.635609,9,10,False,True,False,False,False
1075218,203,114684.89,0,11.649961,8,11,False,True,False,False,False
41377,10,747529.6,0,13.524532,0,10,False,False,False,False,True
1765334,299,810389.44,0,13.605272,12,11,False,False,False,False,True
410658,43,5519.71,0,8.616443,1,19,False,True,False,False,False
220553,20,216523.1,0,12.285461,0,20,False,True,False,False,False
21778,9,305481.22,0,12.62965,0,9,False,False,False,False,True
1029877,188,50467.25,0,10.82912,7,20,False,True,False,False,False
1168179,210,11626.94,0,9.361252,8,18,False,True,False,False,False
2069455,332,143108.7,0,11.871374,13,20,False,True,False,False,False
670262,153,23099.21,0,10.047641,6,9,False,True,False,False,False
2256228,357,280964.0,0,12.545989,14,21,False,True,False,False,False
97276,14,25072.93,0,10.129623,0,14,False,True,False,False,False
847924,169,160088.64,0,11.983496,7,1,False,True,False,False,False
793378,162,53065.95,0,10.879329,6,18,False,True,False,False,False
1973724,325,46920.04,0,10.756243,13,13,False,True,False,False,False
2603750,405,177462.16,0,12.086524,16,21,False,True,False,False,False
71424,12,66974.7,0,11.112101,0,12,False,True,False,False,False
1590262,274,315293.06,0,12.661264,11,10,False,True,False,False,False
2736607,656,282642.38,0,12.551945,27,8,False,False,False,False,True
220788,20,27771.89,0,10.231852,0,20,False,True,False,False,False
2279932,370,183138.2,0,12.118008,15,10,False,False,False,False,True
559295,135,214402.48,0,12.2756195,5,15,False,True,False,False,False
456749,94,1335852.9,0,14.105082,3,22,False,False,False,False,True
684043,155,185664.12,0,12.131705,6,11,False,True,False,False,False
1144887,208,262883.7,0,12.479475,8,16,False,True,False,False,False
701559,156,175329.7,0,12.074435,6,12,False,True,False,False,False
2397810,379,130210.47,0,11.776923,15,19,False,True,False,False,False
2297174,372,171498.84,0,12.052343,15,12,False,True,False,False,False
627464,139,431248.28,0,12.974444,5,19,False,True,False,False,False
1907452,309,278583.34,0,12.537479,12,21,False,True,False,False,False
2019484,329,117662.57,0,11.675593,13,17,False,True,False,False,False
2111984,347,160274.2,0,11.984653,14,11,False,True,False,False,False
1768752,300,166076.38,0,12.020215,12,12,False,True,False,False,False
1806528,302,361687.12,0,12.79854,12,14,False,False,False,False,True
1102316,205,191678.31,0,12.163585,8,13,False,True,False,False,False
2102138,346,272777.4,0,12.516418,14,10,False,True,False,False,False
301904,36,347477.94,0,12.758462,1,12,False,True,False,False,False
1282456,229,316965.88,0,12.666555,9,13,False,True,False,False,False
2673943,542,149723.4,0,11.916558,22,14,False,True,False,False,False
703144,156,162860.84,0,12.000664,6,12,False,True,False,False,False
457895,94,277678.38,0,12.534226,3,22,False,False,False,False,True
519278,132,500612.3,0,13.123591,5,12,False,False,False,False,True
1885154,307,4233.13,0,8.35117,12,19,False,True,False,False,False
401975,43,111521.37,0,11.621989,1,19,False,True,False,False,False
2110405,347,3255.01,0,8.088565,14,11,False,True,False,False,False
567133,135,100273.13,0,11.515673,5,15,False,True,False,False,False
746022,159,1062723.0,0,13.876347,6,15,False,False,False,False,True
1558177,260,241100.53,0,12.392978,10,20,False,True,False,False,False
1821354,304,166517.95,0,12.02287,12,16,False,True,False,False,False
2345428,376,379516.12,0,12.846658,15,16,False,False,False,False,True
656125,142,72831.69,0,11.195934,5,22,False,True,False,False,False
2445626,394,422844.25,0,12.954764,16,10,False,True,False,False,False
1095074,204,430986.22,0,12.973836,8,12,False,False,False,False,True
286052,35,65170.6,0,11.084794,1,11,False,True,False,False,False
333717,38,638716.75,0,13.36722,1,14,False,False,False,False,True
1492920,255,5393.44,0,8.593309,10,15,False,True,False,False,False
2298322,372,323922.62,0,12.688266,15,12,False,True,False,False,False
1307380,231,15941.67,0,9.676817,9,15,False,True,False,False,False
214860,19,76626.31,0,11.246722,0,19,False,True,False,False,False
1736369,297,2123992.5,0,14.5688095,12,9,False,False,False,False,True
108843,14,135450.53,0,11.816377,0,14,False,True,False,False,False
167178,17,284045.0,0,12.556895,0,17,False,True,False,False,False
1900927,308,305201.94,0,12.628736,12,20,False,True,False,False,False
2485948,397,367126.1,0,12.813466,16,13,False,True,False,False,False
1715079,284,13987.67,0,9.546075,11,20,False,True,False,False,False
156552,17,941704.7,0,13.755449,0,17,False,False,False,False,True
1975784,325,762349.2,0,13.544163,13,13,False,False,False,False,True
2207033,354,7596.57,0,8.935716,14,18,False,True,False,False,False
2549033,402,116922.63,0,11.669285,16,18,False,True,False,False,False
436599,44,229065.4,0,12.341772,1,20,False,True,False,False,False
1594875,275,165509.19,0,12.016794,11,11,False,True,False,False,False
2566887,403,137332.88,0,11.830177,16,19,False,True,False,False,False
1297657,230,177519.2,0,12.086845,9,14,False,True,False,False,False
1683749,282,25260.88,0,10.137092,11,18,False,True,False,False,False
2272716,370,35434.53,0,10.475498,15,10,False,True,False,False,False
618838,139,181372.12,0,12.108317,5,19,False,True,False,False,False
999153,187,27806.37,0,10.233092,7,19,False,False,False,False,True
709178,156,223980.05,0,12.319322,6,12,False,True,False,False,False
1612882,276,67656.09,0,11.122222,11,12,False,True,False,False,False
2690492,564,45649.9,0,10.728801,23,12,False,True,False,False,False
533787,133,161274.2,0,11.990873,5,13,False,True,False,False,False
2137102,349,296429.25,0,12.59957,14,13,False,True,False,False,False
240620,21,153764.77,0,11.9431925,0,21,False,True,False,False,False
270349,34,1104176.8,0,13.914613,1,10,False,False,False,False,True
1266127,228,293755.53,0,12.59051,9,12,False,True,False,False,False
1972570,325,222938.55,0,12.31466,13,13,False,True,False,False,False
1337945,234,233973.73,0,12.362972,9,18,False,True,False,False,False
947256,184,754.0,0,6.6280413,7,16,False,True,False,False,False
1504345,256,632639.25,0,13.357658,10,16,False,False,False,False,True
1338103,234,206524.16,0,12.238182,9,18,False,True,False,False,False
1880400,307,35956.97,0,10.490134,12,19,False,True,False,False,False
788801,162,585694.3,0,13.280557,6,18,False,False,False,False,True
599272,138,283126.22,0,12.553656,5,18,False,True,False,False,False
1297655,230,4651.03,0,8.445274,9,14,False,True,False,False,False
1318147,232,87338.12,0,11.377565,9,16,False,True,False,False,False
862140,178,3773606.8,0,15.143542,7,10,False,False,False,False,True
2419208,381,63744.33,0,11.062667,15,21,False,True,False,False,False
2628581,466,164611.16,0,12.0113535,19,10,False,True,False,False,False
44244,11,1351655.6,0,14.116842,0,11,False,False,False,False,True
1407844,249,195255.8,0,12.182076,10,9,False,True,False,False,False
1191751,211,252992.45,0,12.441123,8,19,False,True,False,False,False
751963,160,242476.61,0,12.398669,6,16,False,True,False,False,False
1461158,253,38575.61,0,10.560428,10,13,False,True,False,False,False
650111,141,113071.95,0,11.6357975,5,21,False,True,False,False,False
369579,41,174643.23,0,12.070512,1,17,False,True,False,False,False
2740397,664,647076.25,0,13.380222,27,16,False,False,False,False,True
2644017,500,124840.12,0,11.734805,20,20,False,True,False,False,False
86221,13,149638.66,0,11.915992,0,13,False,True,False,False,False
2112756,347,239682.62,0,12.387079,14,11,False,True,False,False,False
1837107,305,7838727.0,0,15.874587,12,17,False,False,False,False,True
1170221,210,198735.12,0,12.1997385,8,18,False,True,False,False,False
264472,34,125928.54,0,11.743485,1,10,False,True,False,False,False
2095124,345,264098.22,0,12.484084,14,9,False,True,False,False,False
2175658,352,189307.05,0,12.151136,14,16,False,False,False,False,True
1353498,235,208397.47,0,12.247212,9,19,False,False,False,False,True
2769080,715,288701.9,0,12.573157,29,19,False,False,False,False,True
581200,137,536912.75,0,13.193595,5,17,False,True,False,False,False
1202313,212,338777.5,0,12.733105,8,20,False,False,False,False,True
2153162,350,85841.0,0,11.360275,14,14,False,True,False,False,False
1744261,298,279454.62,0,12.540603,12,10,False,True,False,False,False
812228,163,61891.29,0,11.033167,6,19,False,True,False,False,False
2434312,393,274423.03,0,12.522433,16,9,False,True,False,False,False
1478979,254,2647.69,0,7.882198,10,14,False,False,False,False,True
2280341,370,161625.27,0,11.993048,15,10,False,True,False,False,False
247109,22,116176.75,0,11.662886,0,22,False,True,False,False,False
2676534,544,872640.44,0,13.679281,22,16,False,False,False,False,True
1228569,225,429454.94,0,12.970277,9,9,False,True,False,False,False
1845924,305,237604.97,0,12.378373,12,17,False,True,False,False,False
2159211,350,429381.56,0,12.970106,14,14,False,True,False,False,False
1952603,324,21841.31,0,9.99165,13,12,False,True,False,False,False
692319,155,42426.28,0,10.65557,6,11,False,True,False,False,False
725091,158,401454.03,0,12.902853,6,14,False,True,False,False,False
572770,136,499410.2,0,13.121187,5,16,False,False,False,False,True
2166721,351,18486.08,0,9.824882,14,15,False,False,False,False,True
1164184,209,157433.36,0,11.96677,8,17,False,False,False,False,True
819686,164,320396.75,0,12.677321,6,20,False,True,False,False,False
2099303,346,2501509.5,0,14.732406,14,10,False,False,False,False,True
232524,20,21116.63,0,9.957911,0,20,False,True,False,False,False
1864299,306,194973.5,0,12.180629,12,18,False,True,False,False,False
1544810,259,417319.3,0,12.941612,10,19,False,True,False,False,False
2503289,399,256329.94,0,12.454228,16,15,False,True,False,False,False
2069622,332,89004.45,0,11.396464,13,20,False,True,False,False,False
1310553,231,626462.5,0,13.347847,9,15,False,True,False,False,False
422238,44,280093.2,0,12.542885,1,20,False,True,False,False,False
133558,16,1128109.0,0,13.936055,0,16,False,False,False,False,True
1169072,210,1428042.2,0,14.171817,8,18,False,False,False,False,True
1508465,257,123589.48,0,11.724737,10,17,False,True,False,False,False
2461888,396,157142.7,0,11.964922,16,12,False,True,False,False,False
451397,47,48858.04,0,10.796715,1,23,False,True,False,False,False
1573940,262,96572.05,0,11.4780655,10,22,False,True,False,False,False
2362722,378,216781.98,0,12.286656,15,18,False,True,False,False,False
3197,7,47128.23,0,10.76067,0,7,False,True,False,False,False
2514125,399,107211.35,0,11.582576,16,15,False,True,False,False,False
987772,186,360034.84,0,12.793962,7,18,False,True,False,False,False
1549767,259,59645.12,0,10.9962015,10,19,False,True,False,False,False
683317,154,285393.9,0,12.561633,6,10,False,True,False,False,False
1214395,212,235185.98,0,12.36814,8,20,False,True,False,False,False
2568128,403,239755.98,0,12.387385,16,19,False,True,False,False,False
1753323,299,162889.44,0,12.000839,12,11,False,True,False,False,False
525543,133,7815.14,0,8.964074,5,13,False,True,False,False,False
982379,186,271771.28,0,12.512724,7,18,False,True,False,False,False
1468016,253,73598.61,0,11.2064085,10,13,False,True,False,False,False
2037278,330,109940.66,0,11.607715,13,18,False,True,False,False,False
670500,153,130175.36,0,11.776653,6,9,False,True,False,False,False
2419588,381,164287.53,0,12.009386,15,21,False,False,False,False,True
2403362,380,126576.22,0,11.748616,15,20,False,True,False,False,False
2008514,328,290995.2,0,12.581069,13,16,False,True,False,False,False
1649656,280,139026.94,0,11.842438,11,16,False,True,False,False,False
485363,130,1705510.2,0,14.349376,5,10,False,False,False,False,True
2387777,379,164566.7,0,12.011084,15,19,False,True,False,False,False
1094850,204,129789.42,0,11.7736845,8,12,False,True,False,False,False
2664591,525,79463.32,0,11.283076,21,21,False,False,False,False,True
318370,37,146980.31,0,11.898067,1,13,False,True,False,False,False
2483926,397,92214.47,0,11.431894,16,13,False,False,False,False,True
915594,182,199142.34,0,12.201785,7,14,False,True,False,False,False
2447946,394,127728.49,0,11.757678,16,10,False,True,False,False,False
2528502,400,330331.2,0,12.707857,16,16,False,True,False,False,False
183931,18,136625.16,0,11.825011,0,18,False,True,False,False,False
520185,132,92568.16,0,11.435722,5,12,False,True,False,False,False
545591,134,407873.2,0,12.918716,5,14,False,True,False,False,False
2605434,405,160331.8,0,11.985013,16,21,False,True,False,False,False
2418697,381,114666.1,0,11.649797,15,21,False,True,False,False,False
697537,156,22235.84,0,10.009551,6,12,False,True,False,False,False
79501,13,9635.62,0,9.1734295,0,13,False,True,False,False,False
2594002,404,899846.8,0,13.709982,16,20,False,False,False,False,True
1484387,255,35025.9,0,10.463901,10,15,False,True,False,False,False
243274,21,55787.81,0,10.929346,0,21,False,True,False,False,False
922856,182,414385.28,0,12.934556,7,14,False,True,False,False,False
1693729,283,81757.86,0,11.311542,11,19,False,True,False,False,False
1933177,322,151411.88,0,11.9277725,13,10,False,True,False,False,False
2298421,372,394793.38,0,12.886123,15,12,False,True,False,False,False
2657284,522,128118.2,0,11.760724,21,18,False,True,False,False,False
2717668,594,64205.81,0,11.0698805,24,18,False,True,False,False,False
569491,136,195719.22,0,12.184446,5,16,False,True,False,False,False
1662717,281,85178.93,0,11.352533,11,17,False,True,False,False,False
173114,18,139743.34,0,11.847577,0,18,False,True,False,False,False
725661,158,252644.12,0,12.439745,6,14,False,True,False,False,False
276334,35,71642.21,0,11.179467,1,11,False,True,False,False,False
518101,132,254959.78,0,12.448869,5,12,False,True,False,False,False
2294185,371,4981609.0,0,15.421264,15,11,False,False,False,False,True
845400,167,443809.5,0,13.003155,6,23,False,True,False,False,False
2470120,396,2571781.0,0,14.76011,16,12,False,False,False,False,True
1040438,190,122973.35,0,11.719739,7,22,False,True,False,False,False
1359283,235,74477.12,0,11.218274,9,19,False,True,False,False,False
2342052,375,17399.01,0,9.764283,15,15,False,True,False,False,False
890640,180,130932.07,0,11.782449,7,12,False,True,False,False,False
663474,153,346001.25,0,12.754204,6,9,False,True,False,False,False
812135,163,40088.14,0,10.598886,6,19,False,False,False,False,True
1719903,285,914759.75,0,13.7264185,11,21,False,False,False,False,True
596564,137,483982.0,0,13.0898075,5,17,False,True,False,False,False
1114854,205,315436.88,0,12.66172,8,13,False,True,False,False,False
1797809,302,257030.56,0,12.456958,12,14,False,True,False,False,False
20994,9,955506.5,0,13.769999,0,9,False,False,False,False,True
2706522,588,31412.28,0,10.355018,24,12,False,True,False,False,False
999785,187,27111.26,0,10.207778,7,19,False,True,False,False,False
2327792,374,278085.8,0,12.535692,15,14,False,True,False,False,False
2464020,396,413215.5,0,12.931729,16,12,False,True,False,False,False
360968,40,251394.34,0,12.434786,1,16,False,True,False,False,False
29189,10,147898.12,0,11.904292,0,10,False,True,False,False,False
594352,137,278964.34,0,12.538846,5,17,False,True,False,False,False
605934,138,203787.38,0,12.224842,5,18,False,True,False,False,False
732803,158,184247.6,0,12.124046,6,14,False,True,False,False,False
2150586,350,213243.84,0,12.270201,14,14,False,True,False,False,False
2243012,356,47710.31,0,10.772944,14,20,False,True,False,False,False
1175113,210,971444.25,0,13.786541,8,18,False,False,False,False,True
99039,14,337878.75,0,12.730449,0,14,False,False,False,False,True
1756501,299,37185.54,0,10.523729,12,11,False,True,False,False,False
1799467,302,199927.05,0,12.205718,12,14,False,True,False,False,False
771838,161,443306.78,0,13.002022,6,17,False,True,False,False,False
426282,44,134419.69,0,11.808737,1,20,False,True,False,False,False
195467,18,96186.23,0,11.474062,0,18,False,True,False,False,False
2010689,328,161347.7,0,11.991329,13,16,False,True,False,False,False
628668,139,407584.6,0,12.918009,5,19,False,True,False,False,False
2436556,393,177855.56,0,12.088738,16,9,False,True,False,False,False
1249888,227,72411.61,0,11.190149,9,11,False,True,False,False,False
894406,180,33255.45,0,10.412034,7,12,False,True,False,False,False
1993289,327,92650.23,0,11.436608,13,15,False,True,False,False,False
2695134,567,704935.5,0,13.465864,23,15,False,True,False,False,False
2387847,379,159312.77,0,11.978638,15,19,False,True,False,False,False
1976031,325,114008.72,0,11.644048,13,13,False,True,False,False,False
1018948,188,20578.24,0,9.932087,7,20,False,True,False,False,False
685393,155,280149.72,0,12.543087,6,11,False,True,False,False,False
805556,163,70929.89,0,11.169476,6,19,False,True,False,False,False
615675,139,336881.7,0,12.727493,5,19,False,True,False,False,False
2761932,692,31254.23,0,10.349974,28,20,False,True,False,False,False
1276517,229,127924.39,0,11.759211,9,13,False,True,False,False,False
1364317,235,160261.45,0,11.984574,9,19,False,False,False,False,True
2659902,522,4446173.0,0,15.307555,21,18,False,False,False,False,True
2640720,493,53225.3,0,10.882327,20,13,False,True,False,False,False
275198,34,214898.73,0,12.277931,1,10,False,True,False,False,False
1729456,288,15869.81,0,9.672299,12,0,False,True,False,False,False
1765535,299,329422.38,0,12.705102,12,11,False,True,False,False,False
1906320,309,367560.94,0,12.81465,12,21,False,True,False,False,False
66382,12,170705.97,0,12.047709,0,12,False,True,False,False,False
885713,180,26690.62,0,10.1921425,7,12,False,True,False,False,False
586195,137,106870.58,0,11.579392,5,17,False,True,False,False,False
1716143,284,57896.42,0,10.966445,11,20,False,True,False,False,False
1815547,303,195937.2,0,12.18556,12,15,False,True,False,False,False
885002,180,299643.25,0,12.610354,7,12,False,True,False,False,False
846117,167,34447.85,0,10.44726,6,23,False,True,False,False,False
1149522,208,194372.67,0,12.177543,8,16,False,True,False,False,False
1858931,306,175592.4,0,12.0759325,12,18,False,True,False,False,False
618451,139,92958.06,0,11.439925,5,19,False,True,False,False,False
761652,161,155199.73,0,11.952481,6,17,False,False,False,False,True
879634,179,152685.27,0,11.936147,7,11,False,False,False,False,True
929485,183,42057.7,0,10.646845,7,15,False,True,False,False,False
702200,156,169938.61,0,12.043204,6,12,False,False,False,False,True
1000343,187,99294.47,0,11.505865,7,19,False,True,False,False,False
1659098,280,115843.52,0,11.660013,11,16,False,True,False,False,False
1978694,326,78155.01,0,11.266475,13,14,False,True,False,False,False
1793783,301,131396.81,0,11.785993,12,13,False,True,False,False,False
538014,133,208957.84,0,12.249897,5,13,False,True,False,False,False
904237,181,32024.36,0,10.374314,7,13,False,True,False,False,False
1582544,273,964781.2,0,13.779658,11,9,False,False,False,False,True
1322110,232,445785.84,0,13.007599,9,16,False,True,False,False,False
838813,165,108481.78,0,11.594356,6,21,False,True,False,False,False
2134025,348,241650.75,0,12.395257,14,12,False,True,False,False,False
1853971,306,177207.19,0,12.085086,12,18,False,False,False,False,True
2599801,404,130938.77,0,11.7825,16,20,False,True,False,False,False
2294334,371,68598.35,0,11.136053,15,11,False,True,False,False,False
1460653,253,182300.33,0,12.113421,10,13,False,True,False,False,False
1220025,213,479048.72,0,13.079562,8,21,False,True,False,False,False
893964,180,473774.97,0,13.068492,7,12,False,True,False,False,False
1461769,253,418792.72,0,12.945136,10,13,False,False,False,False,True
1807426,302,418515.97,0,12.944475,12,14,False,True,False,False,False
1518687,257,6178.39,0,8.729136,10,17,False,True,False,False,False
1548630,259,295756.2,0,12.597298,10,19,False,True,False,False,False
529729,133,170560.62,0,12.046858,5,13,False,True,False,False,False
316120,37,124170.38,0,11.729426,1,13,False,True,False,False,False
1415236,250,73214.88,0,11.201181,10,10,False,True,False,False,False
691636,155,383826.03,0,12.85795,6,11,False,True,False,False,False
477645,130,32849.42,0,10.399751,5,10,False,True,False,False,False
1404200,249,103636.64,0,11.548666,10,9,False,True,False,False,False
1319426,232,208030.27,0,12.245448,9,16,False,True,False,False,False
444546,45,13203.22,0,9.488367,1,21,False,True,False,False,False
2663416,524,379439.97,0,12.846457,21,20,False,False,False,False,True
1254682,227,261160.08,0,12.472897,9,11,False,True,False,False,False
959193,185,958861.7,0,13.773504,7,17,False,False,False,False,True
1209757,212,171259.42,0,12.050946,8,20,False,True,False,False,False
2658958,522,394980.94,0,12.886598,21,18,False,True,False,False,False
2115064,347,15010.23,0,9.616621,14,11,False,True,False,False,False
1918094,312,234605.62,0,12.36567,13,0,False,False,False,False,True
1455061,253,320320.22,0,12.677083,10,13,False,True,False,False,False
2138991,349,9854.13,0,9.195848,14,13,False,True,False,False,False
1538954,259,419644.16,0,12.947167,10,19,False,False,False,False,True
1327092,233,75910.78,0,11.23734,9,17,False,True,False,False,False
1775135,300,17430.47,0,9.766089,12,12,False,True,False,False,False
1364322,235,102590.74,0,11.538523,9,19,False,True,False,False,False
2147717,349,79599.15,0,11.284784,14,13,False,False,False,False,True
1516014,257,537321.4,0,13.194355,10,17,False,False,False,False,True
728950,158,571713.0,0,13.256396,6,14,False,True,False,False,False
2547148,402,41340.44,0,10.629645,16,18,False,True,False,False,False
469443,129,1645011.8,0,14.313259,5,9,False,False,False,False,True
245410,22,54229.05,0,10.901009,0,22,False,True,False,False,False
1749271,298,352757.47,0,12.773541,12,10,False,False,False,False,True
976124,186,31357.78,0,10.353281,7,18,False,True,False,False,False
1900246,308,14607.91,0,9.589456,12,20,False,True,False,False,False
2705430,588,487742.8,0,13.097548,24,12,False,True,False,False,False
1974411,325,144664.73,0,11.882188,13,13,False,True,False,False,False
1956340,324,206857.16,0,12.239794,13,12,False,True,False,False,False
2056883,331,59895.66,0,11.000393,13,19,False,True,False,False,False
1956116,324,31799.46,0,10.367268,13,12,False,True,False,False,False
837479,165,327347.44,0,12.698784,6,21,False,False,False,False,True
1699959,283,130523.58,0,11.779325,11,19,False,True,False,False,False
2362921,378,212655.84,0,12.26744,15,18,False,True,False,False,False
971956,186,202902.28,0,12.2204895,7,18,False,True,False,False,False
1104329,205,162078.06,0,11.995846,8,13,False,True,False,False,False
12784,9,101436.68,0,11.52721,0,9,False,True,False,False,False
359499,40,233903.3,0,12.362672,1,16,False,True,False,False,False
1052446,201,36164.63,0,10.495893,8,9,False,True,False,False,False
841989,166,407115.56,0,12.916858,6,22,False,False,False,False,True
2532473,401,273102.7,0,12.517611,16,17,False,False,False,False,True
266836,34,38776.07,0,10.56561,1,10,False,True,False,False,False
1517038,257,180085.88,0,12.1012,10,17,False,True,False,False,False
1589770,274,102297.49,0,11.53566,11,10,False,True,False,False,False
2213873,354,185556.02,0,12.131123,14,18,False,True,False,False,False
2087523,335,63489.95,0,11.058668,13,23,False,True,False,False,False
1580421,264,90290.3,0,11.410808,11,0,False,True,False,False,False
890493,180,200550.2,0,12.20883,7,12,False,True,False,False,False
1124322,206,204464.73,0,12.228161,8,14,False,True,False,False,False
2143722,349,439333.12,0,12.993018,14,13,False,True,False,False,False
951536,184,234245.52,0,12.364134,7,16,False,True,False,False,False
2508734,399,165320.53,0,12.015654,16,15,False,True,False,False,False
363778,40,790236.5,0,13.5800905,1,16,False,False,False,False,True
720936,157,138261.25,0,11.836915,6,13,False,True,False,False,False
1841168,305,244761.05,0,12.408046,12,17,False,True,False,False,False
1916190,311,841090.75,0,13.642457,12,23,False,False,False,False,True
2070038,332,56303.76,0,10.938552,13,20,False,True,False,False,False
2473192,396,118063.79,0,11.678997,16,12,False,True,False,False,False
2276367,370,431246.78,0,12.974441,15,10,False,True,False,False,False
863369,178,446651.1,0,13.009538,7,10,False,True,False,False,False
2400120,380,24173.76,0,10.093105,15,20,False,False,False,False,True
58959,11,38110.41,0,10.548295,0,11,False,True,False,False,False
1006867,187,151784.81,0,11.930232,7,19,False,True,False,False,False
578664,136,302385.34,0,12.619464,5,16,False,True,False,False,False
1468773,253,106437.32,0,11.575331,10,13,False,True,False,False,False
347161,39,318945.1,0,12.672781,1,15,False,True,False,False,False
1207875,212,163016.16,0,12.0016165,8,20,False,True,False,False,False
1836576,305,312615.47,0,12.652736,12,17,False,True,False,False,False
2536681,401,45303.69,0,10.721188,16,17,False,True,False,False,False
1399273,249,133389.38,0,11.801043,10,9,False,True,False,False,False
532957,133,108839.53,0,11.597649,5,13,False,True,False,False,False
730487,158,193172.5,0,12.17135,6,14,False,True,False,False,False
2121930,347,219726.52,0,12.300148,14,11,False,True,False,False,False
128006,15,598198.3,0,13.301681,0,15,False,False,False,False,True
916687,182,304874.7,0,12.627663,7,14,False,False,False,False,True
1269147,228,168631.66,0,12.035484,9,12,False,True,False,False,False
177211,18,164242.66,0,12.009112,0,18,False,True,False,False,False
2613326,407,210572.73,0,12.257596,16,23,False,True,False,False,False
1646124,279,153291.66,0,11.940111,11,15,False,True,False,False,False
2766863,709,266699.38,0,12.493885,29,13,False,True,False,False,False
491097,131,23666.22,0,10.071889,5,11,False,True,False,False,False
1712809,284,198616.36,0,12.199141,11,20,False,True,False,False,False
2174312,352,278819.62,0,12.538327,14,16,False,True,False,False,False
2036088,330,84007.13,0,11.338681,13,18,False,True,False,False,False
1455128,253,201158.19,0,12.211857,10,13,False,True,False,False,False
1550236,259,137407.28,0,11.830719,10,19,False,True,False,False,False
1083370,204,271406.38,0,12.51138,8,12,False,True,False,False,False
1468969,253,157802.12,0,11.96911,10,13,False,True,False,False,False
532105,133,219408.06,0,12.298697,5,13,False,True,False,False,False
2086399,334,121453.41,0,11.707302,13,22,False,True,False,False,False
2177018,352,104090.91,0,11.55304,14,16,False,True,False,False,False
1650028,280,200687.72,0,12.209516,11,16,False,False,False,False,True
1070173,203,122343.33,0,11.714602,8,11,False,True,False,False,False
1445722,252,787209.4,0,13.576252,10,12,False,False,False,False,True
2294957,372,349908.53,0,12.765432,15,12,False,True,False,False,False
1597266,275,1807489.1,0,14.407451,11,11,False,False,False,False,True
2385122,379,49033.91,0,10.800308,15,19,False,True,False,False,False
2116510,347,80597.85,0,11.297252,14,11,False,True,False,False,False
1342900,234,15197.72,0,9.629032,9,18,False,True,False,False,False
1183500,211,50215.17,0,10.824112,8,19,False,True,False,False,False
889926,180,28893.55,0,10.271443,7,12,False,True,False,False,False
1017883,188,347234.2,0,12.757761,7,20,False,True,False,False,False
2396642,379,28058.13,0,10.2421055,15,19,False,True,False,False,False
1660747,281,72938.16,0,11.197394,11,17,False,True,False,False,False
533197,133,437036.97,0,12.987778,5,13,False,True,False,False,False
2050817,331,30698.47,0,10.332033,13,19,False,True,False,False,False
244367,21,76911.19,0,11.250433,0,21,False,True,False,False,False
34354,10,32950.19,0,10.402813,0,10,False,True,False,False,False
1895112,308,93247.15,0,11.44303,12,20,False,True,False,False,False
924080,182,124482.26,0,11.731935,7,14,False,True,False,False,False
32460,10,182302.88,0,12.113436,0,10,False,True,False,False,False
2018895,329,330339.34,0,12.707882,13,17,False,True,False,False,False
2720416,595,270782.34,0,12.509078,24,19,False,False,False,False,True
889874,180,211183.16,0,12.26049,7,12,False,True,False,False,False
1800176,302,173323.42,0,12.062926,12,14,False,True,False,False,False
2077184,332,76822.24,0,11.249275,13,20,False,True,False,False,False
318536,37,329180.6,0,12.704368,1,13,False,False,False,False,True
2622992,429,198273.58,0,12.197413,17,21,False,True,False,False,False
135327,16,168420.23,0,12.034229,0,16,False,True,False,False,False
2060615,331,306046.12,0,12.631497,13,19,False,True,False,False,False
1719107,285,110749.51,0,11.615045,11,21,False,True,False,False,False
2696884,569,1155486.1,0,13.960033,23,17,False,False,False,False,True
2381492,379,75148.16,0,11.227243,15,19,False,True,False,False,False
1138128,207,112238.63,0,11.628401,8,15,False,True,False,False,False
2497961,398,139808.16,0,11.848041,16,14,False,True,False,False,False
690703,155,172431.77,0,12.057769,6,11,False,True,False,False,False
231950,20,474970.72,0,13.0710125,0,20,False,False,False,False,True
2413060,380,213538.39,0,12.271582,15,20,False,True,False,False,False
714712,157,793892.7,0,13.584706,6,13,False,False,False,False,True
2120678,347,1181949.2,0,13.982677,14,11,False,False,False,False,True
34699,10,276916.12,0,12.531477,0,10,False,True,False,False,False
961498,185,152262.67,0,11.933375,7,17,False,True,False,False,False
549722,134,120905.24,0,11.702779,5,14,False,True,False,False,False
93706,14,489971.88,0,13.102107,0,14,False,False,False,False,True
26437,9,278552.7,0,12.53737,0,9,False,True,False,False,False
2321272,374,282928.44,0,12.552957,15,14,False,True,False,False,False
2293510,371,318755.5,0,12.672186,15,11,False,True,False,False,False
1616317,277,165683.52,0,12.017847,11,13,False,True,False,False,False
1045227,194,233310.95,0,12.360136,8,2,False,True,False,False,False
1972076,325,278525.66,0,12.537272,13,13,False,True,False,False,False
2713539,592,164346.12,0,12.009742,24,16,False,True,False,False,False
1219786,213,189733.47,0,12.153386,8,21,False,False,False,False,True
15114,9,209966.88,0,12.254715,0,9,False,True,False,False,False
796380,163,444509.0,0,13.00473,6,19,False,True,False,False,False
2527545,400,43167.1,0,10.67288,16,16,False,True,False,False,False
554187,134,1347436.8,0,14.113716,5,14,False,False,False,False,True
1086973,204,352051.5,0,12.771539,8,12,False,True,False,False,False
2468431,396,321270.7,0,12.680045,16,12,False,True,False,False,False
140222,16,185286.6,0,12.12967,0,16,False,True,False,False,False
2396143,379,71557.39,0,11.178283,15,19,False,True,False,False,False
441226,45,100013.62,0,11.513082,1,21,False,False,False,False,True
702902,156,551616.0,0,13.220611,6,12,False,True,False,False,False
1182659,210,652567.7,0,13.388673,8,18,False,False,False,False,True
587780,137,261752.23,0,12.475162,5,17,False,True,False,False,False
599547,138,13525.62,0,9.512488,5,18,False,True,False,False,False
230260,20,183036.36,0,12.117451,0,20,False,True,False,False,False
1329305,233,163804.83,0,12.006443,9,17,False,True,False,False,False
1237807,226,233230.44,0,12.359791,9,10,False,True,False,False,False
1162444,209,60934.66,0,11.0175905,8,17,False,True,False,False,False
2061041,331,163496.56,0,12.0045595,13,19,False,True,False,False,False
1382606,236,239628.81,0,12.386855,9,20,False,False,False,False,True
434899,44,78210.95,0,11.267191,1,20,False,True,False,False,False
498287,131,605624.5,0,13.314019,5,11,False,True,False,False,False
744964,159,101233.27,0,11.525203,6,15,False,True,False,False,False
775927,161,194927.89,0,12.180395,6,17,False,True,False,False,False
564745,135,375776.0,0,12.836754,5,15,False,True,False,False,False
669410,153,99028.44,0,11.503182,6,9,False,False,False,False,True
963949,185,568957.2,0,13.251564,7,17,False,False,False,False,True
1324636,233,37513.17,0,10.532501,9,17,False,True,False,False,False
2428434,386,139943.66,0,11.8490095,16,2,False,False,False,False,True
2613720,407,59460.91,0,10.993108,16,23,False,True,False,False,False
873924,179,121393.45,0,11.706809,7,11,False,True,False,False,False
1955799,324,373086.62,0,12.829572,13,12,False,True,False,False,False
832836,164,108906.36,0,11.598262,6,20,False,True,False,False,False
2110418,347,92338.09,0,11.433233,14,11,False,True,False,False,False
1543007,259,44278.78,0,10.698306,10,19,False,True,False,False,False
1104568,205,152807.02,0,11.936944,8,13,False,True,False,False,False
2280402,370,129174.69,0,11.768936,15,10,False,True,False,False,False
1237833,226,357314.16,0,12.786376,9,10,False,True,False,False,False
1808392,303,233921.6,0,12.36275,12,15,False,True,False,False,False
103408,14,223282.58,0,12.316202,0,14,False,True,False,False,False
2026206,329,21551.71,0,9.978303,13,17,False,True,False,False,False
816505,163,12285.41,0,9.41633,6,19,False,True,False,False,False
680036,154,194542.03,0,12.178413,6,10,False,True,False,False,False
1488611,255,183895.44,0,12.122133,10,15,False,True,False,False,False
556428,135,1576042.2,0,14.270429,5,15,False,False,False,False,True
1092315,204,561164.25,0,13.237773,8,12,False,False,False,False,True
1270954,228,18908.83,0,9.84749,9,12,False,True,False,False,False
2321577,374,152938.95,0,11.937807,15,14,False,True,False,False,False
537933,133,33406.22,0,10.416557,5,13,False,True,False,False,False
2530568,401,80380.93,0,11.294558,16,17,False,True,False,False,False
2471293,396,375759.3,0,12.836709,16,12,False,True,False,False,False
1731962,297,28365.77,0,10.253009,12,9,False,True,False,False,False
369160,41,1465696.0,0,14.197843,1,17,False,False,False,False,True
150944,16,939977.0,0,13.7536125,0,16,False,False,False,False,True
1923847,321,273686.22,0,12.519745,13,9,False,True,False,False,False
1066920,203,726524.1,0,13.49603,8,11,False,False,False,False,True
1062704,202,241117.02,0,12.393046,8,10,False,True,False,False,False
670408,153,576912.7,0,13.26545,6,9,False,False,False,False,True
993955,187,122243.27,0,11.713785,7,19,False,True,False,False,False
371817,41,419128.94,0,12.945939,1,17,False,True,False,False,False
315259,37,161774.38,0,11.99397,1,13,False,True,False,False,False
1740650,298,83868.83,0,11.337033,12,10,False,True,False,False,False
632578,140,1456092.4,0,14.191268,5,20,False,False,False,False,True
10120,8,69298.95,0,11.146214,0,8,False,True,False,False,False
1657615,280,70390.81,0,11.161846,11,16,False,False,False,False,True
2055239,331,62809.3,0,11.047891,13,19,False,False,False,False,True
618151,139,51322.92,0,10.845932,5,19,False,True,False,False,False
77055,13,115024.39,0,11.652917,0,13,False,True,False,False,False
12520,9,30578.53,0,10.328119,0,9,False,True,False,False,False
2746030,684,197893.73,0,12.195496,28,12,False,True,False,False,False
1218406,213,139665.86,0,11.847022,8,21,False,True,False,False,False
169134,17,61309.43,0,11.023722,0,17,False,True,False,False,False
168902,17,522597.84,0,13.166572,0,17,False,False,False,False,True
1877125,307,45940.92,0,10.735155,12,19,False,True,False,False,False
78391,13,111125.26,0,11.618431,0,13,False,True,False,False,False
766008,161,117102.18,0,11.670819,6,17,False,True,False,False,False
1696497,283,33553.09,0,10.420944,11,19,False,True,False,False,False
2323517,374,392310.6,0,12.879814,15,14,False,True,False,False,False
718683,157,57597.47,0,10.961268,6,13,False,True,False,False,False
883428,180,293930.6,0,12.591105,7,12,False,True,False,False,False
613601,139,44062.64,0,10.693413,5,19,False,True,False,False,False
2474429,396,1092348.0,0,13.903842,16,12,False,False,False,False,True
21134,9,58368.0,0,10.974557,0,9,False,True,False,False,False
2181652,352,278581.62,0,12.537474,14,16,False,True,False,False,False
2362968,378,50729.63,0,10.834305,15,18,False,True,False,False,False
2473712,396,82243.01,0,11.317458,16,12,False,True,False,False,False
2600523,404,331761.78,0,12.712178,16,20,False,True,False,False,False
1291122,230,108543.01,0,11.59492,9,14,False,True,False,False,False
826674,164,137894.53,0,11.834259,6,20,False,True,False,False,False
456256,93,164409.2,0,12.010126,3,21,False,False,False,False,True
1886013,307,12894.35,0,9.4647,12,19,False,True,False,False,False
2516576,400,164661.19,0,12.011658,16,16,False,True,False,False,False
837290,165,38968.02,0,10.570548,6,21,False,False,False,False,True
872118,179,305598.53,0,12.630034,7,11,False,True,False,False,False
1008461,187,218284.25,0,12.293563,7,19,False,True,False,False,False
1428637,251,204379.36,0,12.227743,10,11,False,True,False,False,False
1548554,259,166475.02,0,12.022613,10,19,False,True,False,False,False
841304,166,168946.67,0,12.037351,6,22,False,True,False,False,False
1760526,299,171205.58,0,12.050632,12,11,False,True,False,False,False
1013232,187,34410.41,0,10.446173,7,19,False,True,False,False,False
2318364,373,55195.66,0,10.918675,15,13,False,True,False,False,False
2490561,398,135836.58,0,11.819222,16,14,False,True,False,False,False
89318,13,215326.4,0,12.27992,0,13,False,False,False,False,True
994214,187,185438.2,0,12.130487,7,19,False,True,False,False,False
2102668,346,191074.95,0,12.160432,14,10,False,True,False,False,False
2078241,332,27458.92,0,10.220519,13,20,False,True,False,False,False
652073,141,119234.09,0,11.688861,5,21,False,True,False,False,False
1968671,325,204424.69,0,12.227964,13,13,False,True,False,False,False
155921,17,22229.7,0,10.0092745,0,17,False,True,False,False,False
810888,163,96165.31,0,11.473845,6,19,False,True,False,False,False
2033273,330,114439.43,0,11.647819,13,18,False,True,False,False,False
40667,10,100265.19,0,11.515594,0,10,False,True,False,False,False
990585,186,29763.65,0,10.30111,7,18,False,True,False,False,False
292953,36,260841.17,0,12.471675,1,12,False,True,False,False,False
2011251,328,321622.66,0,12.681141,13,16,False,True,False,False,False
74356,12,211048.45,0,12.259852,0,12,False,True,False,False,False
2054580,331,475409.2,0,13.071936,13,19,False,False,False,False,True
1519559,257,172189.1,0,12.05636,10,17,False,True,False,False,False
2702859,584,202419.92,0,12.218109,24,8,False,False,False,False,True
1977536,325,153203.0,0,11.939532,13,13,False,True,False,False,False
2714757,592,178211.84,0,12.090739,24,16,False,True,False,False,False
509896,132,6588.89,0,8.793444,5,12,False,True,False,False,False
514120,132,301076.16,0,12.615126,5,12,False,True,False,False,False
1304318,231,208002.72,0,12.2453165,9,15,False,False,False,False,True
259441,33,346541.3,0,12.755763,1,9,False,True,False,False,False
26008,9,75485.91,0,11.231728,0,9,False,True,False,False,False
2139879,349,182517.55,0,12.114613,14,13,False,True,False,False,False
291911,36,152629.98,0,11.935785,1,12,False,True,False,False,False
1465518,253,96894.08,0,11.481395,10,13,False,True,False,False,False
183911,18,435138.34,0,12.983424,0,18,False,True,False,False,False
271846,34,83837.14,0,11.336656,1,10,False,True,False,False,False
2711981,590,160559.64,0,11.986433,24,14,False,True,False,False,False
1609597,276,216949.16,0,12.287428,11,12,False,True,False,False,False
2184056,352,171473.95,0,12.052198,14,16,False,True,False,False,False
2709502,589,89155.39,0,11.398159,24,13,False,True,False,False,False
2164760,351,270145.2,0,12.506722,14,15,False,True,False,False,False
1988939,326,334731.7,0,12.72109,13,14,False,True,False,False,False
877554,179,50170.74,0,10.823227,7,11,False,True,False,False,False
234101,20,251792.67,0,12.436369,0,20,False,True,False,False,False
1842241,305,1434242.6,0,14.176149,12,17,False,False,False,False,True
1953122,324,220705.28,0,12.304592,13,12,False,True,False,False,False
2455665,395,25910.31,0,10.162474,16,11,False,True,False,False,False
1336971,234,314386.3,0,12.658384,9,18,False,True,False,False,False
2082174,333,149129.05,0,11.9125805,13,21,False,True,False,False,False
891159,180,162124.31,0,11.996131,7,12,False,True,False,False,False
2260799,358,21475.72,0,9.9747715,14,22,False,True,False,False,False
157312,17,29535.78,0,10.293426,0,17,False,True,False,False,False
2660866,522,142061.25,0,11.864028,21,18,False,True,False,False,False
1646613,279,10000000.0,1,16.118095,11,15,False,False,False,False,True
1084879,204,33986.96,0,10.433791,8,12,False,True,False,False,False
1830602,304,436916.5,0,12.987502,12,16,False,False,False,False,True
2370194,378,261814.98,0,12.475401,15,18,False,True,False,False,False
1629820,278,206626.19,0,12.238676,11,14,False,True,False,False,False
666406,153,61639.21,0,11.029086,6,9,False,True,False,False,False
2158875,350,155913.0,0,11.957067,14,14,False,True,False,False,False
889666,180,62954.35,0,11.050197,7,12,False,True,False,False,False
1144173,208,21062.13,0,9.955327,8,16,False,True,False,False,False
2175125,352,376947.56,0,12.839867,14,16,False,True,False,False,False
302893,36,187613.3,0,12.142149,1,12,False,True,False,False,False
2477747,397,223085.69,0,12.31532,16,13,False,True,False,False,False
770654,161,349582.56,0,12.764501,6,17,False,True,False,False,False
448120,46,139980.11,0,11.84927,1,22,False,True,False,False,False
2064254,332,3343335.5,0,15.02248,13,20,False,False,False,False,True
2554840,402,356281.84,0,12.7834835,16,18,False,True,False,False,False
1483935,255,268257.47,0,12.49971,10,15,False,True,False,False,False
2652854,520,415115.72,0,12.936317,21,16,False,True,False,False,False
2007633,328,16370.66,0,9.703368,13,16,False,True,False,False,False
2250494,356,2851.45,0,7.956284,14,20,False,True,False,False,False
2368515,378,339156.62,0,12.734223,15,18,False,True,False,False,False
366071,41,340208.0,0,12.737318,1,17,False,True,False,False,False
1302623,231,243227.33,0,12.40176,9,15,False,False,False,False,True
2628276,461,72440.8,0,11.190553,19,5,False,False,False,False,True
1744751,298,139946.92,0,11.849032,12,10,False,True,False,False,False
272497,34,46993.32,0,10.757803,1,10,False,True,False,False,False
1206363,212,198110.34,0,12.196589,8,20,False,True,False,False,False
2152104,350,94910.25,0,11.460708,14,14,False,True,False,False,False
1593342,275,60742.75,0,11.014436,11,11,False,True,False,False,False
1090173,204,222346.94,0,12.312003,8,12,False,True,False,False,False
2659784,522,31119.26,0,10.345647,21,18,False,True,False,False,False
1418804,250,483011.3,0,13.087799,10,10,False,False,False,False,True
1109516,205,626253.4,0,13.347513,8,13,False,False,False,False,True
2059057,331,7350.63,0,8.902813,13,19,False,True,False,False,False
2601765,405,181763.05,0,12.11047,16,21,False,True,False,False,False
122995,15,323563.1,0,12.687156,0,15,False,True,False,False,False
790280,162,391537.44,0,12.877842,6,18,False,True,False,False,False
1967169,325,82928.31,0,11.325756,13,13,False,True,False,False,False
2727980,612,112290.08,0,11.628859,25,12,False,True,False,False,False
2036949,330,254473.84,0,12.446961,13,18,False,True,False,False,False
1934417,322,121640.38,0,11.70884,13,10,False,True,False,False,False
321488,37,157209.11,0,11.965344,1,13,False,True,False,False,False
1049979,201,239163.52,0,12.384912,8,9,False,False,False,False,True
1774172,300,271918.75,0,12.513266,12,12,False,True,False,False,False
1075065,203,718182.25,0,13.484482,8,11,False,False,False,False,True
1693951,283,175683.05,0,12.076448,11,19,False,True,False,False,False
460531,95,87054.31,0,11.3743105,3,23,False,True,False,False,False
350966,40,187045.92,0,12.13912,1,16,False,True,False,False,False
2105719,346,32248.69,0,10.381295,14,10,False,True,False,False,False
2640926,493,85423.16,0,11.355396,20,13,False,True,False,False,False
1892458,308,24199.11,0,10.094153,12,20,False,True,False,False,False
1692209,283,138659.9,0,11.839794,11,19,False,True,False,False,False
2110040,347,128815.99,0,11.766156,14,11,False,True,False,False,False
2297011,372,16674.44,0,9.721752,15,12,False,True,False,False,False
736435,159,173802.45,0,12.065686,6,15,False,True,False,False,False
859369,178,224328.62,0,12.320876,7,10,False,True,False,False,False
1260555,227,38638.62,0,10.562059,9,11,False,True,False,False,False
1393884,238,356500.44,0,12.784097,9,22,False,False,False,False,True
1975242,325,415616.53,0,12.937523,13,13,False,True,False,False,False
394492,42,95018.09,0,11.4618435,1,18,False,True,False,False,False
43394,11,209772.2,0,12.253787,0,11,False,True,False,False,False
1531954,258,244038.28,0,12.405088,10,18,False,True,False,False,False
487027,130,338951.03,0,12.733617,5,10,False,True,False,False,False
1015695,188,675059.8,0,13.42256,7,20,False,False,False,False,True
2286309,371,68239.1,0,11.130802,15,11,False,True,False,False,False
496808,131,24145.66,0,10.091943,5,11,False,True,False,False,False
239535,21,31734.61,0,10.365226,0,21,False,False,False,False,True
572309,136,48788.19,0,10.795284,5,16,False,True,False,False,False
1649192,279,524709.1,0,13.170603,11,15,False,False,False,False,True
1196617,211,101361.21,0,11.526465,8,19,False,True,False,False,False
2177108,352,11690.16,0,9.366673,14,16,False,True,False,False,False
262928,34,82806.58,0,11.324287,1,10,False,True,False,False,False
2690362,564,35860.0,0,10.487433,23,12,False,True,False,False,False
1014726,188,194916.33,0,12.180336,7,20,False,True,False,False,False
653498,141,253683.89,0,12.443852,5,21,False,True,False,False,False
318767,37,756044.9,0,13.535859,1,13,False,False,False,False,True
1459120,253,57592.76,0,10.961187,10,13,False,True,False,False,False
236015,20,144421.92,0,11.880508,0,20,False,True,False,False,False
2143261,349,250017.39,0,12.429294,14,13,False,False,False,False,True
2135751,349,119591.33,0,11.691853,14,13,False,True,False,False,False
685333,155,159130.5,0,11.977492,6,11,False,True,False,False,False
1921309,321,318454.22,0,12.67124,13,9,False,True,False,False,False
1025010,188,36777.19,0,10.512688,7,20,False,True,False,False,False
468546,129,508667.88,0,13.139555,5,9,False,True,False,False,False
1562839,260,146681.81,0,11.896034,10,20,False,True,False,False,False
947902,184,346783.8,0,12.756463,7,16,False,True,False,False,False
1385055,236,397391.25,0,12.892682,9,20,False,True,False,False,False
962229,185,1268004.4,0,14.052957,7,17,False,False,False,False,True
1379604,236,215501.8,0,12.280734,9,20,False,False,False,False,True
786416,162,505793.0,0,13.133886,6,18,False,True,False,False,False
1266204,228,30651.73,0,10.33051,9,12,False,True,False,False,False
1675013,282,21923.61,0,9.995411,11,18,False,True,False,False,False
1474039,254,83847.85,0,11.336783,10,14,False,True,False,False,False
2741273,670,391491.03,0,12.877723,27,22,False,False,False,False,True
2047654,331,137080.84,0,11.828341,13,19,False,True,False,False,False
2065830,332,133192.8,0,11.799568,13,20,False,True,False,False,False
1382777,236,102272.9,0,11.535419,9,20,False,True,False,False,False
2299945,372,130733.21,0,11.78093,15,12,False,True,False,False,False
584291,137,327843.47,0,12.700297,5,17,False,True,False,False,False
1078450,203,1383630.1,0,14.140223,8,11,False,False,False,False,True
638066,140,1089659.4,0,13.901378,5,20,False,False,False,False,True
2398057,379,147113.95,0,11.898976,15,19,False,True,False,False,False
284224,35,221733.44,0,12.30924,1,11,False,True,False,False,False
2518576,400,883136.94,0,13.691237,16,16,False,False,False,False,True
1593684,275,40040.31,0,10.597692,11,11,False,True,False,False,False
1205010,212,255017.16,0,12.449094,8,20,False,False,False,False,True
2271020,369,328960.8,0,12.7037,15,9,False,True,False,False,False
683739,155,185010.92,0,12.128181,6,11,False,True,False,False,False
2564951,403,164172.02,0,12.008682,16,19,False,True,False,False,False
2448997,394,150240.19,0,11.920004,16,10,False,True,False,False,False
226272,20,194720.27,0,12.17933,0,20,False,True,False,False,False
2512346,399,83448.2,0,11.3320055,16,15,False,True,False,False,False
1904017,308,48481.87,0,10.788986,12,20,False,False,False,False,True
1404688,249,263648.06,0,12.482378,10,9,False,True,False,False,False
869074,179,125600.93,0,11.740881,7,11,False,True,False,False,False
1597639,275,115907.82,0,11.660568,11,11,False,True,False,False,False
1495958,256,117420.82,0,11.673536,10,16,False,True,False,False,False
932193,183,570622.3,0,13.254486,7,15,False,True,False,False,False
1420593,250,3802105.8,0,15.151066,10,10,False,False,False,False,True
2704202,586,517718.03,0,13.15719,24,10,False,True,False,False,False
1390390,237,202148.17,0,12.216766,9,21,False,True,False,False,False
2517499,400,93608.39,0,11.446897,16,16,False,True,False,False,False
1717702,284,47904.86,0,10.777014,11,20,False,True,False,False,False
619370,139,174766.06,0,12.071215,5,19,False,True,False,False,False
134250,16,197846.58,0,12.195257,0,16,False,True,False,False,False
2002924,328,304352.0,0,12.625947,13,16,False,True,False,False,False
225141,20,679226.6,0,13.428713,0,20,False,False,False,False,True
2331485,374,2446.52,0,7.803239,15,14,False,True,False,False,False
1264119,228,396003.12,0,12.889182,9,12,False,True,False,False,False
1933744,322,18518.73,0,9.826646,13,10,False,True,False,False,False
2470069,396,557252.94,0,13.230778,16,12,False,True,False,False,False
37494,10,76905.2,0,11.250355,0,10,False,True,False,False,False
125733,15,70696.52,0,11.16618,0,15,False,True,False,False,False
2221884,355,1110828.6,0,13.920619,14,19,False,False,False,False,True
100204,14,39913.79,0,10.594527,0,14,False,True,False,False,False
1523341,258,289431.8,0,12.575682,10,18,False,True,False,False,False
1394995,239,291241.8,0,12.581916,9,23,False,True,False,False,False
73564,12,321966.88,0,12.68221,0,12,False,True,False,False,False
1523446,258,128275.52,0,11.761951,10,18,False,True,False,False,False
74338,12,1869387.1,0,14.441122,0,12,False,False,False,False,True
2313779,373,210326.05,0,12.256424,15,13,False,True,False,False,False
68696,12,123843.97,0,11.726794,0,12,False,True,False,False,False
329885,38,103542.66,0,11.547758,1,14,False,True,False,False,False
2713921,592,11399.11,0,9.341466,24,16,False,True,False,False,False
36994,10,313166.72,0,12.654497,0,10,False,False,False,False,True
816650,163,53419.15,0,10.885962,6,19,False,True,False,False,False
870415,179,248154.02,0,12.421813,7,11,False,True,False,False,False
286208,35,342598.3,0,12.74432,1,11,False,True,False,False,False
953063,184,422585.94,0,12.954153,7,16,False,True,False,False,False
2186053,353,231591.05,0,12.352737,14,17,False,True,False,False,False
262450,34,185092.2,0,12.12862,1,10,False,True,False,False,False
2070950,332,27770.37,0,10.231797,13,20,False,True,False,False,False
1407347,249,148819.45,0,11.910502,10,9,False,True,False,False,False
1292518,230,554348.5,0,13.225553,9,14,False,False,False,False,True
2703556,585,473573.9,0,13.068068,24,9,False,False,False,False,True
1711063,284,222441.81,0,12.312429,11,20,False,True,False,False,False
2521747,400,185479.48,0,12.130711,16,16,False,True,False,False,False
43599,11,74078.92,0,11.2129135,0,11,False,True,False,False,False
537016,133,401367.9,0,12.902638,5,13,False,True,False,False,False
1465476,253,106013.84,0,11.571343,10,13,False,True,False,False,False
2652346,518,553158.9,0,13.223404,21,14,False,True,False,False,False
1775305,300,401922.9,0,12.90402,12,12,False,True,False,False,False
1016680,188,249068.02,0,12.425489,7,20,False,True,False,False,False
198482,19,136860.56,0,11.826733,0,19,False,True,False,False,False
316366,37,84038.46,0,11.339054,1,13,False,True,False,False,False
2410546,380,441493.47,0,12.997923,15,20,False,False,False,False,True
2583805,403,164080.16,0,12.008122,16,19,False,True,False,False,False
337113,38,63068.42,0,11.052008,1,14,False,True,False,False,False
227065,20,49502.5,0,10.809819,0,20,False,True,False,False,False
290826,36,258464.5,0,12.462522,1,12,False,True,False,False,False
143117,16,5793.37,0,8.664815,0,16,False,True,False,False,False
1839778,305,272562.75,0,12.515632,12,17,False,False,False,False,True
2052057,331,753296.4,0,13.532217,13,19,False,False,False,False,True
1422923,251,81461.26,0,11.307907,10,11,False,True,False,False,False
218901,19,40367.83,0,10.605838,0,19,False,True,False,False,False
1087833,204,516933.7,0,13.155674,8,12,False,False,False,False,True
189012,18,250910.27,0,12.432858,0,18,False,True,False,False,False
1151563,208,91978.1,0,11.429328,8,16,False,True,False,False,False
1529377,258,86113.1,0,11.3634405,10,18,False,False,False,False,True
2156343,350,248578.66,0,12.423523,14,14,False,False,False,False,True
179846,18,11103.52,0,9.315198,0,18,False,True,False,False,False
1610168,276,728924.5,0,13.499329,11,12,False,False,False,False,True
2182058,352,437654.03,0,12.989188,14,16,False,True,False,False,False
1788826,301,29635.44,0,10.296794,12,13,False,True,False,False,False
593030,137,750580.0,0,13.5286045,5,17,False,False,False,False,True
149398,16,281960.47,0,12.549529,0,16,False,True,False,False,False
838958,165,46129.61,0,10.739254,6,21,False,True,False,False,False
1213999,212,109556.94,0,11.604218,8,20,False,True,False,False,False
1797486,302,317700.34,0,12.66887,12,14,False,True,False,False,False
1554891,260,221504.31,0,12.308207,10,20,False,True,False,False,False
634629,140,206270.16,0,12.236952,5,20,False,True,False,False,False
836222,165,111745.2,0,11.623995,6,21,False,True,False,False,False
69418,12,53648.43,0,10.8902445,0,12,False,True,False,False,False
2427877,384,309085.38,0,12.641379,16,0,False,True,False,False,False
1117007,206,208290.45,0,12.246698,8,14,False,True,False,False,False
489778,130,38680.13,0,10.563133,5,10,False,True,False,False,False
1396476,239,267655.5,0,12.497463,9,23,False,True,False,False,False
2069329,332,174620.4,0,12.070381,13,20,False,True,False,False,False
2474058,396,288949.53,0,12.574015,16,12,False,True,False,False,False
1687209,283,168621.73,0,12.035425,11,19,False,True,False,False,False
2166668,351,96547.87,0,11.477815,14,15,False,True,False,False,False
2762993,692,86416.29,0,11.366955,28,20,False,True,False,False,False
2513988,399,172374.86,0,12.057439,16,15,False,True,False,False,False
1245761,226,446828.0,0,13.009933,9,10,False,True,False,False,False
1086222,204,185528.4,0,12.130974,8,12,False,True,False,False,False
1984531,326,308267.7,0,12.63873,13,14,False,True,False,False,False
2349491,376,201202.84,0,12.212079,15,16,False,True,False,False,False
237347,21,126493.66,0,11.747963,0,21,False,True,False,False,False
269508,34,237921.11,0,12.379703,1,10,False,True,False,False,False
2440781,394,341075.28,0,12.739864,16,10,False,True,False,False,False
1604065,276,474658.16,0,13.070354,11,12,False,True,False,False,False
514474,132,129549.66,0,11.771835,5,12,False,True,False,False,False
407068,43,90817.33,0,11.416628,1,19,False,True,False,False,False
95762,14,55596.02,0,10.925903,0,14,False,True,False,False,False
1501294,256,209234.34,0,12.25122,10,16,False,True,False,False,False
73619,12,54203.58,0,10.900539,0,12,False,True,False,False,False
2412788,380,1064.65,0,6.972278,15,20,False,True,False,False,False
1821092,304,185880.23,0,12.132869,12,16,False,True,False,False,False
2207953,354,5977775.0,0,15.6035595,14,18,False,False,False,False,True
2013275,328,66046.96,0,11.098151,13,16,False,True,False,False,False
1070720,203,129171.39,0,11.768911,8,11,False,True,False,False,False
2558207,402,165494.5,0,12.0167055,16,18,False,True,False,False,False
2754039,688,153333.56,0,11.940384,28,16,False,True,False,False,False
1380568,236,109840.95,0,11.606807,9,20,False,True,False,False,False
742818,159,4181617.2,0,15.246209,6,15,False,False,False,False,True
770862,161,158276.88,0,11.972114,6,17,False,True,False,False,False
920210,182,558222.06,0,13.232515,7,14,False,False,False,False,True
1835752,305,157498.62,0,11.967185,12,17,False,True,False,False,False
1194017,211,191529.92,0,12.162809,8,19,False,True,False,False,False
1869334,307,451486.12,0,13.020305,12,19,False,True,False,False,False
1038189,190,7275.92,0,8.8926,7,22,False,True,False,False,False
1555875,260,698958.5,0,13.45735,10,20,False,False,False,False,True
856194,178,130049.38,0,11.775685,7,10,False,True,False,False,False
2731737,619,49855.26,0,10.816919,25,19,False,True,False,False,False
865210,178,148885.02,0,11.910943,7,10,False,True,False,False,False
212466,19,65608.62,0,11.091493,0,19,False,True,False,False,False
2344920,375,296794.03,0,12.6008005,15,15,False,True,False,False,False
1697280,283,203982.12,0,12.225798,11,19,False,True,False,False,False
2260626,358,160106.69,0,11.983608,14,22,False,True,False,False,False
663338,153,10272.37,0,9.237408,6,9,False,True,False,False,False
2416525,381,276746.78,0,12.530866,15,21,False,True,False,False,False
2008858,328,53891.89,0,10.894773,13,16,False,True,False,False,False
1710971,284,247130.69,0,12.417681,11,20,False,True,False,False,False
1998054,327,122613.59,0,11.716809,13,15,False,True,False,False,False
179658,18,96414.3,0,11.476431,0,18,False,True,False,False,False
210962,19,13193.96,0,9.487666,0,19,False,True,False,False,False
2294558,371,342851.44,0,12.745058,15,11,False,True,False,False,False
2672261,542,23859.86,0,10.080037,22,14,False,True,False,False,False
2173138,352,1147400.8,0,13.9530115,14,16,False,False,False,False,True
1270239,228,502021.28,0,13.126402,9,12,False,True,False,False,False
1531779,258,276547.4,0,12.530145,10,18,False,True,False,False,False
2551568,402,167394.03,0,12.028118,16,18,False,False,False,False,True
219812,20,102210.77,0,11.534812,0,20,False,True,False,False,False
2166670,351,56196.39,0,10.936644,14,15,False,True,False,False,False
1550727,259,106731.73,0,11.578093,10,19,False,False,False,False,True
1103601,205,44352.58,0,10.699971,8,13,False,True,False,False,False
1965612,325,56051.63,0,10.934064,13,13,False,True,False,False,False
1865159,306,152414.4,0,11.934372,12,18,False,True,False,False,False
2524042,400,544662.6,0,13.207926,16,16,False,True,False,False,False
2482551,397,333228.84,0,12.716591,16,13,False,True,False,False,False
453459,48,112584.31,0,11.631475,2,0,False,True,False,False,False
1012961,187,10484.91,0,9.257883,7,19,False,True,False,False,False
1858845,306,103430.67,0,11.546677,12,18,False,True,False,False,False
2167807,351,70609.72,0,11.164951,14,15,False,True,False,False,False
1455570,253,240591.12,0,12.390862,10,13,False,True,False,False,False
199339,19,233595.8,0,12.361356,0,19,False,True,False,False,False
424783,44,98953.86,0,11.502429,1,20,False,True,False,False,False
1440927,252,389518.84,0,12.872673,10,12,False,False,False,False,True
2677465,544,125516.26,0,11.740207,22,16,False,True,False,False,False
95410,14,447993.4,0,13.012538,0,14,False,True,False,False,False
1294211,230,198544.52,0,12.198779,9,14,False,True,False,False,False
995493,187,51287.29,0,10.845238,7,19,False,True,False,False,False
2067010,332,121464.14,0,11.707391,13,20,False,True,False,False,False
727935,158,554894.75,0,13.226538,6,14,False,True,False,False,False
1482032,254,96595.13,0,11.478304,10,14,False,True,False,False,False
350929,40,306477.34,0,12.632906,1,16,False,False,False,False,True
1068145,203,14614.56,0,9.5899105,8,11,False,True,False,False,False
913579,182,137947.16,0,11.8346405,7,14,False,True,False,False,False
763921,161,214078.88,0,12.274109,6,17,False,True,False,False,False
2711716,590,114464.03,0,11.648033,24,14,False,True,False,False,False
2173472,352,1539877.2,0,14.247214,14,16,False,False,False,False,True
1471007,254,137402.98,0,11.8306875,10,14,False,False,False,False,True
2095809,345,215743.73,0,12.281856,14,9,False,True,False,False,False
173900,18,48759.61,0,10.794699,0,18,False,True,False,False,False
662151,152,102945.99,1,11.541979,6,8,False,False,False,False,True
1707251,284,214846.7,0,12.277689,11,20,False,False,False,False,True
1374879,236,219833.34,0,12.300634,9,20,False,True,False,False,False
2319489,373,318723.44,0,12.672086,15,13,False,True,False,False,False
1799691,302,43474.47,0,10.6799755,12,14,False,True,False,False,False
1505670,256,563451.8,0,13.24184,10,16,False,False,False,False,True
652829,141,148223.27,0,11.906488,5,21,False,True,False,False,False
1554157,260,243572.83,0,12.403179,10,20,False,True,False,False,False
2135551,349,414573.9,0,12.935012,14,13,False,True,False,False,False
1708153,284,63751.25,0,11.062776,11,20,False,True,False,False,False
942287,184,233876.02,0,12.362555,7,16,False,True,False,False,False
2661793,522,35408.69,0,10.474769,21,18,False,True,False,False,False
1320714,232,426178.72,0,12.962619,9,16,False,True,False,False,False
1616939,277,95695.51,0,11.468947,11,13,False,True,False,False,False
1870142,307,15344.62,0,9.638651,12,19,False,True,False,False,False
1487369,255,178636.66,0,12.093121,10,15,False,True,False,False,False
2377812,378,301303.1,0,12.615879,15,18,False,False,False,False,True
176780,18,37995.08,0,10.545264,0,18,False,True,False,False,False
2431683,393,201139.45,0,12.211763,16,9,False,True,False,False,False
2038607,330,95027.16,0,11.461939,13,18,False,True,False,False,False
340931,39,306093.16,0,12.631651,1,15,False,True,False,False,False
1626844,278,66000.48,0,11.097447,11,14,False,True,False,False,False
1882774,307,363054.3,0,12.802313,12,19,False,False,False,False,True
1915813,311,100513.28,0,11.518065,12,23,False,True,False,False,False
418419,43,251076.81,0,12.433522,1,19,False,True,False,False,False
1534613,259,77980.63,0,11.264241,10,19,False,True,False,False,False
1613180,276,207696.55,0,12.243843,11,12,False,False,False,False,True
131373,15,240825.92,0,12.391838,0,15,False,True,False,False,False
375606,41,179110.81,0,12.095771,1,17,False,True,False,False,False
2429710,393,191727.64,0,12.163841,16,9,False,True,False,False,False
1638931,279,66394.66,0,11.103402,11,15,False,True,False,False,False
1671566,281,126289.26,0,11.746346,11,17,False,True,False,False,False
241003,21,217962.7,0,12.2920885,0,21,False,False,False,False,True
632020,139,319533.84,0,12.674624,5,19,False,True,False,False,False
1040418,190,9321.24,0,9.140265,7,22,False,True,False,False,False
1364290,235,64332.0,0,11.071843,9,19,False,True,False,False,False
1937629,322,161398.28,0,11.991643,13,10,False,True,False,False,False
1546220,259,87938.77,0,11.3844185,10,19,False,True,False,False,False
1835430,305,65679.72,0,11.092576,12,17,False,True,False,False,False
2490286,398,423014.88,0,12.955168,16,14,False,True,False,False,False
2144499,349,261106.38,0,12.472691,14,13,False,True,False,False,False
674305,154,1450085.5,0,14.187135,6,10,False,False,False,False,True
187798,18,148748.88,0,11.910028,0,18,False,True,False,False,False
1298642,230,228236.3,0,12.338145,9,14,False,True,False,False,False
2736265,656,169307.17,0,12.039482,27,8,False,True,False,False,False
2306328,372,330815.53,0,12.709322,15,12,False,True,False,False,False
796007,163,96898.22,0,11.481437,6,19,False,True,False,False,False
1031167,189,386200.9,0,12.864119,7,21,False,False,False,False,True
288688,36,82092.04,0,11.31562,1,12,False,True,False,False,False
1883952,307,270848.84,0,12.509323,12,19,False,True,False,False,False
1615548,277,71325.48,0,11.175037,11,13,False,True,False,False,False
2012958,328,258713.5,0,12.463485,13,16,False,True,False,False,False
2455942,395,98463.11,0,11.4974575,16,11,False,True,False,False,False
562490,135,648624.3,0,13.382612,5,15,False,False,False,False,True
1257029,227,20053.94,0,9.9062805,9,11,False,True,False,False,False
178385,18,56683.29,0,10.94527,0,18,False,True,False,False,False
1410836,250,53479.91,0,10.887098,10,10,False,True,False,False,False
1468706,253,382651.94,0,12.854886,10,13,False,False,False,False,True
2682844,546,122865.02,0,11.718858,22,18,False,True,False,False,False
704705,156,491376.28,0,13.10497,6,12,False,True,False,False,False
1235374,225,218905.44,0,12.296404,9,9,False,True,False,False,False
1370849,236,161467.92,0,11.992074,9,20,False,True,False,False,False
1710500,284,8811.2,0,9.084006,11,20,False,True,False,False,False
745912,159,16112.55,0,9.687478,6,15,False,True,False,False,False
2425123,383,67609.73,0,11.121537,15,23,False,False,False,False,True
2008711,328,3978093.2,0,15.196314,13,16,False,False,False,False,True
1209843,212,732524.94,0,13.504255,8,20,False,False,False,False,True
797279,163,181946.66,0,12.11148,6,19,False,True,False,False,False
1143873,208,284491.47,0,12.558466,8,16,False,True,False,False,False
2166304,351,138079.23,0,11.835597,14,15,False,True,False,False,False
2492848,398,452825.3,0,13.023266,16,14,False,True,False,False,False
2000993,327,1175.59,0,7.071225,13,15,False,False,False,False,True
809442,163,132420.31,0,11.793752,6,19,False,True,False,False,False
1528931,258,189888.2,0,12.1542015,10,18,False,False,False,False,True
2380313,379,424397.62,0,12.958431,15,19,False,False,False,False,True
1001092,187,240490.42,0,12.390444,7,19,False,True,False,False,False
196388,19,45149.4,0,10.717776,0,19,False,True,False,False,False
2689211,563,130963.65,0,11.78269,23,11,False,True,False,False,False
1336166,234,289903.3,0,12.57731,9,18,False,False,False,False,True
2592713,404,129588.18,0,11.772132,16,20,False,False,False,False,True
1875326,307,10640.14,0,9.272577,12,19,False,True,False,False,False
1320000,232,150088.69,0,11.918995,9,16,False,True,False,False,False
69018,12,231485.48,0,12.352282,0,12,False,True,False,False,False
1693714,283,79194.84,0,11.279692,11,19,False,True,False,False,False
1312565,232,460729.6,0,13.040571,9,16,False,True,False,False,False
2378842,378,255148.77,0,12.44961,15,18,False,True,False,False,False
572323,136,134768.72,0,11.81133,5,16,False,True,False,False,False
2037239,330,173672.38,0,12.064938,13,18,False,True,False,False,False
465509,120,368995.53,0,12.818545,5,0,False,True,False,False,False
1493027,255,356277.53,0,12.783471,10,15,False,True,False,False,False
1284002,229,26190.13,0,10.173214,9,13,False,True,False,False,False
1205670,212,220255.7,0,12.302553,8,20,False,True,False,False,False
2029141,330,420736.84,0,12.949768,13,18,False,False,False,False,True
1532743,258,481513.88,0,13.084695,10,18,False,True,False,False,False
1205553,212,391211.16,0,12.8770075,8,20,False,True,False,False,False
656751,142,395810.84,0,12.888697,5,22,False,False,False,False,True
1965243,325,30846.84,1,10.336854,13,13,False,False,False,False,True
2616874,419,129992.85,0,11.77525,17,11,False,True,False,False,False
1787163,301,304082.72,0,12.625062,12,13,False,True,False,False,False
398416,42,114871.74,0,11.651589,1,18,False,True,False,False,False
2036687,330,9695.29,0,9.179602,13,18,False,True,False,False,False
406682,43,94958.17,0,11.461213,1,19,False,True,False,False,False
2330932,374,122769.26,0,11.718079,15,14,False,True,False,False,False
2363652,378,188910.42,0,12.149039,15,18,False,True,False,False,False
2424723,382,132488.44,0,11.794266,15,22,False,True,False,False,False
2236870,355,267317.97,0,12.4962015,14,19,False,True,False,False,False
128798,15,89659.64,0,11.403798,0,15,False,True,False,False,False
1024734,188,77723.68,0,11.260941,7,20,False,False,False,False,True
589097,137,399188.8,0,12.897195,5,17,False,True,False,False,False
2223022,355,260276.1,0,12.469506,14,19,False,True,False,False,False
1376691,236,85564.67,0,11.357051,9,20,False,True,False,False,False
2497320,398,237009.66,0,12.375865,16,14,False,True,False,False,False
2451434,395,239770.19,0,12.3874445,16,11,False,True,False,False,False
2070278,332,14041.43,0,9.54991,13,20,False,True,False,False,False
1274817,228,7751.95,0,8.955957,9,12,False,False,False,False,True
1972128,325,100914.5,0,11.522049,13,13,False,True,False,False,False
11706,9,42412.28,0,10.65524,0,9,False,True,False,False,False
470463,129,414877.16,0,12.935742,5,9,False,True,False,False,False
410337,43,189929.31,0,12.154418,1,19,False,True,False,False,False
1695136,283,247220.94,0,12.418046,11,19,False,True,False,False,False
250784,24,18743.69,0,9.838719,1,0,False,False,False,False,True
1784892,301,102971.88,0,11.542231,12,13,False,False,False,False,True
1302670,231,201770.95,0,12.214898,9,15,False,True,False,False,False
2573127,403,51888.51,0,10.856892,16,19,False,True,False,False,False
1136954,207,544546.0,0,13.207711,8,15,False,False,False,False,True
1476580,254,181910.25,0,12.1112795,10,14,False,True,False,False,False
234318,20,153359.08,0,11.940551,0,20,False,True,False,False,False
2475854,397,501530.88,0,13.125424,16,13,False,False,False,False,True
1634461,278,100274.29,0,11.515684,11,14,False,True,False,False,False
2641713,495,8134.34,0,9.004096,20,15,False,True,False,False,False
538721,133,34566.59,0,10.450701,5,13,False,True,False,False,False
1543476,259,42308.01,0,10.652779,10,19,False,True,False,False,False
459097,94,151186.62,0,11.926284,3,22,False,True,False,False,False
1378857,236,59381.47,0,10.991771,9,20,False,True,False,False,False
219296,19,1276218.6,0,14.059414,0,19,False,False,False,False,True
1399398,249,197571.62,0,12.193867,10,9,False,True,False,False,False
2259521,358,174780.81,0,12.0713,14,22,False,True,False,False,False
2136067,349,298596.34,0,12.606854,14,13,False,True,False,False,False
1006151,187,354062.25,0,12.777234,7,19,False,True,False,False,False
504616,131,126689.08,0,11.749507,5,11,False,True,False,False,False
2351859,376,10000000.0,0,16.118095,15,16,False,False,False,False,True
1995942,327,3688407.2,0,15.120706,13,15,False,False,False,False,True
869185,179,201975.17,0,12.21591,7,11,False,True,False,False,False
769180,161,50867.57,0,10.83702,6,17,False,True,False,False,False
2443862,394,563870.7,0,13.242584,16,10,False,True,False,False,False
2532210,401,148031.69,0,11.905195,16,17,False,True,False,False,False
1802306,302,95283.02,0,11.464628,12,14,False,False,False,False,True
470087,129,329783.5,0,12.706198,5,9,False,True,False,False,False
1625035,277,171959.7,0,12.055027,11,13,False,True,False,False,False
966873,185,41983.61,0,10.645082,7,17,False,True,False,False,False
1922399,321,110181.68,0,11.609904,13,9,False,True,False,False,False
2758507,691,58700.88,0,10.980244,28,19,False,True,False,False,False
538112,133,83157.75,0,11.328519,5,13,False,True,False,False,False
196353,19,126042.28,0,11.744389,0,19,False,True,False,False,False
901787,181,60365.0,0,11.008198,7,13,False,True,False,False,False
558571,135,215588.36,0,12.281136,5,15,False,True,False,False,False
2502323,399,281078.94,0,12.546398,16,15,False,True,False,False,False
1247304,226,2526588.8,0,14.742381,9,10,False,False,False,False,True
2635151,476,228758.92,0,12.340433,19,20,False,True,False,False,False
2076799,332,43808.07,0,10.687619,13,20,False,True,False,False,False
473647,129,96794.63,0,11.480368,5,9,False,True,False,False,False
2154919,350,193736.56,0,12.174265,14,14,False,True,False,False,False
1684294,282,120034.57,0,11.695552,11,18,False,True,False,False,False
1998453,327,129571.94,0,11.772007,13,15,False,True,False,False,False
2141621,349,54991.6,0,10.914972,14,13,False,True,False,False,False
2673483,542,88613.21,0,11.392058,22,14,False,True,False,False,False
2161652,351,8868.96,0,9.090538,14,15,False,True,False,False,False
2648794,514,87859.33,0,11.383515,21,10,False,True,False,False,False
2728942,612,89932.57,0,11.406837,25,12,False,True,False,False,False
2471047,396,1342906.9,0,14.110349,16,12,False,False,False,False,True
2640952,493,115295.59,0,11.655272,20,13,False,True,False,False,False
2595837,404,302235.34,0,12.618968,16,20,False,False,False,False,True
2087285,334,41541.92,0,10.634506,13,22,False,False,False,False,True
362260,40,201798.19,0,12.215034,1,16,False,True,False,False,False
1940911,323,147430.97,0,11.901129,13,11,False,True,False,False,False
556019,135,334601.06,0,12.7207,5,15,False,True,False,False,False
256864,33,262966.12,0,12.479788,1,9,False,True,False,False,False
1327582,233,49110.05,0,10.80186,9,17,False,True,False,False,False
1096816,204,17447.51,0,9.767067,8,12,False,True,False,False,False
2244639,356,9650.86,0,9.17501,14,20,False,True,False,False,False
838863,165,258690.62,0,12.463396,6,21,False,True,False,False,False
2023667,329,268241.06,0,12.499649,13,17,False,True,False,False,False
733511,158,66195.89,0,11.100404,6,14,False,True,False,False,False
1858329,306,18894.14,0,9.846713,12,18,False,True,False,False,False
806948,163,90583.16,0,11.414045,6,19,False,True,False,False,False
1101708,205,78634.68,0,11.2725935,8,13,False,True,False,False,False
2127155,348,111789.89,0,11.624394,14,12,False,True,False,False,False
1045977,201,160313.75,0,11.9849,8,9,False,False,False,False,True
875558,179,292738.0,0,12.58704,7,11,False,True,False,False,False
126523,15,290788.28,0,12.580358,0,15,False,True,False,False,False
1186634,211,156327.8,0,11.959723,8,19,False,True,False,False,False
2351006,376,188847.52,0,12.1487055,15,16,False,True,False,False,False
2030571,330,381686.75,0,12.852361,13,18,False,True,False,False,False
1911877,310,48896.59,0,10.797503,12,22,False,True,False,False,False
2661310,522,145928.77,0,11.890887,21,18,False,True,False,False,False
1689922,283,117009.11,0,11.670024,11,19,False,False,False,False,True
686868,155,587757.9,0,13.284074,6,11,False,True,False,False,False
372653,41,334314.0,0,12.719842,1,17,False,True,False,False,False
1449381,252,503710.5,0,13.129761,10,12,False,False,False,False,True
251583,30,236947.25,1,12.375601,1,6,False,False,False,False,True
1734667,297,1287119.0,0,14.067919,12,9,False,False,False,False,True
1985788,326,67539.56,0,11.120499,13,14,False,True,False,False,False
2232438,355,203803.66,0,12.224922,14,19,False,True,False,False,False
618806,139,174032.36,0,12.067008,5,19,False,True,False,False,False
2443978,394,33937.36,0,10.432331,16,10,False,True,False,False,False
1638758,279,241261.45,0,12.393645,11,15,False,True,False,False,False
780012,162,252969.02,0,12.4410305,6,18,False,True,False,False,False
1889405,307,1860.24,0,7.5295353,12,19,False,False,False,False,True
958026,185,290249.75,0,12.578504,7,17,False,True,False,False,False
1189981,211,54.7,0,4.037774,8,19,False,True,False,False,False
773184,161,828955.25,0,13.627924,6,17,False,False,False,False,True
955483,185,305032.53,0,12.6281805,7,17,False,True,False,False,False
1564340,260,198959.11,0,12.200865,10,20,False,True,False,False,False
725421,158,323917.56,0,12.688251,6,14,False,False,False,False,True
435122,44,75635.7,0,11.23371,1,20,False,True,False,False,False
280571,35,1050518.6,0,13.864797,1,11,False,False,False,False,True
2302620,372,218822.94,0,12.296027,15,12,False,True,False,False,False
2140707,349,321235.1,0,12.6799345,14,13,False,True,False,False,False
99414,14,365058.62,0,12.807818,0,14,False,True,False,False,False
2215173,354,189975.6,0,12.154661,14,18,False,True,False,False,False
636120,140,141352.4,0,11.859026,5,20,False,True,False,False,False
2005098,328,498719.88,0,13.119803,13,16,False,True,False,False,False
1719858,285,75868.99,0,11.23679,11,21,False,True,False,False,False
576730,136,127812.03,0,11.758331,5,16,False,True,False,False,False
1638807,279,61325.93,0,11.023991,11,15,False,True,False,False,False
2098113,346,353124.34,0,12.774581,14,10,False,True,False,False,False
827969,164,195491.86,0,12.183285,6,20,False,False,False,False,True
2447997,394,75145.58,0,11.227209,16,10,False,True,False,False,False
2765454,705,140691.05,0,11.854336,29,9,False,False,False,False,True
304890,36,756476.0,0,13.536428,1,12,False,False,False,False,True
836457,165,49741.53,0,10.814636,6,21,False,True,False,False,False
1349309,235,99441.62,0,11.507346,9,19,False,True,False,False,False
1841324,305,222368.27,0,12.312099,12,17,False,True,False,False,False
1783389,301,2224652.5,0,14.615112,12,13,False,False,False,False,True
1657432,280,641.11,0,6.4663157,11,16,False,True,False,False,False
107251,14,127766.66,0,11.757977,0,14,False,True,False,False,False
1306182,231,31058.09,0,10.343679,9,15,False,True,False,False,False
2142066,349,1874752.2,0,14.443988,14,13,False,False,False,False,True
1868886,307,211369.77,0,12.2613735,12,19,False,True,False,False,False
769774,161,10838.57,0,9.291051,6,17,False,True,False,False,False
1251549,227,142948.38,0,11.870253,9,11,False,True,False,False,False
801140,163,105066.21,0,11.562366,6,19,False,True,False,False,False
2242429,356,585920.0,0,13.280942,14,20,False,False,False,False,True
2309155,373,231122.48,0,12.350712,15,13,False,True,False,False,False
1567104,260,106001.61,0,11.571228,10,20,False,True,False,False,False
904434,181,235217.72,0,12.368276,7,13,False,True,False,False,False
2737917,661,141152.38,0,11.85761,27,13,False,True,False,False,False
2088270,335,1459955.4,0,14.193918,13,23,False,False,False,False,True
681974,154,58109.31,0,10.970116,6,10,False,True,False,False,False
1869496,307,118296.99,0,11.68097,12,19,False,True,False,False,False
239883,21,89313.71,0,11.399933,0,21,False,True,False,False,False
1326026,233,193992.52,0,12.175585,9,17,False,True,False,False,False
2399256,379,45903.67,0,10.734344,15,19,False,True,False,False,False
1534878,259,158009.98,0,11.970427,10,19,False,True,False,False,False
589719,137,449190.97,0,13.015208,5,17,False,True,False,False,False
2438888,394,319276.4,0,12.673819,16,10,False,True,False,False,False
1203501,212,338806.9,0,12.7331915,8,20,False,False,False,False,True
2429884,393,3929.56,0,8.276792,16,9,False,True,False,False,False
1835012,305,1071238.0,0,13.884328,12,17,False,False,False,False,True
1531142,258,372467.47,0,12.82791,10,18,False,True,False,False,False
314999,37,68011.75,0,11.127465,1,13,False,True,False,False,False
967453,185,263952.38,0,12.483532,7,17,False,True,False,False,False
850989,177,392391.72,0,12.880021,7,9,False,True,False,False,False
481242,130,431891.97,0,12.975935,5,10,False,True,False,False,False
2583701,403,35302.68,0,10.471771,16,19,False,True,False,False,False
756385,160,248941.45,0,12.424981,6,16,False,True,False,False,False
1019528,188,103356.29,0,11.545957,7,20,False,True,False,False,False
1829191,304,125159.68,0,11.737362,12,16,False,True,False,False,False
2354164,377,99188.4,0,11.504797,15,17,False,True,False,False,False
2752426,687,407414.1,0,12.91759,28,15,False,True,False,False,False
1408974,250,89705.11,0,11.404305,10,10,False,True,False,False,False
736566,159,938847.0,0,13.75241,6,15,False,False,False,False,True
1020314,188,114092.15,0,11.644779,7,20,False,False,False,False,True
2324280,374,414585.38,0,12.9350395,15,14,False,False,False,False,True
1390827,237,316311.47,0,12.664489,9,21,False,True,False,False,False
1674284,282,459701.62,0,13.038338,11,18,False,True,False,False,False
1907474,309,252377.19,0,12.438688,12,21,False,True,False,False,False
2256889,357,56296.06,0,10.938416,14,21,False,True,False,False,False
1883487,307,235558.8,0,12.369724,12,19,False,True,False,False,False
2406535,380,66909.71,0,11.11113,15,20,False,True,False,False,False
2080632,333,199850.06,0,12.205333,13,21,False,True,False,False,False
465172,120,1365161.1,0,14.126784,5,0,False,False,False,False,True
26490,9,221884.75,0,12.309922,0,9,False,True,False,False,False
583188,137,133418.77,0,11.801263,5,17,False,True,False,False,False
2199504,354,175265.8,0,12.07407,14,18,False,True,False,False,False
1046336,201,122530.67,0,11.716133,8,9,False,True,False,False,False
2073675,332,115951.23,0,11.660942,13,20,False,True,False,False,False
959429,185,847987.94,0,13.650624,7,17,False,False,False,False,True
75059,12,35721.24,0,10.483557,0,12,False,True,False,False,False
2066812,332,78598.14,0,11.272129,13,20,False,True,False,False,False
544009,134,497829.1,0,13.118016,5,14,False,True,False,False,False
795103,162,145591.61,0,11.888575,6,18,False,True,False,False,False
1066853,203,81950.95,0,11.313901,8,11,False,True,False,False,False
1308162,231,531474.7,0,13.183414,9,15,False,True,False,False,False
609918,138,95953.58,0,11.471641,5,18,False,True,False,False,False
256517,33,468757.47,0,13.057845,1,9,False,True,False,False,False
903230,181,146118.55,0,11.892187,7,13,False,True,False,False,False
2219552,355,91808.73,0,11.4274845,14,19,False,True,False,False,False
1502937,256,147224.77,0,11.89973,10,16,False,True,False,False,False
872471,179,140173.7,0,11.850652,7,11,False,True,False,False,False
439949,45,113427.62,0,11.638938,1,21,False,True,False,False,False
896251,181,407928.72,0,12.918853,7,13,False,True,False,False,False
1870270,307,9120.06,0,9.118451,12,19,False,True,False,False,False
2676877,544,495176.56,0,13.112674,22,16,False,False,False,False,True
2638704,492,46521.65,0,10.747716,20,12,False,True,False,False,False
2591394,404,142861.14,0,11.869642,16,20,False,True,False,False,False
2117710,347,61121.3,0,11.020648,14,11,False,True,False,False,False
767279,161,49045.8,0,10.80055,6,17,False,True,False,False,False
1478319,254,73819.58,0,11.209407,10,14,False,True,False,False,False
1234864,225,337366.72,0,12.728931,9,9,False,True,False,False,False
2094024,345,88359.27,0,11.389189,14,9,False,True,False,False,False
284233,35,211112.52,0,12.260156,1,11,False,True,False,False,False
119436,15,194567.9,0,12.178547,0,15,False,True,False,False,False
113620,15,195658.14,0,12.1841345,0,15,False,True,False,False,False
1688157,283,427834.16,0,12.9664955,11,19,False,False,False,False,True
609225,138,239806.38,0,12.387595,5,18,False,True,False,False,False
2182026,352,6975.14,0,8.850394,14,16,False,True,False,False,False
2045238,330,101118.4,0,11.524067,13,18,False,True,False,False,False
2120072,347,329478.75,0,12.705274,14,11,False,True,False,False,False
2566882,403,115699.42,0,11.658769,16,19,False,False,False,False,True
2533984,401,65448.35,0,11.089047,16,17,False,True,False,False,False
1110,5,135550.06,0,11.817111,0,5,False,True,False,False,False
1259307,227,749905.5,0,13.527705,9,11,False,False,False,False,True
753283,160,290507.3,0,12.579391,6,16,False,True,False,False,False
2597667,404,509310.53,0,13.140817,16,20,False,False,False,False,True
2615925,409,141667.19,0,11.86125,17,1,False,True,False,False,False
1221728,214,274518.06,0,12.522779,8,22,False,True,False,False,False
1668255,281,98936.23,0,11.502251,11,17,False,True,False,False,False
918204,182,1178315.6,0,13.979598,7,14,False,False,False,False,True
1718226,284,49725.36,0,10.814311,11,20,False,True,False,False,False
1916418,311,82843.8,0,11.324737,12,23,False,True,False,False,False
1366339,235,226674.0,0,12.331277,9,19,False,True,False,False,False
1242221,226,29174.8,1,10.281129,9,10,False,True,False,False,False
2129101,348,338661.8,0,12.732763,14,12,False,True,False,False,False
1487497,255,43916.93,0,10.690101,10,15,False,True,False,False,False
466163,123,862569.8,0,13.667674,5,3,False,False,False,False,True
2263121,359,260323.97,0,12.46969,14,23,False,True,False,False,False
576523,136,108219.4,0,11.591934,5,16,False,True,False,False,False
1155600,209,534901.0,0,13.18984,8,17,False,False,False,False,True
173492,18,90132.52,0,11.409059,0,18,False,True,False,False,False
2261158,358,414780.78,0,12.935511,14,22,False,True,False,False,False
941355,184,138990.16,0,11.842173,7,16,False,True,False,False,False
846723,167,297669.47,0,12.603745,6,23,False,True,False,False,False
2746935,684,107399.28,0,11.584328,28,12,False,True,False,False,False
1600912,275,280136.38,0,12.543039,11,11,False,True,False,False,False
1226439,216,3033382.8,0,14.92519,9,0,False,False,False,False,True
984964,186,42550.58,0,10.658496,7,18,False,True,False,False,False
1075105,203,4486.67,0,8.409311,8,11,False,True,False,False,False
578521,136,144270.92,0,11.879462,5,16,False,True,False,False,False
1577475,263,7702.75,0,8.949593,10,23,False,True,False,False,False
1707619,284,213863.6,0,12.273103,11,20,False,False,False,False,True
914916,182,8436.19,0,9.040524,7,14,False,True,False,False,False
275823,35,103663.12,0,11.548921,1,11,False,True,False,False,False
915350,182,232186.0,0,12.355303,7,14,False,True,False,False,False
262930,34,384912.06,0,12.860775,1,10,False,True,False,False,False
621654,139,124721.48,0,11.733854,5,19,False,True,False,False,False
1473712,254,34890.92,0,10.460039,10,14,False,True,False,False,False
422427,44,59875.89,0,11.000063,1,20,False,True,False,False,False
178378,18,51325.35,0,10.845979,0,18,False,True,False,False,False
1128092,206,125101.95,0,11.7369,8,14,False,True,False,False,False
1889290,307,70917.73,0,11.169304,12,19,False,True,False,False,False
2076413,332,307167.66,0,12.635156,13,20,False,False,False,False,True
733128,158,65215.65,0,11.085485,6,14,False,True,False,False,False
1306339,231,25203.57,0,10.13482,9,15,False,True,False,False,False
1547100,259,288961.3,0,12.574055,10,19,False,True,False,False,False
875565,179,344363.78,0,12.749459,7,11,False,True,False,False,False
1695222,283,10820.55,0,9.289387,11,19,False,True,False,False,False
1608270,276,190337.2,0,12.156563,11,12,False,True,False,False,False
1745544,298,7687.56,0,8.9476185,12,10,False,True,False,False,False
826304,164,79190.02,0,11.279631,6,20,False,True,False,False,False
1254519,227,95281.33,0,11.46461,9,11,False,True,False,False,False
1366835,235,1205.11,0,7.0959845,9,19,False,True,False,False,False
1948314,323,2221929.5,0,14.613888,13,11,False,False,False,False,True
1085452,204,5129.83,0,8.543218,8,12,False,True,False,False,False
384685,42,124555.87,0,11.732526,1,18,False,True,False,False,False
1047568,201,212025.73,0,12.264472,8,9,False,False,False,False,True
2037542,330,144313.1,0,11.879754,13,18,False,True,False,False,False
2004972,328,209103.69,0,12.250595,13,16,False,True,False,False,False
2628591,466,996142.9,0,13.811648,19,10,False,False,False,False,True
1724555,286,104898.58,0,11.560768,11,22,False,True,False,False,False
1320440,232,287417.5,0,12.568698,9,16,False,True,False,False,False
711391,157,300652.16,0,12.613716,6,13,False,True,False,False,False
1662913,281,131689.44,0,11.788217,11,17,False,True,False,False,False
1802978,302,117653.94,0,11.67552,12,14,False,True,False,False,False
2478091,397,312380.25,0,12.651983,16,13,False,True,False,False,False
584835,137,372969.0,0,12.829256,5,17,False,True,False,False,False
1774326,300,96332.28,0,11.475579,12,12,False,True,False,False,False
2610358,406,235240.66,0,12.368373,16,22,False,False,False,False,True
1804347,302,425575.38,0,12.961202,12,14,False,True,False,False,False
985007,186,177082.98,0,12.084385,7,18,False,True,False,False,False
851475,177,219435.05,0,12.2988205,7,9,False,True,False,False,False
552683,134,245906.58,0,12.412715,5,14,False,True,False,False,False
2272223,370,496467.16,0,13.115276,15,10,False,True,False,False,False
2519279,400,343295.88,0,12.746354,16,16,False,False,False,False,True
451039,47,132565.17,0,11.794845,1,23,False,False,False,False,True
584981,137,686517.7,0,13.43939,5,17,False,False,False,False,True
147208,16,285485.16,0,12.561953,0,16,False,False,False,False,True
2634726,476,39190.83,0,10.576249,19,20,False,True,False,False,False
1120886,206,171.76,0,5.157675,8,14,False,True,False,False,False
2725872,597,2209.85,0,7.701585,24,21,False,True,False,False,False
1895848,308,85454.66,0,11.355764,12,20,False,True,False,False,False
480222,130,3178772.8,0,14.972007,5,10,False,False,False,False,True
837073,165,71124.1,0,11.17221,6,21,False,True,False,False,False
12384,9,63800.22,0,11.063543,0,9,False,True,False,False,False
50571,11,2057137.9,0,14.536827,0,11,False,False,False,False,True
2426741,383,264159.9,0,12.484318,15,23,False,True,False,False,False
504384,131,175418.56,0,12.074942,5,11,False,True,False,False,False
2742375,681,100421.67,0,11.517153,28,9,False,True,False,False,False
2363371,378,159679.47,0,11.980936,15,18,False,True,False,False,False
846376,167,125119.86,0,11.737043,6,23,False,True,False,False,False
852913,177,81869.87,0,11.312911,7,9,False,True,False,False,False
1329937,233,207093.77,0,12.240936,9,17,False,True,False,False,False
1947463,323,151938.47,0,11.931244,13,11,False,True,False,False,False
2250629,356,2028945.1,0,14.523027,14,20,False,False,False,False,True
2515762,400,47124.37,0,10.760588,16,16,False,True,False,False,False
1741097,298,108747.49,0,11.596803,12,10,False,True,False,False,False
2389626,379,232557.55,0,12.356901,15,19,False,True,False,False,False
741813,159,46900.92,0,10.755836,6,15,False,True,False,False,False
2109115,347,1695502.4,0,14.343491,14,11,False,False,False,False,True
1920141,321,221743.3,0,12.309285,13,9,False,True,False,False,False
1618247,277,301631.38,0,12.616967,11,13,False,True,False,False,False
127986,15,348872.4,0,12.762467,0,15,False,True,False,False,False
694525,155,154018.95,0,11.944844,6,11,False,True,False,False,False
947988,184,208986.16,0,12.250032,7,16,False,False,False,False,True
2376500,378,53106.18,0,10.880086,15,18,False,True,False,False,False
1125607,206,345271.94,0,12.752093,8,14,False,True,False,False,False
1815727,303,219946.3,0,12.301147,12,15,False,True,False,False,False
2369392,378,76581.86,0,11.246141,15,18,False,True,False,False,False
1141585,208,143586.48,0,11.874707,8,16,False,True,False,False,False
2201962,354,428864.9,0,12.968902,14,18,False,False,False,False,True
1781651,301,161784.55,0,11.994033,12,13,False,True,False,False,False
1552269,259,16223.21,0,9.694322,10,19,False,True,False,False,False
683779,155,25965.5,0,10.164601,6,11,False,False,False,False,True
1800665,302,137852.73,0,11.833956,12,14,False,True,False,False,False
1926831,322,263452.5,0,12.481636,13,10,False,True,False,False,False
749490,160,153806.84,0,11.943466,6,16,False,True,False,False,False
1404999,249,147379.34,0,11.900779,10,9,False,True,False,False,False
1006158,187,179242.05,0,12.096503,7,19,False,True,False,False,False
2295654,372,306322.84,0,12.632401,15,12,False,True,False,False,False
860622,178,204110.4,0,12.226426,7,10,False,True,False,False,False
1384073,236,253037.33,0,12.4413,9,20,False,True,False,False,False
2572219,403,195020.8,0,12.180872,16,19,False,False,False,False,True
1683639,282,45508.25,0,10.725693,11,18,False,True,False,False,False
2245691,356,2068005.5,0,14.542096,14,20,False,False,False,False,True
2630869,469,258523.69,0,12.46275,19,13,False,True,False,False,False
1096703,204,154693.19,0,11.949212,8,12,False,True,False,False,False
1404706,249,131621.98,0,11.787704,10,9,False,True,False,False,False
966876,185,98560.85,0,11.498449,7,17,False,True,False,False,False
1877466,307,109367.19,0,11.602485,12,19,False,True,False,False,False
1790228,301,28208.1,0,10.247436,12,13,False,True,False,False,False
1223631,215,173793.19,0,12.065633,8,23,False,True,False,False,False
1958989,324,231898.52,0,12.354064,13,12,False,True,False,False,False
577205,136,519524.1,0,13.160672,5,16,False,True,False,False,False
1244757,226,9958.96,0,9.206429,9,10,False,True,False,False,False
2679193,545,677452.44,0,13.426098,22,17,False,False,False,False,True
1999308,327,37802.43,0,10.540181,13,15,False,True,False,False,False
885076,180,53181.13,0,10.881496,7,12,False,True,False,False,False
1662133,281,17048.26,0,9.74392,11,17,False,True,False,False,False
425667,44,339207.8,0,12.734374,1,20,False,True,False,False,False
3218,7,135.29,0,4.9220953,0,7,False,True,False,False,False
208856,19,175469.48,0,12.075232,0,19,False,True,False,False,False
347961,39,79376.36,0,11.281981,1,15,False,True,False,False,False
195010,18,139598.2,0,11.846538,0,18,False,True,False,False,False
1658973,280,105466.36,0,11.566166,11,16,False,True,False,False,False
1416674,250,208414.12,0,12.247292,10,10,False,False,False,False,True
2114830,347,113187.2,0,11.636816,14,11,False,True,False,False,False
1852476,306,1890518.5,0,14.452363,12,18,False,False,False,False,True
331050,38,57796.92,0,10.9647255,1,14,False,True,False,False,False
1173362,210,321148.88,0,12.6796665,8,18,False,True,False,False,False
1302599,231,35897.67,0,10.488483,9,15,False,True,False,False,False
2381764,379,103736.62,0,11.54963,15,19,False,True,False,False,False
1263159,228,1503727.4,0,14.223459,9,12,False,False,False,False,True
1032412,189,35992.41,0,10.491119,7,21,False,True,False,False,False
2719242,595,129991.3,0,11.775238,24,19,False,True,False,False,False
729879,158,89062.21,0,11.397113,6,14,False,False,False,False,True
53344,11,111349.85,0,11.62045,0,11,False,True,False,False,False
1606340,276,2646.59,0,7.8817825,11,12,False,True,False,False,False
463658,119,101238.24,0,11.525251,4,23,False,True,False,False,False
666293,153,106497.79,0,11.575898,6,9,False,False,False,False,True
2405116,380,7446.84,0,8.915813,15,20,False,True,False,False,False
1340085,234,172725.95,0,12.059473,9,18,False,True,False,False,False
1501138,256,86456.3,0,11.367417,10,16,False,True,False,False,False
968611,185,217158.27,0,12.288391,7,17,False,True,False,False,False
209583,19,326973.53,0,12.69764,0,19,False,True,False,False,False
890252,180,79714.86,0,11.286237,7,12,False,True,False,False,False
201520,19,83637.07,0,11.334266,0,19,False,True,False,False,False
1924603,321,104637.46,0,11.558276,13,9,False,True,False,False,False
1540723,259,143524.88,0,11.874278,10,19,False,True,False,False,False
1260906,227,244865.2,0,12.408471,9,11,False,True,False,False,False
1939353,323,94735.81,0,11.458869,13,11,False,True,False,False,False
1162789,209,440897.25,0,12.996572,8,17,False,True,False,False,False
605217,138,65941.7,0,11.096557,5,18,False,True,False,False,False
1482985,255,120717.04,0,11.701221,10,15,False,True,False,False,False
2398789,379,127552.07,0,11.756295,15,19,False,True,False,False,False
2330171,374,443164.88,0,13.001701,15,14,False,False,False,False,True
49137,11,382208.34,0,12.853726,0,11,False,False,False,False,True
615516,139,97502.58,0,11.487655,5,19,False,True,False,False,False
1463373,253,12256.67,0,9.413989,10,13,False,False,False,False,True
2263888,359,392351.88,0,12.879919,14,23,False,True,False,False,False
1726803,286,23420640.0,0,16.969128,11,22,False,False,False,False,True
2139299,349,87239.22,0,11.376432,14,13,False,True,False,False,False
252098,33,107963.96,0,11.589571,1,9,False,True,False,False,False
1249904,227,127413.65,0,11.75521,9,11,False,True,False,False,False
1190361,211,174973.11,0,12.072399,8,19,False,True,False,False,False
709711,157,249669.39,0,12.427901,6,13,False,True,False,False,False
780403,162,284951.94,0,12.560082,6,18,False,True,False,False,False
1383715,236,57348.03,0,10.956928,9,20,False,True,False,False,False
474939,129,211511.83,0,12.262046,5,9,False,True,False,False,False
2509198,399,9011.3,0,9.106457,16,15,False,True,False,False,False
360400,40,213312.27,0,12.270522,1,16,False,True,False,False,False
313041,37,155366.02,0,11.953552,1,13,False,True,False,False,False
1310721,231,279152.66,0,12.539521,9,15,False,True,False,False,False
743836,159,114969.31,0,11.652438,6,15,False,True,False,False,False
2610824,406,64063.98,0,11.067669,16,22,False,False,False,False,True
1235224,225,319388.94,0,12.674171,9,9,False,True,False,False,False
1391595,238,7998.48,0,8.987257,9,22,False,True,False,False,False
95023,14,143324.23,0,11.872879,0,14,False,True,False,False,False
1036009,189,213560.28,0,12.271684,7,21,False,True,False,False,False
837173,165,147723.7,0,11.903112,6,21,False,True,False,False,False
22142,9,164888.14,0,12.013035,0,9,False,True,False,False,False
2395751,379,382721.8,0,12.855069,15,19,False,False,False,False,True
829951,164,294832.9,0,12.594171,6,20,False,True,False,False,False
844871,167,224521.06,0,12.321733,6,23,False,False,False,False,True
1202645,212,358360.1,0,12.789299,8,20,False,True,False,False,False
2176104,352,302810.75,0,12.62087,14,16,False,True,False,False,False
2175239,352,182267.2,0,12.11324,14,16,False,True,False,False,False
344533,39,150621.3,0,11.922537,1,15,False,True,False,False,False
399268,42,98980.73,0,11.502701,1,18,False,True,False,False,False
455180,93,146198.55,0,11.892735,3,21,False,True,False,False,False
1774198,300,718203.0,0,13.48451,12,12,False,False,False,False,True
1456880,253,68028.67,0,11.127714,10,13,False,True,False,False,False
952471,184,65626.47,0,11.091764,7,16,False,True,False,False,False
1022368,188,145873.95,0,11.8905115,7,20,False,True,False,False,False
1309701,231,49868.7,0,10.817189,9,15,False,True,False,False,False
1745094,298,126699.56,0,11.74959,12,10,False,True,False,False,False
505213,131,421237.88,0,12.950957,5,11,False,True,False,False,False
75318,13,20463.38,0,9.92649,0,13,False,True,False,False,False
662797,153,108755.67,0,11.596877,6,9,False,True,False,False,False
561946,135,72642.97,0,11.193339,5,15,False,True,False,False,False
2662879,524,44307.44,0,10.698953,21,20,False,True,False,False,False
2590105,404,233178.88,0,12.35957,16,20,False,True,False,False,False
614420,139,451866.44,0,13.021147,5,19,False,True,False,False,False
973097,186,95038.26,0,11.462056,7,18,False,True,False,False,False
2391334,379,15896.81,0,9.674,15,19,False,True,False,False,False
36520,10,1568647.0,0,14.265725,0,10,False,False,False,False,True
1428427,251,285394.53,0,12.561635,10,11,False,True,False,False,False
2635202,476,209417.84,0,12.252096,19,20,False,True,False,False,False
2061866,331,200077.48,0,12.2064705,13,19,False,True,False,False,False
1784465,301,372259.62,0,12.827353,12,13,False,False,False,False,True
2477932,397,216095.38,0,12.283484,16,13,False,True,False,False,False
1721166,285,518869.06,0,13.15941,11,21,False,True,False,False,False
2032675,330,228999.42,0,12.341483,13,18,False,True,False,False,False
976046,186,338250.8,0,12.731549,7,18,False,True,False,False,False
2443006,394,609311.5,0,13.320088,16,10,False,True,False,False,False
1824059,304,5678.9,0,8.644865,12,16,False,True,False,False,False
532890,133,6308.3,0,8.749939,5,13,False,True,False,False,False
755500,160,199756.02,0,12.204862,6,16,False,True,False,False,False
120995,15,284053.12,0,12.556924,0,15,False,True,False,False,False
54457,11,97173.61,0,11.484275,0,11,False,True,False,False,False
2166052,351,208896.27,0,12.249602,14,15,False,True,False,False,False
2342980,375,605696.6,0,13.314137,15,15,False,True,False,False,False
748303,159,81828.89,0,11.31241,6,15,False,True,False,False,False
1457668,253,45110.87,0,10.716923,10,13,False,True,False,False,False
2481511,397,156474.95,0,11.960664,16,13,False,True,False,False,False
1364911,235,108677.85,0,11.596162,9,19,False,True,False,False,False
189929,18,358607.03,0,12.789988,0,18,False,True,False,False,False
1387419,237,922.57,0,6.829329,9,21,False,True,False,False,False
150326,16,160061.44,0,11.983326,0,16,False,True,False,False,False
112272,15,200773.84,0,12.209945,0,15,False,True,False,False,False
2464953,396,81101.0,0,11.303475,16,12,False,True,False,False,False
2323032,374,40507.54,0,10.609293,15,14,False,True,False,False,False
2078891,333,224902.55,0,12.323431,13,21,False,True,False,False,False
721048,157,206962.34,0,12.240302,6,13,False,False,False,False,True
787986,162,481058.03,0,13.083747,6,18,False,True,False,False,False
408404,43,30290.08,0,10.318642,1,19,False,True,False,False,False
1612936,276,199988.84,0,12.206027,11,12,False,False,False,False,True
866282,178,26507.58,0,10.185262,7,10,False,True,False,False,False
1304285,231,73969.24,0,11.2114315,9,15,False,True,False,False,False
1464186,253,926065.3,0,13.738702,10,13,False,False,False,False,True
2211630,354,145081.77,0,11.885067,14,18,False,True,False,False,False
1724028,286,144932.2,0,11.884035,11,22,False,False,False,False,True
429341,44,154528.34,0,11.948146,1,20,False,True,False,False,False
2337786,375,381588.88,0,12.852104,15,15,False,False,False,False,True
556052,135,213748.02,0,12.272562,5,15,False,True,False,False,False
2150785,350,15437.6,0,9.6446905,14,14,False,True,False,False,False
533390,133,554563.4,0,13.22594,5,13,False,False,False,False,True
2218794,355,252895.55,0,12.44074,14,19,False,True,False,False,False
1964638,324,229524.52,0,12.343774,13,12,False,True,False,False,False
820238,164,93959.85,0,11.4506445,6,20,False,True,False,False,False
1201854,212,48287.51,0,10.784969,8,20,False,True,False,False,False
638128,140,215580.73,0,12.2811,5,20,False,True,False,False,False
231308,20,145357.97,0,11.886969,0,20,False,True,False,False,False
506194,131,112068.93,0,11.626887,5,11,False,False,False,False,True
231040,20,246782.2,0,12.416269,0,20,False,True,False,False,False
125011,15,99339.9,0,11.506323,0,15,False,True,False,False,False
1467395,253,356997.1,0,12.785488,10,13,False,True,False,False,False
681604,154,93738.44,0,11.448285,6,10,False,True,False,False,False
2751326,687,81154.1,0,11.30413,28,15,False,True,False,False,False
1656786,280,212429.8,0,12.2663765,11,16,False,False,False,False,True
445026,45,231980.28,0,12.354416,1,21,False,False,False,False,True
2537257,401,24675.48,0,10.1136465,16,17,False,True,False,False,False
1803243,302,98589.07,0,11.498736,12,14,False,True,False,False,False
2139513,349,1272666.8,0,14.056626,14,13,False,False,False,False,True
118579,15,117154.39,0,11.671265,0,15,False,True,False,False,False
504898,131,1019982.8,0,13.835299,5,11,False,False,False,False,True
1004361,187,175142.16,0,12.073364,7,19,False,True,False,False,False
2475366,397,56566.87,0,10.943214,16,13,False,True,False,False,False
2483755,397,367494.75,0,12.814469,16,13,False,True,False,False,False
816593,163,199906.17,0,12.205613,6,19,False,True,False,False,False
1665794,281,85309.86,0,11.354069,11,17,False,True,False,False,False
2581522,403,104289.86,0,11.554949,16,19,False,True,False,False,False
480233,130,8940.59,0,9.09858,5,10,False,True,False,False,False
608497,138,575998.2,0,13.263864,5,18,False,False,False,False,True
1472230,254,177171.81,0,12.084887,10,14,False,True,False,False,False
794446,162,37193.4,0,10.52394,6,18,False,True,False,False,False
1917382,311,55486.46,0,10.92393,12,23,False,True,False,False,False
2126686,348,1337107.5,0,14.106021,14,12,False,False,False,False,True
341422,39,102947.52,0,11.541994,1,15,False,True,False,False,False
1557627,260,342781.8,0,12.744855,10,20,False,False,False,False,True
1682526,282,782037.5,0,13.56966,11,18,False,False,False,False,True
932196,183,95554.17,0,11.467469,7,15,False,True,False,False,False
1818890,303,190944.94,0,12.159751,12,15,False,True,False,False,False
2739441,661,229699.23,0,12.344535,27,13,False,True,False,False,False
221216,20,234110.5,0,12.363557,0,20,False,True,False,False,False
2076147,332,165955.38,0,12.019486,13,20,False,True,False,False,False
428065,44,3008.71,0,8.009932,1,20,False,True,False,False,False
25754,9,1445833.6,0,14.184198,0,9,False,False,False,False,True
591302,137,451232.94,0,13.019743,5,17,False,False,False,False,True
216331,19,303923.2,0,12.6245365,0,19,False,True,False,False,False
2116592,347,195726.61,0,12.1844845,14,11,False,False,False,False,True
1784795,301,113943.84,0,11.643478,12,13,False,True,False,False,False
84177,13,338467.47,0,12.732189,0,13,False,True,False,False,False
2538973,401,107722.5,0,11.587333,16,17,False,True,False,False,False
689766,155,116922.18,0,11.669281,6,11,False,True,False,False,False
894615,180,132883.77,0,11.797245,7,12,False,True,False,False,False
775101,161,94433.95,0,11.455677,6,17,False,False,False,False,True
2768597,714,414107.0,0,12.933885,29,18,False,False,False,False,True
1761514,299,742893.25,0,13.518311,12,11,False,False,False,False,True
2426590,383,321150.78,0,12.679672,15,23,False,False,False,False,True
688288,155,103585.7,0,11.548174,6,11,False,True,False,False,False
2429352,393,1031928.6,0,13.846942,16,9,False,False,False,False,True
1330561,233,54549.65,0,10.906903,9,17,False,True,False,False,False
925770,183,37528.36,0,10.532906,7,15,False,True,False,False,False
2436925,394,103204.64,0,11.544489,16,10,False,True,False,False,False
120994,15,51679.15,0,10.852848,0,15,False,True,False,False,False
2223119,355,135383.77,0,11.815884,14,19,False,True,False,False,False
255962,33,17611.8,0,9.776438,1,9,False,True,False,False,False
1201453,212,27028.11,0,10.204707,8,20,False,False,False,False,True
1549149,259,67257.01,0,11.116306,10,19,False,True,False,False,False
1266886,228,270063.78,0,12.506421,9,12,False,True,False,False,False
1863811,306,2355100.5,0,14.672095,12,18,False,False,False,False,True
632720,140,26459.96,0,10.183464,5,20,False,True,False,False,False
343904,39,249982.42,0,12.429153,1,15,False,True,False,False,False
2315354,373,279535.38,0,12.540892,15,13,False,True,False,False,False
1288484,230,322845.78,0,12.684937,9,14,False,True,False,False,False
363728,40,265337.28,0,12.488765,1,16,False,True,False,False,False
385759,42,205505.94,0,12.23324,1,18,False,True,False,False,False
1739329,298,221628.62,0,12.308767,12,10,False,True,False,False,False
2144890,349,378616.12,0,12.844283,14,13,False,True,False,False,False
1161583,209,112750.0,0,11.632946,8,17,False,True,False,False,False
2414347,380,216701.64,0,12.286286,15,20,False,True,False,False,False
2112344,347,217146.94,0,12.288339,14,11,False,True,False,False,False
153015,17,182330.56,0,12.113587,0,17,False,True,False,False,False
382032,42,814253.4,0,13.610029,1,18,False,False,False,False,True
2068428,332,200930.45,0,12.210724,13,20,False,True,False,False,False
124801,15,267500.28,0,12.496883,0,15,False,True,False,False,False
588387,137,242042.94,0,12.396878,5,17,False,True,False,False,False
1926643,322,282603.4,0,12.551806,13,10,False,True,False,False,False
1328256,233,330178.03,0,12.707394,9,17,False,True,False,False,False
2503206,399,114835.12,0,11.65127,16,15,False,True,False,False,False
1340927,234,271087.94,0,12.510206,9,18,False,True,False,False,False
1340120,234,719983.06,0,13.486986,9,18,False,False,False,False,True
75238,12,17793.46,0,9.786698,0,12,False,False,False,False,True
1264656,228,223808.72,0,12.318556,9,12,False,True,False,False,False
1147283,208,241381.78,0,12.394143,8,16,False,True,False,False,False
684193,155,372500.06,0,12.827998,6,11,False,True,False,False,False
2491458,398,277384.0,0,12.533165,16,14,False,True,False,False,False
1114849,205,118705.16,0,11.684415,8,13,False,True,False,False,False
737968,159,445914.3,0,13.007887,6,15,False,True,False,False,False
1561773,260,3499.09,0,8.16083,10,20,False,True,False,False,False
1425824,251,69101.9,0,11.143367,10,11,False,True,False,False,False
2129524,348,76451.39,0,11.244436,14,12,False,True,False,False,False
2337646,375,1836422.0,0,14.423331,15,15,False,True,False,False,False
1631282,278,213266.11,0,12.270306,11,14,False,True,False,False,False
21998,9,304798.25,0,12.627412,0,9,False,True,False,False,False
1578335,263,93235.91,0,11.442909,10,23,False,True,False,False,False
2398434,379,110616.82,0,11.613846,15,19,False,True,False,False,False
897449,181,131174.25,0,11.784297,7,13,False,True,False,False,False
700451,156,254200.52,0,12.445887,6,12,False,True,False,False,False
748555,160,112879.72,0,11.634096,6,16,False,True,False,False,False
1866777,306,31357.97,0,10.353288,12,18,False,True,False,False,False
1405133,249,381391.47,0,12.851587,10,9,False,True,False,False,False
929118,183,36850.21,0,10.514671,7,15,False,True,False,False,False
1447807,252,141511.61,0,11.860151,10,12,False,True,False,False,False
444457,45,258924.34,0,12.464299,1,21,False,True,False,False,False
338048,38,362127.0,0,12.799756,1,14,False,True,False,False,False
762256,161,179411.27,0,12.097447,6,17,False,True,False,False,False
1598170,275,126668.4,0,11.749344,11,11,False,True,False,False,False
2166684,351,77826.69,0,11.262265,14,15,False,True,False,False,False
640108,140,975094.25,0,13.790292,5,20,False,False,False,False,True
1542445,259,394958.12,0,12.88654,10,19,False,True,False,False,False
583243,137,321622.44,0,12.68114,5,17,False,False,False,False,True
828385,164,16565.44,0,9.715195,6,20,False,True,False,False,False
2245241,356,3090.02,0,8.03658,14,20,False,True,False,False,False
877030,179,124472.69,0,11.731857,7,11,False,True,False,False,False
38361,10,1078491.4,0,13.891076,0,10,False,False,False,False,True
2640147,492,193715.94,0,12.174158,20,12,False,True,False,False,False
1796719,302,449764.5,0,13.016484,12,14,False,False,False,False,True
2382354,379,122855.27,0,11.718779,15,19,False,True,False,False,False
1081387,203,53807.47,0,10.893205,8,11,False,True,False,False,False
876194,179,36046.7,0,10.492626,7,11,False,False,False,False,True
187920,18,23788.23,0,10.07703,0,18,False,True,False,False,False
2141861,349,71187.16,0,11.173096,14,13,False,False,False,False,True
2004697,328,317994.16,0,12.669795,13,16,False,True,False,False,False
1325856,233,270225.44,0,12.507019,9,17,False,True,False,False,False
1085372,204,516954.78,0,13.155715,8,12,False,True,False,False,False
2732843,637,43098.55,0,10.671291,26,13,False,True,False,False,False
1006988,187,27659.43,0,10.227795,7,19,False,True,False,False,False
994401,187,311916.88,0,12.650498,7,19,False,False,False,False,True
1755804,299,241579.38,0,12.394961,12,11,False,True,False,False,False
2343978,375,256020.9,0,12.453022,15,15,False,False,False,False,True
1959565,324,171565.48,0,12.052732,13,12,False,True,False,False,False
394066,42,339197.97,0,12.734345,1,18,False,True,False,False,False
109139,14,367450.62,0,12.81435,0,14,False,True,False,False,False
2477087,397,1246268.5,0,14.035666,16,13,False,False,False,False,True
1090539,204,221993.6,0,12.310412,8,12,False,True,False,False,False
1424910,251,315493.62,0,12.6619005,10,11,False,True,False,False,False
1058404,202,304084.12,0,12.625067,8,10,False,True,False,False,False
2296466,372,525007.25,0,13.171171,15,12,False,False,False,False,True
491657,131,228209.8,0,12.33803,5,11,False,True,False,False,False
1403096,249,115600.41,0,11.657912,10,9,False,True,False,False,False
941391,184,354215.53,0,12.777666,7,16,False,True,False,False,False
1525757,258,315298.3,0,12.661281,10,18,False,True,False,False,False
917152,182,34269.28,0,10.442063,7,14,False,True,False,False,False
36787,10,110594.63,0,11.613645,0,10,False,True,False,False,False
489172,130,249909.56,0,12.428863,5,10,False,True,False,False,False
1681918,282,22902.34,0,10.039082,11,18,False,True,False,False,False
2503440,399,358145.34,0,12.7887,16,15,False,True,False,False,False
528530,133,85519.19,0,11.35652,5,13,False,True,False,False,False
1209609,212,183547.78,0,12.120241,8,20,False,True,False,False,False
109543,14,577067.06,0,13.2657175,0,14,False,True,False,False,False
1504428,256,217961.67,0,12.292084,10,16,False,True,False,False,False
1850120,306,278620.3,0,12.537613,12,18,False,True,False,False,False
2171927,351,566846.0,0,13.247847,14,15,False,True,False,False,False
1741569,298,31862.57,0,10.36925,12,10,False,True,False,False,False
382745,42,144182.03,0,11.878846,1,18,False,True,False,False,False
464623,119,24151.43,0,10.092182,4,23,False,True,False,False,False
2013367,328,24202.98,0,10.094314,13,16,False,True,False,False,False
1777226,300,1059226.0,0,13.873051,12,12,False,False,False,False,True
1547647,259,402742.72,0,12.906058,10,19,False,False,False,False,True
1827492,304,231177.12,0,12.350948,12,16,False,True,False,False,False
384116,42,114938.93,0,11.652174,1,18,False,True,False,False,False
1359191,235,27593.09,0,10.225393,9,19,False,True,False,False,False
1496222,256,81594.15,0,11.309537,10,16,False,True,False,False,False
2047959,331,448661.06,0,13.014028,13,19,False,True,False,False,False
1874999,307,190483.97,0,12.157333,12,19,False,True,False,False,False
1967101,325,69826.3,0,11.153794,13,13,False,True,False,False,False
775868,161,259823.64,0,12.467766,6,17,False,True,False,False,False
58599,11,333100.7,0,12.716207,0,11,False,True,False,False,False
84546,13,495001.84,0,13.112321,0,13,False,True,False,False,False
2373115,378,98888.13,0,11.501764,15,18,False,True,False,False,False
1749535,298,400372.06,0,12.900154,12,10,False,True,False,False,False
2408623,380,196981.73,0,12.190876,15,20,False,True,False,False,False
2282651,371,446899.12,0,13.010093,15,11,False,False,False,False,True
310274,37,160006.53,0,11.982983,1,13,False,True,False,False,False
694208,155,50560.52,0,10.830966,6,11,False,True,False,False,False
1245393,226,2017649.9,0,14.517445,9,10,False,False,False,False,True
2614360,408,388257.53,0,12.86943,17,0,False,True,False,False,False
1916030,311,326114.34,0,12.695009,12,23,False,True,False,False,False
1277926,229,69339.74,0,11.146802,9,13,False,True,False,False,False
1897990,308,204994.7,0,12.230749,12,20,False,True,False,False,False
88274,13,641005.7,0,13.370797,0,13,False,True,False,False,False
2477807,397,376195.75,0,12.837871,16,13,False,True,False,False,False
1356927,235,135864.56,0,11.819428,9,19,False,True,False,False,False
2583563,403,500418.78,0,13.123204,16,19,False,False,False,False,True
2354195,377,104684.46,0,11.558725,15,17,False,True,False,False,False
637215,140,49442.8,0,10.808612,5,20,False,True,False,False,False
1380743,236,243860.39,0,12.40436,9,20,False,True,False,False,False
292091,36,543613.4,0,13.205997,1,12,False,True,False,False,False
427032,44,324165.84,0,12.689016,1,20,False,False,False,False,True
127629,15,1286308.2,0,14.067288,0,15,False,False,False,False,True
947286,184,179157.66,0,12.096033,7,16,False,True,False,False,False
1527510,258,334062.12,0,12.719089,10,18,False,True,False,False,False
2181365,352,142195.86,0,11.864975,14,16,False,True,False,False,False
1287878,229,286024.78,0,12.563841,9,13,False,True,False,False,False
85543,13,307067.72,0,12.63483,0,13,False,True,False,False,False
1557006,260,373884.34,0,12.831707,10,20,False,False,False,False,True
1873361,307,112168.11,0,11.627771,12,19,False,True,False,False,False
2102609,346,37008.53,0,10.518958,14,10,False,True,False,False,False
1130676,207,392451.16,0,12.880173,8,15,False,False,False,False,True
1674595,282,49010.09,0,10.799822,11,18,False,True,False,False,False
753826,160,216561.61,0,12.28564,6,16,False,True,False,False,False
954479,185,28471.92,0,10.256743,7,17,False,True,False,False,False
2541086,401,15190.94,0,9.628586,16,17,False,True,False,False,False
2670531,540,408980.4,0,12.921428,22,12,False,True,False,False,False
2585196,403,158005.2,0,11.970396,16,19,False,True,False,False,False
1778318,300,257140.8,0,12.457387,12,12,False,True,False,False,False
1624516,277,314343.72,0,12.658249,11,13,False,False,False,False,True
1314411,232,286861.6,0,12.566762,9,16,False,False,False,False,True
429541,44,198961.44,0,12.200876,1,20,False,True,False,False,False
179094,18,39287.07,0,10.578702,0,18,False,False,False,False,True
1311089,231,67310.35,0,11.117099,9,15,False,True,False,False,False
2515561,400,502760.5,0,13.127873,16,16,False,True,False,False,False
2348008,376,54453.75,0,10.905144,15,16,False,True,False,False,False
1976797,325,115426.22,0,11.6564045,13,13,False,False,False,False,True
2503094,399,55433.05,0,10.922967,16,15,False,True,False,False,False
519686,132,25607.09,0,10.150702,5,12,False,True,False,False,False
93228,14,220839.66,0,12.305202,0,14,False,True,False,False,False
2376242,378,117033.81,0,11.670236,15,18,False,True,False,False,False
1550216,259,775904.3,0,13.561787,10,19,False,False,False,False,True
996085,187,246089.48,0,12.413459,7,19,False,True,False,False,False
2429054,393,120202.43,0,11.696949,16,9,False,True,False,False,False
1620126,277,233769.89,0,12.362102,11,13,False,False,False,False,True
886364,180,43600.46,0,10.682869,7,12,False,False,False,False,True
1562212,260,39343.96,0,10.580149,10,20,False,True,False,False,False
2180407,352,9394.3,0,9.148071,14,16,False,True,False,False,False
433074,44,143812.1,0,11.876277,1,20,False,True,False,False,False
215318,19,27126.38,0,10.208336,0,19,False,True,False,False,False
624848,139,312965.3,0,12.653854,5,19,False,True,False,False,False
2063088,331,618906.3,0,13.335712,13,19,False,False,False,False,True
2220450,355,88915.82,0,11.395468,14,19,False,False,False,False,True
2205646,354,139165.36,0,11.843432,14,18,False,True,False,False,False
1989996,327,122895.16,0,11.719103,13,15,False,True,False,False,False
2279179,370,659737.75,0,13.399601,15,10,False,False,False,False,True
1113202,205,842030.06,0,13.643574,8,13,False,False,False,False,True
1833334,305,219774.42,0,12.300366,12,17,False,True,False,False,False
1402264,249,64193.73,0,11.069692,10,9,False,True,False,False,False
352361,40,53668.07,0,10.890611,1,16,False,True,False,False,False
1690816,283,1839485.1,0,14.424997,11,19,False,False,False,False,True
1677003,282,10162.56,0,9.226663,11,18,False,True,False,False,False
2559741,402,84673.77,0,11.346585,16,18,False,True,False,False,False
2459015,395,343318.22,0,12.746419,16,11,False,True,False,False,False
1768213,300,93869.91,0,11.449686,12,12,False,True,False,False,False
686823,155,443420.88,0,13.002279,6,11,False,True,False,False,False
1336433,234,172346.22,0,12.057272,9,18,False,False,False,False,True
2608176,406,1158587.9,0,13.962714,16,22,False,False,False,False,True
1411965,250,96458.93,0,11.476893,10,10,False,True,False,False,False
1583798,273,57854.93,0,10.965729,11,9,False,True,False,False,False
1188614,211,252103.42,0,12.437603,8,19,False,True,False,False,False
2223220,355,157441.95,0,11.966825,14,19,False,True,False,False,False
1067902,203,139901.1,0,11.848705,8,11,False,True,False,False,False
112466,15,239895.38,0,12.387966,0,15,False,True,False,False,False
1651524,280,250746.08,0,12.432204,11,16,False,True,False,False,False
736261,159,244667.88,0,12.407665,6,15,False,True,False,False,False
393190,42,309135.97,0,12.641543,1,18,False,True,False,False,False
856539,178,143300.3,0,11.872712,7,10,False,True,False,False,False
1054091,202,25877.95,0,10.161223,8,10,False,True,False,False,False
305948,36,660613.3,0,13.400927,1,12,False,False,False,False,True
1880932,307,58587.71,0,10.978314,12,19,False,True,False,False,False
1994552,327,23367.77,0,10.059198,13,15,False,True,False,False,False
567827,136,1609826.8,0,14.291638,5,16,False,False,False,False,True
1700554,283,19004.61,0,9.852542,11,19,False,True,False,False,False
1324063,232,768957.7,0,13.5527935,9,16,False,False,False,False,True
1097537,204,13412.42,0,9.504086,8,12,False,True,False,False,False
2026039,329,286465.38,0,12.56538,13,17,False,True,False,False,False
998427,187,182798.69,0,12.116152,7,19,False,True,False,False,False
1672390,281,36504.95,0,10.505258,11,17,False,True,False,False,False
1298703,230,110568.6,0,11.61341,9,14,False,True,False,False,False
1785879,301,499875.78,0,13.122119,12,13,False,True,False,False,False
1302427,231,1455855.9,0,14.191106,9,15,False,False,False,False,True
1535853,259,114473.16,0,11.648113,10,19,False,True,False,False,False
1752710,299,242417.94,0,12.398427,12,11,False,True,False,False,False
2110994,347,2157706.2,0,14.584558,14,11,False,False,False,False,True
2609539,406,712689.25,0,13.476804,16,22,False,False,False,False,True
1212594,212,16006.52,0,9.680877,8,20,False,True,False,False,False
415821,43,5810.52,0,8.667769,1,19,False,True,False,False,False
913305,182,91100.35,0,11.419739,7,14,False,True,False,False,False
2283471,371,202745.27,0,12.219715,15,11,False,True,False,False,False
594311,137,263765.03,0,12.482821,5,17,False,True,False,False,False
876704,179,339141.5,0,12.734179,7,11,False,True,False,False,False
854924,177,205234.44,0,12.231918,7,9,False,True,False,False,False
1258346,227,288975.5,0,12.574104,9,11,False,True,False,False,False
1570634,261,19566.63,0,9.881683,10,21,False,True,False,False,False
2272282,370,78971.17,0,11.276863,15,10,False,True,False,False,False
2169741,351,152412.72,0,11.9343605,14,15,False,True,False,False,False
1117315,206,10238.64,0,9.234119,8,14,False,True,False,False,False
806820,163,5851.39,0,8.674776,6,19,False,True,False,False,False
51323,11,48874.89,0,10.79706,0,11,False,True,False,False,False
2134857,348,29871.59,0,10.30473,14,12,False,True,False,False,False
2110370,347,463848.7,0,13.047318,14,11,False,True,False,False,False
2217213,354,96421.76,0,11.476508,14,18,False,True,False,False,False
1584681,274,69087.18,0,11.143153,11,10,False,True,False,False,False
598178,138,144026.02,0,11.877763,5,18,False,True,False,False,False
622222,139,599223.8,0,13.303393,5,19,False,True,False,False,False
1367034,235,16241.13,0,9.695425,9,19,False,True,False,False,False
917307,182,78116.6,0,11.265984,7,14,False,True,False,False,False
1495926,256,128743.34,0,11.765592,10,16,False,True,False,False,False
1260568,227,1785484.8,0,14.395202,9,11,False,False,False,False,True
1486704,255,123001.83,0,11.719971,10,15,False,True,False,False,False
264712,34,114511.18,0,11.648445,1,10,False,True,False,False,False
1131840,207,120684.28,0,11.70095,8,15,False,True,False,False,False
1600477,275,16664.05,0,9.721129,11,11,False,False,False,False,True
140374,16,7259.97,0,8.890407,0,16,False,True,False,False,False
1794458,301,20071.79,0,9.90717,12,13,False,True,False,False,False
1133245,207,1766339.8,0,14.384421,8,15,False,False,False,False,True
236120,20,231984.94,0,12.354436,0,20,False,True,False,False,False
2341933,375,658828.56,0,13.398222,15,15,False,False,False,False,True
1612401,276,226347.03,0,12.329834,11,12,False,True,False,False,False
476719,130,540823.0,0,13.200851,5,10,False,False,False,False,True
238286,21,24980.92,0,10.125948,0,21,False,True,False,False,False
1092043,204,202070.02,0,12.216379,8,12,False,False,False,False,True
1266409,228,112912.09,0,11.634382,9,12,False,True,False,False,False
2733930,637,626778.44,0,13.3483515,26,13,False,False,False,False,True
15398,9,964739.75,0,13.779615,0,9,False,False,False,False,True
2353153,376,3803457.8,0,15.151422,15,16,False,False,False,False,True
2352526,376,485003.3,0,13.091915,15,16,False,True,False,False,False
946045,184,982092.4,0,13.797442,7,16,False,False,False,False,True
2599214,404,163243.6,0,12.003011,16,20,False,True,False,False,False
2184113,352,14795.08,0,9.602185,14,16,False,True,False,False,False
207716,19,121302.78,0,11.706061,0,19,False,True,False,False,False
1732298,297,801356.1,0,13.594063,12,9,False,False,False,False,True
1965492,325,1549189.2,0,14.253243,13,13,False,False,False,False,True
160230,17,97819.97,0,11.490905,0,17,False,True,False,False,False
699764,156,177248.9,0,12.085321,6,12,False,True,False,False,False
1946543,323,413492.6,0,12.9324,13,11,False,True,False,False,False
784943,162,126134.78,0,11.745122,6,18,False,True,False,False,False
2763489,694,48159.37,0,10.782312,28,22,False,False,False,False,True
461395,95,577837.56,0,13.267052,3,23,False,True,False,False,False
60507,12,112496.85,0,11.630698,0,12,False,True,False,False,False
2235405,355,39938.5,0,10.595146,14,19,False,True,False,False,False
2624686,448,175232.38,0,12.073879,18,16,False,True,False,False,False
664355,153,339675.62,0,12.735752,6,9,False,True,False,False,False
2538100,401,347872.84,0,12.759598,16,17,False,True,False,False,False
2357476,377,67501.87,0,11.11994,15,17,False,True,False,False,False
1692225,283,234628.69,0,12.365768,11,19,False,False,False,False,True
1508061,256,351328.72,0,12.769484,10,16,False,True,False,False,False
2588313,404,316984.53,0,12.666615,16,20,False,False,False,False,True
2286356,371,107434.85,0,11.584659,15,11,False,True,False,False,False
950978,184,52190.7,0,10.862698,7,16,False,True,False,False,False
1473603,254,277939.84,0,12.535167,10,14,False,True,False,False,False
1886369,307,9583.72,0,9.16803,12,19,False,True,False,False,False
508045,132,214828.34,0,12.277604,5,12,False,True,False,False,False
1756907,299,227312.42,0,12.334089,12,11,False,True,False,False,False
1732633,297,2299927.0,0,14.648389,12,9,False,False,False,False,True
2195941,353,102620.47,0,11.538813,14,17,False,True,False,False,False
2159956,350,74609.21,0,11.220046,14,14,False,True,False,False,False
71202,12,853121.1,0,13.656659,0,12,False,False,False,False,True
899932,181,54822.38,0,10.91189,7,13,False,False,False,False,True
2768598,714,10000000.0,1,16.118095,29,18,False,False,False,False,True
2198239,353,42879.22,0,10.666189,14,17,False,True,False,False,False
412821,43,1028617.3,0,13.843728,1,19,False,False,False,False,True
1639992,279,71750.57,0,11.180979,11,15,False,True,False,False,False
1603298,275,172147.34,0,12.056118,11,11,False,True,False,False,False
1360088,235,113274.01,0,11.637583,9,19,False,True,False,False,False
1709028,284,3771966.2,0,15.143107,11,20,False,False,False,False,True
1976332,325,252748.1,0,12.440157,13,13,False,False,False,False,True
1106638,205,299520.4,0,12.609944,8,13,False,False,False,False,True
144239,16,192893.19,0,12.169902,0,16,False,True,False,False,False
1245436,226,206762.27,0,12.239335,9,10,False,True,False,False,False
1528062,258,31600.06,0,10.360977,10,18,False,True,False,False,False
1838055,305,10000000.0,0,16.118095,12,17,False,False,False,False,True
2441366,394,104759.43,0,11.559441,16,10,False,True,False,False,False
1535209,259,38070.32,0,10.547243,10,19,False,True,False,False,False
2171465,351,302580.06,0,12.620108,14,15,False,True,False,False,False
2409965,380,287815.94,0,12.570084,15,20,False,True,False,False,False
574022,136,1049891.6,0,13.8642,5,16,False,False,False,False,True
1628542,278,80069.64,0,11.290677,11,14,False,True,False,False,False
1435853,251,160929.44,0,11.988733,10,11,False,True,False,False,False
2198437,353,215144.06,0,12.279073,14,17,False,True,False,False,False
1132772,207,209080.53,0,12.250484,8,15,False,True,False,False,False
2000593,327,1944430.9,0,14.480481,13,15,False,False,False,False,True
2442211,394,42778.15,0,10.66383,16,10,False,False,False,False,True
259758,33,202705.02,0,12.219517,1,9,False,True,False,False,False
2271345,370,78625.5,0,11.272477,15,10,False,True,False,False,False
2711875,590,372310.44,0,12.827489,24,14,False,True,False,False,False
622937,139,93810.99,0,11.449059,5,19,False,True,False,False,False
2118441,347,195774.05,0,12.184727,14,11,False,True,False,False,False
1057826,202,306593.0,0,12.633283,8,10,False,False,False,False,True
966215,185,282900.34,0,12.552857,7,17,False,True,False,False,False
2198853,353,579225.0,0,13.26945,14,17,False,False,False,False,True
1174672,210,259162.12,0,12.465217,8,18,False,False,False,False,True
2236081,355,19043.59,0,9.85459,14,19,False,False,False,False,True
2168734,351,385149.72,0,12.861393,14,15,False,True,False,False,False
1601647,275,251147.19,0,12.433803,11,11,False,True,False,False,False
1139889,207,142801.66,0,11.8692255,8,15,False,True,False,False,False
2747199,686,105874.99,0,11.570033,28,14,False,True,False,False,False
1348625,235,2989.39,0,8.003493,9,19,False,True,False,False,False
707189,156,56792.15,0,10.947188,6,12,False,True,False,False,False
1301175,231,99278.56,0,11.505705,9,15,False,True,False,False,False
1040845,190,150913.12,0,11.924473,7,22,False,True,False,False,False
1657364,280,249953.77,0,12.429039,11,16,False,True,False,False,False
1750754,298,250514.98,0,12.431282,12,10,False,True,False,False,False
2261725,358,11480.0,0,9.348536,14,22,False,True,False,False,False
2206851,354,192416.61,0,12.167429,14,18,False,True,False,False,False
2575252,403,210303.23,0,12.256315,16,19,False,True,False,False,False
1225029,215,149425.98,0,11.91457,8,23,False,True,False,False,False
723350,158,209184.05,0,12.250979,6,14,False,True,False,False,False
1076206,203,95854.58,0,11.470609,8,11,False,True,False,False,False
1385245,236,298568.75,0,12.606762,9,20,False,True,False,False,False
1245884,226,740353.0,0,13.514885,9,10,False,False,False,False,True
1231570,225,82857.59,0,11.324903,9,9,False,True,False,False,False
117591,15,354381.16,0,12.778134,0,15,False,True,False,False,False
1214567,212,90292.42,0,11.410831,8,20,False,True,False,False,False
63205,12,72127.07,0,11.186213,0,12,False,True,False,False,False
1022828,188,153466.83,0,11.941253,7,20,False,True,False,False,False
2517042,400,133044.52,0,11.798454,16,16,False,True,False,False,False
760994,160,108606.41,0,11.595504,6,16,False,True,False,False,False
1931752,322,204350.72,0,12.227603,13,10,False,True,False,False,False
1685239,282,129257.87,0,11.76958,11,18,False,True,False,False,False
311230,37,75686.24,0,11.234378,1,13,False,True,False,False,False
273516,34,75271.82,0,11.228888,1,10,False,True,False,False,False
1449027,252,42147.11,0,10.648969,10,12,False,True,False,False,False
1738794,297,532500.75,0,13.185344,12,9,False,True,False,False,False
377496,41,173870.05,0,12.066075,1,17,False,True,False,False,False
698972,156,610857.0,0,13.322621,6,12,False,True,False,False,False
2130211,348,929200.56,0,13.742082,14,12,False,False,False,False,True
120263,15,129371.59,0,11.770459,0,15,False,True,False,False,False
1851751,306,22209.89,0,10.008383,12,18,False,True,False,False,False
2696181,567,247246.05,0,12.418147,23,15,False,True,False,False,False
847516,168,355327.03,0,12.7808,7,0,False,True,False,False,False
1157667,209,329109.12,0,12.704151,8,17,False,False,False,False,True
1259887,227,1259977.8,0,14.046606,9,11,False,False,False,False,True
2759641,691,195239.75,0,12.1819935,28,19,False,True,False,False,False
1579034,263,210231.77,0,12.255976,10,23,False,True,False,False,False
1767904,300,144543.7,0,11.881351,12,12,False,True,False,False,False
355817,40,240680.12,0,12.3912325,1,16,False,True,False,False,False
960304,185,85603.99,0,11.357511,7,17,False,True,False,False,False
2432339,393,366724.25,0,12.812371,16,9,False,True,False,False,False
788982,162,108907.65,0,11.598274,6,18,False,True,False,False,False
2705488,588,98255.76,0,11.49535,24,12,False,True,False,False,False
495361,131,322755.34,0,12.684656,5,11,False,True,False,False,False
2394363,379,140873.7,0,11.855634,15,19,False,True,False,False,False
64677,12,370075.03,0,12.821466,0,12,False,True,False,False,False
717478,157,72511.09,0,11.191523,6,13,False,True,False,False,False
1317728,232,53822.24,0,10.893479,9,16,False,True,False,False,False
588703,137,227571.27,0,12.335228,5,17,False,True,False,False,False
1718680,285,47512.15,0,10.768783,11,21,False,True,False,False,False
1870323,307,42577.0,0,10.659117,12,19,False,True,False,False,False
477962,130,1104223.8,0,13.914655,5,10,False,False,False,False,True
2064606,332,380900.7,0,12.850299,13,20,False,True,False,False,False
280424,35,39143.17,0,10.575032,1,11,False,True,False,False,False
815872,163,376616.7,0,12.838988,6,19,False,True,False,False,False
1260821,227,1024660.2,0,13.839873,9,11,False,False,False,False,True
2644450,500,87626.96,0,11.380867,20,20,False,True,False,False,False
151994,16,2003710.0,0,14.510512,0,16,False,False,False,False,True
543798,134,260313.98,0,12.469651,5,14,False,True,False,False,False
1560319,260,95619.27,0,11.468151,10,20,False,True,False,False,False
888410,180,92890.52,0,11.4391985,7,12,False,True,False,False,False
1192565,211,49178.21,0,10.8032465,8,19,False,True,False,False,False
1014610,188,184092.62,0,12.123205,7,20,False,True,False,False,False
1896563,308,204320.31,0,12.227454,12,20,False,True,False,False,False
1478719,254,216499.52,0,12.285353,10,14,False,True,False,False,False
33735,10,41931.05,0,10.643829,0,10,False,True,False,False,False
1572558,261,228437.81,0,12.339028,10,21,False,True,False,False,False
35160,10,2226777.2,0,14.616067,0,10,False,False,False,False,True
1355627,235,62213.38,0,11.038358,9,19,False,True,False,False,False
1173641,210,24453.41,0,10.104607,8,18,False,True,False,False,False
2281420,370,419634.78,0,12.9471445,15,10,False,True,False,False,False
1502679,256,253431.47,0,12.442857,10,16,False,True,False,False,False
240970,21,220433.52,0,12.303361,0,21,False,True,False,False,False
2741614,670,42669.8,0,10.661294,27,22,False,True,False,False,False
1009805,187,61763.33,0,11.031097,7,19,False,True,False,False,False
731493,158,241966.45,0,12.396563,6,14,False,True,False,False,False
2176224,352,476787.6,0,13.074831,14,16,False,False,False,False,True
1980304,326,16877618.0,0,16.641499,13,14,False,False,False,False,True
1808510,303,1383656.0,0,14.140242,12,15,False,False,False,False,True
2696122,567,25099.12,0,10.130668,23,15,False,True,False,False,False
2655701,522,230804.98,0,12.349337,21,18,False,True,False,False,False
2432058,393,103385.51,0,11.54624,16,9,False,True,False,False,False
279147,35,214386.11,0,12.275543,1,11,False,True,False,False,False
99125,14,488485.0,0,13.099069,0,14,False,False,False,False,True
1755261,299,462681.62,0,13.044799,12,11,False,True,False,False,False
1555859,260,1187576.0,0,13.987427,10,20,False,False,False,False,True
2742288,681,441803.6,0,12.998625,28,9,False,True,False,False,False
84926,13,162620.28,0,11.999186,0,13,False,True,False,False,False
1240711,226,1402088.2,0,14.153475,9,10,False,False,False,False,True
546268,134,28912.88,0,10.272112,5,14,False,True,False,False,False
1072353,203,222754.77,0,12.313836,8,11,False,True,False,False,False
22015,9,48685.96,0,10.793187,0,9,False,True,False,False,False
1652113,280,97887.2,0,11.491591,11,16,False,True,False,False,False
1219227,213,1242588.9,0,14.032709,8,21,False,False,False,False,True
965187,185,166041.5,0,12.020005,7,17,False,True,False,False,False
2163050,351,360756.44,0,12.795964,14,15,False,True,False,False,False
2363913,378,75713.63,0,11.23474,15,18,False,True,False,False,False
78392,13,37276.44,0,10.526171,0,13,False,True,False,False,False
1719032,285,223024.42,0,12.315045,11,21,False,True,False,False,False
273507,34,23733.36,0,10.074721,1,10,False,True,False,False,False
679951,154,139483.2,0,11.845714,6,10,False,True,False,False,False
2238068,355,191535.73,0,12.16284,14,19,False,True,False,False,False
2554543,402,49697.61,0,10.813752,16,18,False,True,False,False,False
1532847,258,110185.99,0,11.609943,10,18,False,True,False,False,False
1844954,305,112310.59,0,11.629042,12,17,False,True,False,False,False
1833726,305,78928.06,0,11.276318,12,17,False,True,False,False,False
2409328,380,62127.95,0,11.0369835,15,20,False,True,False,False,False
480963,130,35751.13,0,10.484393,5,10,False,True,False,False,False
1305712,231,63187.34,0,11.053891,9,15,False,True,False,False,False
1501200,256,59872.63,0,11.000009,10,16,False,True,False,False,False
1418316,250,42313.33,0,10.6529045,10,10,False,True,False,False,False
1738518,297,241192.92,0,12.393361,12,9,False,True,False,False,False
456233,93,69272.72,0,11.145835,3,21,False,True,False,False,False
2427025,383,162176.12,0,11.99645,15,23,False,True,False,False,False
2184516,352,199485.95,0,12.203509,14,16,False,True,False,False,False
1378578,236,99312.43,0,11.506046,9,20,False,True,False,False,False
2439859,394,110694.33,0,11.614546,16,10,False,True,False,False,False
1505674,256,52882.55,0,10.875867,10,16,False,True,False,False,False
2147206,349,280532.66,0,12.544453,14,13,False,True,False,False,False
1556553,260,41715.7,0,10.63868,10,20,False,True,False,False,False
1648718,279,120213.08,0,11.697038,11,15,False,True,False,False,False
1502923,256,432894.97,0,12.978255,10,16,False,True,False,False,False
2583702,403,31592.36,0,10.360734,16,19,False,True,False,False,False
1774988,300,221455.42,0,12.307985,12,12,False,True,False,False,False
1605068,276,27887.54,0,10.236007,11,12,False,True,False,False,False
1116561,206,109017.97,0,11.599286,8,14,False,True,False,False,False
1512661,257,464887.25,0,13.049555,10,17,False,False,False,False,True
1572036,261,32378.85,0,10.385323,10,21,False,True,False,False,False
2391508,379,118761.37,0,11.684888,15,19,False,True,False,False,False
500902,131,157133.02,0,11.964861,5,11,False,True,False,False,False
1325531,233,263540.78,0,12.481971,9,17,False,False,False,False,True
1721963,285,66522.74,0,11.1053295,11,21,False,True,False,False,False
1204687,212,109874.06,0,11.607108,8,20,False,True,False,False,False
1571075,261,388816.72,0,12.870869,10,21,False,True,False,False,False
921999,182,169543.2,0,12.0408745,7,14,False,True,False,False,False
1044456,192,344796.25,0,12.750715,8,0,False,True,False,False,False
2031716,330,170052.31,0,12.043873,13,18,False,True,False,False,False
897035,181,106878.33,0,11.579465,7,13,False,True,False,False,False
2756108,688,147695.3,0,11.90292,28,16,False,True,False,False,False
2232079,355,366231.38,0,12.811026,14,19,False,True,False,False,False
246101,22,164679.64,0,12.011769,0,22,False,True,False,False,False
1109244,205,75142.0,0,11.227161,8,13,False,True,False,False,False
1434125,251,635176.3,0,13.361661,10,11,False,True,False,False,False
2579131,403,18405.25,0,9.8205,16,19,False,True,False,False,False
1495463,255,230437.16,0,12.347742,10,15,False,True,False,False,False
1166515,209,96878.99,0,11.481238,8,17,False,True,False,False,False
382279,42,274146.88,0,12.521426,1,18,False,True,False,False,False
71989,12,180174.34,0,12.101691,0,12,False,True,False,False,False
1159603,209,122487.07,0,11.715777,8,17,False,True,False,False,False
39602,10,172404.25,0,12.057609,0,10,False,True,False,False,False
603033,138,207212.38,0,12.241509,5,18,False,True,False,False,False
1396600,239,189178.86,0,12.150459,9,23,False,True,False,False,False
2474505,396,507311.3,0,13.136884,16,12,False,True,False,False,False
2250344,356,305348.78,0,12.629216,14,20,False,True,False,False,False
201041,19,619771.8,0,13.33711,0,19,False,False,False,False,True
2585397,404,425918.16,0,12.9620075,16,20,False,True,False,False,False
918558,182,105612.12,0,11.567548,7,14,False,True,False,False,False
2351051,376,132646.45,0,11.795458,15,16,False,True,False,False,False
289341,36,23055.83,0,10.045761,1,12,False,True,False,False,False
2608611,406,142847.02,0,11.869543,16,22,False,True,False,False,False
638679,140,43488.12,0,10.680289,5,20,False,True,False,False,False
2698373,571,70541.15,0,11.16398,23,19,False,True,False,False,False
2011871,328,200372.16,0,12.207942,13,16,False,True,False,False,False
2758140,690,184863.23,0,12.127382,28,18,False,False,False,False,True
1297365,230,71284.4,0,11.17446,9,14,False,True,False,False,False
2624436,442,70132.24,0,11.158167,18,10,False,True,False,False,False
2249563,356,28101.22,0,10.24364,14,20,False,False,False,False,True
1056769,202,79602.05,0,11.284821,8,10,False,True,False,False,False
1253222,227,154580.3,0,11.948482,9,11,False,True,False,False,False
1061393,202,101836.52,0,11.531144,8,10,False,True,False,False,False
2522820,400,127647.18,0,11.757041,16,16,False,True,False,False,False
602949,138,26070.78,0,10.168647,5,18,False,True,False,False,False
1172917,210,59593.99,0,10.995343,8,18,False,True,False,False,False
1960296,324,542542.75,0,13.204026,13,12,False,True,False,False,False
262431,34,20167.24,0,9.911914,1,10,False,False,False,False,True
1651717,280,1180899.1,0,13.981789,11,16,False,False,False,False,True
2199671,354,500757.62,0,13.123881,14,18,False,False,False,False,True
1326976,233,233323.19,0,12.3601885,9,17,False,True,False,False,False
1890358,308,210691.05,0,12.258158,12,20,False,True,False,False,False
704237,156,143184.34,0,11.871902,6,12,False,True,False,False,False
236295,20,92291.7,0,11.432732,0,20,False,True,False,False,False
715919,157,339667.38,0,12.735728,6,13,False,True,False,False,False
439658,45,223870.84,0,12.318833,1,21,False,False,False,False,True
2441371,394,215514.81,0,12.280794,16,10,False,True,False,False,False
1319440,232,148166.95,0,11.906109,9,16,False,False,False,False,True
609351,138,375243.94,0,12.835337,5,18,False,True,False,False,False
174464,18,13936.69,0,9.542424,0,18,False,True,False,False,False
1486686,255,51005.09,0,10.83972,10,15,False,True,False,False,False
1117019,206,19956.86,0,9.901428,8,14,False,True,False,False,False
333876,38,259316.8,0,12.465814,1,14,False,True,False,False,False
261791,34,153214.25,0,11.939606,1,10,False,True,False,False,False
1895390,308,101613.59,0,11.528953,12,20,False,True,False,False,False
2386300,379,8580.93,0,9.05753,15,19,False,True,False,False,False
1076456,203,748901.7,0,13.526365,8,11,False,False,False,False,True
1474315,254,266763.78,0,12.494126,10,14,False,True,False,False,False
133534,16,94942.41,0,11.461047,0,16,False,True,False,False,False
442035,45,142979.03,0,11.870467,1,21,False,False,False,False,True
1647375,279,22581.76,0,10.024986,11,15,False,True,False,False,False
2610220,406,126192.63,1,11.745581,16,22,False,True,False,False,False
1166090,209,73482.94,0,11.204836,8,17,False,True,False,False,False
1292225,230,61566.69,0,11.027908,9,14,False,True,False,False,False
2366660,378,134883.88,0,11.812184,15,18,False,True,False,False,False
2177723,352,101676.77,0,11.529573,14,16,False,True,False,False,False
761871,161,633540.1,0,13.359082,6,17,False,False,False,False,True
839189,165,532039.1,0,13.184476,6,21,False,False,False,False,True
1816858,303,99135.94,0,11.504268,12,15,False,True,False,False,False
644855,140,305636.3,0,12.630157,5,20,False,True,False,False,False
919046,182,124625.01,0,11.733081,7,14,False,True,False,False,False
1945699,323,224272.73,0,12.320627,13,11,False,True,False,False,False
892906,180,127927.99,0,11.759238,7,12,False,True,False,False,False
821191,164,168105.31,0,12.032358,6,20,False,True,False,False,False
1898512,308,88979.26,0,11.396181,12,20,False,True,False,False,False
1137245,207,254526.1,0,12.447166,8,15,False,True,False,False,False
2413123,380,72363.74,0,11.189488,15,20,False,True,False,False,False
894250,180,474367.53,0,13.069742,7,12,False,False,False,False,True
206392,19,139958.92,0,11.849118,0,19,False,True,False,False,False
698673,156,322161.8,0,12.682816,6,12,False,True,False,False,False
237322,21,128401.18,0,11.762931,0,21,False,True,False,False,False
2417685,381,29598.6,0,10.29555,15,21,False,True,False,False,False
2408080,380,140490.81,0,11.852912,15,20,False,True,False,False,False
1595553,275,125250.35,0,11.738086,11,11,False,True,False,False,False
1867968,306,68119.16,0,11.129044,12,18,False,True,False,False,False
1417537,250,183588.48,0,12.120463,10,10,False,True,False,False,False
368702,41,121325.29,0,11.706247,1,17,False,True,False,False,False
1732479,297,39802.85,0,10.591744,12,9,False,True,False,False,False
1371717,236,100991.52,0,11.522812,9,20,False,True,False,False,False
809645,163,46898.39,0,10.755781,6,19,False,True,False,False,False
1595551,275,100140.14,0,11.514346,11,11,False,True,False,False,False
1558513,260,192865.1,0,12.169757,10,20,False,True,False,False,False
898490,181,118331.67,0,11.681264,7,13,False,True,False,False,False
2114047,347,2432.79,0,7.797616,14,11,False,True,False,False,False
2677234,544,345520.22,0,12.752812,22,16,False,True,False,False,False
1565796,260,81001.99,0,11.302254,10,20,False,True,False,False,False
2400002,380,50610.12,0,10.831946,15,20,False,True,False,False,False
2763491,694,582021.44,0,13.274266,28,22,False,False,False,False,True
1157974,209,85821.2,0,11.3600445,8,17,False,True,False,False,False
1477591,254,189661.52,0,12.153007,10,14,False,True,False,False,False
380650,41,612242.3,0,13.324886,1,17,False,True,False,False,False
2197689,353,212602.4,0,12.267188,14,17,False,True,False,False,False
1946048,323,24362.83,0,10.100896,13,11,False,True,False,False,False
1796127,302,206073.97,0,12.236,12,14,False,True,False,False,False
1087838,204,338082.8,0,12.731052,8,12,False,True,False,False,False
365081,41,213454.64,0,12.271189,1,17,False,True,False,False,False
342967,39,334353.8,0,12.719961,1,15,False,False,False,False,True
2410794,380,317884.75,0,12.669451,15,20,False,True,False,False,False
2336217,375,284953.38,0,12.560088,15,15,False,False,False,False,True
1519802,257,293606.0,0,12.590001,10,17,False,True,False,False,False
170068,17,196977.61,0,12.190856,0,17,False,True,False,False,False
789384,162,139544.52,0,11.846153,6,18,False,True,False,False,False
1244613,226,39309.51,0,10.579272,9,10,False,True,False,False,False
786049,162,294687.88,0,12.593678,6,18,False,False,False,False,True
2064638,332,39333.18,0,10.579875,13,20,False,True,False,False,False
1918976,321,242633.84,0,12.399317,13,9,False,True,False,False,False
2170469,351,147594.14,0,11.902235,14,15,False,False,False,False,True
175671,18,172877.61,0,12.06035,0,18,False,True,False,False,False
2363959,378,999359.7,0,13.814872,15,18,False,False,False,False,True
2473785,396,512925.72,0,13.14789,16,12,False,True,False,False,False
2740028,661,447420.78,0,13.011259,27,13,False,True,False,False,False
1868143,306,623127.25,0,13.342509,12,18,False,False,False,False,True
2308518,373,40853.29,0,10.617791,15,13,False,True,False,False,False
594074,137,194990.83,0,12.180718,5,17,False,True,False,False,False
2075889,332,128879.98,0,11.766652,13,20,False,True,False,False,False
435790,44,245717.8,0,12.411947,1,20,False,True,False,False,False
191410,18,434933.03,0,12.982952,0,18,False,False,False,False,True
689475,155,5211.95,0,8.559093,6,11,False,True,False,False,False
1401177,249,174417.06,0,12.069216,10,9,False,True,False,False,False
190082,18,229387.36,0,12.343176,0,18,False,True,False,False,False
492549,131,210299.55,0,12.256298,5,11,False,True,False,False,False
2092304,345,48717.02,0,10.793825,14,9,False,True,False,False,False
2320239,373,29868.88,0,10.30464,15,13,False,True,False,False,False
289694,36,120588.61,0,11.700157,1,12,False,True,False,False,False
1493283,255,271916.47,0,12.513258,10,15,False,False,False,False,True
1266765,228,405113.4,0,12.911927,9,12,False,True,False,False,False
68144,12,278866.3,0,12.538495,0,12,False,True,False,False,False
152741,17,143910.97,0,11.876964,0,17,False,True,False,False,False
1423683,251,79289.36,0,11.280885,10,11,False,True,False,False,False
815315,163,111381.49,0,11.620734,6,19,False,False,False,False,True
479927,130,47053.88,0,10.759091,5,10,False,True,False,False,False
1677319,282,155881.81,0,11.956866,11,18,False,True,False,False,False
1716947,284,733833.4,0,13.50604,11,20,False,True,False,False,False
1046026,201,118714.79,0,11.684496,8,9,False,True,False,False,False
1671883,281,80070.25,0,11.290685,11,17,False,True,False,False,False
650856,141,69672.56,0,11.15159,5,21,False,True,False,False,False
754037,160,292620.22,0,12.5866375,6,16,False,True,False,False,False
1434856,251,274544.5,0,12.522876,10,11,False,True,False,False,False
1455202,253,99361.29,0,11.506538,10,13,False,True,False,False,False
1850225,306,86803.49,0,11.371426,12,18,False,True,False,False,False
1150892,208,131849.1,0,11.789429,8,16,False,True,False,False,False
677236,154,138931.58,0,11.841751,6,10,False,True,False,False,False
1915473,311,3176563.2,0,14.971312,12,23,False,False,False,False,True
1522205,258,23171.94,0,10.050784,10,18,False,True,False,False,False
1444234,252,248267.33,0,12.42227,10,12,False,True,False,False,False
2029187,330,158633.31,0,11.974363,13,18,False,True,False,False,False
922485,182,27670.76,0,10.228204,7,14,False,True,False,False,False
2532712,401,179698.4,0,12.099047,16,17,False,True,False,False,False
1142214,208,53200.82,0,10.881866,8,16,False,True,False,False,False
2118549,347,329245.0,0,12.704563,14,11,False,True,False,False,False
2685600,548,385153.8,0,12.861403,22,20,False,True,False,False,False
1262210,228,177842.8,0,12.088667,9,12,False,True,False,False,False
817465,164,13743.49,0,9.528466,6,20,False,True,False,False,False
14158,9,8811.03,0,9.083986,0,9,False,True,False,False,False
1116101,206,214599.95,0,12.27654,8,14,False,True,False,False,False
2422901,382,466027.72,0,13.052005,15,22,False,False,False,False,True
1858806,306,90247.79,0,11.4103365,12,18,False,True,False,False,False
562331,135,325039.62,0,12.691709,5,15,False,True,False,False,False
1189838,211,154216.12,0,11.946123,8,19,False,True,False,False,False
2067964,332,376661.34,0,12.8391075,13,20,False,True,False,False,False
512157,132,109259.96,0,11.601503,5,12,False,True,False,False,False
1194708,211,94643.93,0,11.457898,8,19,False,False,False,False,True
2703119,585,128460.67,0,11.763393,24,9,False,True,False,False,False
2571371,403,62202.12,0,11.038177,16,19,False,True,False,False,False
1387229,237,65545.64,0,11.090532,9,21,False,True,False,False,False
66466,12,314998.44,0,12.66033,0,12,False,True,False,False,False
1105775,205,55117.68,0,10.917262,8,13,False,True,False,False,False
2241221,356,82017.0,0,11.314706,14,20,False,True,False,False,False
386018,42,458731.12,0,13.036224,1,18,False,True,False,False,False
867312,178,559890.2,0,13.235499,7,10,False,False,False,False,True
719397,157,102307.57,0,11.535759,6,13,False,True,False,False,False
380109,41,291307.5,0,12.582142,1,17,False,False,False,False,True
1374654,236,1498923.6,0,14.220259,9,20,False,False,False,False,True
461480,95,254141.05,0,12.445653,3,23,False,True,False,False,False
1949476,323,15708.95,0,9.662113,13,11,False,True,False,False,False
2697592,570,241428.92,0,12.394339,23,18,False,False,False,False,True
2465182,396,182925.23,0,12.116844,16,12,False,True,False,False,False
1345309,234,291507.25,0,12.582827,9,18,False,True,False,False,False
2462799,396,319368.84,0,12.6741085,16,12,False,True,False,False,False
1160151,209,249587.53,0,12.427573,8,17,False,True,False,False,False
99123,14,231109.38,0,12.350655,0,14,False,True,False,False,False
1972182,325,976193.9,0,13.791419,13,13,False,False,False,False,True
1854971,306,141683.3,0,11.861363,12,18,False,True,False,False,False
977635,186,6835.11,0,8.83012,7,18,False,True,False,False,False
2368270,378,63383.4,0,11.056989,15,18,False,True,False,False,False
1067768,203,3755.89,0,8.231613,8,11,False,True,False,False,False
1166615,209,277049.06,0,12.531957,8,17,False,True,False,False,False
559516,135,314238.3,0,12.657913,5,15,False,True,False,False,False
602179,138,121906.4,0,11.711025,5,18,False,True,False,False,False
1565629,260,530570.0,0,13.181711,10,20,False,False,False,False,True
888781,180,329199.25,0,12.704425,7,12,False,True,False,False,False
2380752,379,40236.44,0,10.602578,15,19,False,True,False,False,False
2420144,381,117971.76,0,11.678218,15,21,False,True,False,False,False
2426393,383,589610.2,0,13.28722,15,23,False,False,False,False,True
269612,34,141732.34,0,11.86171,1,10,False,True,False,False,False
269418,34,102567.43,0,11.538295,1,10,False,True,False,False,False
323864,38,384959.56,0,12.860899,1,14,False,True,False,False,False
2180241,352,207127.88,0,12.241101,14,16,False,True,False,False,False
2468766,396,425174.94,0,12.96026,16,12,False,True,False,False,False
161980,17,128183.73,0,11.761235,0,17,False,True,False,False,False
383438,42,3674.69,0,8.209768,1,18,False,True,False,False,False
2723122,596,50466.38,0,10.8291025,24,20,False,True,False,False,False
2084389,334,1428714.2,0,14.172287,13,22,False,False,False,False,True
254602,33,230968.66,0,12.350046,1,9,False,True,False,False,False
2707780,589,3367524.0,0,15.029689,24,13,False,False,False,False,True
1466979,253,183027.61,0,12.117403,10,13,False,True,False,False,False
2740970,667,160362.38,0,11.985204,27,19,False,True,False,False,False
2254591,357,303878.0,0,12.624388,14,21,False,True,False,False,False
2613065,407,483281.16,0,13.088358,16,23,False,False,False,False,True
2319612,373,265927.03,0,12.490985,15,13,False,True,False,False,False
2758905,691,171302.98,0,12.051201,28,19,False,True,False,False,False
2333422,374,13532.4,0,9.51299,15,14,False,True,False,False,False
143922,16,28189.59,0,10.246779,0,16,False,True,False,False,False
1470012,254,1155.98,0,7.0544324,10,14,False,True,False,False,False
1195524,211,135327.95,0,11.815472,8,19,False,True,False,False,False
547776,134,153189.62,0,11.939445,5,14,False,True,False,False,False
372755,41,18418.0,0,9.821193,1,17,False,True,False,False,False
141327,16,396988.1,0,12.891666,0,16,False,True,False,False,False
1380250,236,24849.55,0,10.120675,9,20,False,True,False,False,False
1048175,201,230570.25,0,12.34832,8,9,False,True,False,False,False
2277787,370,144332.62,0,11.8798895,15,10,False,True,False,False,False
1509694,257,113713.1,0,11.641452,10,17,False,True,False,False,False
1778574,300,2898699.8,0,14.879773,12,12,False,False,False,False,True
1815263,303,201050.66,0,12.211322,12,15,False,True,False,False,False
464847,119,105049.62,0,11.562207,4,23,False,False,False,False,True
2189428,353,56256.01,0,10.937704,14,17,False,True,False,False,False
1182636,210,354659.44,0,12.778919,8,18,False,True,False,False,False
1459477,253,60083.92,0,11.0035305,10,13,False,True,False,False,False
2325676,374,9240.31,0,9.131547,15,14,False,True,False,False,False
1139359,207,251796.92,0,12.436386,8,15,False,True,False,False,False
1606079,276,90454.96,0,11.412629,11,12,False,True,False,False,False
708165,156,282305.53,0,12.550753,6,12,False,True,False,False,False
2414107,380,292787.0,0,12.587208,15,20,False,True,False,False,False
1154593,209,264769.38,0,12.486622,8,17,False,False,False,False,True
837550,165,148059.69,0,11.905384,6,21,False,False,False,False,True
2489352,398,157371.05,0,11.966374,16,14,False,True,False,False,False
2583250,403,4599.69,0,8.434179,16,19,False,True,False,False,False
405373,43,311109.12,0,12.647905,1,19,False,False,False,False,True
1225350,215,349849.28,0,12.765264,8,23,False,True,False,False,False
2647329,514,135644.56,0,11.817808,21,10,False,True,False,False,False
1339122,234,280897.38,0,12.545752,9,18,False,True,False,False,False
2050645,331,1012509.6,0,13.827945,13,19,False,False,False,False,True
1291299,230,479835.06,0,13.081202,9,14,False,False,False,False,True
612746,139,400073.72,0,12.899409,5,19,False,False,False,False,True
1148515,208,83630.82,0,11.334191,8,16,False,False,False,False,True
374238,41,69773.12,0,11.153032,1,17,False,True,False,False,False
1033078,189,99061.84,0,11.50352,7,21,False,True,False,False,False
1414187,250,91659.38,0,11.425857,10,10,False,True,False,False,False
2292250,371,165194.22,0,12.01489,15,11,False,True,False,False,False
292500,36,1311619.0,0,14.086775,1,12,False,False,False,False,True
2563908,402,40191.83,0,10.601469,16,18,False,True,False,False,False
1872657,307,150511.3,0,11.921806,12,19,False,True,False,False,False
1870331,307,69812.88,0,11.153603,12,19,False,True,False,False,False
998213,187,75607.12,0,11.233333,7,19,False,True,False,False,False
253268,33,177049.95,0,12.084199,1,9,False,True,False,False,False
630266,139,185147.6,0,12.12892,5,19,False,True,False,False,False
774780,161,224841.02,0,12.323157,6,17,False,True,False,False,False
1894979,308,24965968.0,0,17.033024,12,20,False,False,False,False,True
2132680,348,535119.06,0,13.1902485,14,12,False,True,False,False,False
131048,15,161731.7,0,11.993707,0,15,False,True,False,False,False
1879374,307,412811.88,0,12.930752,12,19,False,False,False,False,True
1586365,274,108022.7,0,11.590116,11,10,False,True,False,False,False
97444,14,97293.45,0,11.485508,0,14,False,True,False,False,False
2089974,335,210174.88,0,12.255705,13,23,False,True,False,False,False
2615083,408,201719.14,0,12.214642,17,0,False,False,False,False,True
653280,141,15235.51,0,9.6315155,5,21,False,True,False,False,False
1653443,280,70253.45,0,11.159893,11,16,False,True,False,False,False
517561,132,248476.03,0,12.42311,5,12,False,True,False,False,False
2027991,329,95935.98,0,11.4714575,13,17,False,True,False,False,False
1286723,229,764192.1,0,13.546577,9,13,False,False,False,False,True
2450062,395,252649.3,0,12.439766,16,11,False,True,False,False,False
230601,20,188662.8,0,12.147727,0,20,False,True,False,False,False
815363,163,20332.22,0,9.92006,6,19,False,True,False,False,False
1976474,325,140663.95,0,11.854143,13,13,False,True,False,False,False
1248488,227,398714.4,0,12.896006,9,11,False,True,False,False,False
800093,163,126176.11,0,11.74545,6,19,False,True,False,False,False
1720533,285,276268.06,0,12.529134,11,21,False,True,False,False,False
1677057,282,19129.25,0,9.859078,11,18,False,True,False,False,False
1617127,277,67508.72,0,11.120042,11,13,False,False,False,False,True
628262,139,98417.9,0,11.496998,5,19,False,True,False,False,False
1798181,302,207131.0,0,12.241117,12,14,False,True,False,False,False
940856,184,260488.83,0,12.470323,7,16,False,True,False,False,False
1414872,250,161090.8,0,11.989736,10,10,False,True,False,False,False
147765,16,102560.92,0,11.538232,0,16,False,True,False,False,False
792331,162,2866.45,0,7.961527,6,18,False,True,False,False,False
1466294,253,38262.63,0,10.552281,10,13,False,True,False,False,False
877235,179,13774.28,0,9.530704,7,11,False,True,False,False,False
887285,180,58169.89,0,10.971158,7,12,False,True,False,False,False
1812018,303,116057.59,0,11.6618595,12,15,False,True,False,False,False
1370692,236,163992.14,0,12.0075865,9,20,False,True,False,False,False
1160927,209,217745.94,0,12.291094,8,17,False,True,False,False,False
2150601,350,455129.25,0,13.028341,14,14,False,False,False,False,True
1987721,326,342792.44,0,12.744886,13,14,False,True,False,False,False
2378861,378,220046.48,0,12.301603,15,18,False,True,False,False,False
518012,132,66026.78,0,11.097846,5,12,False,True,False,False,False
1304065,231,444226.25,0,13.004094,9,15,False,True,False,False,False
2130620,348,247758.6,0,12.420218,14,12,False,True,False,False,False
1831913,305,282750.16,0,12.552326,12,17,False,True,False,False,False
392409,42,218406.28,0,12.294122,1,18,False,True,False,False,False
273914,34,204112.98,0,12.2264385,1,10,False,True,False,False,False
522877,132,9258.17,0,9.133478,5,12,False,True,False,False,False
658536,142,209483.86,0,12.252412,5,22,False,True,False,False,False
707943,156,18036.24,0,9.800249,6,12,False,True,False,False,False
1835589,305,9201493.0,0,16.034876,12,17,False,False,False,False,True
324904,38,352931.22,0,12.7740345,1,14,False,True,False,False,False
946932,184,98428.31,0,11.497104,7,16,False,True,False,False,False
202301,19,122244.04,0,11.713791,0,19,False,True,False,False,False
385830,42,188912.16,0,12.149048,1,18,False,True,False,False,False
2372206,378,881438.6,0,13.689313,15,18,False,False,False,False,True
655001,142,12828.33,0,9.459567,5,22,False,True,False,False,False
2757186,690,59271.24,0,10.989913,28,18,False,True,False,False,False
2755350,688,89428.39,0,11.401216,28,16,False,True,False,False,False
480860,130,284302.25,0,12.5578,5,10,False,True,False,False,False
365592,41,176183.69,0,12.079294,1,17,False,True,False,False,False
398832,42,333868.7,0,12.718509,1,18,False,True,False,False,False
1558202,260,76432.16,0,11.2441845,10,20,False,True,False,False,False
192184,18,94752.44,0,11.4590435,0,18,False,True,False,False,False
2577323,403,43888.8,0,10.68946,16,19,False,True,False,False,False
1064401,202,39276.6,0,10.578435,8,10,False,True,False,False,False
1828770,304,291099.56,0,12.581428,12,16,False,True,False,False,False
637504,140,202066.36,0,12.216361,5,20,False,True,False,False,False
1320021,232,71495.79,0,11.177422,9,16,False,True,False,False,False
1459394,253,273728.78,0,12.5199,10,13,False,True,False,False,False
2723500,596,518934.25,0,13.159536,24,20,False,False,False,False,True
2232809,355,10733.6,0,9.281321,14,19,False,True,False,False,False
1824675,304,609603.9,0,13.320568,12,16,False,False,False,False,True
1342419,234,255425.14,0,12.450692,9,18,False,True,False,False,False
680132,154,75023.57,0,11.225584,6,10,False,True,False,False,False
1921085,321,261410.4,0,12.473855,13,9,False,True,False,False,False
895789,181,125146.5,0,11.737256,7,13,False,True,False,False,False
2260249,358,115440.88,0,11.656531,14,22,False,True,False,False,False
1994876,327,5478037.0,0,15.516258,13,15,False,False,False,False,True
1696919,283,476991.03,0,13.075257,11,19,False,False,False,False,True
2573095,403,492861.44,0,13.107987,16,19,False,False,False,False,True
2189790,353,104664.46,0,11.558534,14,17,False,True,False,False,False
1576940,262,204301.56,0,12.227363,10,22,False,True,False,False,False
2583509,403,580294.2,0,13.271294,16,19,False,False,False,False,True
1821085,304,271999.78,0,12.513564,12,16,False,True,False,False,False
2749427,687,205878.08,0,12.235049,28,15,False,True,False,False,False
1868278,306,214984.28,0,12.27833,12,18,False,True,False,False,False
245451,22,132626.22,0,11.795305,0,22,False,False,False,False,True
1231478,225,165454.9,0,12.016466,9,9,False,True,False,False,False
570001,136,100304.6,0,11.515986,5,16,False,True,False,False,False
584545,137,230561.81,0,12.348283,5,17,False,True,False,False,False
445914,45,10544.61,0,9.263559,1,21,False,True,False,False,False
557397,135,509250.72,0,13.140699,5,15,False,False,False,False,True
1729564,288,294248.28,0,12.592186,12,0,False,True,False,False,False
185316,18,108297.04,0,11.592651,0,18,False,True,False,False,False
1355146,235,79234.3,0,11.2801895,9,19,False,True,False,False,False
883366,180,136791.8,0,11.82623,7,12,False,False,False,False,True
2096313,345,276361.5,0,12.529472,14,9,False,True,False,False,False
1887345,307,218897.44,0,12.296368,12,19,False,True,False,False,False
1570429,261,1002792.9,0,13.818301,10,21,False,False,False,False,True
2020293,329,174779.98,0,12.071295,13,17,False,True,False,False,False
2179598,352,194064.55,0,12.175957,14,16,False,True,False,False,False
197403,19,219593.61,0,12.299543,0,19,False,True,False,False,False
1662229,281,362328.16,0,12.800311,11,17,False,False,False,False,True
1542447,259,6607.84,0,8.796315,10,19,False,True,False,False,False
2324163,374,23310.5,0,10.056745,15,14,False,True,False,False,False
1372718,236,35465.92,0,10.476384,9,20,False,True,False,False,False
1434298,251,154609.62,0,11.948671,10,11,False,True,False,False,False
1752187,298,133796.8,0,11.804092,12,10,False,True,False,False,False
2623924,436,842554.0,1,13.644196,18,4,False,False,False,False,True
2398535,379,131585.16,0,11.787425,15,19,False,True,False,False,False
1540370,259,53777.16,0,10.892641,10,19,False,True,False,False,False
665148,153,333991.06,0,12.718876,6,9,False,False,False,False,True
173500,18,96921.76,0,11.48168,0,18,False,True,False,False,False
2719133,595,433633.8,0,12.97996,24,19,False,False,False,False,True
467905,129,316434.25,0,12.664877,5,9,False,True,False,False,False
1788047,301,177350.42,0,12.085895,12,13,False,True,False,False,False
916926,182,202735.73,0,12.219668,7,14,False,True,False,False,False
1424722,251,175422.77,0,12.0749655,10,11,False,True,False,False,False
2156606,350,1709499.2,0,14.351712,14,14,False,False,False,False,True
186807,18,301460.25,0,12.6164,0,18,False,True,False,False,False
2033192,330,289664.44,0,12.576486,13,18,False,True,False,False,False
840638,165,64114.1,0,11.068451,6,21,False,True,False,False,False
2304074,372,113661.64,0,11.640999,15,12,False,True,False,False,False
572802,136,161798.23,0,11.994118,5,16,False,True,False,False,False
1390751,237,55564.56,0,10.925337,9,21,False,True,False,False,False
1179028,210,88732.02,0,11.393398,8,18,False,True,False,False,False
2690104,563,217190.27,0,12.288538,23,11,False,True,False,False,False
2677799,544,472107.16,0,13.064965,22,16,False,False,False,False,True
2644318,500,78103.97,0,11.265821,20,20,False,True,False,False,False
647659,140,94066.58,0,11.451779,5,20,False,True,False,False,False
2506291,399,251550.23,0,12.435406,16,15,False,False,False,False,True
57240,11,1002250.7,0,13.81776,0,11,False,False,False,False,True
567739,136,47941.46,0,10.777778,5,16,False,True,False,False,False
799698,163,13676.12,0,9.523553,6,19,False,True,False,False,False
388905,42,271165.88,0,12.510493,1,18,False,True,False,False,False
1488090,255,412078.75,0,12.928975,10,15,False,True,False,False,False
1520988,258,53382.74,0,10.885281,10,18,False,True,False,False,False
504027,131,88092.81,0,11.386169,5,11,False,True,False,False,False
2632450,471,301338.75,0,12.615997,19,15,False,False,False,False,True
708719,156,773338.25,0,13.558475,6,12,False,True,False,False,False
1966013,325,136758.95,0,11.82599,13,13,False,True,False,False,False
2172349,351,535884.2,0,13.191677,14,15,False,True,False,False,False
1063818,202,27198.64,0,10.210996,8,10,False,True,False,False,False
1536172,259,58444.95,0,10.975875,10,19,False,True,False,False,False
145696,16,238403.84,0,12.38173,0,16,False,True,False,False,False
2382652,379,246322.48,0,12.414405,15,19,False,True,False,False,False
185274,18,160440.02,0,11.985688,0,18,False,True,False,False,False
1133076,207,250199.75,0,12.430023,8,15,False,True,False,False,False
1537175,259,366808.62,0,12.812601,10,19,False,True,False,False,False
1140045,207,5110.54,0,8.539452,8,15,False,True,False,False,False
2180216,352,30248.27,0,10.317261,14,16,False,False,False,False,True
503028,131,247875.1,0,12.420689,5,11,False,True,False,False,False
1460034,253,71361.02,0,11.175535,10,13,False,True,False,False,False
540040,134,31865.23,0,10.369333,5,14,False,True,False,False,False
143459,16,176868.02,0,12.08317,0,16,False,True,False,False,False
376525,41,231811.31,0,12.353687,1,17,False,True,False,False,False
1848568,306,289157.53,0,12.574734,12,18,False,True,False,False,False
2288977,371,173010.69,0,12.06112,15,11,False,True,False,False,False
1246194,226,35171.92,0,10.4680605,9,10,False,True,False,False,False
1441007,252,73389.44,0,11.203563,10,12,False,True,False,False,False
2532938,401,227610.69,0,12.335401,16,17,False,True,False,False,False
655194,142,162489.2,0,11.998379,5,22,False,True,False,False,False
72075,12,144986.78,0,11.884412,0,12,False,True,False,False,False
2285109,371,543828.5,0,13.206393,15,11,False,True,False,False,False
1378757,236,5897.72,0,8.68266,9,20,False,True,False,False,False
961666,185,515695.62,0,13.1532755,7,17,False,True,False,False,False
1185720,211,122644.12,0,11.717058,8,19,False,True,False,False,False
1339907,234,172031.02,0,12.055442,9,18,False,True,False,False,False
1214082,212,178588.02,0,12.092848,8,20,False,True,False,False,False
986565,186,185556.9,0,12.131127,7,18,False,True,False,False,False
2569055,403,1222.43,0,7.110231,16,19,False,True,False,False,False
55570,11,417805.9,0,12.942777,0,11,False,True,False,False,False
1514866,257,453209.3,0,13.024114,10,17,False,True,False,False,False
2139764,349,100883.52,0,11.521742,14,13,False,True,False,False,False
1435648,251,99891.81,0,11.511863,10,11,False,True,False,False,False
2047978,331,99246.69,0,11.505384,13,19,False,True,False,False,False
1015382,188,127134.45,0,11.753016,7,20,False,True,False,False,False
2267006,369,442015.34,0,12.9991045,15,9,False,True,False,False,False
2275145,370,107258.01,0,11.583012,15,10,False,True,False,False,False
1155469,209,174891.03,0,12.07193,8,17,False,True,False,False,False
622242,139,95723.82,0,11.469243,5,19,False,True,False,False,False
2004938,328,332898.38,0,12.715599,13,16,False,True,False,False,False
346840,39,44486.17,0,10.702979,1,15,False,True,False,False,False
2626566,451,90425.62,0,11.412305,18,19,False,True,False,False,False
788780,162,32529.84,0,10.389975,6,18,False,True,False,False,False
1414313,250,165782.97,0,12.018447,10,10,False,True,False,False,False
1279145,229,343566.62,0,12.747142,9,13,False,True,False,False,False
2072270,332,172884.1,0,12.060389,13,20,False,True,False,False,False
1963998,324,322121.12,0,12.682689,13,12,False,True,False,False,False
2620811,426,225874.16,0,12.327743,17,18,False,True,False,False,False
780151,162,193234.19,0,12.171669,6,18,False,True,False,False,False
2747140,686,458689.3,0,13.036133,28,14,False,True,False,False,False
2338452,375,187636.69,0,12.142274,15,15,False,True,False,False,False
1868881,307,41682.73,0,10.63789,12,19,False,True,False,False,False
2695654,567,116555.07,0,11.666137,23,15,False,True,False,False,False
2662626,524,167528.1,0,12.028918,21,20,False,True,False,False,False
81552,13,1569777.1,0,14.266445,0,13,False,False,False,False,True
1207829,212,115490.07,0,11.656958,8,20,False,True,False,False,False
122459,15,169408.61,0,12.040081,0,15,False,False,False,False,True
2385561,379,4244891.0,0,15.261228,15,19,False,False,False,False,True
1429551,251,85022.91,0,11.350699,10,11,False,True,False,False,False
2433855,393,139885.5,0,11.848594,16,9,False,True,False,False,False
1764327,299,335483.7,0,12.723334,12,11,False,True,False,False,False
838065,165,1583550.6,0,14.275182,6,21,False,False,False,False,True
327521,38,88347.56,0,11.389056,1,14,False,True,False,False,False
2734454,640,212451.1,0,12.266477,26,16,False,True,False,False,False
2770182,725,123259.24,1,11.722061,30,5,False,True,False,False,False
2504440,399,133579.16,0,11.8024645,16,15,False,True,False,False,False
1983482,326,16923116.0,0,16.644192,13,14,False,False,False,False,True
616661,139,366277.2,0,12.8111515,5,19,False,True,False,False,False
1469897,254,40644.42,0,10.612666,10,14,False,True,False,False,False
714760,157,111811.57,0,11.624588,6,13,False,True,False,False,False
588563,137,303586.47,0,12.623428,5,17,False,True,False,False,False
2525304,400,123998.95,0,11.7280445,16,16,False,True,False,False,False
1178859,210,86190.32,0,11.364336,8,18,False,True,False,False,False
17245,9,58511.34,0,10.97701,0,9,False,True,False,False,False
467178,129,223796.67,0,12.318502,5,9,False,True,False,False,False
43092,10,2813257.0,0,14.849854,0,10,False,False,False,False,True
456697,94,773751.4,0,13.559009,3,22,False,False,False,False,True
698322,156,131750.19,0,11.788678,6,12,False,True,False,False,False
1160315,209,189787.77,0,12.153672,8,17,False,True,False,False,False
1420161,250,141816.42,0,11.862303,10,10,False,True,False,False,False
1317114,232,826998.94,0,13.625561,9,16,False,False,False,False,True
1364884,235,165372.61,0,12.015968,9,19,False,True,False,False,False
2144419,349,2520634.5,0,14.740022,14,13,False,False,False,False,True
1552324,259,47381.34,0,10.766026,10,19,False,True,False,False,False
2597768,404,224974.1,0,12.32375,16,20,False,False,False,False,True
1981546,326,146869.8,0,11.897315,13,14,False,True,False,False,False
1027062,188,142177.73,0,11.864847,7,20,False,True,False,False,False
2633591,474,436669.0,0,12.986936,19,18,False,True,False,False,False
58118,11,294036.4,0,12.591466,0,11,False,True,False,False,False
2506813,399,33741.19,0,10.426534,16,15,False,True,False,False,False
896941,181,46453.95,0,10.74626,7,13,False,True,False,False,False
2300042,372,203050.25,0,12.221219,15,12,False,True,False,False,False
1852490,306,1596449.1,0,14.283294,12,18,False,False,False,False,True
2049541,331,112310.8,0,11.629044,13,19,False,True,False,False,False
1650421,280,62732.24,0,11.046662,11,16,False,True,False,False,False
2193281,353,201054.38,0,12.211341,14,17,False,True,False,False,False
2347850,376,1027070.75,0,13.842223,15,16,False,False,False,False,True
2532294,401,769209.8,0,13.553122,16,17,False,False,False,False,True
93240,14,395292.4,0,12.887386,0,14,False,True,False,False,False
888281,180,72414.44,0,11.190188,7,12,False,True,False,False,False
2097383,346,125310.9,0,11.738569,14,10,False,True,False,False,False
1695350,283,136357.95,0,11.823053,11,19,False,True,False,False,False
198606,19,215070.47,0,12.27873,0,19,False,True,False,False,False
1809407,303,49044.0,0,10.800514,12,15,False,False,False,False,True
1618148,277,9143.94,0,9.121065,11,13,False,True,False,False,False
2362260,377,193295.1,0,12.171984,15,17,False,True,False,False,False
1382512,236,182429.73,0,12.114131,9,20,False,True,False,False,False
650096,141,74476.07,0,11.21826,5,21,False,True,False,False,False
98658,14,361517.12,0,12.79807,0,14,False,False,False,False,True
823114,164,346017.12,0,12.75425,6,20,False,True,False,False,False
1001631,187,79253.5,0,11.280432,7,19,False,True,False,False,False
2390176,379,1046.1,0,6.9547343,15,19,False,True,False,False,False
1120536,206,145317.17,0,11.886688,8,14,False,True,False,False,False
1008380,187,730847.1,0,13.501963,7,19,False,False,False,False,True
1311143,231,291445.47,0,12.582615,9,15,False,True,False,False,False
193482,18,871146.8,0,13.677568,0,18,False,False,False,False,True
866642,178,630494.3,0,13.354262,7,10,False,True,False,False,False
1154656,209,349934.1,0,12.765506,8,17,False,True,False,False,False
1471982,254,134285.27,0,11.807736,10,14,False,True,False,False,False
2723408,596,1434.92,0,7.2702575,24,20,False,True,False,False,False
2523377,400,437953.9,0,12.989874,16,16,False,True,False,False,False
84946,13,607573.2,0,13.317231,0,13,False,False,False,False,True
254149,33,1982817.4,0,14.5000305,1,9,False,False,False,False,True
117041,15,261960.95,0,12.475959,0,15,False,True,False,False,False
1898003,308,73836.0,0,11.209629,12,20,False,True,False,False,False
457953,94,82403.37,0,11.319406,3,22,False,True,False,False,False
903130,181,582953.1,0,13.275866,7,13,False,False,False,False,True
2634504,476,57104.89,0,10.95268,19,20,False,True,False,False,False
2130101,348,37765.74,0,10.53921,14,12,False,True,False,False,False
1503561,256,262034.23,0,12.476238,10,16,False,True,False,False,False
288204,35,436674.3,0,12.986947,1,11,False,True,False,False,False
2462059,396,129419.25,0,11.770828,16,12,False,True,False,False,False
2257083,357,93683.21,0,11.447696,14,21,False,True,False,False,False
305659,36,269516.88,0,12.504394,1,12,False,True,False,False,False
2089148,335,316445.25,0,12.664912,13,23,False,True,False,False,False
360888,40,474338.34,0,13.06968,1,16,False,True,False,False,False
1259467,227,191993.64,0,12.165228,9,11,False,True,False,False,False
600231,138,52414.73,0,10.8669815,5,18,False,True,False,False,False
1516713,257,26031.9,0,10.167155,10,17,False,True,False,False,False
2763411,692,135908.5,0,11.819752,28,20,False,True,False,False,False
2408788,380,167892.89,0,12.031094,15,20,False,True,False,False,False
966965,185,128973.63,0,11.767379,7,17,False,True,False,False,False
1182687,210,110224.64,0,11.610294,8,18,False,True,False,False,False
1752271,298,36240.94,0,10.498,12,10,False,True,False,False,False
446950,46,133735.69,0,11.803636,1,22,False,False,False,False,True
1260737,227,297534.56,0,12.603292,9,11,False,True,False,False,False
1083402,204,291136.5,0,12.581554,8,12,False,True,False,False,False
2345367,376,143122.44,0,11.8714695,15,16,False,False,False,False,True
2674034,544,171855.05,0,12.054419,22,16,False,False,False,False,True
2583102,403,316980.06,0,12.6666,16,19,False,False,False,False,True
1099660,204,140666.6,0,11.854162,8,12,False,True,False,False,False
1634271,278,39102.48,0,10.573993,11,14,False,True,False,False,False
486528,130,28468.7,0,10.256631,5,10,False,True,False,False,False
797708,163,323447.6,0,12.686799,6,19,False,True,False,False,False
565501,135,227044.25,0,12.332909,5,15,False,True,False,False,False
875116,179,16889.77,0,9.734582,7,11,False,True,False,False,False
2684208,548,110586.89,0,11.613575,22,20,False,True,False,False,False
253737,33,120235.97,0,11.697228,1,9,False,True,False,False,False
683796,155,44427.0,0,10.701648,6,11,False,True,False,False,False
149227,16,295037.56,0,12.594865,0,16,False,True,False,False,False
1923457,321,46970.98,0,10.757328,13,9,False,True,False,False,False
1246674,226,253461.34,0,12.442974,9,10,False,True,False,False,False
132413,15,113674.53,0,11.641112,0,15,False,True,False,False,False
2585202,403,167732.72,0,12.030139,16,19,False,True,False,False,False
1452706,252,350616.16,0,12.767453,10,12,False,True,False,False,False
2653496,520,49141.86,0,10.802507,21,16,False,True,False,False,False
687587,155,170127.17,0,12.044313,6,11,False,True,False,False,False
2438657,394,120372.25,0,11.698361,16,10,False,True,False,False,False
1370090,236,13387.98,0,9.502262,9,20,False,True,False,False,False
1254377,227,521007.66,0,13.163524,9,11,False,False,False,False,True
1203522,212,5809.69,0,8.667626,8,20,False,True,False,False,False
2395111,379,68487.78,0,11.134439,15,19,False,True,False,False,False
563213,135,651285.4,0,13.386706,5,15,False,False,False,False,True
319459,37,146733.36,0,11.896386,1,13,False,True,False,False,False
2678914,545,149467.75,0,11.914849,22,17,False,False,False,False,True
1290980,230,150938.62,0,11.924642,9,14,False,True,False,False,False
1767431,300,77049.22,0,11.252226,12,12,False,True,False,False,False
1450440,252,180497.84,0,12.103485,10,12,False,True,False,False,False
2108349,346,96126.37,0,11.47344,14,10,False,True,False,False,False
2694791,566,192572.12,0,12.168237,23,14,False,True,False,False,False
1000404,187,114120.14,0,11.645024,7,19,False,True,False,False,False
1247985,227,189317.9,0,12.151194,9,11,False,True,False,False,False
2292836,371,129133.51,0,11.768618,15,11,False,True,False,False,False
1318713,232,13905.54,0,9.540187,9,16,False,False,False,False,True
217242,19,17920.44,0,9.793809,0,19,False,True,False,False,False
1134325,207,147335.12,0,11.900478,8,15,False,False,False,False,True
2076137,332,140938.77,0,11.856095,13,20,False,True,False,False,False
1040659,190,108663.71,0,11.596031,7,22,False,True,False,False,False
1346751,234,478010.16,0,13.077392,9,18,False,True,False,False,False
2000447,327,10000000.0,0,16.118095,13,15,False,False,False,False,True
2626905,451,20304.85,0,9.918714,18,19,False,False,False,False,True
615778,139,42522.93,0,10.6578455,5,19,False,True,False,False,False
732048,158,173953.55,0,12.066555,6,14,False,False,False,False,True
1653350,280,109412.82,0,11.602901,11,16,False,True,False,False,False
1226308,216,212667.94,0,12.267497,9,0,False,False,False,False,True
2762064,692,108738.15,0,11.596716,28,20,False,True,False,False,False
283315,35,129429.43,0,11.770906,1,11,False,True,False,False,False
1192284,211,137949.98,0,11.834661,8,19,False,True,False,False,False
2744200,683,425112.47,0,12.960114,28,11,False,True,False,False,False
2325101,374,25865.31,0,10.160735,15,14,False,True,False,False,False
2542747,401,232945.75,0,12.358569,16,17,False,True,False,False,False
2266634,369,38107.41,0,10.548217,15,9,False,False,False,False,True
2154665,350,328338.75,0,12.701807,14,14,False,True,False,False,False
1645519,279,47876.6,0,10.776424,11,15,False,True,False,False,False
2020763,329,30132.83,0,10.3134365,13,17,False,True,False,False,False
1729952,289,143391.94,0,11.873351,12,1,False,True,False,False,False
256999,33,40699.45,0,10.614019,1,9,False,False,False,False,True
1141556,208,228653.34,0,12.339972,8,16,False,True,False,False,False
1490269,255,590958.06,0,13.289504,10,15,False,False,False,False,True
2538982,401,41381.05,0,10.630627,16,17,False,True,False,False,False
1168506,210,707705.7,0,13.469787,8,18,False,False,False,False,True
484300,130,180097.83,0,12.101267,5,10,False,True,False,False,False
1205484,212,319245.75,0,12.673723,8,20,False,True,False,False,False
936671,183,503019.22,0,13.128387,7,15,False,False,False,False,True
285289,35,41182.36,0,10.6258135,1,11,False,True,False,False,False
1591752,274,491178.5,0,13.104567,11,10,False,False,False,False,True
142119,16,1143239.5,0,13.949378,0,16,False,False,False,False,True
901802,181,274292.03,0,12.5219555,7,13,False,True,False,False,False
402710,43,370714.0,0,12.823192,1,19,False,False,False,False,True
61320,12,107577.67,0,11.585987,0,12,False,True,False,False,False
518348,132,125107.88,0,11.736948,5,12,False,True,False,False,False
2428091,385,264471.03,0,12.485495,16,1,False,True,False,False,False
1846186,305,377656.94,0,12.841747,12,17,False,True,False,False,False
1400958,249,439495.12,0,12.993386,10,9,False,True,False,False,False
746750,159,368344.2,0,12.816778,6,15,False,False,False,False,True
2175708,352,141818.98,0,11.862321,14,16,False,True,False,False,False
806264,163,331895.12,0,12.712581,6,19,False,True,False,False,False
867891,179,34155.85,0,10.438747,7,11,False,True,False,False,False
1572418,261,278134.94,0,12.535869,10,21,False,True,False,False,False
171251,17,151769.58,0,11.930132,0,17,False,False,False,False,True
827025,164,169483.19,0,12.040521,6,20,False,True,False,False,False
398936,42,396007.94,0,12.8891945,1,18,False,False,False,False,True
1182893,210,91295.7,0,11.421881,8,18,False,True,False,False,False
1891437,308,305830.28,0,12.630793,12,20,False,True,False,False,False
861960,178,205175.55,0,12.231631,7,10,False,True,False,False,False
234508,20,80795.98,0,11.299707,0,20,False,True,False,False,False
397026,42,273404.3,0,12.518714,1,18,False,True,False,False,False
644283,140,326278.75,0,12.695514,5,20,False,True,False,False,False
25612,9,201557.55,0,12.2138405,0,9,False,True,False,False,False
1159214,209,182663.22,0,12.115411,8,17,False,True,False,False,False
926290,183,122032.9,0,11.712063,7,15,False,True,False,False,False
2670830,540,54770.77,0,10.910949,22,12,False,True,False,False,False
779724,162,134616.3,0,11.810199,6,18,False,True,False,False,False
636332,140,179697.25,0,12.09904,5,20,False,False,False,False,True
2255539,357,279085.12,0,12.539279,14,21,False,True,False,False,False
2175583,352,333028.12,0,12.715988,14,16,False,True,False,False,False
1327543,233,100458.77,0,11.517523,9,17,False,True,False,False,False
2201540,354,54375.45,0,10.903705,14,18,False,True,False,False,False
547184,134,105524.09,0,11.566713,5,14,False,True,False,False,False
819263,164,127345.79,0,11.754677,6,20,False,True,False,False,False
2665326,525,132389.38,0,11.793518,21,21,False,True,False,False,False
1243338,226,717723.2,0,13.483842,9,10,False,False,False,False,True
390493,42,35469.03,0,10.476472,1,18,False,True,False,False,False
1152745,208,548435.94,0,13.214829,8,16,False,True,False,False,False
508642,132,137531.52,0,11.831623,5,12,False,True,False,False,False
244059,21,371601.4,0,12.8255825,0,21,False,False,False,False,True
1476309,254,231921.16,0,12.354161,10,14,False,True,False,False,False
1707298,284,263986.78,0,12.483662,11,20,False,True,False,False,False
589234,137,52782.01,0,10.873963,5,17,False,False,False,False,True
131252,15,28112.98,0,10.244058,0,15,False,True,False,False,False
2433016,393,169185.94,0,12.038766,16,9,False,True,False,False,False
1179583,210,343547.66,0,12.747087,8,18,False,True,False,False,False
2253974,357,98639.0,0,11.499243,14,21,False,True,False,False,False
2234170,355,228682.61,0,12.340099,14,19,False,True,False,False,False
996913,187,103692.78,0,11.549207,7,19,False,True,False,False,False
2673371,542,92019.18,0,11.429774,22,14,False,True,False,False,False
196539,19,417893.12,0,12.942986,0,19,False,True,False,False,False
1460926,253,49202.5,0,10.8037405,10,13,False,True,False,False,False
2682386,546,29969.34,0,10.307997,22,18,False,True,False,False,False
90856,13,260535.6,0,12.470503,0,13,False,True,False,False,False
2545296,402,203929.27,0,12.225538,16,18,False,True,False,False,False
1171790,210,517487.72,0,13.156745,8,18,False,True,False,False,False
419911,43,41901.74,0,10.64313,1,19,False,True,False,False,False
347742,39,49833.38,0,10.816481,1,15,False,True,False,False,False
1710705,284,137306.75,0,11.829988,11,20,False,True,False,False,False
1185964,211,72607.18,0,11.192846,8,19,False,True,False,False,False
2577322,403,492137.66,0,13.106518,16,19,False,False,False,False,True
2581711,403,74841.21,0,11.22315,16,19,False,True,False,False,False
2079501,333,167882.28,0,12.031031,13,21,False,True,False,False,False
843677,166,22506.49,0,10.021647,6,22,False,True,False,False,False
841438,166,54656.29,0,10.908856,6,22,False,True,False,False,False
416151,43,240171.86,0,12.389118,1,19,False,True,False,False,False
594357,137,258350.88,0,12.462082,5,17,False,True,False,False,False
935235,183,166743.31,0,12.024223,7,15,False,True,False,False,False
268176,34,235650.48,0,12.370113,1,10,False,True,False,False,False
2253035,357,60255.62,0,11.006384,14,21,False,True,False,False,False
2425155,383,1459651.4,0,14.193709,15,23,False,False,False,False,True
1275990,229,608834.2,0,13.319304,9,13,False,False,False,False,True
1683474,282,611110.44,0,13.323036,11,18,False,False,False,False,True
1981432,326,542624.56,0,13.204177,13,14,False,True,False,False,False
1429959,251,125590.14,0,11.740795,10,11,False,True,False,False,False
754207,160,314839.6,0,12.659825,6,16,False,True,False,False,False
218429,19,8605.47,0,9.060386,0,19,False,True,False,False,False
2668284,536,285382.06,1,12.561591,22,8,False,True,False,False,False
2399683,380,90314.49,0,11.411076,15,20,False,True,False,False,False
865921,178,246594.6,0,12.415509,7,10,False,True,False,False,False
1271113,228,80467.37,0,11.295632,9,12,False,True,False,False,False
111699,14,12311.2,0,9.418427,0,14,False,True,False,False,False
1767370,300,1155518.6,0,13.960062,12,12,False,False,False,False,True
520741,132,112924.64,0,11.634494,5,12,False,True,False,False,False
1868797,307,351581.25,0,12.770202,12,19,False,True,False,False,False
466140,123,35349.73,0,10.473103,5,3,False,True,False,False,False
870537,179,305399.97,0,12.629384,7,11,False,True,False,False,False
1261352,228,214480.44,0,12.275983,9,12,False,True,False,False,False
816337,163,395812.22,0,12.8887005,6,19,False,True,False,False,False
332900,38,266451.1,0,12.492953,1,14,False,True,False,False,False
2363709,378,412625.7,0,12.930301,15,18,False,False,False,False,True
326119,38,175832.31,0,12.077297,1,14,False,True,False,False,False
2303942,372,512973.62,0,13.147984,15,12,False,True,False,False,False
947990,184,425382.78,0,12.96075,7,16,False,False,False,False,True
137702,16,118548.69,0,11.683096,0,16,False,True,False,False,False
2662463,524,43102.47,0,10.671382,21,20,False,True,False,False,False
1167150,209,122886.99,0,11.719037,8,17,False,True,False,False,False
2124241,348,237304.97,0,12.37711,14,12,False,True,False,False,False
1521387,258,180865.81,0,12.105522,10,18,False,False,False,False,True
1353740,235,889746.75,0,13.698694,9,19,False,False,False,False,True
2301856,372,267167.88,0,12.49564,15,12,False,True,False,False,False
2266817,369,192375.77,0,12.167216,15,9,False,True,False,False,False
758446,160,105382.59,0,11.5653715,6,16,False,True,False,False,False
1266912,228,62585.98,0,11.044329,9,12,False,True,False,False,False
2495401,398,327836.66,0,12.700277,16,14,False,True,False,False,False
819323,164,90466.91,0,11.412762,6,20,False,False,False,False,True
2491182,398,14068.71,0,9.55185,16,14,False,True,False,False,False
1048506,201,211280.6,0,12.260952,8,9,False,True,False,False,False
1649422,280,174271.08,0,12.068378,11,16,False,True,False,False,False
41989,10,57582.73,0,10.961013,0,10,False,False,False,False,True
1348240,235,345711.06,0,12.753365,9,19,False,True,False,False,False
1238344,226,205955.73,0,12.235426,9,10,False,True,False,False,False
2144059,349,222673.73,0,12.313472,14,13,False,True,False,False,False
2496364,398,10800.94,0,9.287574,16,14,False,True,False,False,False
1645545,279,149451.81,0,11.914742,11,15,False,True,False,False,False
2510986,399,215200.66,0,12.279335,16,15,False,True,False,False,False
2348287,376,262018.77,0,12.476179,15,16,False,True,False,False,False
1235613,226,527487.94,0,13.175885,9,10,False,True,False,False,False
2487021,397,155187.5,0,11.952402,16,13,False,True,False,False,False
1039383,190,725253.5,0,13.494279,7,22,False,False,False,False,True
890023,180,178032.06,0,12.08973,7,12,False,True,False,False,False
2040605,330,105417.71,0,11.565705,13,18,False,True,False,False,False
2065708,332,40302.29,0,10.604213,13,20,False,True,False,False,False
1922318,321,56242.24,0,10.937459,13,9,False,False,False,False,True
2262903,359,1365.44,0,7.2206955,14,23,False,True,False,False,False
1602508,275,347993.62,0,12.759945,11,11,False,True,False,False,False
1421542,250,361.76,0,5.8964944,10,10,False,False,False,False,True
1884826,307,1203961.8,0,14.00113,12,19,False,False,False,False,True
2527398,400,130416.65,0,11.778505,16,16,False,True,False,False,False
2516924,400,383010.38,0,12.855823,16,16,False,True,False,False,False
2252433,356,2194616.0,0,14.601519,14,20,False,False,False,False,True
1989135,326,69102.84,0,11.14338,13,14,False,True,False,False,False
293772,36,84171.64,0,11.340637,1,12,False,True,False,False,False
1568538,261,114225.25,0,11.645946,10,21,False,True,False,False,False
2139374,349,233896.23,0,12.362641,14,13,False,True,False,False,False
771781,161,297888.2,0,12.60448,6,17,False,True,False,False,False
2342832,375,1073846.2,0,13.88676,15,15,False,False,False,False,True
187351,18,182771.33,0,12.116002,0,18,False,True,False,False,False
2033542,330,177229.62,0,12.085213,13,18,False,True,False,False,False
40311,10,275774.12,0,12.527345,0,10,False,True,False,False,False
2767179,709,581943.7,0,13.274133,29,13,False,False,False,False,True
1352204,235,31613.72,0,10.36141,9,19,False,True,False,False,False
245220,22,33174.29,0,10.409591,0,22,False,True,False,False,False
58922,11,554731.1,0,13.226242,0,11,False,True,False,False,False
1855901,306,374234.84,0,12.832644,12,18,False,True,False,False,False
1917303,311,748322.44,0,13.525592,12,23,False,False,False,False,True
1168626,210,287206.38,0,12.567964,8,18,False,True,False,False,False
1194942,211,149257.44,0,11.913442,8,19,False,True,False,False,False
2040686,330,52390.72,0,10.866523,13,18,False,True,False,False,False
1227674,225,125078.27,0,11.7367115,9,9,False,True,False,False,False
1219888,213,457844.75,0,13.03429,8,21,False,True,False,False,False
83485,13,225282.64,0,12.32512,0,13,False,True,False,False,False
1245107,226,629221.44,0,13.3522415,9,10,False,True,False,False,False
1643922,279,70850.81,0,11.16836,11,15,False,True,False,False,False
1611462,276,17927.43,0,9.794199,11,12,False,True,False,False,False
979384,186,191637.95,0,12.163374,7,18,False,True,False,False,False
2678412,545,1912904.5,0,14.464134,22,17,False,False,False,False,True
899565,181,198935.14,0,12.200745,7,13,False,True,False,False,False
411681,43,117976.9,0,11.678261,1,19,False,True,False,False,False
216878,19,83251.35,0,11.329643,0,19,False,True,False,False,False
2687184,550,72421.42,0,11.190285,22,22,False,True,False,False,False
1186501,211,102826.43,0,11.540817,8,19,False,True,False,False,False
2585977,404,54954.09,0,10.914289,16,20,False,True,False,False,False
1140760,207,104503.84,0,11.556998,8,15,False,True,False,False,False
2589697,404,55138.75,0,10.9176445,16,20,False,True,False,False,False
1566986,260,235241.27,0,12.368376,10,20,False,False,False,False,True
1818434,303,242641.6,0,12.399349,12,15,False,True,False,False,False
1910578,309,192440.81,0,12.167554,12,21,False,True,False,False,False
77756,13,214095.9,0,12.274189,0,13,False,True,False,False,False
812751,163,327820.62,0,12.700228,6,19,False,False,False,False,True
1661388,281,155374.89,0,11.953609,11,17,False,True,False,False,False
66601,12,170946.2,0,12.049116,0,12,False,True,False,False,False
2532212,401,147560.95,0,11.90201,16,17,False,True,False,False,False
2595816,404,105582.4,0,11.5672655,16,20,False,True,False,False,False
392937,42,142117.45,0,11.864423,1,18,False,True,False,False,False
478034,130,334860.06,0,12.721474,5,10,False,False,False,False,True
649139,141,119803.57,0,11.693625,5,21,False,True,False,False,False
71768,12,281689.4,0,12.548568,0,12,False,True,False,False,False
229981,20,231704.56,0,12.353227,0,20,False,True,False,False,False
194182,18,190937.98,0,12.159715,0,18,False,True,False,False,False
2214136,354,441250.3,0,12.997373,14,18,False,False,False,False,True
1060161,202,9273.44,0,9.135125,8,10,False,True,False,False,False
2539190,401,438462.22,0,12.991034,16,17,False,True,False,False,False
2708909,589,288226.78,0,12.57151,24,13,False,True,False,False,False
2557212,402,204415.6,0,12.227921,16,18,False,True,False,False,False
34293,10,203939.5,0,12.225589,0,10,False,True,False,False,False
2629351,469,303647.0,0,12.623628,19,13,False,True,False,False,False
1216323,213,4743.28,0,8.464906,8,21,False,True,False,False,False
2305311,372,130745.47,0,11.781023,15,12,False,True,False,False,False
791163,162,1733.97,0,7.4593215,6,18,False,True,False,False,False
327806,38,17524.56,0,9.771473,1,14,False,False,False,False,True
1930287,322,12988.18,0,9.471949,13,10,False,True,False,False,False
73265,12,96526.74,0,11.477596,0,12,False,True,False,False,False
31341,10,64783.96,0,11.078844,0,10,False,True,False,False,False
1673543,282,36562.82,0,10.506842,11,18,False,False,False,False,True
1893545,308,177515.2,0,12.0868225,12,20,False,True,False,False,False
1860934,306,64629.02,0,11.076449,12,18,False,True,False,False,False
2066457,332,947016.6,0,13.761074,13,20,False,False,False,False,True
2088139,335,463293.97,0,13.046122,13,23,False,True,False,False,False
2366625,378,238844.12,0,12.3835745,15,18,False,False,False,False,True
2067935,332,188148.05,0,12.144995,13,20,False,True,False,False,False
1204265,212,674798.75,0,13.422173,8,20,False,False,False,False,True
946284,184,272752.28,0,12.516327,7,16,False,False,False,False,True
2329248,374,379271.9,0,12.846014,15,14,False,True,False,False,False
1777211,300,5367.56,0,8.588501,12,12,False,True,False,False,False
763546,161,134767.94,0,11.811324,6,17,False,True,False,False,False
1722410,285,241940.84,0,12.396457,11,21,False,True,False,False,False
2675193,544,206796.56,0,12.2395,22,16,False,True,False,False,False
2478182,397,52689.13,1,10.872203,16,13,False,True,False,False,False
1724452,286,54651.05,0,10.90876,11,22,False,True,False,False,False
394713,42,65220.96,0,11.0855665,1,18,False,True,False,False,False
286520,35,201841.12,0,12.215246,1,11,False,True,False,False,False
112915,15,61835.44,0,11.032265,0,15,False,True,False,False,False
328940,38,224806.56,0,12.323005,1,14,False,True,False,False,False
1048446,201,291095.94,0,12.581415,8,9,False,True,False,False,False
2078785,332,191204.56,0,12.16111,13,20,False,True,False,False,False
1010103,187,243822.9,0,12.404205,7,19,False,True,False,False,False
346741,39,31950.75,0,10.372013,1,15,False,True,False,False,False
2016903,329,121342.48,0,11.706388,13,17,False,True,False,False,False
2223149,355,165852.86,0,12.018868,14,19,False,True,False,False,False
864266,178,480993.3,0,13.083612,7,10,False,True,False,False,False
2047402,331,141303.66,0,11.858681,13,19,False,True,False,False,False
1721062,285,159754.4,0,11.981405,11,21,False,True,False,False,False
1720924,285,37674.21,0,10.536784,11,21,False,False,False,False,True
2091755,345,2480351.0,0,14.723911,14,9,False,False,False,False,True
1153954,208,65029.23,0,11.082623,8,16,False,True,False,False,False
1099470,204,172165.39,0,12.056223,8,12,False,True,False,False,False
536848,133,6604.25,0,8.795772,5,13,False,True,False,False,False
2770336,737,167606.48,1,12.0293865,30,17,False,True,False,False,False
629430,139,308029.6,0,12.637958,5,19,False,True,False,False,False
743319,159,12783.77,0,9.456088,6,15,False,True,False,False,False
824783,164,96876.75,0,11.4812155,6,20,False,True,False,False,False
2390604,379,92385.89,0,11.433751,15,19,False,True,False,False,False
819558,164,1450.69,0,7.2811723,6,20,False,True,False,False,False
1878631,307,91417.24,0,11.423211,12,19,False,True,False,False,False
108028,14,420491.25,0,12.949183,0,14,False,True,False,False,False
1219455,213,450669.88,0,13.018495,8,21,False,False,False,False,True
884369,180,206926.94,0,12.24013,7,12,False,True,False,False,False
305464,36,135778.8,0,11.818797,1,12,False,True,False,False,False
879831,179,139734.39,0,11.847513,7,11,False,True,False,False,False
352999,40,159431.11,0,11.97938,1,16,False,True,False,False,False
2751677,687,170050.56,0,12.043863,28,15,False,True,False,False,False
2130481,348,72546.46,0,11.19201,14,12,False,True,False,False,False
2436660,393,3626206.2,0,15.103698,16,9,False,False,False,False,True
78331,13,231841.61,0,12.353818,0,13,False,True,False,False,False
105410,14,391263.0,0,12.87714,0,14,False,True,False,False,False
2018710,329,28347.39,0,10.252361,13,17,False,True,False,False,False
2559030,402,1114943.8,0,13.924316,16,18,False,False,False,False,True
1935441,322,774758.5,0,13.560309,13,10,False,False,False,False,True
193922,18,2470.42,0,7.8129525,0,18,False,False,False,False,True
195853,18,67848.78,0,11.125066,0,18,False,True,False,False,False
1531711,258,284706.38,0,12.55922,10,18,False,True,False,False,False
295318,36,488862.78,0,13.099841,1,12,False,False,False,False,True
1347661,235,98990.22,0,11.502796,9,19,False,True,False,False,False
508802,132,42795.29,0,10.66423,5,12,False,True,False,False,False
1326625,233,59703.78,0,10.997184,9,17,False,True,False,False,False
2419157,381,353917.66,0,12.776825,15,21,False,True,False,False,False
1410243,250,996146.0,0,13.811651,10,10,False,False,False,False,True
1137978,207,599506.2,0,13.3038645,8,15,False,False,False,False,True
2247581,356,3320845.0,0,15.015731,14,20,False,False,False,False,True
849192,177,221873.23,0,12.309871,7,9,False,True,False,False,False
340380,39,326299.44,0,12.695577,1,15,False,True,False,False,False
421318,43,325257.94,0,12.69238,1,19,False,True,False,False,False
1431298,251,314230.88,0,12.657889,10,11,False,True,False,False,False
2693704,565,404501.8,0,12.910417,23,13,False,False,False,False,True
2010908,328,514814.0,0,13.151565,13,16,False,True,False,False,False
490249,130,266069.94,0,12.491522,5,10,False,True,False,False,False
872348,179,9331.89,0,9.141407,7,11,False,True,False,False,False
2451890,395,98557.24,0,11.498413,16,11,False,True,False,False,False
2676104,544,120545.58,0,11.6998,22,16,False,True,False,False,False
285341,35,40856.81,0,10.617878,1,11,False,True,False,False,False
1432992,251,177152.31,0,12.084777,10,11,False,True,False,False,False
2750362,687,138162.3,0,11.836199,28,15,False,True,False,False,False
1764956,299,242109.5,0,12.397154,12,11,False,True,False,False,False
2365289,378,193305.45,0,12.172037,15,18,False,True,False,False,False
531578,133,98888.06,0,11.501764,5,13,False,True,False,False,False
209305,19,150475.28,0,11.921567,0,19,False,True,False,False,False
167709,17,71471.46,0,11.177081,0,17,False,True,False,False,False
1029806,188,84217.1,0,11.341177,7,20,False,True,False,False,False
1593211,275,28541.59,0,10.259188,11,11,False,True,False,False,False
2015109,329,1013412.9,0,13.828836,13,17,False,False,False,False,True
2167898,351,258803.38,0,12.463832,14,15,False,True,False,False,False
376420,41,246188.77,0,12.413862,1,17,False,True,False,False,False
210400,19,118430.4,0,11.682097,0,19,False,True,False,False,False
649104,141,47848.33,0,10.775833,5,21,False,True,False,False,False
1574653,262,1040825.5,0,13.855527,10,22,False,False,False,False,True
2704669,587,2421502.5,0,14.6999,24,11,False,False,False,False,True
2041757,330,131356.9,0,11.785688,13,18,False,True,False,False,False
2710436,590,103215.8,0,11.544597,24,14,False,True,False,False,False
253564,33,141322.7,0,11.858815,1,9,False,True,False,False,False
202450,19,103426.87,0,11.546639,0,19,False,True,False,False,False
548389,134,362205.3,0,12.799972,5,14,False,True,False,False,False
2374119,378,33567.88,0,10.421385,15,18,False,True,False,False,False
759689,160,592907.8,0,13.292798,6,16,False,True,False,False,False
1092484,204,638735.5,0,13.367249,8,12,False,False,False,False,True
1719403,285,27412.43,0,10.218824,11,21,False,True,False,False,False
97127,14,89953.56,0,11.407071,0,14,False,True,False,False,False
718102,157,162438.17,0,11.998065,6,13,False,True,False,False,False
432464,44,128664.33,0,11.764977,1,20,False,True,False,False,False
158057,17,49992.2,0,10.819662,0,17,False,True,False,False,False
289706,36,194858.73,0,12.18004,1,12,False,True,False,False,False
1747975,298,728144.75,0,13.498258,12,10,False,False,False,False,True
991082,187,251169.66,0,12.433892,7,19,False,False,False,False,True
2164445,351,24978.58,0,10.1258545,14,15,False,True,False,False,False
1593916,275,141258.73,0,11.858362,11,11,False,False,False,False,True
1678389,282,96752.03,0,11.479927,11,18,False,True,False,False,False
1181862,210,178747.62,0,12.093741,8,18,False,True,False,False,False
1752670,299,416957.97,0,12.940745,12,11,False,True,False,False,False
1011995,187,213571.94,0,12.271738,7,19,False,False,False,False,True
1784295,301,109445.07,0,11.603196,12,13,False,True,False,False,False
305528,36,70192.29,0,11.159022,1,12,False,True,False,False,False
196942,19,230778.84,0,12.349224,0,19,False,True,False,False,False
2280864,370,481551.34,0,13.084772,15,10,False,True,False,False,False
2197646,353,161043.31,0,11.989441,14,17,False,True,False,False,False
915510,182,112030.26,0,11.626542,7,14,False,True,False,False,False
1603876,276,92415.62,0,11.4340725,11,12,False,True,False,False,False
575422,136,47779.46,0,10.774393,5,16,False,True,False,False,False
2554105,402,242741.44,0,12.39976,16,18,False,True,False,False,False
931480,183,457275.25,0,13.033045,7,15,False,True,False,False,False
621142,139,183554.84,0,12.120279,5,19,False,True,False,False,False
767070,161,219356.19,0,12.298461,6,17,False,True,False,False,False
1949215,323,91869.73,0,11.428148,13,11,False,True,False,False,False
208366,19,245181.28,0,12.409761,0,19,False,True,False,False,False
470417,129,157015.98,0,11.964116,5,9,False,True,False,False,False
1351305,235,273320.53,0,12.518408,9,19,False,True,False,False,False
590501,137,187115.97,0,12.139495,5,17,False,True,False,False,False
727770,158,539587.8,0,13.198565,6,14,False,True,False,False,False
2177742,352,335128.12,0,12.722274,14,16,False,True,False,False,False
1912312,310,235858.8,0,12.370997,12,22,False,True,False,False,False
1675443,282,378484.0,0,12.843934,11,18,False,False,False,False,True
1250013,227,183664.2,0,12.120875,9,11,False,True,False,False,False
229900,20,492799.72,0,13.107862,0,20,False,False,False,False,True
1545920,259,265283.72,0,12.488563,10,19,False,False,False,False,True
2338377,375,498545.97,0,13.119455,15,15,False,True,False,False,False
2600101,404,110324.57,0,11.6112,16,20,False,True,False,False,False
1242403,226,46131.77,0,10.739301,9,10,False,True,False,False,False
1307309,231,16885.78,0,9.734345,9,15,False,True,False,False,False
840037,165,35102.02,0,10.466071,6,21,False,True,False,False,False
955024,185,31843.39,0,10.368648,7,17,False,True,False,False,False
1065137,202,32519.04,0,10.389643,8,10,False,True,False,False,False
635956,140,10634.39,0,9.272037,5,20,False,True,False,False,False
2332794,374,63208.02,0,11.054218,15,14,False,True,False,False,False
1483952,255,103648.31,0,11.548779,10,15,False,True,False,False,False
1465965,253,320359.1,0,12.677204,10,13,False,False,False,False,True
2022674,329,257100.27,0,12.45723,13,17,False,True,False,False,False
1642305,279,271146.97,0,12.510424,11,15,False,False,False,False,True
223547,20,212789.56,0,12.268068,0,20,False,True,False,False,False
1707800,284,158690.73,0,11.974725,11,20,False,True,False,False,False
1290642,230,164241.03,0,12.009103,9,14,False,True,False,False,False
798726,163,57349.99,0,10.956963,6,19,False,True,False,False,False
2755425,688,13224.36,0,9.489967,28,16,False,True,False,False,False
2246669,356,129651.6,0,11.772621,14,20,False,True,False,False,False
2291038,371,183546.55,0,12.1202345,15,11,False,True,False,False,False
2379524,378,2391.32,0,7.780437,15,18,False,True,False,False,False
1152604,208,128667.28,0,11.765,8,16,False,True,False,False,False
1459663,253,190966.05,0,12.159862,10,13,False,True,False,False,False
2153762,350,200575.31,0,12.208955,14,14,False,True,False,False,False
1542784,259,185700.98,0,12.131904,10,19,False,True,False,False,False
940327,184,286202.22,0,12.564461,7,16,False,True,False,False,False
1649900,280,71057.58,0,11.171274,11,16,False,True,False,False,False
369361,41,70835.77,0,11.168148,1,17,False,True,False,False,False
539660,133,299713.2,0,12.610588,5,13,False,False,False,False,True
2766143,705,402719.7,0,12.906001,29,9,False,True,False,False,False
716070,157,115115.08,0,11.653705,6,13,False,False,False,False,True
1228496,225,341416.22,0,12.740864,9,9,False,True,False,False,False
1145688,208,408551.03,0,12.920377,8,16,False,True,False,False,False
1300191,231,43649.37,0,10.6839905,9,15,False,True,False,False,False
2607113,405,35283.65,0,10.471231,16,21,False,True,False,False,False
30093,10,125874.78,0,11.743059,0,10,False,True,False,False,False
744180,159,147722.55,0,11.903105,6,15,False,True,False,False,False
1958744,324,51303.56,0,10.845554,13,12,False,True,False,False,False
340034,39,280001.5,0,12.542558,1,15,False,False,False,False,True
1754031,299,92827.62,0,11.438521,12,11,False,True,False,False,False
2316503,373,148809.73,0,11.910438,15,13,False,True,False,False,False
1527662,258,24934.12,0,10.124073,10,18,False,True,False,False,False
920638,182,69807.69,0,11.153528,7,14,False,True,False,False,False
720943,157,182724.61,0,12.1157465,6,13,False,True,False,False,False
2761820,692,87666.57,0,11.381319,28,20,False,True,False,False,False
2073663,332,111486.39,0,11.6216755,13,20,False,False,False,False,True
2193633,353,27834.41,0,10.2341,14,17,False,True,False,False,False
2236510,355,472715.2,0,13.066253,14,19,False,True,False,False,False
156216,17,180415.0,0,12.103026,0,17,False,True,False,False,False
1178405,210,175482.67,0,12.075307,8,18,False,True,False,False,False
795504,162,116742.24,0,11.667741,6,18,False,True,False,False,False
1038088,190,246984.77,0,12.41709,7,22,False,True,False,False,False
1566289,260,197318.44,0,12.192584,10,20,False,True,False,False,False
1457347,253,1139630.6,0,13.946217,10,13,False,False,False,False,True
2626188,451,108420.52,0,11.593791,18,19,False,True,False,False,False
1994756,327,4916.6,0,8.500779,13,15,False,True,False,False,False
2299233,372,39922.46,0,10.594745,15,12,False,True,False,False,False
2131334,348,37638.87,0,10.535846,14,12,False,True,False,False,False
2144730,349,493087.03,0,13.108445,14,13,False,True,False,False,False
693567,155,109383.53,0,11.602633,6,11,False,True,False,False,False
629522,139,649879.3,0,13.384545,5,19,False,True,False,False,False
561941,135,238700.81,0,12.382975,5,15,False,False,False,False,True
355881,40,378901.75,0,12.845037,1,16,False,True,False,False,False
1096750,204,98926.96,0,11.502157,8,12,False,False,False,False,True
769758,161,13050.69,0,9.476749,6,17,False,True,False,False,False
561773,135,134373.27,0,11.808392,5,15,False,True,False,False,False
689944,155,397248.03,0,12.892322,6,11,False,True,False,False,False
1447685,252,288932.75,0,12.5739565,10,12,False,False,False,False,True
1804108,302,156182.56,0,11.958794,12,14,False,True,False,False,False
2020217,329,30388.54,0,10.321887,13,17,False,True,False,False,False
2729494,615,56510.5,1,10.942217,25,15,False,False,False,False,True
676369,154,667937.4,0,13.411953,6,10,False,False,False,False,True
461329,95,908840.75,0,13.719928,3,23,False,False,False,False,True
2755022,688,256750.53,0,12.455868,28,16,False,True,False,False,False
2082350,333,163312.62,0,12.003434,13,21,False,True,False,False,False
1554121,260,558979.75,0,13.233872,10,20,False,False,False,False,True
1623225,277,641902.5,0,13.372195,11,13,False,False,False,False,True
1447013,252,270602.0,0,12.508411,10,12,False,True,False,False,False
676763,154,351018.88,0,12.768601,6,10,False,True,False,False,False
1419358,250,142638.83,0,11.868085,10,10,False,True,False,False,False
1897907,308,3089.46,0,8.036399,12,20,False,True,False,False,False
2626703,451,76436.59,0,11.244243,18,19,False,True,False,False,False
1527642,258,119195.46,0,11.688537,10,18,False,True,False,False,False
876913,179,735567.4,0,13.5084,7,11,False,False,False,False,True
2267926,369,551695.7,0,13.220756,15,9,False,False,False,False,True
491877,131,430954.25,0,12.973762,5,11,False,True,False,False,False
513234,132,480909.1,0,13.083438,5,12,False,True,False,False,False
204784,19,94752.87,0,11.459048,0,19,False,True,False,False,False
784222,162,147945.23,0,11.904611,6,18,False,True,False,False,False
1414588,250,34898.22,0,10.460248,10,10,False,True,False,False,False
2484895,397,144662.69,0,11.882174,16,13,False,True,False,False,False
2214175,354,87081.35,0,11.374621,14,18,False,True,False,False,False
2308650,373,318321.06,0,12.670822,15,13,False,False,False,False,True
891731,180,262497.78,0,12.478005,7,12,False,True,False,False,False
213350,19,1589942.4,0,14.27921,0,19,False,False,False,False,True
2347962,376,218435.48,0,12.294255,15,16,False,True,False,False,False
2679072,545,40589.27,0,10.611308,22,17,False,True,False,False,False
1348022,235,75530.77,0,11.232322,9,19,False,True,False,False,False
1882789,307,85038.43,0,11.350883,12,19,False,True,False,False,False
841130,166,376774.84,0,12.839409,6,22,False,False,False,False,True
205172,19,685429.6,0,13.437804,0,19,False,False,False,False,True
501538,131,129907.68,0,11.774594,5,11,False,True,False,False,False
969179,185,90772.19,0,11.41613,7,17,False,True,False,False,False
2296124,372,91765.13,0,11.42701,15,12,False,True,False,False,False
57531,11,124766.55,0,11.734216,0,11,False,True,False,False,False
701461,156,479731.16,0,13.080985,6,12,False,True,False,False,False
1853072,306,289442.88,0,12.57572,12,18,False,False,False,False,True
2638122,490,717051.5,0,13.482905,20,10,False,True,False,False,False
1610242,276,87403.86,0,11.378318,11,12,False,True,False,False,False
2308875,373,196206.45,0,12.186933,15,13,False,True,False,False,False
1579088,263,62630.26,0,11.045035,10,23,False,True,False,False,False
2484104,397,3079212.0,0,14.940185,16,13,False,False,False,False,True
303758,36,456225.6,0,13.030747,1,12,False,False,False,False,True
1440022,252,103845.8,0,11.550682,10,12,False,True,False,False,False
1348523,235,72699.25,0,11.194114,9,19,False,True,False,False,False
2246981,356,26209.43,0,10.173951,14,20,False,True,False,False,False
1649993,280,229198.52,0,12.342353,11,16,False,True,False,False,False
2381697,379,62686.44,0,11.045933,15,19,False,True,False,False,False
1511119,257,433635.66,0,12.979964,10,17,False,True,False,False,False
114651,15,539645.94,0,13.198672,0,15,False,True,False,False,False
842299,166,142290.2,0,11.865638,6,22,False,False,False,False,True
1455743,253,504630.94,0,13.131587,10,13,False,False,False,False,True
532757,133,170431.36,0,12.0461,5,13,False,True,False,False,False
1095337,204,104526.38,0,11.557214,8,12,False,True,False,False,False
691073,155,1238229.4,0,14.029195,6,11,False,False,False,False,True
2592454,404,279959.9,0,12.542409,16,20,False,True,False,False,False
707263,156,254348.7,0,12.446469,6,12,False,True,False,False,False
458704,94,127133.59,0,11.75301,3,22,False,True,False,False,False
2651672,518,174470.69,0,12.069524,21,14,False,True,False,False,False
1944733,323,204367.14,0,12.227683,13,11,False,False,False,False,True
1888049,307,36571.92,0,10.507091,12,19,False,True,False,False,False
1019767,188,279878.16,0,12.542117,7,20,False,True,False,False,False
1912742,310,38814.49,0,10.566601,12,22,False,True,False,False,False
282036,35,69755.63,0,11.152782,1,11,False,True,False,False,False
659863,143,218978.62,0,12.296739,5,23,False,True,False,False,False
2523004,400,130304.98,0,11.777648,16,16,False,True,False,False,False
288049,35,716796.3,0,13.48255,1,11,False,False,False,False,True
752453,160,805791.8,0,13.599584,6,16,False,False,False,False,True
1208361,212,186582.73,0,12.136641,8,20,False,True,False,False,False
1746021,298,374140.78,0,12.832393,12,10,False,True,False,False,False
2696562,567,45020.64,0,10.714921,23,15,False,True,False,False,False
1678424,282,39477.96,0,10.583549,11,18,False,True,False,False,False
2509247,399,488706.12,0,13.099521,16,15,False,True,False,False,False
2413200,380,286671.03,0,12.566097,15,20,False,True,False,False,False
125371,15,431181.47,0,12.974289,0,15,False,True,False,False,False
1000447,187,34313.72,0,10.443358,7,19,False,True,False,False,False
648118,140,312468.1,0,12.652264,5,20,False,True,False,False,False
654206,141,312473.94,0,12.652283,5,21,False,False,False,False,True
949270,184,88709.46,0,11.393145,7,16,False,True,False,False,False
416481,43,10415.13,0,9.251206,1,19,False,True,False,False,False
504130,131,64681.47,0,11.077261,5,11,False,True,False,False,False
917796,182,69996.28,0,11.156226,7,14,False,True,False,False,False
213892,19,193815.58,0,12.174673,0,19,False,True,False,False,False
1158781,209,287042.84,0,12.567393,8,17,False,True,False,False,False
1476371,254,554417.06,0,13.225677,10,14,False,True,False,False,False
654891,142,136822.67,0,11.826456,5,22,False,True,False,False,False
2120199,347,2859793.0,0,14.866261,14,11,False,False,False,False,True
2494794,398,236983.78,0,12.375755,16,14,False,True,False,False,False
216088,19,204198.48,0,12.226857,0,19,False,True,False,False,False
2188151,353,211592.52,0,12.262427,14,17,False,True,False,False,False
2103526,346,2548706.5,0,14.751098,14,10,False,False,False,False,True
2401574,380,291076.53,0,12.581348,15,20,False,True,False,False,False
2768558,714,218195.69,0,12.293157,29,18,False,True,False,False,False
1829467,304,104397.07,0,11.555976,12,16,False,True,False,False,False
2448082,394,267689.6,0,12.497591,16,10,False,True,False,False,False
1466104,253,2173985.0,0,14.592073,10,13,False,False,False,False,True
1329468,233,51963.79,0,10.858341,9,17,False,True,False,False,False
1849832,306,195257.1,0,12.182083,12,18,False,True,False,False,False
2392557,379,69396.7,0,11.147623,15,19,False,True,False,False,False
423653,44,266994.03,0,12.494989,1,20,False,False,False,False,True
2207491,354,377488.2,0,12.8413,14,18,False,True,False,False,False
1560582,260,212123.06,0,12.264932,10,20,False,True,False,False,False
2574986,403,89103.2,0,11.397573,16,19,False,True,False,False,False
2296549,372,154570.3,0,11.948418,15,12,False,True,False,False,False
120998,15,59762.07,0,10.99816,0,15,False,True,False,False,False
1898108,308,153081.31,0,11.938738,12,20,False,True,False,False,False
1104535,205,71379.22,0,11.17579,8,13,False,False,False,False,True
2630570,469,71149.93,0,11.172573,19,13,False,True,False,False,False
1266230,228,97133.78,0,11.483865,9,12,False,True,False,False,False
653566,141,66396.65,0,11.103432,5,21,False,True,False,False,False
2243777,356,207602.23,0,12.243389,14,20,False,True,False,False,False
1883957,307,321764.7,0,12.681582,12,19,False,True,False,False,False
1476789,254,144910.92,0,11.883888,10,14,False,True,False,False,False
352262,40,52139.57,0,10.861718,1,16,False,True,False,False,False
2526861,400,306532.9,0,12.633087,16,16,False,True,False,False,False
1200022,211,67763.76,0,11.123813,8,19,False,True,False,False,False
720690,157,193680.47,0,12.173975,6,13,False,True,False,False,False
1729616,288,224007.77,0,12.319445,12,0,False,True,False,False,False
134394,16,36519.5,0,10.505656,0,16,False,True,False,False,False
16053,9,218640.31,0,12.295193,0,9,False,True,False,False,False
1966144,325,953245.6,0,13.76763,13,13,False,False,False,False,True
2310146,373,263044.03,0,12.480084,15,13,False,True,False,False,False
2502442,399,261492.9,0,12.47417,16,15,False,True,False,False,False
2414744,380,69917.71,0,11.155103,15,20,False,False,False,False,True
267399,34,19933.92,0,9.900278,1,10,False,True,False,False,False
289402,36,146353.78,0,11.893796,1,12,False,True,False,False,False
173795,18,536577.5,0,13.19297,0,18,False,False,False,False,True
2546573,402,438237.47,0,12.9905205,16,18,False,True,False,False,False
2169483,351,108720.9,0,11.596558,14,15,False,True,False,False,False
269197,34,54101.24,0,10.898649,1,10,False,True,False,False,False
1290595,230,236942.31,0,12.375581,9,14,False,True,False,False,False
1737924,297,200640.55,0,12.20928,12,9,False,True,False,False,False
348155,39,271154.25,0,12.51045,1,15,False,True,False,False,False
2693447,565,225229.7,0,12.324885,23,13,False,True,False,False,False
1165165,209,167726.62,0,12.030103,8,17,False,True,False,False,False
1898533,308,102312.31,0,11.535805,12,20,False,True,False,False,False
2378931,378,62122.03,0,11.036888,15,18,False,True,False,False,False
2646363,505,2251225.5,1,14.6269865,21,1,False,False,False,False,True
1571349,261,37707.25,0,10.537661,10,21,False,True,False,False,False
2435253,393,25993.2,0,10.165668,16,9,False,True,False,False,False
1490018,255,84680.11,0,11.34666,10,15,False,False,False,False,True
967469,185,26575.24,0,10.187811,7,17,False,False,False,False,True
2210692,354,18503.34,0,9.825814,14,18,False,True,False,False,False
120892,15,168405.98,0,12.034144,0,15,False,True,False,False,False
648140,140,167608.23,0,12.029397,5,20,False,True,False,False,False
1936611,322,294579.84,0,12.593312,13,10,False,True,False,False,False
1517107,257,159879.94,0,11.982191,10,17,False,True,False,False,False
2441622,394,245500.89,0,12.411064,16,10,False,True,False,False,False
1039266,190,15440.14,0,9.6448555,7,22,False,True,False,False,False
388095,42,894768.06,0,13.704322,1,18,False,False,False,False,True
388710,42,206726.3,0,12.239161,1,18,False,True,False,False,False
1659696,280,393415.66,0,12.8826275,11,16,False,True,False,False,False
1113542,205,211757.38,0,12.263206,8,13,False,True,False,False,False
2603439,405,108003.83,0,11.58994,16,21,False,True,False,False,False
1126299,206,312367.9,0,12.651943,8,14,False,True,False,False,False
543046,134,395314.03,0,12.887441,5,14,False,True,False,False,False
1566507,260,229574.95,0,12.343993,10,20,False,True,False,False,False
2670050,540,147549.56,0,11.901933,22,12,False,True,False,False,False
2218104,355,230046.48,0,12.3460455,14,19,False,True,False,False,False
1793075,301,59608.38,0,10.995585,12,13,False,True,False,False,False
83886,13,275069.75,0,12.524787,0,13,False,True,False,False,False
542950,134,1512173.4,0,14.22906,5,14,False,False,False,False,True
939710,184,39664.52,0,10.588263,7,16,False,True,False,False,False
289860,36,84728.58,0,11.347232,1,12,False,True,False,False,False
2263765,359,117552.58,0,11.674658,14,23,False,True,False,False,False
2655685,522,244199.88,0,12.40575,21,18,False,True,False,False,False
2465478,396,1547878.0,1,14.252397,16,12,False,False,False,False,True
2021633,329,394003.53,0,12.88412,13,17,False,True,False,False,False
2074099,332,16599.79,0,9.717266,13,20,False,True,False,False,False
1212738,212,170823.77,0,12.048399,8,20,False,True,False,False,False
1736066,297,24591.78,0,10.110249,12,9,False,True,False,False,False
835096,165,243874.14,0,12.404416,6,21,False,True,False,False,False
2034194,330,112967.56,0,11.634873,13,18,False,True,False,False,False
2066265,332,1153.55,0,7.052332,13,20,False,True,False,False,False
2335539,375,3013.13,0,8.011398,15,15,False,True,False,False,False
2580105,403,169672.78,0,12.041639,16,19,False,True,False,False,False
1087537,204,27021.89,0,10.204476,8,12,False,True,False,False,False
1855896,306,278726.38,0,12.537993,12,18,False,True,False,False,False
1392653,238,284581.94,0,12.558784,9,22,False,True,False,False,False
1825900,304,139380.69,0,11.844978,12,16,False,True,False,False,False
65615,12,143950.7,0,11.87724,0,12,False,True,False,False,False
2498916,398,46263.48,0,10.742151,16,14,False,True,False,False,False
1740862,298,330065.9,0,12.707054,12,10,False,True,False,False,False
1710577,284,80635.22,0,11.297715,11,20,False,False,False,False,True
278449,35,1002067.3,0,13.817577,1,11,False,False,False,False,True
474548,129,44376.49,0,10.70051,5,9,False,True,False,False,False
807532,163,83276.61,0,11.329947,6,19,False,True,False,False,False
2462410,396,38669.14,0,10.562849,16,12,False,True,False,False,False
1348659,235,1030231.5,0,13.845296,9,19,False,False,False,False,True
1170976,210,222668.06,0,12.313446,8,18,False,False,False,False,True
2187960,353,369840.56,0,12.820833,14,17,False,True,False,False,False
1005060,187,10503.84,0,9.259686,7,19,False,True,False,False,False
1097935,204,436210.88,0,12.985886,8,12,False,False,False,False,True
512301,132,96621.75,0,11.4785795,5,12,False,True,False,False,False
1580407,264,81342.88,0,11.306454,11,0,False,True,False,False,False
1609909,276,52986.89,0,10.877837,11,12,False,True,False,False,False
2283908,371,662197.2,0,13.403321,15,11,False,True,False,False,False
1095982,204,92681.01,0,11.43694,8,12,False,True,False,False,False
790396,162,120035.46,0,11.6955595,6,18,False,True,False,False,False
284407,35,94951.27,0,11.461141,1,11,False,True,False,False,False
1224496,215,50751.0,0,10.834726,8,23,False,True,False,False,False
1393743,238,73522.03,0,11.205368,9,22,False,True,False,False,False
1592553,275,213755.98,0,12.2726,11,11,False,True,False,False,False
2489862,398,122196.07,0,11.713399,16,14,False,True,False,False,False
922938,182,363581.28,0,12.803763,7,14,False,True,False,False,False
860122,178,4272573.0,0,15.267727,7,10,False,False,False,False,True
2390751,379,1098434.1,0,13.909398,15,19,False,False,False,False,True
2291059,371,377330.75,0,12.840882,15,11,False,True,False,False,False
1187243,211,84885.3,0,11.34908,8,19,False,True,False,False,False
2543072,401,67384.74,0,11.118203,16,17,False,True,False,False,False
1472457,254,189945.19,0,12.154501,10,14,False,True,False,False,False
923897,182,267128.53,0,12.495493,7,14,False,True,False,False,False
1659186,280,131705.23,0,11.788337,11,16,False,True,False,False,False
2425400,383,89469.17,0,11.401671,15,23,False,True,False,False,False
2149696,350,52133.8,0,10.861608,14,14,False,True,False,False,False
2348902,376,87221.27,0,11.376226,15,16,False,True,False,False,False
451553,47,239421.92,0,12.385991,1,23,False,True,False,False,False
2738717,661,228573.9,0,12.339623,27,13,False,True,False,False,False
970753,186,248852.12,0,12.424623,7,18,False,True,False,False,False
152259,16,118965.96,0,11.686609,0,16,False,True,False,False,False
2417680,381,105643.36,0,11.567843,15,21,False,True,False,False,False
896064,181,200074.08,0,12.206453,7,13,False,True,False,False,False
681931,154,112686.55,0,11.632383,6,10,False,True,False,False,False
294031,36,130421.99,0,11.778546,1,12,False,True,False,False,False
283461,35,7929.58,0,8.978607,1,11,False,True,False,False,False
1244894,226,309484.8,0,12.642671,9,10,False,True,False,False,False
1923410,321,1341877.1,0,14.109582,13,9,False,False,False,False,True
972301,186,13604.63,0,9.518312,7,18,False,True,False,False,False
1347518,235,78773.51,0,11.274358,9,19,False,True,False,False,False
1958097,324,303759.28,0,12.623998,13,12,False,True,False,False,False
2370103,378,61523.92,0,11.027214,15,18,False,True,False,False,False
2083258,333,36636.54,0,10.508856,13,21,False,False,False,False,True
172234,17,327744.62,0,12.699996,0,17,False,True,False,False,False
418674,43,330064.06,0,12.707048,1,19,False,True,False,False,False
359336,40,580246.56,0,13.271212,1,16,False,False,False,False,True
2761800,692,496807.7,0,13.115962,28,20,False,False,False,False,True
2193920,353,890105.8,0,13.699098,14,17,False,False,False,False,True
894790,180,130738.9,0,11.7809725,7,12,False,True,False,False,False
1155476,209,244555.3,0,12.407205,8,17,False,True,False,False,False
614071,139,16888.76,0,9.734522,5,19,False,True,False,False,False
2324476,374,346247.75,0,12.754915,15,14,False,True,False,False,False
1171950,210,257485.6,0,12.458727,8,18,False,True,False,False,False
1263406,228,74466.21,0,11.218127,9,12,False,True,False,False,False
2181401,352,297409.38,0,12.602872,14,16,False,True,False,False,False
1611396,276,130655.19,0,11.780333,11,12,False,True,False,False,False
1958646,324,41573.98,0,10.635278,13,12,False,True,False,False,False
1824048,304,272601.62,0,12.515774,12,16,False,True,False,False,False
1691340,283,104701.16,0,11.558885,11,19,False,True,False,False,False
2133047,348,113578.58,0,11.640267,14,12,False,True,False,False,False
1154292,208,355117.44,0,12.78021,8,16,False,True,False,False,False
1961022,324,151364.66,0,11.927461,13,12,False,True,False,False,False
2678151,545,266991.72,0,12.494981,22,17,False,True,False,False,False
2642410,495,175429.31,0,12.075003,20,15,False,True,False,False,False
1196584,211,56250.58,0,10.937607,8,19,False,True,False,False,False
2247217,356,163960.1,0,12.007391,14,20,False,True,False,False,False
867048,178,1375100.2,0,14.134039,7,10,False,False,False,False,True
2583462,403,26234.14,0,10.174893,16,19,False,True,False,False,False
1707623,284,33411244.0,0,17.324404,11,20,False,False,False,False,True
2528403,400,165143.05,0,12.01458,16,16,False,False,False,False,True
950859,184,87339.83,0,11.377584,7,16,False,True,False,False,False
2628431,466,168542.12,0,12.034953,19,10,False,True,False,False,False
161919,17,221707.25,0,12.309122,0,17,False,True,False,False,False
1146568,208,407732.84,0,12.918372,8,16,False,False,False,False,True
165600,17,88420.0,0,11.389876,0,17,False,False,False,False,True
849850,177,134005.03,0,11.805648,7,9,False,False,False,False,True
861419,178,407281.03,0,12.917264,7,10,False,True,False,False,False
1439727,252,282085.1,0,12.549972,10,12,False,True,False,False,False
7288,8,377399.5,0,12.841064,0,8,False,False,False,False,True
1020075,188,94965.61,0,11.461291,7,20,False,True,False,False,False
2654043,522,211681.45,0,12.262847,21,18,False,False,False,False,True
1179396,210,218965.44,0,12.296679,8,18,False,True,False,False,False
1355372,235,315520.0,0,12.6619835,9,19,False,True,False,False,False
1015197,188,166290.95,0,12.021506,7,20,False,True,False,False,False
545039,134,295530.9,0,12.596536,5,14,False,True,False,False,False
840355,165,17573.08,0,9.774238,6,21,False,False,False,False,True
1388078,237,484219.88,0,13.090299,9,21,False,True,False,False,False
1662858,281,1795445.1,0,14.400764,11,17,False,False,False,False,True
2511057,399,226643.92,0,12.331144,16,15,False,True,False,False,False
2488605,397,164977.42,0,12.0135765,16,13,False,True,False,False,False
567405,136,63233.97,0,11.054628,5,16,False,True,False,False,False
620436,139,973612.0,0,13.788771,5,19,False,False,False,False,True
1046538,201,179846.9,0,12.099873,8,9,False,True,False,False,False
1304990,231,60753.44,0,11.014612,9,15,False,True,False,False,False
1370447,236,104183.48,0,11.553928,9,20,False,True,False,False,False
2530720,401,1425160.0,0,14.169796,16,17,False,False,False,False,True
2059449,331,157590.06,0,11.967765,13,19,False,True,False,False,False
1818063,303,118718.58,0,11.684528,12,15,False,True,False,False,False
2198638,353,90851.01,0,11.416998,14,17,False,True,False,False,False
2550026,402,319813.72,0,12.6755,16,18,False,True,False,False,False
196466,19,337525.0,0,12.729401,0,19,False,True,False,False,False
2184411,352,165528.73,0,12.016912,14,16,False,True,False,False,False
2203710,354,1161844.2,0,13.965521,14,18,False,False,False,False,True
1758851,299,8990.49,0,9.104145,12,11,False,True,False,False,False
1830759,304,283872.6,0,12.556288,12,16,False,True,False,False,False
930416,183,142684.38,0,11.868404,7,15,False,True,False,False,False
1510061,257,166588.27,0,12.023293,10,17,False,True,False,False,False
168301,17,281837.78,0,12.549094,0,17,False,True,False,False,False
2698057,570,237235.17,0,12.376816,23,18,False,True,False,False,False
526703,133,500033.06,0,13.122434,5,13,False,True,False,False,False
2259255,358,308765.06,0,12.640343,14,22,False,True,False,False,False
489860,130,44610.91,0,10.705778,5,10,False,True,False,False,False
989977,186,61701.22,0,11.030091,7,18,False,False,False,False,True
2261286,358,69722.25,0,11.152304,14,22,False,False,False,False,True
1434737,251,17845.51,0,9.789619,10,11,False,True,False,False,False
1035072,189,233801.56,0,12.362237,7,21,False,True,False,False,False
1414282,250,334625.1,0,12.720772,10,10,False,True,False,False,False
2738479,661,72728.29,0,11.194513,27,13,False,True,False,False,False
1735032,297,8207.81,0,9.013085,12,9,False,True,False,False,False
2174143,352,770045.6,0,13.554208,14,16,False,False,False,False,True
1022121,188,380294.34,0,12.848706,7,20,False,True,False,False,False
2246340,356,27360.58,0,10.216931,14,20,False,True,False,False,False
1098541,204,703655.44,0,13.4640465,8,12,False,False,False,False,True
2452795,395,135288.45,0,11.815179,16,11,False,True,False,False,False
1230068,225,75306.03,0,11.229342,9,9,False,True,False,False,False
1011077,187,73987.13,0,11.211674,7,19,False,True,False,False,False
415572,43,139501.94,0,11.845848,1,19,False,True,False,False,False
363329,40,51153.28,0,10.842621,1,16,False,True,False,False,False
1755382,299,1081418.4,0,13.893785,12,11,False,False,False,False,True
479952,130,92310.63,0,11.432937,5,10,False,True,False,False,False
2620020,426,126062.37,0,11.744548,17,18,False,True,False,False,False
1371618,236,27849.07,0,10.234627,9,20,False,True,False,False,False
147402,16,1454099.1,0,14.1898985,0,16,False,False,False,False,True
2368208,378,121143.19,0,11.704745,15,18,False,True,False,False,False
1867993,306,79844.43,0,11.287861,12,18,False,True,False,False,False
2041511,330,190452.33,0,12.157167,13,18,False,True,False,False,False
250631,24,327331.62,0,12.698735,1,0,False,True,False,False,False
1381848,236,14611.57,0,9.589705,9,20,False,False,False,False,True
362174,40,192510.8,0,12.167918,1,16,False,True,False,False,False
1497947,256,182291.31,0,12.113372,10,16,False,True,False,False,False
1573227,261,301073.5,0,12.615116,10,21,False,True,False,False,False
2086016,334,1851013.1,0,14.431245,13,22,False,False,False,False,True
1148521,208,230153.62,0,12.346511,8,16,False,True,False,False,False
2189542,353,39306.41,0,10.579194,14,17,False,True,False,False,False
963057,185,994517.0,0,13.810015,7,17,False,False,False,False,True
277096,35,438387.22,0,12.990863,1,11,False,True,False,False,False
1389175,237,124106.92,0,11.728915,9,21,False,False,False,False,True
378666,41,133853.66,0,11.804518,1,17,False,True,False,False,False
462146,96,81436.5,0,11.307604,4,0,False,False,False,False,True
2669077,538,354330.75,0,12.777991,22,10,False,False,False,False,True
1838893,305,136875.84,0,11.826844,12,17,False,True,False,False,False
1608555,276,196007.05,0,12.185916,11,12,False,True,False,False,False
1166180,209,268076.6,0,12.499036,8,17,False,False,False,False,True
1818187,303,21994.82,0,9.998653,12,15,False,True,False,False,False
2654752,522,61757.15,0,11.030997,21,18,False,True,False,False,False
1042672,191,325726.53,0,12.69382,7,23,False,True,False,False,False
2104919,346,334811.94,0,12.721331,14,10,False,True,False,False,False
478716,130,392076.84,0,12.879218,5,10,False,True,False,False,False
1327658,233,321620.0,0,12.681132,9,17,False,True,False,False,False
349066,40,412199.6,0,12.929268,1,16,False,True,False,False,False
379390,41,177033.48,0,12.0841055,1,17,False,True,False,False,False
1033149,189,91653.76,0,11.425796,7,21,False,True,False,False,False
1617100,277,69384.93,0,11.147454,11,13,False,False,False,False,True
35665,10,88.55,0,4.5059023,0,10,False,True,False,False,False
465792,120,124304.67,0,11.730507,5,0,False,True,False,False,False
1596619,275,34993.3,0,10.462969,11,11,False,True,False,False,False
809137,163,1343884.4,0,14.111076,6,19,False,False,False,False,True
1232182,225,101137.86,0,11.52426,9,9,False,True,False,False,False
2487324,397,119952.12,0,11.694864,16,13,False,True,False,False,False
1573198,261,252935.73,0,12.440899,10,21,False,True,False,False,False
1412580,250,110129.64,0,11.609431,10,10,False,True,False,False,False
2246476,356,89966.52,0,11.407215,14,20,False,True,False,False,False
4657,8,93876.56,0,11.449758,0,8,False,True,False,False,False
335564,38,133994.52,0,11.805569,1,14,False,True,False,False,False
338577,39,68916.27,0,11.1406765,1,15,False,True,False,False,False
166364,17,479037.5,0,13.079538,0,17,False,True,False,False,False
927515,183,24295.27,0,10.09812,7,15,False,True,False,False,False
1189925,211,270865.4,0,12.509385,8,19,False,True,False,False,False
127146,15,150885.64,0,11.924291,0,15,False,True,False,False,False
351375,40,4734.52,0,8.463058,1,16,False,True,False,False,False
1307655,231,83752.87,0,11.3356495,9,15,False,True,False,False,False
518205,132,22440.64,0,10.018718,5,12,False,True,False,False,False
1875621,307,149929.84,0,11.917936,12,19,False,True,False,False,False
2066174,332,30080.64,0,10.311704,13,20,False,True,False,False,False
2720044,595,95169.29,0,11.463433,24,19,False,True,False,False,False
215531,19,424292.2,0,12.958182,0,19,False,True,False,False,False
2410516,380,199475.75,0,12.203458,15,20,False,False,False,False,True
1151189,208,328558.5,0,12.7024765,8,16,False,True,False,False,False
1948080,323,187922.06,0,12.143793,13,11,False,True,False,False,False
1272978,228,437875.53,0,12.989695,9,12,False,True,False,False,False
1329517,233,320851.1,0,12.678739,9,17,False,True,False,False,False
2393904,379,376050.56,0,12.837484,15,19,False,True,False,False,False
178312,18,421406.12,0,12.951357,0,18,False,True,False,False,False
2415609,380,1052490.8,0,13.866672,15,20,False,False,False,False,True
1680540,282,45412.09,0,10.7235775,11,18,False,True,False,False,False
2718340,594,30640.67,0,10.330149,24,18,False,True,False,False,False
525148,133,903174.3,0,13.713673,5,13,False,False,False,False,True
1245369,226,374205.72,0,12.832566,9,10,False,True,False,False,False
59308,12,40939.6,0,10.619902,0,12,False,True,False,False,False
1004094,187,9875.88,0,9.198053,7,19,False,True,False,False,False
719361,157,188727.83,0,12.148072,6,13,False,True,False,False,False
994571,187,130983.9,0,11.782845,7,19,False,True,False,False,False
2559842,402,630043.25,0,13.353547,16,18,False,False,False,False,True
1246333,226,158805.19,0,11.975446,9,10,False,True,False,False,False
212228,19,409959.53,0,12.923819,0,19,False,True,False,False,False
2351979,376,319044.7,0,12.673093,15,16,False,True,False,False,False
1358253,235,4416490.5,0,15.300857,9,19,False,False,False,False,True
1883417,307,234171.67,0,12.363818,12,19,False,True,False,False,False
1896460,308,80613.79,0,11.29745,12,20,False,True,False,False,False
886191,180,383878.12,0,12.858086,7,12,False,True,False,False,False
1218294,213,496396.03,0,13.115133,8,21,False,True,False,False,False
69880,12,202023.31,0,12.216148,0,12,False,True,False,False,False
858574,178,271150.6,0,12.510437,7,10,False,True,False,False,False
1319005,232,192415.39,0,12.167422,9,16,False,False,False,False,True
921120,182,373594.9,0,12.830933,7,14,False,True,False,False,False
2488648,397,108607.2,0,11.595511,16,13,False,True,False,False,False
1351736,235,65948.08,0,11.096653,9,19,False,True,False,False,False
2378209,378,57878.55,0,10.966137,15,18,False,True,False,False,False
1770304,300,246234.81,0,12.414049,12,12,False,True,False,False,False
1757042,299,39761.51,0,10.590705,12,11,False,True,False,False,False
1103230,205,494250.0,0,13.110801,8,13,False,False,False,False,True
143346,16,24447.13,0,10.10435,0,16,False,True,False,False,False
1041514,191,189943.94,0,12.154495,7,23,False,True,False,False,False
1048223,201,163337.62,0,12.003587,8,9,False,True,False,False,False
1888345,307,31335.77,0,10.352579,12,19,False,True,False,False,False
1343115,234,282644.62,0,12.551952,9,18,False,True,False,False,False
1493928,255,152329.48,0,11.933814,10,15,False,False,False,False,True
326751,38,328272.53,0,12.701606,1,14,False,True,False,False,False
616282,139,77112.72,0,11.25305,5,19,False,True,False,False,False
2082100,333,100523.75,0,11.518169,13,21,False,True,False,False,False
316332,37,247577.72,0,12.419488,1,13,False,True,False,False,False
2314482,373,272490.22,0,12.515366,15,13,False,True,False,False,False
2091244,345,280644.53,0,12.544851,14,9,False,True,False,False,False
2231514,355,355342.53,0,12.780843,14,19,False,True,False,False,False
423534,44,121777.18,0,11.709965,1,20,False,True,False,False,False
134840,16,19096.03,0,9.857341,0,16,False,True,False,False,False
742164,159,599902.7,0,13.304526,6,15,False,False,False,False,True
1828010,304,249418.38,0,12.426895,12,16,False,True,False,False,False
1899223,308,175488.44,0,12.07534,12,20,False,True,False,False,False
1326455,233,297771.5,0,12.604089,9,17,False,True,False,False,False
1255916,227,291724.25,0,12.583571,9,11,False,True,False,False,False
1370154,236,120487.24,0,11.699316,9,20,False,True,False,False,False
976509,186,150985.05,0,11.92495,7,18,False,True,False,False,False
1874639,307,323836.62,0,12.688001,12,19,False,True,False,False,False
2354566,377,198270.45,0,12.197397,15,17,False,True,False,False,False
485819,130,185313.81,0,12.129817,5,10,False,True,False,False,False
579539,136,143825.94,0,11.876373,5,16,False,False,False,False,True
823289,164,128562.94,0,11.76419,6,20,False,True,False,False,False
795684,162,245922.03,0,12.412778,6,18,False,False,False,False,True
1924998,321,136976.23,0,11.827578,13,9,False,True,False,False,False
2025463,329,205182.33,0,12.231664,13,17,False,True,False,False,False
1312890,232,246717.66,0,12.416008,9,16,False,True,False,False,False
2433895,393,31719.59,0,10.364753,16,9,False,True,False,False,False
286761,35,71189.69,0,11.173131,1,11,False,True,False,False,False
2253292,357,175654.25,0,12.076284,14,21,False,True,False,False,False
1124479,206,253633.6,0,12.443654,8,14,False,True,False,False,False
2769223,715,59511.28,0,10.993955,29,19,False,True,False,False,False
2361804,377,252722.69,0,12.440056,15,17,False,True,False,False,False
2408627,380,225707.69,0,12.327005,15,20,False,True,False,False,False
300535,36,256572.23,0,12.4551735,1,12,False,True,False,False,False
1715305,284,342923.53,0,12.745269,11,20,False,True,False,False,False
1714742,284,143119.77,0,11.871451,11,20,False,True,False,False,False
2425844,383,211994.4,0,12.264324,15,23,False,True,False,False,False
2312876,373,360592.9,0,12.79551,15,13,False,True,False,False,False
2723279,596,170520.53,0,12.046622,24,20,False,True,False,False,False
738392,159,9438.49,0,9.152763,6,15,False,True,False,False,False
1452128,252,517577.22,0,13.156918,10,12,False,False,False,False,True
2379873,378,6658.22,0,8.803907,15,18,False,True,False,False,False
884221,180,87103.08,0,11.37487,7,12,False,True,False,False,False
1180151,210,2136791.0,0,14.574817,8,18,False,False,False,False,True
536202,133,202161.2,0,12.21683,5,13,False,True,False,False,False
2518514,400,156698.47,0,11.962091,16,16,False,True,False,False,False
1213376,212,317073.28,0,12.666895,8,20,False,True,False,False,False
2386182,379,587493.94,0,13.283625,15,19,False,False,False,False,True
979199,186,350475.53,0,12.767052,7,18,False,True,False,False,False
1593252,275,478919.97,0,13.079293,11,11,False,True,False,False,False
2053918,331,298278.44,0,12.605789,13,19,False,True,False,False,False
574183,136,89933.35,0,11.406846,5,16,False,True,False,False,False
2536038,401,113040.14,0,11.635516,16,17,False,True,False,False,False
1458642,253,107837.72,0,11.588402,10,13,False,True,False,False,False
622776,139,764790.75,0,13.54736,5,19,False,False,False,False,True
950975,184,174565.06,0,12.070065,7,16,False,True,False,False,False
734055,158,21498.25,0,9.97582,6,14,False,True,False,False,False
753884,160,85789.99,0,11.359681,6,16,False,True,False,False,False
1017009,188,227598.8,0,12.335348,7,20,False,True,False,False,False
1646059,279,335502.44,0,12.723391,11,15,False,True,False,False,False
1588226,274,269456.34,0,12.504169,11,10,False,True,False,False,False
544461,134,1669312.0,0,14.327924,5,14,False,False,False,False,True
1685220,282,70976.16,0,11.170128,11,18,False,True,False,False,False
2415066,380,1771.84,0,7.4809017,15,20,False,True,False,False,False
1833938,305,408291.72,0,12.919743,12,17,False,True,False,False,False
372371,41,53605.68,0,10.889447,1,17,False,True,False,False,False
635972,140,166075.52,0,12.02021,5,20,False,True,False,False,False
519385,132,259122.52,0,12.465064,5,12,False,True,False,False,False
2066377,332,3121.61,0,8.046744,13,20,False,True,False,False,False
1954559,324,109538.72,0,11.604052,13,12,False,True,False,False,False
512809,132,371845.2,0,12.826239,5,12,False,True,False,False,False
2161110,351,288577.72,0,12.572726,14,15,False,True,False,False,False
2163906,351,169711.19,0,12.041865,14,15,False,True,False,False,False
180566,18,53563.47,0,10.8886595,0,18,False,True,False,False,False
2004636,328,139370.6,0,11.844906,13,16,False,True,False,False,False
970062,185,254862.9,0,12.448489,7,17,False,True,False,False,False
1557490,260,132302.72,0,11.792863,10,20,False,True,False,False,False
747223,159,135719.3,0,11.818358,6,15,False,True,False,False,False
1292157,230,150392.98,0,11.9210205,9,14,False,True,False,False,False
1148398,208,203205.17,0,12.221981,8,16,False,True,False,False,False
1119848,206,57759.9,0,10.964085,8,14,False,True,False,False,False
552014,134,178616.38,0,12.093007,5,14,False,True,False,False,False
840388,165,193991.98,0,12.175583,6,21,False,True,False,False,False
394554,42,17180.61,0,9.751653,1,18,False,True,False,False,False
1980038,326,87909.15,0,11.384082,13,14,False,True,False,False,False
885664,180,714929.0,0,13.479941,7,12,False,False,False,False,True
595504,137,265682.97,0,12.490067,5,17,False,True,False,False,False
2277285,370,195438.19,0,12.18301,15,10,False,False,False,False,True
2074550,332,300357.53,0,12.612736,13,20,False,True,False,False,False
744275,159,55701.57,0,10.927799,6,15,False,True,False,False,False
162190,17,441862.5,0,12.998758,0,17,False,True,False,False,False
808619,163,278020.94,0,12.535459,6,19,False,True,False,False,False
1131562,207,125107.11,0,11.736941,8,15,False,True,False,False,False
2046996,331,534250.6,0,13.188624,13,19,False,True,False,False,False
2665735,525,350564.9,0,12.767307,21,21,False,True,False,False,False
1841453,305,140355.56,0,11.851949,12,17,False,True,False,False,False
992250,187,38037.56,0,10.546382,7,19,False,True,False,False,False
2199130,354,195112.45,0,12.181341,14,18,False,True,False,False,False
1219726,213,120391.32,0,11.69852,8,21,False,True,False,False,False
2588692,404,182148.55,0,12.112589,16,20,False,True,False,False,False
272567,34,33852.48,0,10.429827,1,10,False,True,False,False,False
1869169,307,109628.25,0,11.604869,12,19,False,True,False,False,False
1463963,253,25268.98,0,10.137412,10,13,False,True,False,False,False
302351,36,298243.2,0,12.605671,1,12,False,True,False,False,False
806808,163,42278.05,0,10.652071,6,19,False,True,False,False,False
2707,7,805875.5,0,13.599687,0,7,False,False,False,False,True
1532329,258,199115.55,0,12.201651,10,18,False,False,False,False,True
947918,184,4463.17,0,8.404062,7,16,False,True,False,False,False
2509690,399,76857.51,0,11.249735,16,15,False,True,False,False,False
1137074,207,500859.06,0,13.124084,8,15,False,False,False,False,True
831397,164,76208.99,0,11.241261,6,20,False,True,False,False,False
2210840,354,683963.2,0,13.435662,14,18,False,False,False,False,True
2482165,397,24789.24,0,10.118246,16,13,False,True,False,False,False
2644217,500,173119.7,0,12.06175,20,20,False,True,False,False,False
448836,46,11923.77,0,9.3864565,1,22,False,False,False,False,True
1609860,276,182555.67,0,12.114821,11,12,False,True,False,False,False
159348,17,216618.27,0,12.285901,0,17,False,True,False,False,False
2727554,610,131738.48,0,11.7885895,25,10,False,True,False,False,False
2364121,378,104775.98,0,11.559599,15,18,False,True,False,False,False
2654792,522,254033.81,0,12.4452305,21,18,False,True,False,False,False
49759,11,248097.6,0,12.421586,0,11,False,True,False,False,False
360885,40,721450.5,0,13.489022,1,16,False,False,False,False,True
2212526,354,206787.1,0,12.239454,14,18,False,True,False,False,False
1510593,257,208757.23,0,12.248937,10,17,False,True,False,False,False
2351505,376,97910.86,0,11.491833,15,16,False,True,False,False,False
2356475,377,288002.66,0,12.570732,15,17,False,True,False,False,False
2631231,469,7354.38,0,8.903323,19,13,False,True,False,False,False
2401594,380,986010.6,0,13.801424,15,20,False,False,False,False,True
1763593,299,143792.88,0,11.876143,12,11,False,True,False,False,False
2700521,573,65387.81,0,11.088121,23,21,False,True,False,False,False
80924,13,25229.73,0,10.135858,0,13,False,True,False,False,False
388403,42,205511.14,0,12.233265,1,18,False,True,False,False,False
2707246,588,88346.15,0,11.389041,24,12,False,True,False,False,False
608835,138,35473.88,0,10.476608,5,18,False,True,False,False,False
1810941,303,228212.06,0,12.338039,12,15,False,True,False,False,False
103962,14,230659.52,0,12.348706,0,14,False,True,False,False,False
840097,165,117225.04,0,11.671868,6,21,False,True,False,False,False
2556086,402,388570.5,0,12.870235,16,18,False,True,False,False,False
1295233,230,172121.11,0,12.055965,9,14,False,True,False,False,False
795530,162,319578.06,0,12.674763,6,18,False,True,False,False,False
2743618,681,431853.88,0,12.975847,28,9,False,True,False,False,False
957948,185,69258.28,0,11.145627,7,17,False,True,False,False,False
2713692,592,180225.6,0,12.101975,24,16,False,True,False,False,False
2286903,371,466157.62,0,13.052283,15,11,False,True,False,False,False
2279890,370,205694.67,0,12.234158,15,10,False,True,False,False,False
754116,160,65959.47,0,11.096826,6,16,False,False,False,False,True
1312485,232,544370.3,0,13.207389,9,16,False,False,False,False,True
1192803,211,105181.62,0,11.563463,8,19,False,True,False,False,False
1427464,251,139571.77,0,11.846349,10,11,False,True,False,False,False
2721063,595,146132.44,0,11.8922825,24,19,False,False,False,False,True
101751,14,146887.95,0,11.897439,0,14,False,True,False,False,False
1488620,255,57397.49,0,10.95779,10,15,False,True,False,False,False
1131521,207,33448.97,0,10.417836,8,15,False,True,False,False,False
2219080,355,307085.4,0,12.634888,14,19,False,True,False,False,False
2356879,377,199963.7,0,12.205901,15,17,False,True,False,False,False
751401,160,841821.2,0,13.643325,6,16,False,False,False,False,True
2714112,592,46746.51,0,10.752538,24,16,False,True,False,False,False
659990,143,188586.95,0,12.1473255,5,23,False,True,False,False,False
2258936,358,249105.62,0,12.42564,14,22,False,True,False,False,False
102689,14,243191.75,0,12.401614,0,14,False,True,False,False,False
1905013,308,266878.2,0,12.494555,12,20,False,True,False,False,False
450979,47,190866.9,0,12.159342,1,23,False,True,False,False,False
824859,164,468674.84,0,13.057669,6,20,False,True,False,False,False
2497279,398,99925.85,0,11.512204,16,14,False,True,False,False,False
2442451,394,258691.22,0,12.463398,16,10,False,True,False,False,False
1790476,301,347953.2,0,12.759829,12,13,False,True,False,False,False
1987338,326,383034.66,0,12.855886,13,14,False,True,False,False,False
375364,41,315821.0,0,12.662937,1,17,False,True,False,False,False
2739094,661,60115.11,0,11.00405,27,13,False,True,False,False,False
1531336,258,298952.62,0,12.6080475,10,18,False,True,False,False,False
2006173,328,308745.62,0,12.64028,13,16,False,False,False,False,True
2272717,370,214096.55,0,12.274192,15,10,False,True,False,False,False
155087,17,95712.49,0,11.469125,0,17,False,True,False,False,False
1212287,212,516108.88,0,13.154077,8,20,False,False,False,False,True
1027608,188,15103.23,0,9.622796,7,20,False,True,False,False,False
158968,17,276558.47,0,12.530185,0,17,False,True,False,False,False
1208636,212,105491.0,0,11.5664,8,20,False,True,False,False,False
1446505,252,447261.56,0,13.010903,10,12,False,True,False,False,False
1334864,234,7909.88,0,8.976121,9,18,False,True,False,False,False
2161756,351,231613.1,0,12.352832,14,15,False,False,False,False,True
767576,161,427147.78,0,12.9648905,6,17,False,False,False,False,True
454466,80,244814.12,1,12.408262,3,8,False,False,False,False,True
2388213,379,72282.17,0,11.18836,15,19,False,True,False,False,False
346298,39,214038.4,0,12.27392,1,15,False,True,False,False,False
2430354,393,101249.87,0,11.525367,16,9,False,True,False,False,False
1213941,212,590731.2,0,13.28912,8,20,False,False,False,False,True
1417211,250,91325.15,0,11.422203,10,10,False,True,False,False,False
1808336,303,355919.0,0,12.782464,12,15,False,True,False,False,False
1191721,211,122508.6,0,11.715953,8,19,False,True,False,False,False
897637,181,77437.28,0,11.25725,7,13,False,False,False,False,True
2633821,474,30451.36,0,10.323952,19,18,False,True,False,False,False
73158,12,387359.28,0,12.867113,0,12,False,True,False,False,False
1907235,309,49061.62,0,10.800873,12,21,False,True,False,False,False
1444770,252,68303.37,0,11.131743,10,12,False,True,False,False,False
651026,141,38932.56,0,10.569637,5,21,False,True,False,False,False
589968,137,147564.94,0,11.902038,5,17,False,True,False,False,False
2431198,393,126112.89,0,11.744948,16,9,False,True,False,False,False
349315,40,528018.4,0,13.17689,1,16,False,False,False,False,True
100341,14,309600.2,0,12.6430435,0,14,False,False,False,False,True
2053834,331,47522.01,0,10.7689905,13,19,False,True,False,False,False
166581,17,209952.31,0,12.254645,0,17,False,True,False,False,False
904480,181,93359.27,0,11.444232,7,13,False,True,False,False,False
1813241,303,1501.16,0,7.315325,12,15,False,True,False,False,False
125122,15,193854.34,0,12.174872,0,15,False,True,False,False,False
2368237,378,44351.06,0,10.699937,15,18,False,True,False,False,False
1054916,202,105839.8,0,11.569701,8,10,False,True,False,False,False
2714052,592,67994.86,0,11.127217,24,16,False,True,False,False,False
2442840,394,334756.1,0,12.721164,16,10,False,True,False,False,False
2013000,328,7985994.0,0,15.8932,13,16,False,False,False,False,True
2716766,594,358800.25,0,12.790526,24,18,False,True,False,False,False
2346372,376,309701.78,0,12.643372,15,16,False,True,False,False,False
1179549,210,125556.62,0,11.740528,8,18,False,True,False,False,False
2398047,379,137535.34,0,11.831651,15,19,False,True,False,False,False
1962932,324,2343105.0,0,14.666988,13,12,False,False,False,False,True
2372590,378,100175.94,0,11.514704,15,18,False,False,False,False,True
2111913,347,225006.94,0,12.323895,14,11,False,True,False,False,False
170423,17,1404322.0,0,14.1550665,0,17,False,False,False,False,True
2313525,373,197194.1,0,12.191954,15,13,False,False,False,False,True
1801301,302,82367.6,0,11.318972,12,14,False,True,False,False,False
1652463,280,334709.88,0,12.721025,11,16,False,True,False,False,False
2255174,357,28152.61,0,10.245466,14,21,False,True,False,False,False
1278875,229,48866.97,0,10.796898,9,13,False,True,False,False,False
2094652,345,338011.44,0,12.730841,14,9,False,True,False,False,False
1947907,323,183914.33,0,12.122236,13,11,False,True,False,False,False
802369,163,132147.02,0,11.791685,6,19,False,True,False,False,False
976752,186,86004.27,0,11.362176,7,18,False,True,False,False,False
2352282,376,30303.25,0,10.319077,15,16,False,True,False,False,False
2745849,684,261447.17,0,12.473995,28,12,False,True,False,False,False
211689,19,140941.88,0,11.856117,0,19,False,True,False,False,False
1661469,281,33364.08,0,10.415295,11,17,False,True,False,False,False
1891681,308,259793.94,0,12.467651,12,20,False,True,False,False,False
2767370,709,128521.31,0,11.763865,29,13,False,True,False,False,False
1678709,282,61625.78,0,11.028868,11,18,False,True,False,False,False
206378,19,49399.03,0,10.807727,0,19,False,True,False,False,False
15450,9,182911.95,0,12.116771,0,9,False,True,False,False,False
2584053,403,156993.78,0,11.963974,16,19,False,True,False,False,False
1070663,203,357062.88,0,12.785673,8,11,False,False,False,False,True
1221446,214,1591.97,0,7.373983,8,22,False,True,False,False,False
898551,181,289300.53,0,12.575229,7,13,False,True,False,False,False
232943,20,86288.03,0,11.365469,0,20,False,True,False,False,False
1595328,275,91070.02,0,11.419406,11,11,False,True,False,False,False
2635866,478,182848.86,0,12.116426,19,22,False,False,False,False,True
2314874,373,281297.94,0,12.547176,15,13,False,True,False,False,False
836334,165,158534.12,0,11.973738,6,21,False,True,False,False,False
1262535,228,113251.59,0,11.637384,9,12,False,True,False,False,False
2343742,375,19713.34,0,9.889153,15,15,False,True,False,False,False
2520595,400,41699.11,0,10.638283,16,16,False,True,False,False,False
2000304,327,346109.0,0,12.754515,13,15,False,True,False,False,False
2302578,372,209751.53,0,12.253689,15,12,False,False,False,False,True
1802885,302,131659.31,0,11.787988,12,14,False,True,False,False,False
304615,36,375214.12,0,12.835258,1,12,False,True,False,False,False
304445,36,142793.44,0,11.869168,1,12,False,True,False,False,False
724050,158,177901.94,0,12.088999,6,14,False,True,False,False,False
1468023,253,243933.02,0,12.404657,10,13,False,True,False,False,False
878673,179,48463.89,0,10.788615,7,11,False,True,False,False,False
1296948,230,99311.04,0,11.506032,9,14,False,True,False,False,False
896231,181,914557.56,0,13.726198,7,13,False,False,False,False,True
1821768,304,6917118.0,0,15.74951,12,16,False,False,False,False,True
2313913,373,374368.34,0,12.833001,15,13,False,True,False,False,False
2140732,349,157422.97,0,11.966704,14,13,False,True,False,False,False
1695409,283,23884.27,0,10.081059,11,19,False,True,False,False,False
1159028,209,83803.65,0,11.336256,8,17,False,True,False,False,False
1100287,205,87791.93,0,11.382748,8,13,False,False,False,False,True
1903137,308,58378.96,0,10.974745,12,20,False,True,False,False,False
1844564,305,261574.06,0,12.474481,12,17,False,True,False,False,False
1190995,211,24891.4,0,10.122358,8,19,False,True,False,False,False
1680482,282,80329.95,0,11.293922,11,18,False,True,False,False,False
2440667,394,590275.44,0,13.288348,16,10,False,False,False,False,True
761804,161,444785.84,0,13.005353,6,17,False,True,False,False,False
2084775,334,2830287.2,0,14.855889,13,22,False,False,False,False,True
482055,130,498662.88,0,13.11969,5,10,False,True,False,False,False
1523387,258,282611.06,0,12.551834,10,18,False,True,False,False,False
1105232,205,58532.17,0,10.977366,8,13,False,True,False,False,False
2283593,371,217649.45,0,12.29065,15,11,False,True,False,False,False
1011070,187,209069.73,0,12.250433,7,19,False,True,False,False,False
676840,154,307627.9,0,12.636653,6,10,False,True,False,False,False
512065,132,44491.05,0,10.703089,5,12,False,True,False,False,False
756722,160,11657.4,0,9.363868,6,16,False,True,False,False,False
1995246,327,175120.45,0,12.073241,13,15,False,True,False,False,False
2763606,694,234856.64,0,12.366739,28,22,False,True,False,False,False
458190,94,286854.16,0,12.566736,3,22,False,True,False,False,False
395285,42,125162.12,0,11.737381,1,18,False,True,False,False,False
2235526,355,145500.3,0,11.887947,14,19,False,True,False,False,False
1883525,307,110552.66,0,11.613265,12,19,False,True,False,False,False
2188841,353,328285.94,0,12.701647,14,17,False,True,False,False,False
1098500,204,151881.44,0,11.930869,8,12,False,True,False,False,False
2403618,380,131858.45,0,11.789499,15,20,False,True,False,False,False
2136630,349,28340.51,0,10.252118,14,13,False,True,False,False,False
597949,138,36899.81,0,10.516016,5,18,False,False,False,False,True
2754389,688,67482.32,0,11.119651,28,16,False,True,False,False,False
1936949,322,849.58,0,6.7470937,13,10,False,True,False,False,False
2510015,399,99375.67,0,11.506682,16,15,False,True,False,False,False
2172511,351,33143.33,0,10.408657,14,15,False,True,False,False,False
1117777,206,22873.71,0,10.037831,8,14,False,True,False,False,False
1052455,201,49722.1,0,10.814245,8,9,False,True,False,False,False
960668,185,228474.83,0,12.3391905,7,17,False,True,False,False,False
2769370,715,95112.32,0,11.462835,29,19,False,True,False,False,False
850924,177,119121.85,0,11.687919,7,9,False,True,False,False,False
969657,185,97929.43,0,11.4920225,7,17,False,True,False,False,False
1490731,255,100643.11,0,11.519356,10,15,False,True,False,False,False
2252793,357,312778.47,0,12.653256,14,21,False,False,False,False,True
1736196,297,167124.08,0,12.026504,12,9,False,True,False,False,False
2100176,346,200228.81,0,12.207226,14,10,False,True,False,False,False
293400,36,318048.94,0,12.669967,1,12,False,True,False,False,False
313831,37,150227.95,0,11.919923,1,13,False,True,False,False,False
1551667,259,86096.71,0,11.36325,10,19,False,True,False,False,False
1116687,206,269363.9,0,12.503826,8,14,False,False,False,False,True
2223126,355,23243.42,0,10.053864,14,19,False,True,False,False,False
413846,43,302239.12,0,12.61898,1,19,False,False,False,False,True
1858440,306,2404.26,0,7.785829,12,18,False,True,False,False,False
729866,158,332210.0,0,12.713529,6,14,False,True,False,False,False
1224830,215,200910.48,0,12.210625,8,23,False,True,False,False,False
2694209,565,122240.32,0,11.71376,23,13,False,True,False,False,False
54561,11,197517.77,0,12.193594,0,11,False,True,False,False,False
1836704,305,428205.03,0,12.967362,12,17,False,True,False,False,False
1821262,304,3669655.5,0,15.115609,12,16,False,False,False,False,True
128853,15,1449917.4,0,14.187018,0,15,False,False,False,False,True
2061966,331,156306.16,0,11.959585,13,19,False,False,False,False,True
1645688,279,295668.2,0,12.597,11,15,False,True,False,False,False
2588470,404,88670.96,0,11.392711,16,20,False,True,False,False,False
41922,10,18149.64,0,9.806517,0,10,False,True,False,False,False
1677436,282,44836.8,0,10.710829,11,18,False,True,False,False,False
1832902,305,233047.06,0,12.359004,12,17,False,True,False,False,False
1409981,250,271444.12,0,12.511519,10,10,False,True,False,False,False
2265322,362,4026.49,0,8.3011465,15,2,False,True,False,False,False
1619541,277,44688.68,0,10.7075205,11,13,False,True,False,False,False
431379,44,37308.29,0,10.527024,1,20,False,True,False,False,False
2382722,379,220253.17,0,12.302542,15,19,False,True,False,False,False
2141093,349,215186.34,0,12.279269,14,13,False,True,False,False,False
1177985,210,63223.68,0,11.054466,8,18,False,True,False,False,False
290353,36,213771.69,0,12.272674,1,12,False,True,False,False,False
2186349,353,121391.42,0,11.706792,14,17,False,True,False,False,False
638637,140,18430.52,0,9.821872,5,20,False,True,False,False,False
2551392,402,25424.01,0,10.143528,16,18,False,True,False,False,False
2050945,331,697636.7,0,13.455457,13,19,False,False,False,False,True
1622010,277,165071.73,0,12.014148,11,13,False,True,False,False,False
102091,14,48869.28,0,10.796946,0,14,False,False,False,False,True
2251987,356,32333.96,0,10.383935,14,20,False,True,False,False,False
1136812,207,223481.77,0,12.317094,8,15,False,False,False,False,True
2048458,331,309291.47,0,12.642046,13,19,False,False,False,False,True
569272,136,314682.78,0,12.659327,5,16,False,True,False,False,False
402184,43,213433.16,0,12.271089,1,19,False,True,False,False,False
372862,41,176353.94,0,12.080259,1,17,False,True,False,False,False
165603,17,146875.6,0,11.897355,0,17,False,False,False,False,True
730735,158,190283.88,0,12.156282,6,14,False,True,False,False,False
77939,13,102838.92,0,11.540938,0,13,False,True,False,False,False
79517,13,151186.2,0,11.926281,0,13,False,True,False,False,False
1772333,300,368987.6,0,12.818523,12,12,False,True,False,False,False
1944121,323,2955485.0,0,14.899174,13,11,False,False,False,False,True
2435379,393,253464.31,0,12.4429865,16,9,False,True,False,False,False
408941,43,19108.45,0,9.85799,1,19,False,True,False,False,False
332622,38,363994.47,0,12.804899,1,14,False,True,False,False,False
198239,19,214061.27,0,12.274027,0,19,False,True,False,False,False
1405791,249,147529.52,0,11.901797,10,9,False,True,False,False,False
1692802,283,155544.6,0,11.9547,11,19,False,True,False,False,False
1022986,188,89679.58,0,11.40402,7,20,False,True,False,False,False
28554,10,302830.7,0,12.620935,0,10,False,True,False,False,False
1389925,237,167057.33,0,12.026104,9,21,False,True,False,False,False
1040237,190,111212.59,0,11.619217,7,22,False,True,False,False,False
2266507,369,148644.48,0,11.909327,15,9,False,True,False,False,False
2685291,548,40629.3,0,10.612294,22,20,False,True,False,False,False
1979852,326,26227.21,0,10.174629,13,14,False,True,False,False,False
2444821,394,112753.08,0,11.632974,16,10,False,True,False,False,False
2276761,370,194275.7,0,12.177044,15,10,False,True,False,False,False
1714885,284,2163332.8,0,14.587161,11,20,False,False,False,False,True
1393648,238,83368.32,0,11.331048,9,22,False,True,False,False,False
2180455,352,188319.38,0,12.1459055,14,16,False,True,False,False,False
2286700,371,537576.6,0,13.19483,15,11,False,True,False,False,False
1492034,255,12557.23,0,9.438211,10,15,False,True,False,False,False
1273191,228,569309.5,0,13.252183,9,12,False,True,False,False,False
2015669,329,172490.98,0,12.058112,13,17,False,True,False,False,False
2224928,355,222959.0,0,12.314753,14,19,False,False,False,False,True
519086,132,73232.62,0,11.201424,5,12,False,True,False,False,False
216776,19,601436.5,0,13.307079,0,19,False,False,False,False,True
929002,183,215911.17,0,12.282632,7,15,False,True,False,False,False
184581,18,75758.33,0,11.23533,0,18,False,True,False,False,False
1938458,322,145114.11,0,11.885289,13,10,False,True,False,False,False
2266775,369,749860.1,0,13.527645,15,9,False,True,False,False,False
532336,133,9604.19,0,9.170163,5,13,False,True,False,False,False
1069053,203,333263.6,0,12.716695,8,11,False,False,False,False,True
1425843,251,105874.66,0,11.57003,10,11,False,True,False,False,False
2520086,400,572197.7,0,13.257243,16,16,False,False,False,False,True
2581051,403,29146.86,0,10.280171,16,19,False,True,False,False,False
805214,163,1103697.2,0,13.914178,6,19,False,False,False,False,True
203192,19,169598.16,0,12.041199,0,19,False,True,False,False,False
1641591,279,18341.29,0,9.817019,11,15,False,True,False,False,False
96809,14,5946.39,0,8.690876,0,14,False,True,False,False,False
990492,186,226000.31,0,12.3283,7,18,False,True,False,False,False
2617135,419,207728.19,0,12.243996,17,11,False,True,False,False,False
2472621,396,176160.98,0,12.0791645,16,12,False,True,False,False,False
1809857,303,187798.42,0,12.143135,12,15,False,True,False,False,False
1601522,275,178902.52,0,12.094607,11,11,False,True,False,False,False
1194391,211,73443.29,0,11.204296,8,19,False,True,False,False,False
1620647,277,71397.47,0,11.176045,11,13,False,True,False,False,False
455985,93,207690.53,0,12.243814,3,21,False,True,False,False,False
1024084,188,230872.92,0,12.349631,7,20,False,True,False,False,False
1344785,234,180174.42,0,12.101692,9,18,False,True,False,False,False
1497194,256,162321.94,0,11.99735,10,16,False,True,False,False,False
707882,156,317017.34,0,12.6667185,6,12,False,True,False,False,False
102159,14,105725.88,0,11.568624,0,14,False,True,False,False,False
2189739,353,95103.04,0,11.462737,14,17,False,True,False,False,False
1986158,326,56455.44,0,10.941242,13,14,False,True,False,False,False
2051297,331,200017.4,0,12.20617,13,19,False,True,False,False,False
1758523,299,127755.08,0,11.757886,12,11,False,True,False,False,False
1025666,188,47224.89,0,10.762719,7,20,False,True,False,False,False
2411469,380,58763.9,0,10.981317,15,20,False,True,False,False,False
757523,160,179959.61,0,12.100499,6,16,False,True,False,False,False
1097529,204,83701.34,0,11.335034,8,12,False,True,False,False,False
206566,19,114539.6,0,11.648693,0,19,False,True,False,False,False
1686796,282,260815.56,0,12.471577,11,18,False,True,False,False,False
1037881,190,623691.1,0,13.343413,7,22,False,False,False,False,True
1494283,255,273333.22,0,12.518455,10,15,False,True,False,False,False
1140912,207,144784.86,0,11.8830185,8,15,False,True,False,False,False
2338212,375,317609.72,0,12.668585,15,15,False,True,False,False,False
1233199,225,249815.34,0,12.428485,9,9,False,True,False,False,False
2199576,354,144188.88,0,11.878893,14,18,False,False,False,False,True
2047948,331,54271.9,0,10.901798,13,19,False,True,False,False,False
930704,183,101584.15,0,11.528663,7,15,False,True,False,False,False
2293461,371,166784.17,0,12.024467,15,11,False,True,False,False,False
1729603,288,651048.75,0,13.386343,12,0,False,False,False,False,True
310626,37,819107.2,0,13.6159725,1,13,False,False,False,False,True
2020660,329,83012.76,0,11.326774,13,17,False,True,False,False,False
2242178,356,132566.88,0,11.794858,14,20,False,True,False,False,False
1995951,327,1553685.2,0,14.256142,13,15,False,False,False,False,True
100215,14,200868.83,0,12.210418,0,14,False,True,False,False,False
1588655,274,815236.3,0,13.611236,11,10,False,False,False,False,True
1096433,204,315801.78,0,12.662876,8,12,False,True,False,False,False
166503,17,869441.75,0,13.675609,0,17,False,False,False,False,True
827853,164,3166.36,0,8.060969,6,20,False,True,False,False,False
2441418,394,2300335.2,0,14.648566,16,10,False,False,False,False,True
2300360,372,367889.47,0,12.815543,15,12,False,True,False,False,False
1910760,309,654145.25,0,13.391088,12,21,False,False,False,False,True
1338071,234,72804.99,0,11.195567,9,18,False,True,False,False,False
787574,162,222600.44,0,12.313143,6,18,False,True,False,False,False
409998,43,15571.22,0,9.653308,1,19,False,True,False,False,False
1056106,202,1207760.0,0,14.00428,8,10,False,False,False,False,True
1347379,235,43813.67,0,10.687747,9,19,False,True,False,False,False
1862016,306,149163.8,0,11.912814,12,18,False,False,False,False,True
2123325,348,1191483.8,0,13.990711,14,12,False,False,False,False,True
16210,9,12137.52,0,9.404222,0,9,False,True,False,False,False
973379,186,78808.41,0,11.2748,7,18,False,True,False,False,False
2301790,372,45352.39,0,10.722262,15,12,False,True,False,False,False
560317,135,288646.25,0,12.572964,5,15,False,True,False,False,False
80331,13,149589.7,0,11.915665,0,13,False,True,False,False,False
107455,14,256102.27,0,12.45334,0,14,False,True,False,False,False
67309,12,90170.54,0,11.40948,0,12,False,True,False,False,False
299150,36,305056.88,0,12.62826,1,12,False,True,False,False,False
2272158,370,59079.83,0,10.986679,15,10,False,True,False,False,False
969652,185,566356.44,0,13.246983,7,17,False,True,False,False,False
1382432,236,290487.6,0,12.579323,9,20,False,True,False,False,False
987778,186,286114.84,0,12.564156,7,18,False,False,False,False,True
1712221,284,101367.44,0,11.526527,11,20,False,True,False,False,False
1391287,237,83704.81,0,11.335075,9,21,False,True,False,False,False
373982,41,196904.1,0,12.190482,1,17,False,True,False,False,False
2447394,394,120776.43,0,11.701713,16,10,False,True,False,False,False
895702,181,109246.12,0,11.601377,7,13,False,True,False,False,False
1935250,322,11853.14,0,9.380517,13,10,False,True,False,False,False
546883,134,960491.94,0,13.775203,5,14,False,False,False,False,True
1911770,310,111843.74,0,11.624876,12,22,False,True,False,False,False
1191865,211,709582.25,0,13.472435,8,19,False,False,False,False,True
44094,11,113596.85,0,11.640429,0,11,False,True,False,False,False
1823696,304,278205.12,0,12.536121,12,16,False,True,False,False,False
237198,20,217244.16,0,12.288786,0,20,False,True,False,False,False
1717534,284,224858.36,0,12.323235,11,20,False,True,False,False,False
1169247,210,197816.33,0,12.195105,8,18,False,True,False,False,False
2158872,350,442180.8,0,12.999478,14,14,False,True,False,False,False
499846,131,25669.49,0,10.153136,5,11,False,True,False,False,False
510638,132,206122.98,0,12.2362385,5,12,False,True,False,False,False
2188416,353,1131368.0,0,13.93894,14,17,False,False,False,False,True
361143,40,9060.24,0,9.111872,1,16,False,True,False,False,False
1401639,249,141284.9,0,11.858548,10,9,False,True,False,False,False
2552829,402,309892.06,0,12.643986,16,18,False,True,False,False,False
708909,156,49245.54,0,10.804615,6,12,False,True,False,False,False
56107,11,26148.37,0,10.171618,0,11,False,True,False,False,False
1015494,188,713068.0,0,13.477335,7,20,False,False,False,False,True
581094,137,66109.37,0,11.099096,5,17,False,True,False,False,False
1346694,234,75019.64,0,11.225532,9,18,False,True,False,False,False
862701,178,382255.56,0,12.85385,7,10,False,True,False,False,False
2399989,380,73033.94,0,11.198707,15,20,False,True,False,False,False
1248620,227,176441.0,0,12.080753,9,11,False,True,False,False,False
447120,46,79300.82,0,11.281029,1,22,False,True,False,False,False
2026355,329,212611.45,0,12.267231,13,17,False,False,False,False,True
1238860,226,465282.22,0,13.050404,9,10,False,True,False,False,False
1142903,208,82335.08,0,11.318577,8,16,False,True,False,False,False
454354,71,91691.75,1,11.426209,2,23,False,False,False,False,True
345009,39,181856.9,0,12.110987,1,15,False,True,False,False,False
1496500,256,108549.54,0,11.59498,10,16,False,True,False,False,False
2421621,382,196317.03,0,12.187496,15,22,False,True,False,False,False
1373896,236,20791.22,0,9.942382,9,20,False,True,False,False,False
159171,17,101417.23,0,11.527018,0,17,False,True,False,False,False
164178,17,69154.1,0,11.144121,0,17,False,True,False,False,False
1337991,234,72241.25,0,11.187794,9,18,False,True,False,False,False
303294,36,540301.9,0,13.199887,1,12,False,True,False,False,False
2373205,378,201769.12,0,12.21489,15,18,False,True,False,False,False
1839338,305,121823.18,0,11.710342,12,17,False,True,False,False,False
1093879,204,130563.14,0,11.779628,8,12,False,True,False,False,False
1133566,207,232349.42,0,12.356007,8,15,False,False,False,False,True
1926802,322,1171614.9,0,13.973895,13,10,False,False,False,False,True
2115499,347,454946.7,0,13.02794,14,11,False,True,False,False,False
2044565,330,468029.16,0,13.056291,13,18,False,True,False,False,False
118692,15,350574.53,0,12.767334,0,15,False,True,False,False,False
1717194,284,194500.38,0,12.1782,11,20,False,True,False,False,False
573016,136,22441.72,0,10.018766,5,16,False,True,False,False,False
1904976,308,227139.03,0,12.333326,12,20,False,True,False,False,False
1824099,304,535377.8,0,13.190732,12,16,False,True,False,False,False
2345400,376,96034.75,0,11.4724865,15,16,False,True,False,False,False
999250,187,223245.55,0,12.316036,7,19,False,True,False,False,False
2391736,379,104833.78,0,11.56015,15,19,False,True,False,False,False
736730,159,42203.79,0,10.650312,6,15,False,True,False,False,False
2408715,380,203083.47,0,12.221382,15,20,False,True,False,False,False
1519928,257,41395.49,0,10.630976,10,17,False,True,False,False,False
2003343,328,82087.84,0,11.31557,13,16,False,True,False,False,False
603737,138,186050.73,0,12.133785,5,18,False,True,False,False,False
731288,158,39.67,0,3.7297814,6,14,False,True,False,False,False
2289002,371,1182679.6,0,13.983295,15,11,False,False,False,False,True
1213753,212,97218.55,0,11.484737,8,20,False,True,False,False,False
1082510,203,214701.62,0,12.277014,8,11,False,False,False,False,True
2224083,355,301836.5,0,12.617647,14,19,False,True,False,False,False
561905,135,176458.44,0,12.080852,5,15,False,True,False,False,False
678397,154,36364.57,0,10.501406,6,10,False,True,False,False,False
2101182,346,105422.54,0,11.565751,14,10,False,True,False,False,False
1466891,253,305387.3,0,12.629343,10,13,False,True,False,False,False
1190732,211,353286.0,0,12.775039,8,19,False,True,False,False,False
1612476,276,15121.08,0,9.623978,11,12,False,True,False,False,False
2188875,353,25637.79,0,10.1519,14,17,False,False,False,False,True
210889,19,167987.0,0,12.031653,0,19,False,True,False,False,False
1679400,282,279017.8,0,12.539038,11,18,False,True,False,False,False
2699911,571,70988.71,0,11.170304,23,19,False,True,False,False,False
447803,46,60725.54,0,11.014153,1,22,False,True,False,False,False
1339059,234,200841.25,0,12.21028,9,18,False,True,False,False,False
1664596,281,236853.14,0,12.375204,11,17,False,True,False,False,False
2206154,354,274518.06,0,12.522779,14,18,False,True,False,False,False
1772393,300,117339.8,0,11.672847,12,12,False,True,False,False,False
843708,166,179783.64,0,12.099521,6,22,False,True,False,False,False
2283079,371,215501.12,0,12.280731,15,11,False,True,False,False,False
2430240,393,337535.06,0,12.72943,16,9,False,True,False,False,False
1867254,306,14952.47,0,9.612765,12,18,False,True,False,False,False
225527,20,20069.95,0,9.907079,0,20,False,True,False,False,False
1464848,253,17857.33,0,9.790281,10,13,False,True,False,False,False
2114366,347,156069.95,0,11.958073,14,11,False,False,False,False,True
2607560,405,898589.0,0,13.708583,16,21,False,False,False,False,True
2720861,595,150719.23,0,11.923187,24,19,False,True,False,False,False
1181471,210,120268.45,0,11.697498,8,18,False,True,False,False,False
2686994,550,44421.16,0,10.701516,22,22,False,False,False,False,True
1210491,212,198347.89,0,12.197788,8,20,False,True,False,False,False
19359,9,169847.06,0,12.0426655,0,9,False,True,False,False,False
2073503,332,283678.28,0,12.555603,13,20,False,True,False,False,False
2714550,592,310687.4,0,12.646549,24,16,False,False,False,False,True
754785,160,488172.78,0,13.098429,6,16,False,False,False,False,True
1291319,230,157552.94,0,11.967529,9,14,False,True,False,False,False
1215813,213,29781.58,0,10.301713,8,21,False,True,False,False,False
139656,16,203461.88,0,12.223244,0,16,False,True,False,False,False
566229,135,209637.7,0,12.253145,5,15,False,True,False,False,False
65821,12,413168.5,0,12.931616,0,12,False,True,False,False,False
1097778,204,164249.23,0,12.009152,8,12,False,True,False,False,False
505598,131,1031472.44,0,13.846499,5,11,False,False,False,False,True
431931,44,303762.25,0,12.624007,1,20,False,False,False,False,True
1549689,259,35894.57,0,10.488397,10,19,False,True,False,False,False
2680352,546,179858.88,0,12.099939,22,18,False,True,False,False,False
1893883,308,209498.94,0,12.252483,12,20,False,True,False,False,False
1473414,254,198257.7,0,12.197333,10,14,False,True,False,False,False
154902,17,116806.73,0,11.668293,0,17,False,True,False,False,False
1072053,203,347475.78,0,12.758456,8,11,False,False,False,False,True
666429,153,93244.95,0,11.4430065,6,9,False,True,False,False,False
458102,94,2329428.8,0,14.661135,3,22,False,False,False,False,True
556351,135,926420.3,0,13.739085,5,15,False,False,False,False,True
1720429,285,359842.56,0,12.793427,11,21,False,True,False,False,False
2696318,567,60789.97,0,11.015213,23,15,False,True,False,False,False
2437627,394,552362.25,0,13.221963,16,10,False,False,False,False,True
367189,41,189555.64,0,12.152449,1,17,False,True,False,False,False
2397245,379,25027.33,0,10.127804,15,19,False,True,False,False,False
2148886,350,432979.78,0,12.978451,14,14,False,True,False,False,False
1241589,226,90395.85,0,11.411976,9,10,False,True,False,False,False
727907,158,263968.88,0,12.483594,6,14,False,True,False,False,False
1252383,227,7569.59,0,8.932158,9,11,False,False,False,False,True
754781,160,252743.12,0,12.440137,6,16,False,False,False,False,True
2192646,353,14907.72,0,9.609769,14,17,False,True,False,False,False
1762323,299,17962.64,0,9.796161,12,11,False,True,False,False,False
2602615,405,192120.2,0,12.165887,16,21,False,True,False,False,False
1866391,306,361574.0,0,12.798227,12,18,False,True,False,False,False
55272,11,54950.9,0,10.914231,0,11,False,True,False,False,False
2034847,330,362485.94,0,12.800747,13,18,False,True,False,False,False
1426666,251,142482.62,0,11.866989,10,11,False,True,False,False,False
1444880,252,269279.72,0,12.503513,10,12,False,True,False,False,False
1329255,233,129192.89,0,11.769077,9,17,False,True,False,False,False
1949766,323,64472.74,0,11.074029,13,11,False,True,False,False,False
2254170,357,148578.12,0,11.908879,14,21,False,True,False,False,False
769318,161,4048.87,0,8.306687,6,17,False,True,False,False,False
2048578,331,133398.69,0,11.801112,13,19,False,True,False,False,False
668477,153,379178.94,0,12.845769,6,9,False,True,False,False,False
430666,44,288138.0,0,12.571201,1,20,False,True,False,False,False
1552775,259,21956.63,0,9.996916,10,19,False,True,False,False,False
1430410,251,170326.19,0,12.045483,10,11,False,True,False,False,False
509244,132,126971.91,0,11.751737,5,12,False,True,False,False,False
582550,137,902639.2,0,13.71308,5,17,False,False,False,False,True
654735,141,51287.1,0,10.845234,5,21,False,False,False,False,True
1551959,259,54838.65,0,10.912187,10,19,False,True,False,False,False
1266583,228,209193.95,0,12.251027,9,12,False,True,False,False,False
2107162,346,147887.38,0,11.90422,14,10,False,True,False,False,False
1176171,210,473816.47,0,13.06858,8,18,False,True,False,False,False
1970440,325,157965.73,0,11.970146,13,13,False,True,False,False,False
2740247,664,121212.24,0,11.705315,27,16,False,True,False,False,False
2149473,350,64942.43,0,11.081287,14,14,False,True,False,False,False
1917994,312,30508.19,0,10.325816,13,0,False,True,False,False,False
940231,184,198014.25,0,12.196104,7,16,False,True,False,False,False
284157,35,461744.12,0,13.04277,1,11,False,True,False,False,False
2030320,330,875175.7,0,13.682182,13,18,False,False,False,False,True
868512,179,67651.17,0,11.122149,7,11,False,True,False,False,False
613684,139,63233.62,0,11.054623,5,19,False,True,False,False,False
2476022,397,296233.2,0,12.598909,16,13,False,True,False,False,False
1645443,279,155190.44,0,11.952421,11,15,False,True,False,False,False
1504332,256,89828.53,0,11.405681,10,16,False,True,False,False,False
221912,20,21508.11,0,9.976278,0,20,False,True,False,False,False
43742,11,43145.63,0,10.672382,0,11,False,True,False,False,False
1810784,303,255106.45,0,12.449444,12,15,False,True,False,False,False
828500,164,308952.66,0,12.64095,6,20,False,True,False,False,False
2120616,347,37904.41,0,10.542875,14,11,False,True,False,False,False
1520532,257,126590.86,0,11.748732,10,17,False,True,False,False,False
2464239,396,266498.4,0,12.493131,16,12,False,True,False,False,False
547534,134,1022034.06,0,13.837307,5,14,False,False,False,False,True
1599216,275,425802.62,0,12.961736,11,11,False,True,False,False,False
2212839,354,151539.42,0,11.928615,14,18,False,True,False,False,False
1381725,236,128217.32,0,11.7614975,9,20,False,True,False,False,False
721532,157,94465.65,0,11.456013,6,13,False,True,False,False,False
1376126,236,104496.3,0,11.556926,9,20,False,True,False,False,False
2729786,617,47940.07,0,10.777749,25,17,False,True,False,False,False
2592365,404,464656.72,0,13.049059,16,20,False,False,False,False,True
2353779,376,15837.35,0,9.670253,15,16,False,True,False,False,False
916488,182,131770.2,0,11.78883,7,14,False,True,False,False,False
459281,94,1260433.1,0,14.0469675,3,22,False,False,False,False,True
326373,38,178932.3,0,12.094774,1,14,False,False,False,False,True
1880947,307,135594.98,0,11.817443,12,19,False,True,False,False,False
144026,16,12115.63,0,9.402417,0,16,False,True,False,False,False
1699647,283,38302.02,0,10.55331,11,19,False,True,False,False,False
2510673,399,381509.72,0,12.851897,16,15,False,True,False,False,False
2585952,404,11199.21,0,9.323777,16,20,False,True,False,False,False
348661,39,256224.98,0,12.453819,1,15,False,True,False,False,False
474540,129,81488.94,0,11.308248,5,9,False,True,False,False,False
973879,186,130932.08,0,11.78245,7,18,False,True,False,False,False
2545235,401,11771.59,0,9.373614,16,17,False,True,False,False,False
349544,40,180199.08,0,12.101829,1,16,False,True,False,False,False
543587,134,117059.07,0,11.670451,5,14,False,True,False,False,False
867089,178,569765.75,0,13.252984,7,10,False,True,False,False,False
488987,130,120582.04,0,11.700102,5,10,False,True,False,False,False
1325658,233,140546.22,0,11.853306,9,17,False,False,False,False,True
624310,139,226420.7,0,12.330159,5,19,False,True,False,False,False
1037668,190,49256.94,0,10.804846,7,22,False,True,False,False,False
2692902,565,196151.95,0,12.186655,23,13,False,True,False,False,False
2636237,479,19713.9,0,9.889181,19,23,False,False,False,False,True
634729,140,364430.38,0,12.806096,5,20,False,False,False,False,True
746494,159,200925.27,0,12.210698,6,15,False,True,False,False,False
1322636,232,60314.95,0,11.007368,9,16,False,True,False,False,False
1809574,303,128286.48,0,11.762036,12,15,False,True,False,False,False
2406914,380,747303.1,0,13.524229,15,20,False,False,False,False,True
1266767,228,114224.02,0,11.645934,9,12,False,True,False,False,False
476886,130,240014.94,0,12.388465,5,10,False,True,False,False,False
925060,183,353699.62,0,12.776209,7,15,False,True,False,False,False
2418013,381,83627.83,0,11.334156,15,21,False,True,False,False,False
2051124,331,250074.36,0,12.429522,13,19,False,True,False,False,False
921498,182,212520.39,0,12.266803,7,14,False,True,False,False,False
2389112,379,116295.63,0,11.663908,15,19,False,True,False,False,False
1818175,303,38842.24,0,10.567315,12,15,False,True,False,False,False
898281,181,230278.95,0,12.347055,7,13,False,True,False,False,False
2146713,349,205237.56,0,12.231934,14,13,False,True,False,False,False
2175572,352,427188.8,0,12.964986,14,16,False,True,False,False,False
2405362,380,34134.88,0,10.438133,15,20,False,True,False,False,False
1817684,303,100920.92,0,11.522113,12,15,False,True,False,False,False
2419535,381,99249.45,0,11.505412,15,21,False,True,False,False,False
2620072,426,252787.2,0,12.440311,17,18,False,False,False,False,True
1851724,306,67132.06,0,11.114447,12,18,False,True,False,False,False
2009001,328,639307.06,0,13.368143,13,16,False,False,False,False,True
556566,135,57084.9,0,10.95233,5,15,False,False,False,False,True
2173277,352,282389.2,0,12.551048,14,16,False,True,False,False,False
1099658,204,186372.75,0,12.135515,8,12,False,True,False,False,False
1620506,277,248377.12,0,12.422711,11,13,False,True,False,False,False
671626,154,156879.62,0,11.963247,6,10,False,True,False,False,False
626685,139,1364766.9,0,14.126495,5,19,False,False,False,False,True
897763,181,218047.62,0,12.292478,7,13,False,True,False,False,False
1923439,321,261902.38,0,12.475735,13,9,False,True,False,False,False
1661514,281,87239.97,0,11.376441,11,17,False,True,False,False,False
2022413,329,114941.79,0,11.652199,13,17,False,False,False,False,True
43850,11,394622.2,0,12.885689,0,11,False,True,False,False,False
2429147,393,73968.43,0,11.211421,16,9,False,False,False,False,True
656515,142,86148.18,0,11.363848,5,22,False,True,False,False,False
508794,132,385117.66,0,12.861309,5,12,False,True,False,False,False
2561376,402,319305.56,0,12.67391,16,18,False,False,False,False,True
272897,34,10528.17,0,9.262,1,10,False,True,False,False,False
1131551,207,42442.95,0,10.655963,8,15,False,True,False,False,False
743709,159,144120.72,0,11.878421,6,15,False,True,False,False,False
217285,19,86108.05,0,11.363381,0,19,False,True,False,False,False
2264148,360,252606.8,0,12.439597,15,0,False,True,False,False,False
2507219,399,1588948.4,0,14.2785845,16,15,False,False,False,False,True
601323,138,302779.38,0,12.620767,5,18,False,True,False,False,False
1650628,280,186617.55,0,12.136827,11,16,False,True,False,False,False
336418,38,1110868.2,0,13.920654,1,14,False,False,False,False,True
241269,21,57217.83,0,10.954656,0,21,False,True,False,False,False
649387,141,327024.03,0,12.697795,5,21,False,False,False,False,True
388431,42,175886.56,0,12.077606,1,18,False,True,False,False,False
1056618,202,14213.44,0,9.562084,8,10,False,True,False,False,False
1859704,306,494591.9,0,13.111492,12,18,False,False,False,False,True
1502386,256,121156.33,0,11.704853,10,16,False,True,False,False,False
1856625,306,99318.86,0,11.506111,12,18,False,True,False,False,False
646071,140,102671.33,0,11.539308,5,20,False,True,False,False,False
58806,11,420246.78,0,12.948602,0,11,False,True,False,False,False
467519,129,47491.94,0,10.768357,5,9,False,True,False,False,False
1654348,280,42125.84,0,10.648464,11,16,False,True,False,False,False
2083344,333,309652.44,0,12.643212,13,21,False,False,False,False,True
2762983,692,109958.29,0,11.607875,28,20,False,True,False,False,False
2092924,345,171512.47,0,12.052423,14,9,False,True,False,False,False
2529882,401,145896.2,0,11.890664,16,17,False,True,False,False,False
1585224,274,46787.39,0,10.753412,11,10,False,True,False,False,False
327909,38,371604.12,0,12.82559,1,14,False,True,False,False,False
1887074,307,80018.05,0,11.290032,12,19,False,True,False,False,False
940689,184,237060.77,0,12.3760805,7,16,False,True,False,False,False
1975394,325,347344.6,0,12.758079,13,13,False,True,False,False,False
2214228,354,141988.84,0,11.863518,14,18,False,True,False,False,False
388576,42,42308.96,0,10.6528015,1,18,False,True,False,False,False
460462,95,72889.78,0,11.196732,3,23,False,True,False,False,False
1588789,274,1195494.6,0,13.994072,11,10,False,False,False,False,True
2715140,592,55723.86,0,10.9282,24,16,False,True,False,False,False
2153313,350,12576.62,0,9.439754,14,14,False,True,False,False,False
676704,154,903511.9,0,13.7140465,6,10,False,False,False,False,True
789878,162,86359.9,0,11.366302,6,18,False,True,False,False,False
1577176,262,45578.62,0,10.727238,10,22,False,True,False,False,False
2347095,376,307686.9,0,12.636845,15,16,False,True,False,False,False
175591,18,243263.2,0,12.401908,0,18,False,True,False,False,False
1777095,300,333949.2,0,12.71875,12,12,False,True,False,False,False
1798446,302,316176.62,0,12.6640625,12,14,False,True,False,False,False
1982950,326,201247.58,0,12.212301,13,14,False,True,False,False,False
2507049,399,51850.88,0,10.856166,16,15,False,True,False,False,False
74003,12,159231.5,0,11.978127,0,12,False,True,False,False,False
900565,181,119477.8,0,11.690903,7,13,False,True,False,False,False
76327,13,1155778.0,0,13.960286,0,13,False,False,False,False,True
992248,187,242688.05,0,12.39954,7,19,False,True,False,False,False
2644559,500,83233.74,0,11.3294325,20,20,False,True,False,False,False
1777748,300,131680.78,0,11.788151,12,12,False,True,False,False,False
814034,163,318739.0,0,12.672134,6,19,False,True,False,False,False
1555132,260,337597.16,0,12.729614,10,20,False,True,False,False,False
889265,180,921552.75,0,13.733817,7,12,False,False,False,False,True
1419734,250,110701.54,0,11.614611,10,10,False,True,False,False,False
1643625,279,4867.77,0,8.490802,11,15,False,False,False,False,True
2408286,380,41824.83,0,10.641294,15,20,False,True,False,False,False
189163,18,317875.5,0,12.669421,0,18,False,True,False,False,False
1150741,208,7687.07,0,8.947556,8,16,False,True,False,False,False
1387779,237,102733.16,0,11.539909,9,21,False,True,False,False,False
643317,140,15528.04,0,9.650532,5,20,False,True,False,False,False
1314390,232,210630.12,0,12.257869,9,16,False,True,False,False,False
1819579,304,105462.94,0,11.5661335,12,16,False,True,False,False,False
530464,133,463174.38,0,13.045863,5,13,False,True,False,False,False
2231838,355,129016.21,0,11.767709,14,19,False,True,False,False,False
1749458,298,621304.94,0,13.339581,12,10,False,False,False,False,True
2038248,330,131308.42,0,11.785319,13,18,False,True,False,False,False
1486468,255,430034.28,0,12.971625,10,15,False,False,False,False,True
231099,20,868412.94,0,13.674425,0,20,False,False,False,False,True
2625137,448,225988.55,0,12.328248,18,16,False,True,False,False,False
247255,22,5387.73,0,8.592251,0,22,False,True,False,False,False
1297380,230,226295.9,0,12.329608,9,14,False,True,False,False,False
465169,120,1225208.5,0,14.018623,5,0,False,False,False,False,True
1592246,274,86600.1,0,11.36908,11,10,False,True,False,False,False
805816,163,363548.56,0,12.803674,6,19,False,False,False,False,True
2133580,348,148036.58,0,11.905229,14,12,False,True,False,False,False
1412683,250,289401.9,0,12.575579,10,10,False,True,False,False,False
496184,131,91046.57,0,11.419148,5,11,False,True,False,False,False
49268,11,488253.1,0,13.098594,0,11,False,True,False,False,False
154755,17,67990.02,0,11.127146,0,17,False,False,False,False,True
2532628,401,157551.1,0,11.967518,16,17,False,True,False,False,False
645362,140,184246.1,0,12.124039,5,20,False,True,False,False,False
1992010,327,180782.95,0,12.105063,13,15,False,True,False,False,False
836617,165,169789.22,0,12.042325,6,21,False,True,False,False,False
617525,139,167873.73,0,12.030979,5,19,False,True,False,False,False
1465932,253,169389.05,0,12.039966,10,13,False,True,False,False,False
1311177,231,203573.45,0,12.223792,9,15,False,True,False,False,False
1428203,251,113678.88,0,11.64115,10,11,False,True,False,False,False
1843005,305,118952.99,0,11.686501,12,17,False,True,False,False,False
599348,138,182945.33,0,12.116954,5,18,False,True,False,False,False
1364051,235,73238.27,0,11.201501,9,19,False,True,False,False,False
2704052,586,282469.25,0,12.551332,24,10,False,True,False,False,False
260784,33,62133.7,0,11.037076,1,9,False,True,False,False,False
836891,165,377121.66,0,12.840328,6,21,False,True,False,False,False
848192,170,361032.6,0,12.796729,7,2,False,True,False,False,False
888634,180,232044.1,0,12.3546915,7,12,False,True,False,False,False
2011765,328,294643.25,0,12.593528,13,16,False,False,False,False,True
1646995,279,115252.11,0,11.654895,11,15,False,False,False,False,True
412841,43,53668.06,0,10.890611,1,19,False,True,False,False,False
1285640,229,120907.88,0,11.702801,9,13,False,True,False,False,False
2056872,331,183793.19,0,12.121577,13,19,False,False,False,False,True
2327362,374,215726.16,0,12.2817745,15,14,False,True,False,False,False
1059383,202,387944.53,0,12.868623,8,10,False,True,False,False,False
588726,137,175468.94,0,12.075229,5,17,False,True,False,False,False
1878882,307,127884.71,0,11.7589,12,19,False,True,False,False,False
1872039,307,95276.43,0,11.464559,12,19,False,True,False,False,False
2562893,402,35271.51,0,10.470887,16,18,False,True,False,False,False
1393920,238,42722.62,0,10.662531,9,22,False,True,False,False,False
2132032,348,118716.64,0,11.684511,14,12,False,True,False,False,False
711828,157,890388.2,0,13.699415,6,13,False,False,False,False,True
2766415,709,268266.78,0,12.499744,29,13,False,False,False,False,True
150227,16,272595.78,0,12.515753,0,16,False,True,False,False,False
1707477,284,198516.61,0,12.198638,11,20,False,True,False,False,False
2211891,354,244122.62,0,12.405435,14,18,False,False,False,False,True
2198745,353,206695.73,0,12.239013,14,17,False,True,False,False,False
2171069,351,3538.35,0,8.171981,14,15,False,True,False,False,False
1634904,278,122875.08,0,11.71894,11,14,False,False,False,False,True
2515775,400,150748.06,0,11.923379,16,16,False,True,False,False,False
134418,16,211019.69,0,12.259716,0,16,False,True,False,False,False
793891,162,357645.84,0,12.787304,6,18,False,True,False,False,False
2675424,544,708083.44,0,13.47032,22,16,False,False,False,False,True
2228677,355,71978.04,0,11.184144,14,19,False,True,False,False,False
2069206,332,202423.36,0,12.218126,13,20,False,True,False,False,False
1178179,210,178832.53,0,12.094216,8,18,False,True,False,False,False
1375749,236,963751.06,0,13.77859,9,20,False,False,False,False,True
575350,136,91919.04,0,11.428685,5,16,False,True,False,False,False
390286,42,84548.7,0,11.345107,1,18,False,True,False,False,False
2252570,356,413904.3,0,12.933395,14,20,False,False,False,False,True
1346024,234,211600.75,0,12.262466,9,18,False,True,False,False,False
1148349,208,183742.72,0,12.121303,8,16,False,True,False,False,False
1121824,206,61711.74,0,11.030262,8,14,False,True,False,False,False
1424455,251,369640.2,0,12.820291,10,11,False,True,False,False,False
1630505,278,37925.65,0,10.543436,11,14,False,True,False,False,False
1067481,203,368483.6,0,12.817157,8,11,False,False,False,False,True
2234274,355,322586.1,0,12.684132,14,19,False,True,False,False,False
1529978,258,121584.33,0,11.70838,10,18,False,False,False,False,True
451598,47,180674.61,0,12.104464,1,23,False,True,False,False,False
760190,160,133834.75,0,11.804376,6,16,False,True,False,False,False
2728927,612,278387.8,0,12.5367775,25,12,False,True,False,False,False
2569695,403,186016.56,0,12.133602,16,19,False,True,False,False,False
356719,40,91627.07,0,11.425504,1,16,False,True,False,False,False
2138905,349,256050.6,0,12.453138,14,13,False,False,False,False,True
129827,15,186744.02,0,12.137505,0,15,False,True,False,False,False
239274,21,101124.44,0,11.524127,0,21,False,False,False,False,True
897690,181,76726.54,0,11.248029,7,13,False,True,False,False,False
2750709,687,115540.72,0,11.657395,28,15,False,True,False,False,False
269228,34,293134.44,0,12.588393,1,10,False,True,False,False,False
2049603,331,11853.05,0,9.380509,13,19,False,True,False,False,False
2665809,525,141917.72,0,11.863017,21,21,False,True,False,False,False
1687759,283,81644.73,0,11.310157,11,19,False,True,False,False,False
1581355,273,135340.4,0,11.815563,11,9,False,True,False,False,False
916955,182,191481.9,0,12.1625595,7,14,False,True,False,False,False
1486255,255,18853.83,0,9.844578,10,15,False,True,False,False,False
1955338,324,1030929.3,0,13.845973,13,12,False,False,False,False,True
543026,134,199319.31,0,12.202674,5,14,False,True,False,False,False
2589987,404,121503.71,0,11.707717,16,20,False,True,False,False,False
2489427,398,129363.4,0,11.770396,16,14,False,True,False,False,False
1627199,278,143860.62,0,11.876615,11,14,False,True,False,False,False
1840541,305,543095.9,0,13.205045,12,17,False,True,False,False,False
702258,156,282814.3,0,12.552553,6,12,False,True,False,False,False
597586,138,435640.34,0,12.984577,5,18,False,True,False,False,False
1260404,227,70222.78,0,11.159456,9,11,False,True,False,False,False
270114,34,20502.02,0,9.928376,1,10,False,True,False,False,False
1128916,207,117617.52,0,11.67521,8,15,False,True,False,False,False
900267,181,336537.12,0,12.72647,7,13,False,True,False,False,False
2623229,429,27863.1,0,10.23513,17,21,False,True,False,False,False
1954139,324,518650.44,0,13.158989,13,12,False,True,False,False,False
1179512,210,97705.51,0,11.489734,8,18,False,True,False,False,False
1493864,255,110400.87,0,11.611892,10,15,False,True,False,False,False
2213113,354,104529.51,0,11.557244,14,18,False,True,False,False,False
183954,18,390113.5,0,12.874198,0,18,False,True,False,False,False
545901,134,308378.75,0,12.639091,5,14,False,True,False,False,False
2097314,346,243213.14,0,12.401702,14,10,False,True,False,False,False
1666640,281,41005.36,0,10.621507,11,17,False,True,False,False,False
455114,93,150063.5,0,11.918827,3,21,False,False,False,False,True
1689735,283,757670.25,0,13.538006,11,19,False,False,False,False,True
1752549,299,280931.3,0,12.545873,12,11,False,True,False,False,False
1299361,230,161706.95,0,11.993553,9,14,False,True,False,False,False
2682319,546,345553.28,0,12.752908,22,18,False,True,False,False,False
1007202,187,220973.45,0,12.305807,7,19,False,True,False,False,False
1996005,327,323596.03,0,12.687258,13,15,False,False,False,False,True
1398637,241,657417.6,1,13.396078,10,1,False,True,False,False,False
1380095,236,424431.6,0,12.958511,9,20,False,True,False,False,False
2346446,376,121305.35,0,11.706082,15,16,False,True,False,False,False
1789213,301,218358.25,0,12.293901,12,13,False,True,False,False,False
461717,96,54296.76,0,10.902257,4,0,False,True,False,False,False
1791665,301,146103.98,0,11.892088,12,13,False,True,False,False,False
700964,156,9672.32,0,9.17723,6,12,False,True,False,False,False
1239027,226,136318.36,0,11.822763,9,10,False,True,False,False,False
507927,132,56147.19,0,10.935767,5,12,False,True,False,False,False
1636755,278,142797.42,0,11.869196,11,14,False,False,False,False,True
1243956,226,140232.56,0,11.851071,9,10,False,True,False,False,False
1529860,258,190942.39,0,12.159738,10,18,False,True,False,False,False
2268392,369,3381333.2,0,15.033781,15,9,False,False,False,False,True
257217,33,401797.22,0,12.9037075,1,9,False,True,False,False,False
2377294,378,168787.0,0,12.036405,15,18,False,True,False,False,False
351873,40,241351.84,0,12.394019,1,16,False,True,False,False,False
2231253,355,193792.11,0,12.174552,14,19,False,True,False,False,False
898326,181,448938.44,0,13.014646,7,13,False,True,False,False,False
217885,19,125008.28,0,11.736152,0,19,False,True,False,False,False
1742630,298,67465.37,0,11.119399,12,10,False,True,False,False,False
2246775,356,68643.89,0,11.136717,14,20,False,True,False,False,False
2761146,692,355818.7,0,12.782183,28,20,False,False,False,False,True
1326763,233,202852.98,0,12.220246,9,17,False,True,False,False,False
2396213,379,83079.98,0,11.327583,15,19,False,True,False,False,False
814778,163,138162.97,0,11.836204,6,19,False,True,False,False,False
364919,41,344706.8,0,12.750455,1,17,False,True,False,False,False
829470,164,100719.17,0,11.520111,6,20,False,True,False,False,False
125858,15,81347.78,0,11.306514,0,15,False,True,False,False,False
193157,18,60141.26,0,11.004485,0,18,False,True,False,False,False
1186207,211,234816.19,0,12.366567,8,19,False,True,False,False,False
2693886,565,195155.67,0,12.181563,23,13,False,True,False,False,False
2287158,371,91711.14,0,11.426421,15,11,False,True,False,False,False
371812,41,134935.58,0,11.812568,1,17,False,True,False,False,False
380568,41,578772.56,0,13.268668,1,17,False,True,False,False,False
1500618,256,299434.62,0,12.609658,10,16,False,True,False,False,False
100550,14,192259.7,0,12.166613,0,14,False,True,False,False,False
29536,10,465422.88,0,13.050706,0,10,False,True,False,False,False
844923,167,219995.3,0,12.301371,6,23,False,True,False,False,False
2043810,330,269340.66,0,12.503739,13,18,False,True,False,False,False
1070308,203,149013.27,0,11.911804,8,11,False,True,False,False,False
1580731,265,5721872.0,1,15.559807,11,1,False,True,False,False,False
1381093,236,527541.1,0,13.175986,9,20,False,True,False,False,False
1464323,253,460277.47,0,13.039589,10,13,False,False,False,False,True
2591248,404,230166.89,0,12.346569,16,20,False,True,False,False,False
1074299,203,11529.09,0,9.352802,8,11,False,True,False,False,False
836946,165,53937.4,0,10.895617,6,21,False,True,False,False,False
1514209,257,64308.06,0,11.071471,10,17,False,True,False,False,False
382199,42,47392.25,0,10.766256,1,18,False,True,False,False,False
291850,36,163474.72,0,12.004426,1,12,False,True,False,False,False
666927,153,35759.58,0,10.48463,6,9,False,True,False,False,False
1609045,276,213619.11,0,12.271959,11,12,False,True,False,False,False
630354,139,226761.2,0,12.331661,5,19,False,True,False,False,False
797868,163,850076.25,0,13.653084,6,19,False,False,False,False,True
38715,10,729856.1,0,13.500606,0,10,False,False,False,False,True
1904040,308,150400.89,0,11.921073,12,20,False,True,False,False,False
2177211,352,101801.05,0,11.530795,14,16,False,True,False,False,False
1174386,210,125864.47,0,11.742977,8,18,False,True,False,False,False
2706663,588,178013.2,0,12.089624,24,12,False,True,False,False,False
2762797,692,25122.79,0,10.13161,28,20,False,True,False,False,False
2326523,374,389949.56,0,12.873777,15,14,False,True,False,False,False
1553569,259,27285.66,0,10.21419,10,19,False,True,False,False,False
718489,157,431346.97,0,12.974672,6,13,False,True,False,False,False
558749,135,154697.62,0,11.949241,5,15,False,True,False,False,False
2441832,394,372194.1,0,12.827176,16,10,False,True,False,False,False
2291903,371,595916.1,0,13.297858,15,11,False,False,False,False,True
1900457,308,151621.05,0,11.9291525,12,20,False,True,False,False,False
431785,44,16225.81,0,9.694482,1,20,False,True,False,False,False
1847032,305,301703.28,0,12.617206,12,17,False,True,False,False,False
1898707,308,226195.69,0,12.3291645,12,20,False,True,False,False,False
1852127,306,140505.92,0,11.853019,12,18,False,True,False,False,False
1832335,305,190675.56,0,12.1583395,12,17,False,True,False,False,False
1694510,283,222174.22,0,12.311226,11,19,False,True,False,False,False
1408601,250,16472.73,0,9.709583,10,10,False,True,False,False,False
2138036,349,265105.0,0,12.487889,14,13,False,True,False,False,False
432614,44,530364.8,0,13.181324,1,20,False,True,False,False,False
1322304,232,99262.76,0,11.505546,9,16,False,True,False,False,False
1342898,234,12182.72,0,9.407938,9,18,False,True,False,False,False
693488,155,142365.06,0,11.866164,6,11,False,True,False,False,False
1967381,325,175205.06,0,12.073724,13,13,False,True,False,False,False
1639206,279,167876.22,0,12.030994,11,15,False,True,False,False,False
183332,18,403001.28,0,12.9067,0,18,False,False,False,False,True
2669537,538,666844.0,0,13.410315,22,10,False,False,False,False,True
701744,156,57404.36,0,10.957911,6,12,False,True,False,False,False
1921174,321,49758.98,0,10.814986,13,9,False,True,False,False,False
2708044,589,27613.07,0,10.226117,24,13,False,True,False,False,False
1890884,308,102491.9,0,11.537559,12,20,False,True,False,False,False
1894554,308,198179.78,0,12.19694,12,20,False,True,False,False,False
1222820,214,25031.41,0,10.127967,8,22,False,True,False,False,False
1218838,213,117598.92,0,11.675053,8,21,False,True,False,False,False
212560,19,137849.62,0,11.833933,0,19,False,True,False,False,False
1032146,189,232563.62,0,12.356928,7,21,False,True,False,False,False
1173531,210,75092.94,0,11.226508,8,18,False,True,False,False,False
451,1,21502.38,0,9.976012,0,1,False,False,False,False,True
1816853,303,81789.15,0,11.311924,12,15,False,False,False,False,True
389314,42,269786.66,0,12.505394,1,18,False,True,False,False,False
1705084,284,302156.6,0,12.618708,11,20,False,False,False,False,True
626675,139,1159747.9,0,13.963715,5,19,False,False,False,False,True
460502,95,139152.33,0,11.843339,3,23,False,True,False,False,False
2189654,353,1121338.1,0,13.930035,14,17,False,False,False,False,True
2091782,345,400838.38,0,12.901319,14,9,False,True,False,False,False
2322794,374,39936.51,0,10.595097,15,14,False,True,False,False,False
1265670,228,272459.53,0,12.515253,9,12,False,True,False,False,False
1636875,278,564188.25,0,13.243147,11,14,False,False,False,False,True
654248,141,26662.13,0,10.191074,5,21,False,False,False,False,True
1294748,230,288586.6,0,12.572758,9,14,False,True,False,False,False
831871,164,186097.98,0,12.134039,6,20,False,True,False,False,False
1578090,263,115136.43,0,11.653891,10,23,False,True,False,False,False
603303,138,237283.27,0,12.377018,5,18,False,False,False,False,True
1654368,280,166667.27,0,12.0237665,11,16,False,False,False,False,True
1482065,254,188248.33,0,12.145528,10,14,False,False,False,False,True
113920,15,427184.7,0,12.964976,0,15,False,True,False,False,False
248367,22,97836.94,0,11.491078,0,22,False,True,False,False,False
2260049,358,173518.4,0,12.064051,14,22,False,True,False,False,False
2514491,399,577426.4,0,13.266339,16,15,False,True,False,False,False
861067,178,18933.16,0,9.848776,7,10,False,True,False,False,False
2620558,426,439246.12,0,12.99282,17,18,False,False,False,False,True
1383835,236,83979.46,0,11.338351,9,20,False,True,False,False,False
2089300,335,232228.05,0,12.355484,13,23,False,True,False,False,False
2638450,492,221375.55,0,12.307625,20,12,False,True,False,False,False
1561132,260,61656.41,0,11.029365,10,20,False,True,False,False,False
871509,179,89384.41,0,11.400723,7,11,False,True,False,False,False
2749046,686,214594.92,0,12.276517,28,14,False,True,False,False,False
2023536,329,312590.6,0,12.652656,13,17,False,True,False,False,False
2496761,398,210553.62,0,12.257505,16,14,False,True,False,False,False
984760,186,274649.97,0,12.52326,7,18,False,True,False,False,False
2306343,372,31774.33,0,10.366477,15,12,False,True,False,False,False
2455091,395,160692.69,0,11.987262,16,11,False,True,False,False,False
1216271,213,79251.21,0,11.280403,8,21,False,True,False,False,False
396258,42,364434.47,0,12.8061075,1,18,False,True,False,False,False
1014062,188,154331.4,0,11.946871,7,20,False,True,False,False,False
291073,36,397909.7,0,12.893986,1,12,False,True,False,False,False
1905322,308,718266.94,0,13.484599,12,20,False,False,False,False,True
2462074,396,202347.52,0,12.2177515,16,12,False,True,False,False,False
50934,11,178948.61,0,12.094865,0,11,False,True,False,False,False
37422,10,410947.75,0,12.926227,0,10,False,True,False,False,False
1163578,209,165546.03,0,12.017016,8,17,False,True,False,False,False
422000,43,233319.55,0,12.360173,1,19,False,True,False,False,False
1269220,228,547158.7,0,13.212498,9,12,False,True,False,False,False
1572634,261,217626.8,0,12.290546,10,21,False,False,False,False,True
1293198,230,49403.63,0,10.807819,9,14,False,True,False,False,False
2441679,394,397827.12,0,12.893778,16,10,False,True,False,False,False
2091489,345,351737.53,0,12.770646,14,9,False,True,False,False,False
2460760,396,365414.84,0,12.808794,16,12,False,True,False,False,False
2607464,405,12624.81,0,9.443578,16,21,False,True,False,False,False
1485094,255,147803.64,0,11.903653,10,15,False,True,False,False,False
399561,42,5975.92,0,8.695828,1,18,False,True,False,False,False
1799100,302,235079.36,0,12.367687,12,14,False,True,False,False,False
1482091,254,8101.82,0,9.000091,10,14,False,True,False,False,False
823197,164,13591.37,0,9.517338,6,20,False,False,False,False,True
75223,12,331279.94,0,12.710725,0,12,False,True,False,False,False
892762,180,233064.8,0,12.35908,7,12,False,False,False,False,True
1855882,306,98813.58,0,11.501011,12,18,False,True,False,False,False
2434773,393,145193.75,0,11.8858385,16,9,False,True,False,False,False
892429,180,174819.7,0,12.071522,7,12,False,True,False,False,False
867237,178,278045.7,0,12.535548,7,10,False,True,False,False,False
1940753,323,4064.16,0,8.310454,13,11,False,True,False,False,False
1219236,213,2537118.8,0,14.74654,8,21,False,False,False,False,True
2479372,397,298945.88,0,12.608025,16,13,False,True,False,False,False
1147077,208,82714.54,0,11.323174,8,16,False,True,False,False,False
1205687,212,488092.34,0,13.098264,8,20,False,False,False,False,True
1386265,237,149975.03,0,11.918238,9,21,False,True,False,False,False
1127636,206,87271.88,0,11.376806,8,14,False,True,False,False,False
2367223,378,192985.27,0,12.17038,15,18,False,True,False,False,False
1488525,255,313796.0,0,12.656505,10,15,False,True,False,False,False
2164171,351,257896.75,0,12.460322,14,15,False,True,False,False,False
1489763,255,268900.97,0,12.502106,10,15,False,True,False,False,False
2506521,399,79518.89,0,11.283775,16,15,False,True,False,False,False
1982320,326,38959.09,0,10.570319,13,14,False,True,False,False,False
519297,132,40685.08,0,10.613666,5,12,False,True,False,False,False
20392,9,55267.83,0,10.919983,0,9,False,True,False,False,False
1308160,231,319523.88,0,12.674594,9,15,False,True,False,False,False
432946,44,174170.05,0,12.067799,1,20,False,True,False,False,False
1531174,258,223707.05,0,12.318102,10,18,False,True,False,False,False
1883961,307,34766.28,0,10.456461,12,19,False,True,False,False,False
355551,40,19055.06,0,9.855193,1,16,False,True,False,False,False
296260,36,84990.51,0,11.350318,1,12,False,True,False,False,False
1358026,235,228739.23,0,12.340346,9,19,False,True,False,False,False
1335506,234,259653.77,0,12.467113,9,18,False,True,False,False,False
2751899,687,289827.78,0,12.577049,28,15,False,True,False,False,False
2529745,401,1458492.0,0,14.192915,16,17,False,False,False,False,True
894409,180,77516.67,0,11.258274,7,12,False,True,False,False,False
1888822,307,39173.9,0,10.575817,12,19,False,True,False,False,False
591462,137,82474.92,0,11.320273,5,17,False,True,False,False,False
2137447,349,286632.78,0,12.565964,14,13,False,True,False,False,False
1664117,281,72352.86,0,11.189338,11,17,False,True,False,False,False
2531820,401,105928.8,0,11.570541,16,17,False,True,False,False,False
1871723,307,126810.15,0,11.750463,12,19,False,True,False,False,False
2515178,400,33193.21,0,10.410161,16,16,False,True,False,False,False
1003701,187,444630.38,0,13.005003,7,19,False,True,False,False,False
1176391,210,16641.79,0,9.719792,8,18,False,True,False,False,False
646899,140,482811.5,0,13.087386,5,20,False,False,False,False,True
1326406,233,549377.94,0,13.216545,9,17,False,True,False,False,False
2106362,346,231746.39,0,12.353408,14,10,False,False,False,False,True
2117530,347,218466.22,0,12.294395,14,11,False,False,False,False,True
1864674,306,519169.12,0,13.159988,12,18,False,False,False,False,True
749687,160,998843.2,0,13.814355,6,16,False,False,False,False,True
338399,39,63173.12,0,11.053666,1,15,False,False,False,False,True
1282662,229,426934.16,0,12.96439,9,13,False,True,False,False,False
1176383,210,67726.01,0,11.123255,8,18,False,True,False,False,False
2495048,398,162136.28,0,11.996205,16,14,False,True,False,False,False
94991,14,709116.06,0,13.471777,0,14,False,True,False,False,False
1336067,234,236003.94,0,12.371613,9,18,False,True,False,False,False
1531607,258,315949.56,0,12.663344,10,18,False,False,False,False,True
1037233,189,130516.04,0,11.779266,7,21,False,True,False,False,False
2300581,372,15452.82,0,9.645677,15,12,False,True,False,False,False
363589,40,200828.36,0,12.210216,1,16,False,True,False,False,False
1939407,323,370237.03,0,12.821904,13,11,False,True,False,False,False
1390026,237,84792.87,0,11.34799,9,21,False,False,False,False,True
2017645,329,53073.18,0,10.879465,13,17,False,True,False,False,False
2233301,355,30729.22,0,10.3330345,14,19,False,True,False,False,False
772385,161,131026.21,0,11.783168,6,17,False,False,False,False,True
1397276,240,147358.48,0,11.900638,10,0,False,True,False,False,False
88371,13,222102.69,0,12.3109045,0,13,False,True,False,False,False
521465,132,106425.23,0,11.575216,5,12,False,True,False,False,False
589900,137,381348.5,0,12.851474,5,17,False,True,False,False,False
167364,17,168406.36,0,12.034147,0,17,False,True,False,False,False
2382888,379,89701.29,0,11.404263,15,19,False,True,False,False,False
833930,164,164084.16,0,12.008147,6,20,False,True,False,False,False
1153467,208,67047.92,0,11.113193,8,16,False,True,False,False,False
1157968,209,108519.49,0,11.594704,8,17,False,True,False,False,False
1198587,211,384083.44,0,12.858621,8,19,False,True,False,False,False
853607,177,879738.06,0,13.687382,7,9,False,False,False,False,True
606105,138,74325.4,0,11.216235,5,18,False,False,False,False,True
1823911,304,419974.47,0,12.947954,12,16,False,True,False,False,False
1492578,255,108588.03,0,11.595335,10,15,False,True,False,False,False
729231,158,384.34,0,5.956718,6,14,False,True,False,False,False
1491435,255,126987.36,0,11.751859,10,15,False,True,False,False,False
1935496,322,1961853.2,0,14.489401,13,10,False,False,False,False,True
398212,42,560757.0,0,13.237046,1,18,False,False,False,False,True
947443,184,313025.56,0,12.654047,7,16,False,True,False,False,False
997934,187,38196.88,0,10.550562,7,19,False,True,False,False,False
2728677,612,7645.41,0,8.942122,25,12,False,True,False,False,False
1401378,249,110453.39,0,11.612367,10,9,False,True,False,False,False
99422,14,299028.16,0,12.608299,0,14,False,True,False,False,False
208292,19,1139950.4,0,13.946497,0,19,False,False,False,False,True
2150310,350,131486.44,0,11.7866745,14,14,False,True,False,False,False
2021153,329,2615566.5,0,14.776992,13,17,False,False,False,False,True
2182565,352,27833.15,0,10.234055,14,16,False,True,False,False,False
2298096,372,785670.1,0,13.574295,15,12,False,False,False,False,True
2729286,614,1812.2,0,7.5034,25,14,False,True,False,False,False
880947,179,163933.8,0,12.00723,7,11,False,True,False,False,False
2484248,397,24961.07,0,10.125153,16,13,False,False,False,False,True
449896,46,55180.72,0,10.918406,1,22,False,True,False,False,False
1143143,208,201355.42,0,12.212837,8,16,False,True,False,False,False
196609,19,364095.56,0,12.805177,0,19,False,True,False,False,False
944220,184,805629.56,0,13.599381,7,16,False,False,False,False,True
1661350,281,18759764.0,0,16.747225,11,17,False,False,False,False,True
1244491,226,148076.62,0,11.9054985,9,10,False,True,False,False,False
350227,40,123681.12,0,11.725478,1,16,False,True,False,False,False
370927,41,257985.66,0,12.460667,1,17,False,False,False,False,True
1893609,308,60458.23,0,11.009741,12,20,False,True,False,False,False
1168439,210,127870.59,0,11.75879,8,18,False,True,False,False,False
341151,39,76222.24,0,11.241435,1,15,False,True,False,False,False
1491157,255,274398.5,0,12.522344,10,15,False,True,False,False,False
1088336,204,11407.41,0,9.342194,8,12,False,True,False,False,False
1437369,251,64583.28,0,11.075742,10,11,False,True,False,False,False
1024881,188,61944.23,0,11.034022,7,20,False,True,False,False,False
335701,38,28712.67,0,10.265163,1,14,False,True,False,False,False
1909735,309,1991864.8,0,14.504582,12,21,False,False,False,False,True
1772222,300,27994.68,0,10.239841,12,12,False,True,False,False,False
1927464,322,18533952.0,0,16.735115,13,10,False,False,False,False,True
1480389,254,399865.7,0,12.898889,10,14,False,True,False,False,False
2236968,355,370961.22,0,12.823858,14,19,False,True,False,False,False
2126545,348,313365.38,0,12.655131,14,12,False,False,False,False,True
1369642,236,109858.82,0,11.60697,9,20,False,True,False,False,False
721519,157,96815.39,0,11.480582,6,13,False,True,False,False,False
1916833,311,500228.4,0,13.122824,12,23,False,False,False,False,True
1981005,326,1133581.4,0,13.940894,13,14,False,False,False,False,True
1129403,207,75593.09,0,11.233147,8,15,False,True,False,False,False
1727083,287,1054902.9,0,13.868961,11,23,False,False,False,False,True
1264235,228,589005.7,0,13.286195,9,12,False,False,False,False,True
1047373,201,187912.12,0,12.143741,8,9,False,True,False,False,False
2559734,402,120915.84,0,11.702867,16,18,False,True,False,False,False
144135,16,51046.08,0,10.840523,0,16,False,True,False,False,False
1049352,201,514971.72,0,13.151871,8,9,False,True,False,False,False
1472537,254,41580.42,0,10.635433,10,14,False,True,False,False,False
2318198,373,37495.72,0,10.532036,15,13,False,True,False,False,False
756611,160,282158.78,0,12.550232,6,16,False,True,False,False,False
1559657,260,2358.74,0,7.7667303,10,20,False,True,False,False,False
2583717,403,79638.64,0,11.28528,16,19,False,True,False,False,False
1047279,201,677454.4,0,13.426101,8,9,False,False,False,False,True
1793012,301,149698.1,0,11.916389,12,13,False,True,False,False,False
1511480,257,19407.35,0,9.87351,10,17,False,True,False,False,False
2767981,710,417203.84,0,12.941335,29,14,False,True,False,False,False
1167166,209,286189.97,0,12.564418,8,17,False,True,False,False,False
63978,12,307996.47,0,12.63785,0,12,False,True,False,False,False
2035728,330,894450.2,0,13.703967,13,18,False,False,False,False,True
1943635,323,36436.72,0,10.503387,13,11,False,True,False,False,False
2754866,688,228083.66,0,12.337477,28,16,False,True,False,False,False
2386119,379,135956.55,0,11.820106,15,19,False,True,False,False,False
1797150,302,205333.77,0,12.232402,12,14,False,True,False,False,False
2307116,372,286966.44,0,12.567127,15,12,False,True,False,False,False
1969119,325,17856.1,0,9.790213,13,13,False,True,False,False,False
140815,16,67961.12,0,11.12672,0,16,False,True,False,False,False
2227267,355,86373.71,0,11.366462,14,19,False,True,False,False,False
1691412,283,115598.07,0,11.657892,11,19,False,True,False,False,False
1287795,229,159337.94,0,11.978795,9,13,False,True,False,False,False
927256,183,283514.75,0,12.555026,7,15,False,True,False,False,False
841819,166,253724.47,0,12.444012,6,22,False,True,False,False,False
520666,132,430976.34,0,12.973813,5,12,False,True,False,False,False
542773,134,198633.98,0,12.199229,5,14,False,True,False,False,False
1050076,201,260993.9,0,12.47226,8,9,False,True,False,False,False
233134,20,65638.26,0,11.091945,0,20,False,True,False,False,False
2658837,522,253034.02,0,12.441287,21,18,False,True,False,False,False
2440186,394,151114.42,0,11.925806,16,10,False,False,False,False,True
264954,34,194058.05,0,12.175923,1,10,False,True,False,False,False
78556,13,252522.44,0,12.439263,0,13,False,True,False,False,False
46156,11,249206.3,0,12.426044,0,11,False,True,False,False,False
931502,183,150522.44,0,11.921881,7,15,False,True,False,False,False
1852911,306,231671.78,0,12.3530855,12,18,False,True,False,False,False
555570,135,717926.6,0,13.484125,5,15,False,False,False,False,True
1900353,308,57683.07,0,10.962753,12,20,False,True,False,False,False
456269,94,3163.67,0,8.06012,3,22,False,True,False,False,False
